{"url": "https://www.bbc.com/news/world-us-canada-39520006", "text": "\"I can't please the world. When you're standing out there doing comedy, not everybody thinks you're funny. But in my case, I've gained a great deal of respect for my age to still be going,\" he said in 2012.", "images": ["https://ichef.bbci.co.uk/news/385/cpsprodpb/7155/production/_114931092_index_lockdown_lookup_v2_b_976.png", "https://ichef.bbci.co.uk/news/385/cpsprodpb/4669/production/_115652081_gettyimages-1253863485.jpg", "https://ichef.bbci.co.uk/news/385/cpsprodpb/249F/production/_115657390_mediaitem115657389.jpg", "https://c.files.bbci.co.uk/1188/production/_95488440_424d0278-362a-43ce-bbed-748b747b08e3.jpg", "https://ichef.bbci.co.uk/news/385/cpsprodpb/D966/production/_115645655_p08zmb7d.jpg", "https://ichef.bbci.co.uk/news/385/cpsprodpb/11B44/production/_115661527_mediaitem115661526.jpg", "https://ichef.bbci.co.uk/news/385/cpsprodpb/80ED/production/_115650033_p08zncxp.jpg", "https://ichef.bbci.co.uk/news/1024/branded_news/1188/production/_95488440_424d0278-362a-43ce-bbed-748b747b08e3.jpg", "https://ichef.bbci.co.uk/news/385/cpsprodpb/4F68/production/_115582302_champagne_guzzle.jpg", "https://ichef.bbci.co.uk/news/385/cpsprodpb/BC6A/production/_115643284_976xarthur-and-penny-2017.jpg", "https://ichef.bbci.co.uk/news/385/cpsprodpb/1839A/production/_113362299_newscast.jpg", "https://ichef.bbci.co.uk/news/385/cpsprodpb/1C0F/production/_115638170_gettyimages-484456722.jpg"], "top_img": "https://ichef.bbci.co.uk/news/1024/branded_news/1188/production/_95488440_424d0278-362a-43ce-bbed-748b747b08e3.jpg", "keywords": [], "authors": [], "canonical_link": "https://www.bbc.com/news/world-us-canada-39520006", "title": "Legendary US comedian Don Rickles dies at 90", "meta_data": {"viewport": "width=device-width, initial-scale=1", "description": "\"Mr Warmth\" was best remembered for his comedic insults and late-night talk show appearances.", "theme-color": "#FFFFFF", "article": {"author": "https://www.facebook.com/bbcnews", "section": "US & Canada"}, "fb": {"admins": 100004154058350, "app_id": 1609039196070050, "pages": "1143803202301544,317278538359186,1392506827668140,742734325867560,185246968166196,156060587793370,137920769558355,193435954068976,21263239760,156400551056385,929399697073756,154344434967,228735667216,80758950658,260212261199,294662213128,1086451581439054,283348121682053,295830058648,239931389545417,304314573046,310719525611571,647687225371774,1159932557403143,286567251709437,1731770190373618,125309456546,163571453661989,285361880228,512423982152360,238003846549831,176663550714,260967092113,118450564909230,100978706649892,15286229625,122103087870579,120655094632228,102814153147070,124715648647,153132638110668,150467675018739"}, "og": {"description": "\"Mr Warmth\" was best remembered for his comedic insults and late-night talk show appearances.", "image": {"identifier": "https://ichef.bbci.co.uk/news/1024/branded_news/1188/production/_95488440_424d0278-362a-43ce-bbed-748b747b08e3.jpg", "alt": "Don Rickles, an American comedian, is seen in this undated photo."}, "locale": "en_GB", "site_name": "BBC News", "title": "Legendary US comedian Don Rickles dies at 90", "type": "article", "url": "https://www.bbc.com/news/world-us-canada-39520006"}, "twitter": {"card": "summary_large_image", "creator": "@BBCWorld", "description": "\"Mr Warmth\" was best remembered for his comedic insults and late-night talk show appearances.", "domain": "www.bbc.com", "image": {"src": "https://ichef.bbci.co.uk/news/1024/branded_news/1188/production/_95488440_424d0278-362a-43ce-bbed-748b747b08e3.jpg", "alt": "Don Rickles, an American comedian, is seen in this undated photo."}, "site": "@BBCWorld", "title": "Legendary US comedian Don Rickles dies at 90"}, "application-name": "BBC News", "mobile-web-app-capable": "yes", "msapplication-TileImage": "BBC News", "msapplication-TileColor": "#bb1919", "cleartype": "on"}, "movies": [], "publish_date": null, "source": "https://www.bbc.com", "summary": ""}