{"url": "https://web.archive.org/web/20170502194040/http://www.raredr.com/news/brad-pitt-rare-disease", "text": "Does Brad Pitt Have a Rare Disease?\n\nRDR Staff\n\nAbout prosopagnosia\n\nAbout epidermolysis bullosa\n\nIn this week\u2019s Hollywood gossip, it was revealed that Brad Pitt does not have a rare disease that is \u2018eating him away.\u2019Whew.However, the actor is no stranger to the rare disease community. Pitt is an honorary member of the Epidermolysis Bullosa Medical Research Foundation (EBMRF) that is dedicated to raising money and awareness for the rare skin disorder, epidermolysis bullosa.In January, Pitt introduced singer Chris Cornell during a Rock4EB annual charity to support EBMRF.Further, he revealed in a 2013 Esquire Magazine interview that he self-diagnosed himself with a rare disease \u2013 prosopagnosia \u2014 also known as face blindness. According to the article, \"Brad Pitt won't remember you. If you've met him, he'll have no idea who you are when he meets you again. Even if you've had what he calls \"a real conversation,\" your face will start fading from his memory as soon as you walk away.\"It should be noted that being diagnosed with a condition and being self-diagnosed with a condition can be 2 very different diagnoses.Prosopagnosia refers to the inability to recognize familiar people from their face. They may also be unable to recognize other stimuli, such as objects, cars, or animals.People with prosopagnosia typically learn to use non-face cues including voice, walking style and hairstyle to recognize others. The underlying genetic cause of developmental prosopagnosia is not known but familial reports of this condition are consistent with autosomal dominant inheritance.Epidermolysis bullosa (aka 'the worst disease you've never heard of') is a group of devastating, life-threatening genetic skin disorders impacting children that is characterized by skin blisters and erosions all over the body.The most severe form, recessive dystrophic epidermolysis bullosa, is characterized by chronic skin blistering, open and painful wounds, joint contractures, esophageal strictures, pseudosyndactyly, corneal abrasions and a shortened life span. Patients with recessive dystrophic epidermolysis bullosa lack functional type VII collagen (C7) owing to mutations in the gene COL7A1 that encodes for C7 and is the main component of anchoring fibrils that attach the dermis to the epidermis.Epidermolysis bullosa patients suffer through intense pain throughout their lives, with no effective treatments available to reduce the severity of their symptoms.", "images": ["https://web.archive.org/web/20170502194040im_/https://s3.amazonaws.com/RAREDR/_media/_image/RareDiseaseCommunications.jpg", "https://web.archive.org/web/20170502194040im_/http://www.raredr.com/_media/_core/FB_button.png", "https://web.archive.org/web/20170502194040im_/https://s3.amazonaws.com/RAREDR/_media/_core/rdr_logo_small.png", "https://web.archive.org/web/20170502194040im_/http://www.raredr.com/_media/_upload_image/Freedom_of_Speech.jpg", "https://web.archive.org/web/20170502194040im_/http://www.raredr.com/_media/_upload_image/Radke_headshot.jpg", "https://web.archive.org/web/20170502194040im_/http://www.raredr.com/_media/_core/Twitter_button.png", "https://web.archive.org/web/20170502194040im_/https://s3.amazonaws.com/RAREDR/_media/_image/RDR_web-01.png", "https://web.archive.org/web/20170502194040im_/http://www.raredr.com/_media/_upload_image/Brad_Pitt.jpg", "https://web.archive.org/web/20170502194040im_/http://www.raredr.com/_media/_core/LinkeIn_button.png", "https://web.archive.org/web/20170502194040im_/http://www.raredr.com/_media/_core/YouTube_button.png", "https://web.archive.org/web/20170502194040im_/http://www.raredr.com/_media/_upload_image/jimmykimmel.jpg", "https://web.archive.org/web/20170502194040im_/https://pharmacytimes.s3.amazonaws.com/v1_media/_core/printButton.png", "https://web.archive.org/web/20170502194040im_/https://s3.amazonaws.com/RAREDR/_media/_upload_image/Brad_Pitt.jpg"], "top_img": "https://web.archive.org/web/20170502194040im_/http://www.raredr.com/_media/_upload_image/Brad_Pitt.jpg", "keywords": [], "authors": ["Rdr Staff"], "canonical_link": "", "title": "Does Brad Pitt Have a Rare Disease?", "meta_data": {"keywords": "hollywood, entertainment, genetic", "description": "In this week\u2019s Hollywood gossip, it was revealed that Brad Pitt does not have a rare disease that is \u2018eating him away.\u2019 Whew. \nHowever, the actor is no stranger to the rare disease community.", "og": {"title": "Does Brad Pitt Have a Rare Disease?", "image": "https://web.archive.org/web/20170502194040im_/http://www.raredr.com/_media/_upload_image/Brad_Pitt.jpg", "site_name": "Rare Disease Report", "type": "Article", "description": "In this week\u2019s Hollywood gossip, it was revealed that Brad Pitt does not have a rare disease that is \u2018eating him away.\u2019 Whew. \nHowever, the actor is no stranger to the rare disease community."}}, "movies": [], "publish_date": null, "source": "https://web.archive.org", "summary": ""}