{"url": "hollywoodlife.com/2018/08/02/is-brad-pitt-upset-angelina-jolie-adoption-plans/", "text": "Would Brad Pitt be OK if Angelina Jolie adopted another child without him? A source close to Brad told HL EXCLUSIVELY about his reaction to the latest adoption rumors!\n\nWhile rumors have been swirling that Angelina Jolie might adopt a seventh child, Brad Pitt won\u2019t be adding more to his brood. A source close to the actor told us EXCLUSIVELY that his family is as big as he\u2019d like it to be. \u201cBrad has no desire to adopt any more children at this point in his life,\u201d our source said. \u201cHe loves everyone of his children and does not feel the need to grow his family any bigger. He has enough kids to worry about.\u201d\n\nWhen it comes to reports that Angelina may be looking to adopt again, Brad is neither shocked, nor does he even care. \u201cAngie always talked with Brad about expanding their family even more so Brad would not be surprised or upset if Angelina continued to adopt children,\u201d our source went on to say. \u201cBut Brad has no interest in competing with his ex in an adoption war or trying to keep up with her in that weird way.\u201d\n\nAll Brad cares about now is making sure he\u2019s looking after his own kids. \u201cBrad only wants what is best for his kids and he wants to give the kids he does have as much attention as possible,\u201d our source added. \u201cHe doesn\u2019t need anymore.\u201d Rumors began that Jolie was looking to adopt after a a source told OK! magazine, \u201c[Angelina\u2019s] planning to adopt another child once she\u2019s done filming and promoting Maleficent 2,\u201d They also added that the adoption may be the result of \u201cEmpty nest syndrome,\u201d because Angelina thinks it\u2019s the right time to adopt because \u201cthe kids are growing up and don\u2019t need her as much.\u201d", "images": ["https://hollywoodlife.com/wp-content/uploads/2020/11/lori-harvey-michael.b-jordan-spotted-ap-ftr-1.jpg?w=143&h=80&crop=1", "https://stylecaster.com/wp-content/uploads/2020/11/k-beauty.gif?w=230&crop=1", "https://hollywoodlife.com/wp-content/uploads/2020/11/Megan-Thee-Stallion-Admits-She-Has-\u2018Chemistry-With-DaBaby-ap-ftr.jpg?w=143&h=80&crop=1", "https://hollywoodlife.com/wp-content/uploads/2020/11/christina-milian-one-piece-swimsuit-splashnews-ftr.jpg?w=143&h=80&crop=1", "https://hollywoodlife.com/wp-content/uploads/2018/08/brad-upset-over-angelinas-plans-to-adopt-ftr.jpg?w=620", "https://www.rollingstone.com/wp-content/uploads/2020/09/macys-parade-going-virtual.jpg?w=230&crop=1", "http://pixel.quantserve.com/pixel?a.1=p-6fKiDaopTGEQg&a.2=p-31f3D02tYU8zY", "https://tvline.com/wp-content/uploads/2020/11/the-prom-movie-trailer.jpg?w=230&crop=1", "https://hollywoodlife.com/wp-content/uploads/2017/11/tim_mcgovern.jpg?w=48", "https://sb.scorecardresearch.com/p?c1=2&c2=6035310&c3=&c4=&c5=&c6=&c15=&cv=2.0&cj=1", "data:image/gif;base64,R0lGODlhAQABAIAAAAAAAP///yH5BAEAAAAALAAAAAABAAEAAAIBRAA7", "https://www.sheknows.com/wp-content/uploads/2020/11/ols5-092119-4402-a-7-1.jpg?w=230&crop=1", "https://hollywoodlife.com/wp-content/uploads/2018/08/brad-upset-over-angelinas-plans-to-adopt-ftr.jpg", "https://footwearnews.com/wp-content/uploads/2020/11/dollar-tree-store.jpg?w=230&crop=1"], "top_img": "https://hollywoodlife.com/wp-content/uploads/2018/08/brad-upset-over-angelinas-plans-to-adopt-ftr.jpg", "keywords": [], "authors": ["Tim Mcgovern", "Reshma Gopaldas", "Elizabeth Denton", "Andy Swift", "Claire Shaffer", "Sheena Butler-Young", "Weekend Editor"], "canonical_link": "https://hollywoodlife.com/2018/08/02/is-brad-pitt-upset-angelina-jolie-adoption-plans/", "title": "Brad Pitt Upset Over Angelina Jolie\u2019s Rumored Plans To Adopt? \u2014 Would He Adopt Again Too?", "meta_data": {"description": "Is Brad Pitt upset about rumors that Angelina Jolie is considering the adoption of another child? Find out here.", "news_keywords": "Angelina Jolie, Brad Pitt", "apple-itunes-app": "app-id=1400650284", "generator": "WordPress 5.5.2", "author": "Tim McGovern", "theme-color": "#fff", "apple-mobile-web-app-capable": "yes", "mobile-web-app-capable": "yes", "apple-touch-fullscreen": "YES", "apple-mobile-web-app-title": "Hollywood Life", "application-name": "Hollywood Life", "fb": {"pages": 94724837471}, "ia": {"markup_url_dev": "https://hollywoodlife.com/2018/08/02/is-brad-pitt-upset-angelina-jolie-adoption-plans/?ia_markup=1"}, "robots": "max-image-preview:large", "onesignal": "wordpress-plugin", "og": {"type": "article", "title": "Brad Pitt Upset Over Angelina Jolie\u2019s Rumored Plans To Adopt? \u2014 Would He Adopt Again Too?", "url": "https://hollywoodlife.com/2018/08/02/is-brad-pitt-upset-angelina-jolie-adoption-plans/", "description": "Would Brad Pitt be OK if Angelina Jolie adopted another child without him? A source close to Brad told HL EXCLUSIVELY about his reaction to the latest adoption rumors!", "site_name": "Hollywood Life", "image": {"identifier": "https://hollywoodlife.com/wp-content/uploads/2018/08/brad-upset-over-angelinas-plans-to-adopt-ftr.jpg", "width": 620, "height": 350}, "locale": "en_US"}, "article": {"published_time": "2018-08-03T01:45:19+00:00", "modified_time": "2018-08-03T01:45:19+00:00"}, "twitter": {"text": {"title": "Brad Pitt Upset Over Angelina Jolie\u2019s Rumored Plans To Adopt? \u2014 Would He Adopt Again Too?"}, "image": "https://hollywoodlife.com/wp-content/uploads/2018/08/brad-upset-over-angelinas-plans-to-adopt-ftr.jpg?w=620", "card": "summary_large_image", "site": "@HollywoodLife", "title": "Brad Pitt Upset Over Angelina Jolie\u2019s Rumored Plans To Adopt? \u2014 Would He Adopt Again Too?", "description": "Is Brad Pitt upset about rumors that Angelina Jolie is considering the adoption of another child? Find out here."}, "msapplication-TileImage": "https://hollywoodlife.com/wp-content/uploads/2018/06/hl_logo.png?w=128"}, "movies": [], "publish_date": 1533160800.0, "source": "http://hollywoodlife.com", "summary": ""}