{"url": "radaronline.com/exclusives/2018/06/jennifer-aniston-revenge-mode-emma-stone-justin-theroux-public-romance-after-divorce/", "text": "Click to share on Twitter (Opens in new window)\n\nClick to share on Facebook (Opens in new window)\n\nJen\u2019s Rage: Aniston In 'Revenge Mode' Against Emma After She\u2019s Caught With Justin\n\nJen\u2019s Rage: Aniston In 'Revenge Mode' Against Emma After She\u2019s Caught With Justin\n\nJen\u2019s Rage: Aniston In 'Revenge Mode' Against Emma After She\u2019s Caught With Justin She\u2019s \u2018in revenge mode\u2019 against Stone and Theroux\u2019s romance!\n\nDo not mess with Jennifer Aniston\u2019s man.\n\nThe scorned ex-Mrs. Theroux is calling on every single member of Team Aniston to squash Emma Stone, after flying into a furious rage over her romance with her ex-husband Justin Theroux.\n\nAs Radar previously reported, Theroux and Stone have been jetting all over the world together, a relationship that is driving his ex-wife crazy.\n\n\u201cIt bugs the hell out of Jen that Justin got close to Emma during their marriage and she isn\u2019t taking this lying down,\u201d a source close to the Friends star told Radar.\n\n\u201cShe\u2019s dragging Emma every chance she gets and warning pals like Jason Bateman and Jimmy Kimmel to avoid her.\u201d\n\nAs Radar previously reported, Aniston is \u201cfuming\u201d over their now public romance.\n\nAniston took digs at Stone\u2019s Hollywood reputation too.\n\n\u201cJen and her squad take issue with the fact that Emma never met a role she couldn\u2019t steal from another actress [most famously \u2018La La Land\u2019 from Emma Watson],\u201d the insider snitched and said Stone was in for a rude awakening.\n\n\u201cI don\u2019t think she realizes who she messed with and how far Jen\u2019s reach is.\u201d\n\nBut the fury at Stone is not unlike her fury at Angelina Jolie, who famously stole her husband Brad Pitt away from her.\n\n\u201cThis is a pattern for Jen, never directing the rage or gossip at the guy who left her but instead at the next woman he hooks up with.\u201d\n\nAnd Stone should be warned, the source told Radar.\n\n\u201cJen is in revenge mode and Emma needs to recognize that she\u2019s messing with somebody with a lot of loyal Hollywood friends.\u201d\n\nWe pay for juicy info! Do you have a story for RadarOnline.com? Email us at tips@radaronline.com, or call us at (866) ON-RADAR (667-2327) any time, day or night.", "images": ["https://i0.heartyhosting.com/radaronline.com/wp-content/uploads/2019/03/scandal-bg.jpg?fit=1440%2C210&ssl=1", "https://i0.heartyhosting.com/radaronline.com/wp-content/uploads/2018/06/jennifer-aniston-revenge-mode-emma-stone-justin-theroux-pp.jpg?resize=1200%2C630&ssl=1", "https://i0.heartyhosting.com/radaronline.com/wp-content/uploads/2019/03/logo-celebrity-news.png?ssl=1", "https://i0.heartyhosting.com/radaronline.com/wp-content/uploads/2019/03/reality-tv-bg.jpg?fit=1440%2C210&ssl=1", "https://i0.heartyhosting.com/radaronline.com/wp-content/uploads/2019/03/logo-scandal.png?fit=307%2C70&ssl=1", "https://i0.heartyhosting.com/radaronline.com/wp-content/uploads/2019/03/logo-true-crime-b.png?fit=357%2C70&ssl=1", "https://i0.heartyhosting.com/radaronline.com/wp-content/uploads/2019/03/logo-omg.png?fit=188%2C70&ssl=1", "https://i0.heartyhosting.com/radaronline.com/wp-content/uploads/2019/03/celebrity-news-bg.jpg?fit=1440%2C210&ssl=1", "https://i0.heartyhosting.com/radaronline.com/wp-content/uploads/2020/02/KUWTK-Kim-Kardashian-Denies-Booed-Tristan-Thompson-NBA-Game-pp.jpg?w=384&crop=0%2C20px%2C384px%2C215px&resize=384%2C215&ssl=1", "https://i0.heartyhosting.com/radaronline.com/wp-content/uploads/2019/03/logo-fashion-police.png?fit=489%2C70&ssl=1", "https://i0.heartyhosting.com/radaronline.com/wp-content/uploads/2019/03/logo-celebrity-news-b.png?fit=495%2C70&ssl=1", "https://i0.heartyhosting.com/radaronline.com/wp-content/uploads/2020/11/meghan-miscarriage.jpeg?w=384&crop=0%2C20px%2C384px%2C215px&resize=384%2C215&ssl=1", "https://i0.heartyhosting.com/radaronline.com/wp-content/uploads/2019/03/logo-reality-tv.png?fit=370%2C70&ssl=1", "https://i0.heartyhosting.com/radaronline.com/wp-content/uploads/2020/11/bobby-bobby-jrjpeg.jpeg?w=384&crop=0%2C20px%2C384px%2C215px&resize=384%2C215&ssl=1", "https://i0.heartyhosting.com/radaronline.com/wp-content/uploads/2018/06/jennifer-aniston-revenge-mode-emma-stone-justin-theroux-pp.jpg?resize=792%2C446&ssl=1", "https://radaronline.com/wp-content/themes/vip/am-radaronline/assets/build/images/icons/logo-tag-registered.svg", "https://radaronline.com/wp-content/themes/vip/am-radaronline/assets/build/images/icons/logo-tag-registered-green.svg", "https://i0.heartyhosting.com/radaronline.com/wp-content/uploads/2019/03/true-crime-bg.jpg?fit=1440%2C210&ssl=1", "https://i0.heartyhosting.com/radaronline.com/wp-content/uploads/2019/03/omg-bg.jpg?fit=1440%2C210&ssl=1", "https://i0.heartyhosting.com/radaronline.com/wp-content/uploads/2019/03/fashion-police-bg.jpg?fit=1440%2C210&ssl=1", "https://i0.heartyhosting.com/radaronline.com/wp-content/uploads/2020/11/miley-cyrus-sobriety.jpeg?w=384&crop=0%2C20px%2C384px%2C215px&resize=384%2C215&ssl=1"], "top_img": "https://i0.heartyhosting.com/radaronline.com/wp-content/uploads/2018/06/jennifer-aniston-revenge-mode-emma-stone-justin-theroux-pp.jpg?resize=1200%2C630&ssl=1", "keywords": [], "authors": ["Radar Staff", "June"], "canonical_link": "https://radaronline.com/videos/jennifer-aniston-revenge-mode-emma-stone-justin-theroux-public-romance-after-divorce/", "title": "Jen\u2019s Rage: Aniston In 'Revenge Mode' Against Emma After She\u2019s Caught With Justin", "meta_data": {"viewport": "width=device-width, initial-scale=1.0", "fb": {"admins": 593583017, "app_id": 1008772232528225, "pages": 376279216711}, "theme-color": "#ffffff", "google-site-verification": "kONM_PqGX8Za53dFcExSTIIPZxxN_S4QtvDlONzzdA0", "description": "Jennifer Aniston \u201cin revenge mode\u201d against Emma Stone and Justin Theroux RadarOnline.com exclusively learned.", "robots": "index, follow, max-snippet:-1, max-image-preview:large, max-video-preview:-1", "og": {"locale": "en_US", "type": "article", "title": "Jen\u2019s Rage: Aniston In 'Revenge Mode' Against Emma After She\u2019s Caught With Justin", "description": "Jennifer Aniston \u201cin revenge mode\u201d against Emma Stone and Justin Theroux RadarOnline.com exclusively learned.", "url": "https://radaronline.com/videos/jennifer-aniston-revenge-mode-emma-stone-justin-theroux-public-romance-after-divorce/", "site_name": "RadarOnline", "updated_time": "2018-06-11T10:46:27+00:00", "image": {"identifier": "https://i0.heartyhosting.com/radaronline.com/wp-content/uploads/2018/06/jennifer-aniston-revenge-mode-emma-stone-justin-theroux-pp.jpg?resize=1200%2C630&ssl=1", "secure_url": "https://i0.heartyhosting.com/radaronline.com/wp-content/uploads/2018/06/jennifer-aniston-revenge-mode-emma-stone-justin-theroux-pp.jpg?resize=1200%2C630&ssl=1", "width": 1200, "height": 630}}, "article": {"published_time": "2018-06-11T10:46:27+00:00"}, "twitter": {"card": "summary_large_image", "title": "Jen\u2019s Rage: Aniston In 'Revenge Mode' Against Emma After She\u2019s Caught With Justin", "description": "Jennifer Aniston \u201cin revenge mode\u201d against Emma Stone and Justin Theroux RadarOnline.com exclusively learned.", "image": "https://i0.heartyhosting.com/radaronline.com/wp-content/uploads/2018/06/jennifer-aniston-revenge-mode-emma-stone-justin-theroux-pp.jpg?resize=1200%2C630&ssl=1"}, "news_keywords": "Jennifer Aniston", "generator": "WordPress 5.5.3"}, "movies": [], "publish_date": 1528713987.0, "source": "http://radaronline.com", "summary": ""}