{"url": "https://web.archive.org/web/20050507232712/http://www.ssa.gov:80/OACT/babynames/namesbystate.html", "text": "Top 100 Names by State for a Given Year of Birth Below, select a state and enter a year of birth.\n\nClick on \"Go\" and you will see a table of the top 100 names by sex. Select a State : Alaska Alabama Arkansas Arizona California Colorado Connecticut District of Columbia Delaware Florida Georgia Hawaii Iowa Idaho Illinois Indiana Kansas Kentucky Louisiana Massachusetts Maryland Maine Michigan Minnesota Missouri Mississippi Montana North Carolina North Dakota Nebraska New Hampshire New Jersey New Mexico Nevada New York Ohio Oklahoma Oregon Pennsylvania Rhode Island South Carolina South Dakota Tennessee Texas Utah Virginia Vermont Washington Wisconsin West Virginia Wyoming Enter a year of birth between\n\n1960-2004:", "images": ["https://web.archive.org/web/20050507232712im_/http://www.ssa.gov/OACT/templatefiles/blank.gif", "https://web.archive.org/web/20050507232712im_/http://www.ssa.gov/OACT/templatefiles/firstgov3.gif", "https://web.archive.org/web/20050507232712im_/http://www.ssa.gov/OACT/babynames/infant.jpg", "https://web.archive.org/web/20050507232712im_/http://www.ssa.gov/OACT/templatefiles/tinylogo.gif"], "top_img": "", "keywords": [], "authors": [], "canonical_link": "", "title": "Popular baby names", "meta_data": {"owner_component": "OACT", "coder": "JK"}, "movies": [], "publish_date": null, "source": "https://web.archive.org", "summary": ""}