{"url": "www.elle.com/culture/celebrities/a22139058/why-kylie-jenner-stopped-lip-fillers/", "text": "Kylie Jenner, who made an almost billion-dollar empire off of marketing her giant lips, recently revealed on Instagram that she had stopped getting lip filler injections. She didn't say why, but Entertainment Tonight solved that mystery with the help of a source: it was part learning to love her natural look (and having to stop them anyway because she was pregnant), part becoming a mother.\n\n\"During Kylie's pregnancy, she wasn't getting her usual fillers or putting on much makeup,\" the source explained. \"Kylie really fell in love with the natural look, and wanted more of that, so she decided to stop putting filler in her lips.\"\n\n\n\nStormi also led to the change, the source continued: \u201cDespite the fact that Kylie is a master of branding and has made an almost billion-dollar business off her lips and cosmetics, once Stormi was born, Kylie realized she was a mother first, and that is a big reason she has been sporting the more natural look. Kylie is a master of branding, and she plays with the concept of mother\u2014the more natural look\u2014and her Kylie Cosmetics look, full glam.\"\n\nThis content is imported from Instagram. You may be able to find the same content in another format, or you may be able to find more information, at their web site.\n\nThe filler likely isn't all gone now though, New York City plastic surgeon and RealSelf contributor Dr. David Shafer told the outlet, as the injections last 6-12 months. \"She likely has some residual filler, which will slowly metabolize naturally,\" Shafer said. So we're not quite at the full 'after' look yet.\n\nAlyssa Bailey News and Strategy Editor Alyssa Bailey is the news and strategy editor at ELLE.com, where she oversees coverage of celebrities and royals (particularly Meghan Markle and Kate Middleton).\n\nThis content is created and maintained by a third party, and imported onto this page to help users provide their email addresses. You may be able to find more information about this and similar content at piano.io", "images": ["https://hips.hearstapps.com/hmg-prod.s3.amazonaws.com/images/capture-d-e-cran-2018-07-13-a-8-45-17-am-1531486222.png?crop=1.00xw:0.402xh;0,0.142xh&resize=1200:*", "data:image/gif;base64,R0lGODlhAQABAIAAAAAAAP///yH5BAEAAAAALAAAAAABAAEAAAIBRAA7"], "top_img": "https://hips.hearstapps.com/hmg-prod.s3.amazonaws.com/images/capture-d-e-cran-2018-07-13-a-8-45-17-am-1531486222.png?crop=1.00xw:0.402xh;0,0.142xh&resize=1200:*", "keywords": [], "authors": ["Alyssa Bailey", "News", "Strategy Editor", "Alyssa Bailey Is The News", "Strategy Editor At Elle.Com", "Where She Oversees Coverage Of Celebrities", "Royals", "Particularly Meghan Markle", "Kate Middleton ."], "canonical_link": "https://www.elle.com/culture/celebrities/a22139058/why-kylie-jenner-stopped-lip-fillers/", "title": "Why Kylie Jenner Actually Removed All Her Lip Fillers", "meta_data": {"x-ua-compatible": "IE=edge,chrome=1", "viewport": "width=device-width,initial-scale=1,maximum-scale=6", "msapplication-tap-highlight": "no", "theme-color": "#EC008C", "og": {"type": "article", "site_name": "ELLE", "title": "Why Kylie Jenner Actually Removed All Her Lip Fillers", "description": "She gradually came to the decision.", "url": "https://www.elle.com/culture/celebrities/a22139058/why-kylie-jenner-stopped-lip-fillers/", "image": {"identifier": "https://hips.hearstapps.com/hmg-prod.s3.amazonaws.com/images/capture-d-e-cran-2018-07-13-a-8-45-17-am-1531486222.png?crop=1.00xw:0.402xh;0,0.142xh&resize=1200:*", "width": 1200, "height": 600}}, "fb": {"app_id": 364664413547847, "pages": 31911516300}, "article": {"publisher": "https://www.facebook.com/ellemagazine", "modified_time": "2018-07-16 03:38:36", "published_time": "2018-07-13 12:53:00", "section": "Celebrity News 2020", "opinion": "false"}, "twitter": {"site": "@ELLEmagazine", "card": "summary_large_image", "image": "https://hips.hearstapps.com/hmg-prod.s3.amazonaws.com/images/capture-d-e-cran-2018-07-13-a-8-45-17-am-1531486222.png?crop=1.00xw:0.402xh;0,0.142xh&resize=640:*"}, "google-site-verification": "W6SOBCzCmb2sA5l3z9YK1yO7I7bPYArVQCP09_e2zck", "title": "Why Kylie Jenner Stopped Getting Lip Fillers, Went Natural After Having Baby", "description": "\u200bKylie Jenner, who made an almost billion-dollar empire off of marketing her giant lips, recently revealed on Instagram that she had stopped getting lip filler injections\u200b. She didn't say why, but Entertainment Tonight\u200b solved that mystery with the help of a source.", "keywords": "kylie jenner, kylie jenner baby, kylie jenner lip fillers, kylie jenner lips, kylie jenner no lip filler, kylie jenner plastic surgery, stormi webster, why kylie stopped getting lip fillers", "auto-publish": "timely", "thumbnail": "https://hips.hearstapps.com/hmg-prod.s3.amazonaws.com/images/capture-d-e-cran-2018-07-13-a-8-45-17-am-1531486222.png?crop=1.00xw:0.802xh;0,0.104xh&resize=320:*", "sailthru.contenttype": "standard-article", "sailthru.tags": "Culture,culture,celebrities,kylie jenner lips,why kylie stopped getting lip fillers,kylie jenner no lip filler,kylie jenner plastic surgery,kylie jenner lip fillers,kylie jenner baby,stormi webster,kylie jenner", "sailthru.date": "2018-07-13T12:53:00Z", "sailthru.image.full": "https://hips.hearstapps.com/hmg-prod.s3.amazonaws.com/images/capture-d-e-cran-2018-07-13-a-8-45-17-am-1531486222.png?crop=1.00xw:0.402xh;0,0.142xh", "sailthru.image.thumb": "https://hips.hearstapps.com/hmg-prod.s3.amazonaws.com/images/capture-d-e-cran-2018-07-13-a-8-45-17-am-1531486222.png?crop=1.00xw:0.802xh;0,0.104xh", "sailthru.socialtitle": "Why Kylie Jenner Actually Removed All Her Lip Fillers", "m1": ".content-hed", "m2": ".content-dek p"}, "movies": [], "publish_date": 1531479180.0, "source": "http://www.elle.com", "summary": ""}