{"url": "https://www.upi.com/Entertainment_News/2017/04/10/Kylie-Jenner-surprises-high-school-students-at-prom/9801491829063/", "text": "Kylie Jenner (R) and Kendall Jenner attend the American Music Awards on November 22, 2015. File Photo by Jim Ruymen/UPI | License Photo\n\nKylie Jenner (R) and sister Kourtney Kardashian attend the InStyle and Warner Bros. Golden Globes after-party on January 10, 2016. File Photo by David Silpa/UPI | License Photo\n\nKylie Jenner attends the Harper's Bazaar Icons party on September 9, 2016. The reality star accompanied high school junior Albert Ochoa to his prom at Rio Americano High School in Sacramento, Calif., on Saturday. File Photo by Andrea Hanks/UPI | License Photo\n\nApril 10 (UPI) -- Kylie Jenner surprised high school students Saturday by showing up as their classmate's date to prom.\n\nThe 19-year-old reality star accompanied high school junior Albert Ochoa to his prom at Rio Americano High School in Sacramento, Calif., with friend Jordyn Woods, according to E! News.\n\nAdvertisement\n\nJenner shared a photo on Snapchat of herself and Woods traveling on a private jet before arriving at Tsakopoulos Library Galleria for the dance. The star wore a one-shoulder, blush-colored dress and a white corsage.\n\n\"TELL ME WHY MY BROTHER TOOK KYLIE JENNER TO PROM 2NIGHT !!!!!!!\" Ochoa's sister, Selena Ochoa, excitedly tweeted.\n\nOchoa's friend Chayse Rothchild-Bruno told the Sacramento Bee someone on Jenner's staff had seen on social media that Ochoa was looking for a date. The star showed up after 10 p.m. to dance and take photos with Ochoa.\n\n\"Everyone started screaming, 'It's Kylie Jenner!'\" Rothchild-Bruno recalled. \"I think I was in denial, like no way is it Kylie Jenner. It was pretty crazy.\"\n\nSeveral students, including Sam Adams, shared videos of Jenner on social media. The Keeping Up with the Kardashians star, who was homeschooled after the ninth grade, discussed her dream prom with Seventeen in 2013.\n\n\"I don't have a boyfriend, but I do really want that boyfriend prom experience,\" she said at the time. \"I would want to go with someone who's not afraid, or doesn't think that he's too cool, to show up at my house with a rose corsage.\"\n\n\"It would be nice for the guy to come over and be respectful and nice while my mom takes prom pics,\" the star added.", "images": ["https://cdnph.upi.com/ph/st/th/3191606321224/2020/i/16063222411627/v1.5/Jinger-Duggar-gives-birth-to-second-child-daughter-Evangeline.jpg?rc=1", "https://www.upi.com/img/photo_gallery_icon.svg", "https://www.upi.com/img/clear.gif", "https://cdnph.upi.com/ph/st/th/9501606397768/2020/upi/db5e96709215941050d265abe1badf13/v1.5/Macys-Thanksgiving-Day-Parade-goes-on-sans-spectators.jpg?rc=1", "https://www.upi.com/upi/dw/img/clear.gif", "https://cdnph.upi.com/ph/st/th/6021606399074/2020/i/16064306117818/v1.5/Scottish-Deerhound-Claire-wins-the-National-Dog-Show.jpg?rc=1", "https://cdnph.upi.com/sv/para/ss/i/9801491829063/2017/4/1/14918308486688/Kylie-Jenner-surprises-high-school-students-at-prom.jpg", "https://cdnph.upi.com/ph/st/th/8241606397886/2020/upi/53f99ddbd6bab49c78ddccdee9c9acd8/v1.5/Mads-Mikkelsen-replacing-Johnny-Depp-in-Fantastic-Beasts.jpg?rc=1", "https://cdnph.upi.com/svc/sv/upi/9801491829063/2017/1/fe677f706d5c648b8159eccb177b183c/Kylie-Jenner-surprises-high-school-students-at-prom.jpg", "https://cdnph.upi.com/sv/ph/og/upi/9801491829063/2017/1/fe677f706d5c648b8159eccb177b183c/v1.5/Kylie-Jenner-surprises-high-school-students-at-prom.jpg", "https://cdnph.upi.com/related/5471606234995/4/v1.2/5bc7a1859b552fd019fe4148620ed4e3/upi/Press-preview-for-About-Time-Fashion-and-Duration.jpg?rc=1", "https://www.upi.com/img/expand_gallery.svg", "https://cdnph.upi.com/ph/st/th/3041606237303/2020/upi/0db62ca28372535795d6717698688b16/v1.5/Melissa-McCarthy-Superintelligence-will-shine-a-light-on-the-good-guys.jpg?rc=1"], "top_img": "https://cdnph.upi.com/sv/ph/og/upi/9801491829063/2017/1/fe677f706d5c648b8159eccb177b183c/v1.5/Kylie-Jenner-surprises-high-school-students-at-prom.jpg", "keywords": [], "authors": ["Annie Martin"], "canonical_link": "https://www.upi.com/Entertainment_News/2017/04/10/Kylie-Jenner-surprises-high-school-students-at-prom/9801491829063/", "title": "Kylie Jenner surprises high school students at prom", "meta_data": {"description": "Kylie Jenner accompanied high school junior Albert Ochoa to his prom at Rio Americano High School in Sacramento, Calif., with friend Jordyn Woods.", "keywords": "Entertainment, Kylie Jenner, Sam Adams", "news_keywords": "Entertainment, Kylie Jenner, Sam Adams", "viewport": "width=device-width, initial-scale=1", "google-site-verification": "vnkcuJA1Q89cLmy4OZpuQKOf5Jf6ny_RVh7BpxZ11a0", "apple-itunes-app": "app-id=1304339835", "og": {"site_name": "UPI", "description": "Kylie Jenner accompanied high school junior Albert Ochoa to his prom at Rio Americano High School in Sacramento, Calif., with friend Jordyn Woods.", "url": "https://www.upi.com/Entertainment_News/2017/04/10/Kylie-Jenner-surprises-high-school-students-at-prom/9801491829063/", "title": "Kylie Jenner surprises high school students at prom", "type": "article", "image": {"identifier": "https://cdnph.upi.com/sv/ph/og/upi/9801491829063/2017/3/f7b8da94bedabd73bb5ff9086bdc478b/v1.5/Kylie-Jenner-surprises-high-school-students-at-prom.jpg", "width": 700, "height": 466}}, "fb": {"app_id": 130795020312660, "pages": 101911273177707}, "twitter": {"card": "summary_large_image", "site": "@UPI", "creator": "@littlemannie", "title": "Kylie Jenner surprises high school students at prom", "description": "Kylie Jenner accompanied high school junior Albert Ochoa to his prom at Rio Americano High School in Sacramento, Calif., with friend Jordyn Woods.", "image": "https://cdnph.upi.com/ph/st/th/9801491829063/2017/i/14918308486688/v2.1/Kylie-Jenner-surprises-high-school-students-at-prom.jpg?lg=4"}}, "movies": [], "publish_date": 1491775200.0, "source": "https://www.upi.com", "summary": ""}