{"url": "https://www.hollywoodclubcrawl.com/", "text": "COVID-19 UPDATE\n\nDue to the closure of most nightlife venues and restrictions on social gathering sizes, we will not be hosting any events until further notice.\n\nWe hope that once all of this ends, we can organize some amazing events for all of you.\n\nStay healthy and stay safe.", "images": ["https://www.hollywoodclubcrawl.com/wp-content/uploads/2019/07/club2.jpg", "https://www.hollywoodclubcrawl.com/wp-content/themes/nasstive/assets/images/left-pointer.png", "https://www.hollywoodclubcrawl.com/wp-content/uploads/2019/07/HCCfront-1.jpg", "https://www.hollywoodclubcrawl.com/wp-content/themes/nasstive/assets/images/part3-1.png", "https://www.hollywoodclubcrawl.com/wp-content/themes/nasstive/assets/images/shaker-graphic.png", "https://www.hollywoodclubcrawl.com/wp-content/uploads/2019/07/airbnb.png", "https://www.hollywoodclubcrawl.com/wp-content/themes/nasstive/assets/images/right-pointer.png", "https://www.hollywoodclubcrawl.com/wp-content/themes/nasstive/assets/images/part1-1.png", "https://www.hollywoodclubcrawl.com/wp-content/themes/nasstive/assets/images/part2-1.png", "https://www.hollywoodclubcrawl.com/wp-content/uploads/2019/07/couchsurfing.png", "https://www.hollywoodclubcrawl.com/wp-content/uploads/2019/07/slide2-crop.jpg", "https://www.hollywoodclubcrawl.com/wp-content/uploads/2019/07/slide3-crop.jpg", "https://www.hollywoodclubcrawl.com/wp-content/uploads/2019/07/slide4-crop.jpg", "https://www.hollywoodclubcrawl.com/wp-content/uploads/2019/07/San-Diego-Club-Crawl-Group-Photo.jpg", "https://www.hollywoodclubcrawl.com/wp-content/uploads/2019/07/station1640.jpg", "https://www.hollywoodclubcrawl.com/wp-content/uploads/2019/07/club4.jpg", "https://www.hollywoodclubcrawl.com/wp-content/uploads/2019/07/Allison-150x150.jpg", "https://www.hollywoodclubcrawl.com/wp-content/uploads/2019/07/room-to-read-logo.png", "https://www.hollywoodclubcrawl.com/wp-content/uploads/2019/07/Michael-150x150.jpg", "https://www.facebook.com/tr?id=538193386353800&ev=PageView&noscript=1", "https://www.hollywoodclubcrawl.com/wp-content/uploads/2019/07/club3.jpg", "https://www.hollywoodclubcrawl.com/wp-content/themes/nasstive/assets/images/4clubs-logo2.png", "https://www.hollywoodclubcrawl.com/wp-content/uploads/2019/07/The-Room-Hollywood-Los-Angeles-CA-0702e48b-f996-41c2-9792-c059e9370996-97450e389c42885476f1fbe9bc5bca5a.jpg", "https://www.hollywoodclubcrawl.com/wp-content/uploads/2019/07/club1.jpg", "https://www.hollywoodclubcrawl.com/wp-content/uploads/2019/07/slide1-crop.jpg", "https://www.hollywoodclubcrawl.com/wp-content/uploads/2019/07/contiki.png", "https://googleads.g.doubleclick.net/pagead/viewthroughconversion/948227220/?guid=ON&script=0", "https://www.hollywoodclubcrawl.com/wp-content/uploads/2019/07/meetup.png", "https://www.hollywoodclubcrawl.com/wp-content/uploads/2019/07/usa-hostels.png", "https://www.hollywoodclubcrawl.com/wp-content/themes/nasstive/assets/images/where-we-go-icons.png", "https://www.hollywoodclubcrawl.com/wp-content/themes/nasstive/favicon.png", "https://www.hollywoodclubcrawl.com/wp-content/uploads/2019/06/sincity.jpg", "https://www.hollywoodclubcrawl.com/wp-content/uploads/2019/08/hcc-logo.png", "https://www.hollywoodclubcrawl.com/wp-content/themes/nasstive/assets/images/part4-4.png"], "top_img": "https://www.hollywoodclubcrawl.com/wp-content/themes/nasstive/favicon.png", "keywords": [], "authors": [], "canonical_link": "https://www.hollywoodclubcrawl.com/", "title": "Hollywood Club Crawl", "meta_data": {"viewport": "width=device-width, initial-scale=1.0", "description": "4 Clubs / 1 Night / $25! Join 50 to 100+ guests as our hosts escort you to four different venues with VIP entry. Your best night out in Hollywood!"}, "movies": [], "publish_date": null, "source": "https://www.hollywoodclubcrawl.com", "summary": ""}