{"url": "https://web.archive.org/web/20171228163430/https://twitter.com/DWStweets/status/870250319644676097", "text": "Tweet with a location\n\nYou can add location information to your Tweets, such as your city or precise location, from the web and via third-party applications. You always have the option to delete your Tweet location history. Learn more", "images": ["https://web.archive.org/web/20171228163430im_/https://pbs.twimg.com/profile_images/928599375953190913/MfA1UPi2_normal.jpg", "https://web.archive.org/web/20171228163430im_/https://pbs.twimg.com/profile_images/595192214201982976/KCyEecW2_bigger.jpg", "https://web.archive.org/web/20171228163430im_/https://pbs.twimg.com/profile_images/819460472768516096/A4e7cUnC_normal.jpg", "https://web.archive.org/web/20171228163430im_/https://pbs.twimg.com/profile_images/862681570057912320/65ETYswO_bigger.jpg", "https://web.archive.org/web/20171228163430im_/https://abs.twimg.com/sticky/default_profile_images/default_profile_normal.png", "https://web.archive.org/web/20171228163430im_/https://pbs.twimg.com/profile_images/797110597695377409/C0AJnoYe_bigger.jpg", "https://web.archive.org/web/20171228163430im_/https://pbs.twimg.com/profile_images/2566135910/image_normal.jpg", "https://web.archive.org/web/20171228163430im_/https://pbs.twimg.com/profile_images/784914768469434369/9_sNaKmT_normal.jpg", "https://web.archive.org/web/20171228163430im_/https://pbs.twimg.com/profile_images/689264921549377536/jamMMqZ-_bigger.jpg", "https://web.archive.org/web/20171228163430im_/https://pbs.twimg.com/profile_images/818532817625894912/Yc4yJKGX_normal.jpg", "https://web.archive.org/web/20171228163430im_/https://pbs.twimg.com/profile_images/803926569781784576/eHI49K4W_bigger.jpg", "https://web.archive.org/web/20171228163430im_/https://pbs.twimg.com/media/DBT4wqXWsAAiYyu.jpg", "https://web.archive.org/web/20171228163430im_/https://pbs.twimg.com/profile_images/926301722166878208/8EE32_Z1_normal.jpg", "https://web.archive.org/web/20171228163430im_/https://pbs.twimg.com/profile_images/539398945638998016/N0Z4wEwT_bigger.jpeg", "https://web.archive.org/web/20171228163430im_/https://pbs.twimg.com/profile_images/941671174450266112/58VJda-0_bigger.jpg", "https://web.archive.org/web/20171228163430im_/https://pbs.twimg.com/profile_images/905954533955784705/Xsdhlq3e_normal.jpg", "https://web.archive.org/web/20171228163430im_/https://pbs.twimg.com/profile_images/3622764408/e82e901c6b742507cb72176e0d3dcdab_bigger.jpeg", "https://web.archive.org/web/20171228163430im_/https://abs.twimg.com/sticky/default_profile_images/default_profile_bigger.png", "https://web.archive.org/web/20171228163430im_/https://abs.twimg.com/a/1513886749/img/search/ic_places_foursquare_logo.png", "https://web.archive.org/web/20171228163430im_/https://pbs.twimg.com/profile_images/803926569781784576/eHI49K4W_400x400.jpg", "https://web.archive.org/web/20171228163430im_/https://abs.twimg.com/a/1513886749/img/search/ic_places_yelp_logo.png", "https://web.archive.org/web/20171228163430im_/https://pbs.twimg.com/profile_banners/115979444/1468850615/1500x500", "https://web.archive.org/web/20171228163430im_/https://pbs.twimg.com/profile_images/537322166078177280/AaNjwpV-_bigger.jpeg", "https://web.archive.org/web/20171228163430im_/https://pbs.twimg.com/profile_images/803926569781784576/eHI49K4W_normal.jpg", "https://web.archive.org/web/20171228163430im_/https://pbs.twimg.com/profile_images/3705793788/7736b96ee19ad124beca71d7c7c876c1_normal.jpeg", "https://web.archive.org/web/20171228163430im_/https://pbs.twimg.com/profile_images/641721751714549760/Zgxg_O9Z_bigger.jpg", "https://web.archive.org/web/20171228163430im_/https://pbs.twimg.com/profile_images/872914625892728832/Q3KKazv8_bigger.jpg", "https://web.archive.org/web/20171228163430im_/https://pbs.twimg.com/profile_images/819988107856465920/ZL2Yk-MA_bigger.jpg"], "top_img": "https://web.archive.org/web/20171228163430im_/https://pbs.twimg.com/profile_images/803926569781784576/eHI49K4W_400x400.jpg", "keywords": [], "authors": ["Replying To"], "canonical_link": "https://web.archive.org/web/20171228163430/https://twitter.com/dwstweets/status/870250319644676097", "title": "D Wasserman Schultz on Twitter", "meta_data": {"robots": "NOODP", "msapplication-TileImage": "//abs.twimg.com/favicons/win8-tile-144.png", "msapplication-TileColor": "#00aced", "swift-page-name": "permalink", "swift-page-section": "permalink", "al": {"ios": {"url": "twitter://status?id=870250319644676097", "app_store_id": 333903271, "app_name": "Twitter"}, "android": {"url": "twitter://status?status_id=870250319644676097", "package": "com.twitter.android", "app_name": "Twitter"}}, "og": {"type": "article", "url": "https://web.archive.org/web/20171228163430/https://twitter.com/DWStweets/status/870250319644676097", "title": "D Wasserman Schultz on Twitter", "image": "https://web.archive.org/web/20171228163430im_/https://pbs.twimg.com/profile_images/803926569781784576/eHI49K4W_400x400.jpg", "description": "\u201cSyria and Nicaragua are the only nations that didn't sign the Paris Agreement. Nicaragua said it wasn't tough enough. What's Trump's excuse?\u201d", "site_name": "Twitter"}, "fb": {"app_id": 2231777543}}, "movies": [], "publish_date": null, "source": "https://web.archive.org", "summary": ""}