{"url": "https://people.com/tv/tori-and-dean-10-years-5-kids-and-all-the-ups-and-downs-in-between/", "text": "The reality star and her husband are slapped with a tax lien by the state of California. The married couple owed a tax lien for $259,108.23 for unpaid state taxes from 2014, according to court documents obtained by PEOPLE in July.\n\nIn March, Spelling cleared up reports of financial trouble after credit card company American Express sued her in January for failing to pay her outstanding balance of $37,981.97 since summer 2015.\n\nThe mother of four explained that the rumors started after she wrote her 2013 book, Spelling It Like It Is. \u201cI thought I was being relatable, talking about how celebrities go through financial struggles, too, we make mistakes, too,\u201d she told PEOPLE. \u201cWe\u2019re not perfect, we have made a lot of choices financially with real estate that didn\u2019t work out \u2026 and that just escalated into this story about financial struggles, bankruptcy. To this day that haunts me!\u201d\n\nShe added, \u201cWe\u2019re not bankrupt, we\u2019re not struggling, we\u2019re fine!\u201d", "images": ["https://imagesvc.meredithcorp.io/v3/mm/image?url=https%3A%2F%2Fstatic.onecms.io%2Fwp-content%2Fuploads%2Fsites%2F20%2F2018%2F03%2F08%2Ftori-dean-2012-2000.jpg", "https://imagesvc.meredithcorp.io/v3/mm/image?url=https%3A%2F%2Fstatic.onecms.io%2Fwp-content%2Fuploads%2Fsites%2F20%2F2016%2F04%2Ftori-spelling-435-107.jpg", "https://imagesvc.meredithcorp.io/v3/mm/image?url=%2Fimg%2Ficons%2Fgeneric-image.svg", "https://imagesvc.meredithcorp.io/v3/mm/image?url=https%3A%2F%2Fstatic.onecms.io%2Fwp-content%2Fuploads%2Fsites%2F20%2F2020%2F08%2F04%2Fcoyote-ugly-2000.jpg", "https://imagesvc.meredithcorp.io/v3/mm/image?url=https%3A%2F%2Fstatic.onecms.io%2Fwp-content%2Fuploads%2Fsites%2F20%2F2020%2F07%2F19%2Ftiaras-2.jpg", "https://imagesvc.meredithcorp.io/v3/mm/image?url=https%3A%2F%2Fstatic.onecms.io%2Fwp-content%2Fuploads%2Fsites%2F20%2F-0001%2F11%2F30%2Ftori-dean-2007.jpg", "https://imagesvc.meredithcorp.io/v3/mm/image?url=https%3A%2F%2Fstatic.onecms.io%2Fwp-content%2Fuploads%2Fsites%2F20%2F2018%2F03%2F08%2Ftori-dean-2015-2000.jpg", "https://imagesvc.meredithcorp.io/v3/mm/image?url=https%3A%2F%2Fstatic.onecms.io%2Fwp-content%2Fuploads%2Fsites%2F20%2F2020%2F11%2F12%2Fthanksgiving-covid-150x150.jpg", "data:image/svg+xml,%3Csvg%20xmlns='http://www.w3.org/2000/svg'%20viewBox='0%200%20100%20100'%3E%3C/svg%3E", "data:image/svg+xml,%3Csvg%20xmlns='http://www.w3.org/2000/svg'%20viewBox='0%200%20100%2067'%3E%3C/svg%3E", "https://imagesvc.meredithcorp.io/v3/mm/image?q=85&c=sc&poi=face&w=1500&h=785&url=https%3A%2F%2Fstatic.onecms.io%2Fwp-content%2Fuploads%2Fsites%2F20%2F2020%2F05%2F07%2FTori-Spelling-and-Dean-McDermott.jpg", "https://imagesvc.meredithcorp.io/v3/mm/image?url=https%3A%2F%2Fstatic.onecms.io%2Fwp-content%2Fuploads%2Fsites%2F20%2F2017%2F11%2Ftori-spelling-2000.jpg", "https://imagesvc.meredithcorp.io/v3/mm/image?url=https%3A%2F%2Fstatic.onecms.io%2Fwp-content%2Fuploads%2Fsites%2F20%2F2016%2F01%2Ftori-spelling-01-435-1.jpg", "data:image/svg+xml,%3Csvg%20xmlns='http://www.w3.org/2000/svg'%20viewBox='0%200%20100%20133'%3E%3C/svg%3E", "https://imagesvc.meredithcorp.io/v3/mm/image?url=https%3A%2F%2Fstatic.onecms.io%2Fwp-content%2Fuploads%2Fsites%2F20%2F2016%2F05%2F06%2Fprincess-diana-21.jpg", "https://imagesvc.meredithcorp.io/v3/mm/image?url=https%3A%2F%2Fstatic.onecms.io%2Fwp-content%2Fuploads%2Fsites%2F20%2F2018%2F03%2F08%2Ftori-dean-2014-2000.jpg", "https://imagesvc.meredithcorp.io/v3/mm/image?url=https%3A%2F%2Fstatic.onecms.io%2Fwp-content%2Fuploads%2Fsites%2F20%2F2020%2F05%2F07%2FTori-Spelling-and-Dean-McDermott.jpg", "https://imagesvc.meredithcorp.io/v3/mm/image?url=https%3A%2F%2Fstatic.onecms.io%2Fwp-content%2Fuploads%2Fsites%2F20%2F2018%2F03%2F08%2Ftori-dean-2008-2000.jpg", "https://imagesvc.meredithcorp.io/v3/mm/image?url=https%3A%2F%2Fstatic.onecms.io%2Fwp-content%2Fuploads%2Fsites%2F20%2F2018%2F03%2F08%2Ftori-dean-2013-2000.jpg", "https://imagesvc.meredithcorp.io/v3/mm/image?url=https%3A%2F%2Fstatic.onecms.io%2Fwp-content%2Fuploads%2Fsites%2F20%2F2018%2F03%2F08%2Ftori-dean-2009-2000.jpg", "https://imagesvc.meredithcorp.io/v3/mm/image?url=https%3A%2F%2Fstatic.onecms.io%2Fwp-content%2Fuploads%2Fsites%2F20%2F-0001%2F11%2F30%2Ftori-dean-2010.jpg", "https://imagesvc.meredithcorp.io/v3/mm/image?url=https%3A%2F%2Fstatic.onecms.io%2Fwp-content%2Fuploads%2Fsites%2F20%2F2020%2F07%2F23%2Ftout.jpg", "https://imagesvc.meredithcorp.io/v3/mm/image?url=https%3A%2F%2Fstatic.onecms.io%2Fwp-content%2Fuploads%2Fsites%2F20%2F2018%2F03%2F08%2Ftori-dean-2011-2000.jpg", "https://imagesvc.meredithcorp.io/v3/mm/image?url=https%3A%2F%2Fstatic.onecms.io%2Fwp-content%2Fuploads%2Fsites%2F20%2F-0001%2F11%2F30%2Ftori-dean-2005.jpg", "https://imagesvc.meredithcorp.io/v3/mm/image?url=https%3A%2F%2Fstatic.onecms.io%2Fwp-content%2Fuploads%2Fsites%2F20%2F2018%2F03%2F08%2Ftori-dean-2006-2000.jpg", "https://imagesvc.meredithcorp.io/v3/mm/image?url=https%3A%2F%2Fstatic.onecms.io%2Fwp-content%2Fuploads%2Fsites%2F20%2F2018%2F03%2Ftori-dean-600x800.jpg", "https://imagesvc.meredithcorp.io/v3/mm/image?url=https%3A%2F%2Fstatic.onecms.io%2Fwp-content%2Fuploads%2Fsites%2F20%2F2014%2F04%2Ftori-spelling-435-97.jpg", "https://imagesvc.meredithcorp.io/v3/mm/image?url=https%3A%2F%2Fstatic.onecms.io%2Fwp-content%2Fuploads%2Fsites%2F20%2F2020%2F11%2F12%2Fcat-phone.jpg"], "top_img": "https://imagesvc.meredithcorp.io/v3/mm/image?q=85&c=sc&poi=face&w=1500&h=785&url=https%3A%2F%2Fstatic.onecms.io%2Fwp-content%2Fuploads%2Fsites%2F20%2F2020%2F05%2F07%2FTori-Spelling-and-Dean-McDermott.jpg", "keywords": [], "authors": ["Diana Pearl"], "canonical_link": "https://people.com/tv/tori-and-dean-10-years-5-kids-and-all-the-ups-and-downs-in-between/", "title": "Tori and Dean: 14 Years, 5 Kids and All the Ups and Downs In Between", "meta_data": {"viewport": "width=device-width, initial-scale=1", "keywords": "Dean McDermott,News,Photos,Tori Spelling", "news_keywords": "Dean McDermott,News,Photos,Tori Spelling", "description": "Tori Spelling and Dean McDermott, who share five children, tied the knot in 2006", "og": {"title": "Tori and Dean: 14 Years, 5 Kids and All the Ups and Downs In Between", "type": "article", "site_name": "PEOPLE.com", "url": "https://people.com/tv/tori-and-dean-10-years-5-kids-and-all-the-ups-and-downs-in-between/", "description": "Tori Spelling and Dean McDermott, who share five children, tied the knot in 2006", "image": {"identifier": "https://imagesvc.meredithcorp.io/v3/mm/image?q=85&c=sc&poi=face&w=1500&h=785&url=https%3A%2F%2Fstatic.onecms.io%2Fwp-content%2Fuploads%2Fsites%2F20%2F2020%2F05%2F07%2FTori-Spelling-and-Dean-McDermott.jpg", "width": 1500, "height": 785}}, "pinterest": {"url": "https://people.com/tv/tori-and-dean-10-years-5-kids-and-all-the-ups-and-downs-in-between/", "description": "Tori Spelling and Dean McDermott, who share five children, tied the knot in 2006", "media": "https://imagesvc.meredithcorp.io/v3/mm/image?url=https%3A%2F%2Fstatic.onecms.io%2Fwp-content%2Fuploads%2Fsites%2F20%2F2020%2F05%2F07%2FTori-Spelling-and-Dean-McDermott.jpg"}, "twitter": {"card": "summary_large_image", "url": "https://people.com/tv/tori-and-dean-10-years-5-kids-and-all-the-ups-and-downs-in-between/", "title": "Tori and Dean: 14 Years, 5 Kids and All the Ups and Downs In Between", "description": "Tori Spelling and Dean McDermott, who share five children, tied the knot in 2006", "site": "@people", "image": "https://imagesvc.meredithcorp.io/v3/mm/image?q=85&c=sc&poi=face&w=1500&h=785&url=https%3A%2F%2Fstatic.onecms.io%2Fwp-content%2Fuploads%2Fsites%2F20%2F2020%2F05%2F07%2FTori-Spelling-and-Dean-McDermott.jpg"}, "robots": "max-image-preview:large", "fb": {"app_id": 610948219662029, "pages": 95926963131}, "article": {"opinion": "false"}, "p": {"domain_verify": "755183be01bfc739a9cac6673f1f2c1b"}, "url": "https://people.com/tv/tori-and-dean-10-years-5-kids-and-all-the-ups-and-downs-in-between/"}, "movies": [], "publish_date": null, "source": "https://people.com", "summary": ""}