{"url": "https://web.archive.org/web/20171020202950/http://www.wdjx.com/why-youll-never-see-ashton-and-milas-kids-on-social-media/", "text": "CORRECTS LOCATION - US actress Mila Kunis, left, and her husband US actor Ashton Kutcher, center, are seen with their children during the women's 3m synchro springboard final of the 17th FINA Swimming World Championships at the Hajos Alfred National Swimming Pool in Budapest, Hungary, Monday, July 17, 2017. (Tibor Illyes/MTI via AP)\n\nAshton Kutcher and Mila Kunis may be in the spotlight due to their acting careers. But as parents, they\u2019re about as private as you and me.\n\nWhile you\u2019re scrolling through your facebook feed, perhaps you\u2019ll happen across a few photos of a friend\u2019s toddler going poopie on the potty for the first time. Or, maybe there will be a video of your sister\u2019s kid taking it\u2019s first steps. A little further down and maybe there will be a photo of so and so\u2019s first day of school. All of these are things you will never see from Ashton Kutcher and Mila Kunis. I really like what Ashton had to say about it in an interview with Ariana Huffington\u2026", "images": ["https://web.archive.org/web/20171020202950im_/http://www.wdjx.com/wp-content/uploads/2017/10/Stranger-2-320x200.jpg", "https://web.archive.org/web/20171020202950im_/http://www.wdjx.com/wp-content/uploads/2017/10/Taylor-2-320x200.jpg", "https://web.archive.org/web/20171020202950im_/http://www.wdjx.com/wp-content/uploads/2017/10/starbucks-320x200.jpg", "https://web.archive.org/web/20171020202950im_/http://www.wdjx.com/wp-content/uploads/2017/10/Katy-Perry-in-air-320x200.jpg", "https://web.archive.org/web/20171020202950im_/http://www.wdjx.com/wp-content/uploads/2017/10/AP_16362618607090-320x200.jpg", "https://web.archive.org/web/20171020202950im_/http://www.wdjx.com/wp-content/themes/alphamedia-blacklab-v2/assets/img/alphamedia-logo.png", "https://web.archive.org/web/20171020202950im_/http://www.wdjx.com/wp-content/uploads/2016/06/cropped-wdjx-favicon.png", "https://web.archive.org/web/20171020202950im_/http://www.wdjx.com/wp-content/uploads/2017/10/Ashton.jpg", "https://web.archive.org/web/20171020202950im_/http://www.wdjx.com/wp-content/uploads/2017/10/Miley-320x200.jpg"], "top_img": "https://web.archive.org/web/20171020202950im_/http://www.wdjx.com/wp-content/uploads/2017/10/Ashton.jpg", "keywords": [], "authors": [], "canonical_link": "https://web.archive.org/web/20171020202950/http://www.wdjx.com/why-youll-never-see-ashton-and-milas-kids-on-social-media/", "title": "Why You\u2019ll Never See Ashton and Mila\u2019s Kids on Social Media", "meta_data": {"viewport": "width=device-width, initial-scale=1", "description": "Ashton Kutcher and Mila Kunis may be in the spotlight due to their acting careers. But as parents, they're about as private as you and me.", "og": {"locale": "en_US", "type": "article", "title": "Why You'll Never See Ashton and Mila's Kids on Social Media - 99.7 DJX", "description": "Ashton Kutcher and Mila Kunis may be in the spotlight due to their acting careers. But as parents, they're about as private as you and me.", "url": "https://web.archive.org/web/20171020202950/http://www.wdjx.com/why-youll-never-see-ashton-and-milas-kids-on-social-media/", "site_name": "99.7 DJX", "updated_time": "2017-10-20T12:53:35-04:00", "image": {"identifier": "https://web.archive.org/web/20171020202950im_/http://www.wdjx.com/wp-content/uploads/2017/10/Ashton.jpg", "width": 3456, "height": 2582}}, "article": {"tag": "Mila Kunis", "section": "Garfield", "published_time": "2017-10-20T12:52:06-04:00", "modified_time": "2017-10-20T12:53:35-04:00"}, "twitter": {"card": "summary", "description": "Ashton Kutcher and Mila Kunis may be in the spotlight due to their acting careers. But as parents, they're about as private as you and me.", "title": "Why You'll Never See Ashton and Mila's Kids on Social Media - 99.7 DJX", "image": "https://web.archive.org/web/20171020202950im_/http://www.wdjx.com/wp-content/uploads/2017/10/Ashton.jpg"}, "generator": "WordPress 4.8.2", "tec-api-version": "v1", "tec-api-origin": "http://www.wdjx.com", "msapplication-TileImage": "http://www.wdjx.com/wp-content/uploads/2016/06/cropped-wdjx-favicon-270x270.png"}, "movies": [], "publish_date": 1508518326.0, "source": "https://web.archive.org", "summary": ""}