{"url": "http://video.foxnews.com/v/5467929100001/?#sp=show-clips", "text": "", "images": ["http://secure-us.imrworldwide.com/cgi-bin/m?ci=foxnews&cg=0&cc=1&si=http://video.foxnews.com&ts=noscript&rnd=1608639936", "https://a57.foxnews.com/media2.foxnews.com/BrightCove/694940094001/2017/06/12/640/360/694940094001_5467934023001_5467929100001-vs.jpg", "http://metrics.foxnews.com/b/ss/foxnews/1/H22.1--NS/1608639936?pageName=noscript:fcn:video:collection&g=http://video.foxnews.com", "http://b.scorecardresearch.com/p?c1=2&c2=9013181&c3=&c4=http://video.foxnews.com&c5=&c6=&c15=&cv=2.2&cj=1"], "top_img": "https://a57.foxnews.com/media2.foxnews.com/BrightCove/694940094001/2017/06/12/640/360/694940094001_5467934023001_5467929100001-vs.jpg", "keywords": [], "authors": [], "canonical_link": "http://video.foxnews.com/v/5467929100001/", "title": "Ivanka Trump: Father feels 'vindicated' after Comey hearing", "meta_data": {"viewport": "width=device-width, initial-scale=1.0", "apple-mobile-web-app-capable": "yes", "apple-mobile-web-app-title": "Video", "dc.description": "The president's daughter weighs in on 'Fox &amp; Friends'", "dcterms.abstract": "The president's daughter weighs in on 'Fox &amp; Friends'", "dc.title": "Ivanka Trump: Father feels 'vindicated' after Comey hearing", "dc.language": "en-US", "dc.format": "text/html", "dc.date": "2017-06-12", "dcterms.created": "2017-06-12 7:21:47 AM", "dcterms.modified": "2017-06-12 7:21:47 AM", "dc.type": "Collection", "dc.identifier": "urn:uuid:5467929100001", "medium": "video", "pagetype": "video", "video_width": 400, "video_height": 249, "video_type": "application/x-shockwave-flash", "prism.aggregationType": "video", "og": {"title": "Ivanka Trump: Father feels 'vindicated' after Comey hearing", "description": "The president's daughter weighs in on 'Fox &amp; Friends'", "url": "http://video.foxnews.com/v/5467929100001/", "image": "https://a57.foxnews.com/media2.foxnews.com/BrightCove/694940094001/2017/06/12/640/360/694940094001_5467934023001_5467929100001-vs.jpg", "type": "video", "video": {"identifier": "//video.foxnews.com/assets/video-player.swf?video_id=5467929100001&d=video.foxnews.com&auto_play=true", "secure_url": "https://video.foxnews.com/assets/video-player.swf?video_id=5467929100001&d=video.foxnews.com&auto_play=true", "height": 360, "width": 640, "type": "application/x-shockwave-flash"}, "site_name": "Fox News"}, "twitter": {"card": "player", "url": "http://video.foxnews.com/v/5467929100001/", "title": "Ivanka Trump: Father feels 'vindicated' after Comey hearing", "description": "The president's daughter weighs in on 'Fox &amp; Friends'", "image": "https://a57.foxnews.com/media2.foxnews.com/BrightCove/694940094001/2017/06/12/640/360/694940094001_5467934023001_5467929100001-vs.jpg", "site": "@foxnews", "player": {"identifier": "https://video.foxnews.com/v/video-embed.html?video_id=5467929100001&ref=twitter.com", "width": 435, "height": 251}}, "dc.publisher": "Fox News", "dc.subject": "fox news, fox news channel, fox news videos, show clips, show videos, video clips, foxnews.com", "fb": {"app_id": 113186182048399, "pages": 15704546335}, "description": "The president's daughter weighs in on 'Fox &amp; Friends'", "name": "Ivanka Trump: Father feels 'vindicated' after Comey hearing", "uploadDate": "2017-06-12", "thumbnailUrl": "https://a57.foxnews.com/media2.foxnews.com/BrightCove/694940094001/2017/06/12/640/360/694940094001_5467934023001_5467929100001-vs.jpg", "prism.channel": "fnc", "prism.section": "video", "prism.subsection1": "on-demand", "video_category": "settings|advertising|ad_supported"}, "movies": [], "publish_date": null, "source": "http://video.foxnews.com", "summary": ""}