{"url": "www.washingtonpost.com/graphics/2017/entertainment/the-post-movie/", "text": "Please enable cookies on your web browser in order to continue.\n\nThe new European data protection law requires us to inform you of the following before you use our website:\n\nWe use cookies and other technologies to customize your experience, perform analytics and deliver personalized advertising on our sites, apps and newsletters and across the Internet based on your interests. By clicking \u201cI agree\u201d below, you consent to the use by us and our third-party partners of cookies and data gathered from your use of our platforms. See our Privacy Policy and Third Party Partners to learn more about the use of data and your rights. You also agree to our Terms of Service.", "images": ["https://sb.scorecardresearch.com/p?c1=2&c2=3005617&cv=2.0&cj=1", "http://me.effectivemeasure.net/em_image", "https://www.washingtonpost.com/pbox.php?url=https://www.washingtonpost.com/pb/resources/img/twp-social-share.png&w=1484&op=resize&opt=1&filter=antialias&t=20170517"], "top_img": "https://www.washingtonpost.com/pbox.php?url=https://www.washingtonpost.com/pb/resources/img/twp-social-share.png&w=1484&op=resize&opt=1&filter=antialias&t=20170517", "keywords": [], "authors": [], "canonical_link": "https://www.washingtonpost.com/gdpr-consent/", "title": "- The Washington Post", "meta_data": {"viewport": "width=device-width, initial-scale=1.0, user-scalable=yes, minimum-scale=0.5, maximum-scale=2.0", "referrer": "unsafe-url", "twitter": {"site": "@WashingtonPost", "card": "summary_large_image"}, "og": {"site_name": "Washington Post", "url": "https://www.washingtonpost.com/gdpr-consent/", "image": "https://www.washingtonpost.com/pbox.php?url=https://www.washingtonpost.com/pb/resources/img/twp-social-share.png&w=1484&op=resize&opt=1&filter=antialias&t=20170517"}, "article": {"publisher": "https://www.facebook.com/washingtonpost", "content_tier": "free", "opinion": "false"}, "fb": {"app_id": 41245586762, "admins": 500835072}, "no_ads": "true", "blockTrackingServices": "chartbeat,effectiveMeasure,comscore", "robots": "index,follow", "theme": "normal"}, "movies": [], "publish_date": null, "source": "http://www.washingtonpost.com", "summary": ""}