{"url": "thenet.ng/khloe-kardashians-ex-husband-lamar-odom-supposedly-now-dating-tiffany-haddish/", "text": "Comedian and actress, Tiffany Haddish, is allegedly romantically involved with retired basketball player, Lamar Odom. According to sources, Khloe Kardashian\u2018s ex-husband and the Girls Trip star have known each other for a while and have been seeing each other low key.\n\nRELATED: Tiffany Haddish Talks About Beyonc\u00e9 Confronting An Actress\n\nThe reports also claimed that the two celebrities have been on and off for a couple of months. Both Haddish and Odom were spotted at the All-Star Bowling Party in Los Angeles and were pictured together.\n\nHAVE YOU READ?: Lamar Odom Talks About Khloe Kardashian\u2019s Pregnancy And Her Relationships", "images": ["https://cdn.thenet.ng/wp-content/uploads/2020/11/Neusroom-Presidential-Candidate-Female.jpg", "https://cdn.thenet.ng/wp-content/uploads/2020/06/Tiwa-Savage-AD.gif", "https://cdn.thenet.ng/wp-content/uploads/2020/05/TNS-Icon.jpg", "data:image/png;base64,iVBORw0KGgoAAAANSUhEUgAAAAEAAAABAQMAAAAl21bKAAAAA1BMVEUAAP+KeNJXAAAAAXRSTlMAQObYZgAAAAlwSFlzAAAOxAAADsQBlSsOGwAAAApJREFUCNdjYAAAAAIAAeIhvDMAAAAASUVORK5CYII=", "https://cdn.thenet.ng/wp-content/uploads/2020/05/Neusroom-Icon.jpg", "https://cdn.thenet.ng/wp-content/uploads/2018/02/Actress-Tiffany-Haddish-Reportedly-Dating-Khlo\u00e9-Kardashians-Ex-Husband-Lamar-Odom-2-480x600.jpg", "https://cdn.thenet.ng/wp-content/uploads/2020/09/Neusroom-Isaac-Adako-Story.jpg", "https://cdn.thenet.ng/wp-content/uploads/2020/06/Netng-Logo.svg.gzip", "https://cdn.thenet.ng/wp-content/uploads/2020/05/NECLive-Icon.jpg", "data:image/png;base64,iVBORw0KGgoAAAANSUhEUgAAAUAAAAFAAQMAAAD3XjfpAAAAA1BMVEUAAP+KeNJXAAAAAXRSTlMAQObYZgAAAAlwSFlzAAAOxAAADsQBlSsOGwAAACNJREFUaN7twQENAAAAwqD3T20PBxQAAAAAAAAAAAAAAAD8GjNAAAG52zFgAAAAAElFTkSuQmCC", "https://cdn.thenet.ng/wp-content/uploads/2020/06/NET-LOGO-1x.png", "https://cdn.thenet.ng/wp-content/uploads/2020/05/Plaqad-Icon.jpg", "https://cdn.thenet.ng/wp-content/uploads/2020/06/Orin-Icon-1x.jpg", "https://cdn.thenet.ng/wp-content/uploads/partners/234-Star-1219.png", "https://cdn.thenet.ng/wp-content/uploads/2020/05/Bhm-Icon.jpg", "https://cdn.thenet.ng/wp-content/uploads/2020/05/NETShop-Icon.jpg", "https://cdn.thenet.ng/wp-content/uploads/2020/06/Header-Banner-Burna.gif", "https://cdn.thenet.ng/wp-content/uploads/2020/05/netng-Logo-Blue.png", "https://cdn.thenet.ng/wp-content/uploads/2020/06/ID-Africa-Icon-1x.jpg"], "top_img": "https://cdn.thenet.ng/wp-content/uploads/2018/02/Actress-Tiffany-Haddish-Reportedly-Dating-Khlo\u00e9-Kardashians-Ex-Husband-Lamar-Odom-2-480x600.jpg", "keywords": [], "authors": ["Adeoluwa Atayero"], "canonical_link": "https://thenet.ng/khloe-kardashians-ex-husband-lamar-odom-supposedly-now-dating-tiffany-haddish/", "title": "Khloe Kardashian\u2019s Ex-Husband, Lamar Odom, Supposedly Now Dating Tiffany Haddish", "meta_data": {"viewport": "width=device-width, initial-scale=1", "robots": "index, follow, max-snippet:-1, max-image-preview:large, max-video-preview:-1", "og": {"locale": "en_US", "type": "article", "title": "Khloe Kardashian's Ex-Husband, Lamar Odom, Supposedly Now Dating Tiffany Haddish", "description": "Comedian and actress, Tiffany Haddish, is allegedly romantically involved with retired basketball player, Lamar Odom.\u00a0According to sources, Khloe Kardashian\u2018s ex-husband and the Girls Trip\u00a0star have known each other for a\u2026", "url": "https://thenet.ng/khloe-kardashians-ex-husband-lamar-odom-supposedly-now-dating-tiffany-haddish/", "site_name": "Nigerian Entertainment Today", "image": "https://cdn.thenet.ng/wp-content/uploads/2018/02/Actress-Tiffany-Haddish-Reportedly-Dating-Khlo\u00e9-Kardashians-Ex-Husband-Lamar-Odom-2-480x600.jpg"}, "article": {"publisher": "https://www.facebook.com/thenetng", "published_time": "2018-02-19T17:55:45+00:00"}, "twitter": {"card": "summary_large_image", "creator": "@theNETng", "site": "@theNETng", "label1": "Written by", "data1": "Adeoluwa Atayero", "label2": "Est. reading time", "data2": "0 minutes"}, "apple-mobile-web-app-title": "Netng", "generator": "Powered by WPBakery Page Builder - drag and drop page builder for WordPress.", "msapplication-TileImage": "https://cdn.thenet.ng/wp-content/uploads/2020/08/cropped-Icon-3-270x270.png"}, "movies": [], "publish_date": 1519062945.0, "source": "http://thenet.ng", "summary": ""}