{"url": "hollywoodlife.com/2018/03/13/khloe-kardashian-struggling-baby-name-pick-daughter-help-at-shower-pic/", "text": "Khloe Kardashian & Tristan Thompson\u2019s daughter is set to arrive in a few weeks, but apparently the 2 can\u2019t decide on a name! See here how they creatively sought help.\n\nKhloe Kardashian, 33, and Tristan Thompson, 27, are on a major time crunch! The duo have yet to come up with a name for their baby daughter, and, considering Khloe is due to give birth later this month, they have to settle on something \u2014 and fast! Feeling the pressure, the parents-to-be decided to solicit help from guests at their baby shower on March 10. While we know the idea isn\u2019t particularly original or unique, it\u2019s definitely brilliant \u2014 and who knows, maybe they found a gem in the suggestion box! Click here to see pics of Khloe Kardashian\u2019s maternity style.\n\nAs evident from the below photo, which Khloe posted via Instagram Stories, the expectant mom asked guests to write down their name ideas during the lavish party. Placed on a round table along with pink roses and markers, was a card reading, \u201cHelp Khloe find a name for Baby Thompson.\u201d And you know what \u2014 it might just work! After all, Ellen DeGeneres, 60, proved you never know where baby-name inspo will come from after she revealed she named Adam Levine, 38, and Behati Prinsloo\u2018s, 28, first child, Dusty Rose. We love that Khloe and Tristan decided to open up the conversation to their loved ones as well.\n\nAlso at the baby shower, guests were surrounded by all pink everything \u2014 balloons, treats, flowers, etc. There was even a gorgeous neon pink sign that said \u201cBaby Thompson.\u201d Clearly Khloe and Tristan are pumped about meeting their little one! However, the extravagant soiree, as Khloe admitted, was sponsored by Amazon, and fans have been giving her MAJOR flak for it. \u201cAnd why did @Amazon sponsor your shower? This makes me sick! #BoycottAmazon\u201d one person tweeted after Khloe revealed it was the shower of her \u201cdreams.\u201d\n\nAnother fan wrote, \u201cI guess I just don\u2019t understand the idea of amazon gifting a baby shower to khloe kardashian. A family that can afford anything for that kid is given a free shower? When there are moms that can even afford formula that you could give to? Idk.\u201d Either way, the event did seem like the party of the year!", "images": ["https://hollywoodlife.com/wp-content/uploads/2018/03/khloe-kardashian-tristan-thompson-baby-name-ftr.jpg?w=620", "https://www.rollingstone.com/wp-content/uploads/2019/11/Surface-Pro-7.jpg?w=230&crop=1", "https://hollywoodlife.com/wp-content/uploads/2020/11/sport-bra-ftr.jpg?w=143&h=80&crop=1", "https://hollywoodlife.com/wp-content/uploads/2018/03/khloe-kardashian-tristan-thompson-baby-name-ftr.jpg", "http://pixel.quantserve.com/pixel?a.1=p-6fKiDaopTGEQg&a.2=p-31f3D02tYU8zY", "https://hollywoodlife.com/wp-content/uploads/2018/03/khloe-kardashiant-ristan-thompson-baby-name-embed.jpg", "https://stylecaster.com/wp-content/uploads/2020/11/rothys-black-friday-collection-copy.jpg?w=230&crop=1", "https://www.sheknows.com/wp-content/uploads/2020/10/what-a-free-thanksgiving-dinner-really-means-to-a-family-like-mine.jpg?w=230&crop=1", "https://tvline.com/wp-content/uploads/2020/11/seal-team-clay-jason-sonny.jpg?w=230&crop=1", "https://sb.scorecardresearch.com/p?c1=2&c2=6035310&c3=&c4=&c5=&c6=&c15=&cv=2.0&cj=1", "https://hollywoodlife.com/wp-content/uploads/2020/07/kelsey-nicole-5-things-to-know-ap-images-ftr.jpg?w=143&h=80&crop=1", "https://footwearnews.com/wp-content/uploads/2020/11/vanessa-hudgens-crop-top-jeans.jpg?w=230&crop=1", "https://hollywoodlife.com/wp-content/uploads/2020/11/kourtney-kardashian-and-kylie-jenner-wasted-meme-ap-images-ftr.jpg?w=143&h=80&crop=1", "data:image/gif;base64,R0lGODlhAQABAIAAAAAAAP///yH5BAEAAAAALAAAAAABAAEAAAIBRAA7", "https://hollywoodlife.com/wp-content/uploads/2017/06/kathleen-harper.jpg?w=43"], "top_img": "https://hollywoodlife.com/wp-content/uploads/2018/03/khloe-kardashian-tristan-thompson-baby-name-ftr.jpg", "keywords": [], "authors": ["Kathleen Harper", "Kimberly Zapata", "Bella Gerard", "Matt Webb Mitovich", "Tim Chan", "Brandt Ranj", "Claudia Miller", "Celebrity Baeditor"], "canonical_link": "https://hollywoodlife.com/2018/03/13/khloe-kardashian-struggling-baby-name-pick-daughter-help-at-shower-pic/", "title": "Khloe Kardashian & Tristan Thompson Still Struggling With Baby Name: How They\u2019ve Enlisted Help", "meta_data": {"description": "Khloe Kardashian &amp; Tristan Thompson's daughter is set to arrive in a few weeks, but apparently the 2 can't decide on a name!", "news_keywords": "Khloe Kardashian, Tristan Thompson", "apple-itunes-app": "app-id=1400650284", "generator": "WordPress 5.5.2", "author": "Kathleen Harper", "theme-color": "#fff", "apple-mobile-web-app-capable": "yes", "mobile-web-app-capable": "yes", "apple-touch-fullscreen": "YES", "apple-mobile-web-app-title": "Hollywood Life", "application-name": "Hollywood Life", "fb": {"pages": 94724837471}, "ia": {"markup_url_dev": "https://hollywoodlife.com/2018/03/13/khloe-kardashian-struggling-baby-name-pick-daughter-help-at-shower-pic/?ia_markup=1"}, "robots": "max-image-preview:large", "onesignal": "wordpress-plugin", "og": {"type": "article", "title": "Khloe Kardashian & Tristan Thompson Still Struggling With Baby Name: How They\u2019ve Enlisted Help", "url": "https://hollywoodlife.com/2018/03/13/khloe-kardashian-struggling-baby-name-pick-daughter-help-at-shower-pic/", "description": "Khloe Kardashian & Tristan Thompson\u2019s daughter is set to arrive in a few weeks, but apparently the 2 can\u2019t decide on a name! See here how they creatively sought help.", "site_name": "Hollywood Life", "image": {"identifier": "https://hollywoodlife.com/wp-content/uploads/2018/03/khloe-kardashian-tristan-thompson-baby-name-ftr.jpg", "width": 620, "height": 348}, "locale": "en_US"}, "article": {"published_time": "2018-03-13T15:42:02+00:00", "modified_time": "2018-03-13T15:51:08+00:00"}, "twitter": {"text": {"title": "Khloe Kardashian & Tristan Thompson Still Struggling With Baby Name: How They\u2019ve Enlisted Help"}, "image": "https://hollywoodlife.com/wp-content/uploads/2018/03/khloe-kardashian-tristan-thompson-baby-name-ftr.jpg?w=620", "card": "summary_large_image", "site": "@HollywoodLife", "title": "Khloe Kardashian & Tristan Thompson Still Struggling With Baby Name: How They\u2019ve Enlisted Help", "description": "Khloe Kardashian & Tristan Thompson's daughter is set to arrive in a few weeks, but apparently the 2 can't decide on a name!"}, "msapplication-TileImage": "https://hollywoodlife.com/wp-content/uploads/2018/06/hl_logo.png?w=128"}, "movies": [], "publish_date": 1520895600.0, "source": "http://hollywoodlife.com", "summary": ""}