{"url": "https://www.usatoday.com/story/life/people/2017/04/22/happy-days-star-erin-moran-dies-at-56/100806014/", "text": "'Happy Days' star Erin Moran dies at 56\n\nJayme Deerwester | USA TODAY\n\nShow Caption Hide Caption 'Joanie' from Happy Days has died 56-year-old Erin Moran, who was best known as 'Joanie' from 'Happy Days, has passed away in Harrison County, Indiana.\n\nErin Moran, who was best known for playing Joanie Cunningham on the long-running comedy Happy Days and its short-lived spinoff, Joanie Loves Chachi, has died at 56.\n\nHer death was announced by police in Harrison County, Ind., after they responded to a 911 call and found her unresponsive Saturday afternoon, the Associated Press has confirmed. Her death was first reported by TMZ.\n\nNo cause of death has been determined.\n\nMoran, who was born Oct. 18, 1960, in Burbank, Calif., landed her first big role on the children's adventure show Daktari when she was just 8. The show premiered the same year she made her film debut opposite Debbie Reynolds in How Sweet It Is.\n\nShe occupied herself with TV work until she landed the role of the youngest child of the Cunningham family. The series, which took place between 1955 and 1965, premiered on ABC in 1974. She left to star in its spinoff, Joanie Loves Chachi, but that show was canceled after one season. She rejoined the Happy Days cast for its final season, which ended in 1984.\n\nHer post-Happy Days credits include guest stints on The Love Boat and Murder, She Wrote.\n\nMoran also jumped on the reality TV bandwagon, doing a season of VH1's weight-loss show Celebrity Fit Club in 2008.\n\nHer most recent acting credit was 2010's Not Another B Movie.\n\nShe was back in the headlines a year later, when she joined several other members of the Happy Days supporting cast in suing CBS, the studio that produced Happy Days, for withholding royalty money they were entitled to under their contracts. In 2012, each of them won a $65,000 settlement and the rights to future royalties.\n\nIt was a welcome infusion of cash for Moran, who had only a handful of acting gigs in the last 25 years according to IMDb.com, and was said to be living in an Indiana trailer park and struggling with personal issues.\n\nRon Howard, who played Richie, her big brother on Happy Days, tweeted, \"I will always choose to remember you on our show making scenes better, getting laughs and lighting up TV screens.\"\n\nSuch sad sad news. RIP Erin. I'll always choose to remember you on our show making scenes better, getting laughs and lighting up tv screens. https://t.co/8HmdL0JKlf \u2014 Ron Howard (@RealRonHoward) April 23, 2017\n\n\"Now you will finally have the peace you wanted so badly here on Earth,\" added co-star Henry Winkler, who played the Fonz.\n\nOH Erin... now you will finally have the peace you wanted so badly here on earth ...Rest In It serenely now.. too soon \u2014 Henry Winkler (@hwinkler4real) April 23, 2017\n\nScott Baio, who was Moran's beau both on and offscreen, paid fond tribute his ex-girlfriend.\n\n\"May people remember Erin for her contagious smile, warm heart, and animal loving soul. I always hoped she could find peace in her life,\" he wrote Sunday. \"God has you now, Erin.\"\n\nContributing: The Associated Press", "images": ["https://www.gannett-cdn.com/appservices/universal-web/universal/icons/icon-play-alt-white.svg", "https://www.gannett-cdn.com/appservices/universal-web/universal/icons/icon-instagram_24.png", "http://videos.usatoday.net/Brightcove3/29906170001/201704/3118/29906170001_5408416091001_5408399067001-vs.jpg?pubId=29906170001", "https://www.gannett-cdn.com/-mm-/2369252108eba4902c0dfd37b28dd6fa0843dc5c/c=0-618-1825-1649/local/-/media/2017/04/22/USATODAY/USATODAY/636284966732094651-i-b0-young-baio-summertv-01.jpg?auto=webp&format=pjpg&width=1200"], "top_img": "https://www.gannett-cdn.com/-mm-/2369252108eba4902c0dfd37b28dd6fa0843dc5c/c=0-618-1825-1649/local/-/media/2017/04/22/USATODAY/USATODAY/636284966732094651-i-b0-young-baio-summertv-01.jpg?auto=webp&format=pjpg&width=1200", "keywords": [], "authors": ["Jayme Deerwester"], "canonical_link": "https://www.usatoday.com/story/life/people/2017/04/22/happy-days-star-erin-moran-dies-at-56/100806014/", "title": "'Happy Days' star Erin Moran dies at 56", "meta_data": {"viewport": "width=device-width,initial-scale=1", "HandheldFriendly": "True", "MobileOptimized": 320, "apple-itunes-app": "app-id=504631398, app-argument=https://www.usatoday.com/story/life/people/2017/04/22/happy-days-star-erin-moran-dies-at-56/100806014/life/people", "theme-color": "#ffffff", "og": {"type": "article", "title": "'Happy Days' star Erin Moran dies at 56", "description": "Indiana police found the actress unresponsive after responding to a 911 call Saturday.", "site_name": "USA TODAY", "image": {"identifier": "https://www.gannett-cdn.com/-mm-/2369252108eba4902c0dfd37b28dd6fa0843dc5c/c=0-618-1825-1649/local/-/media/2017/04/22/USATODAY/USATODAY/636284966732094651-i-b0-young-baio-summertv-01.jpg?auto=webp&format=pjpg&width=1200", "width": 1200, "height": 675}}, "article": {"content_tier": "free", "opinion": "false"}, "fb": {"pages": 13652355666}, "news_keywords": "Happy Days,Erin Moran,Celebrity deaths,Television,Reality television,Children,911 calls,Scott Baio,Henry Winkler,Debbie Reynolds,CBS Corp,Earth (planet),Police,Homicide,VH1", "description": "Indiana police found the actress unresponsive after responding to a 911 call Saturday.", "twitter": {"site": "@usatoday", "creator": "@usatoday", "card": "summary_large_image"}}, "movies": [], "publish_date": 1492812000.0, "source": "https://www.usatoday.com", "summary": ""}