{"url": "http://www.msnbc.msn.com/id/21134540/vp/36687523#36687523", "text": "", "images": ["http://static-global-s-msn-com.akamaized.net/img-resizer/tenant/amp/entityid/BB1c8DLB.img?h=194&w=300&m=6&q=60&u=t&o=t&l=f", "http://static-global-s-msn-com.akamaized.net/hp-neu/sc/6a/a62410.gif", "http://static-global-s-msn-com.akamaized.net/img-resizer/tenant/amp/entityid/BB1c8U4v.img?h=194&w=300&m=6&q=60&u=t&o=t&l=f&x=1496&y=362", "http://static-global-s-msn-com.akamaized.net/img-resizer/tenant/amp/entityid/BB1c85bh.img?h=194&w=300&m=6&q=60&u=t&o=t&l=f&x=309&y=254", "http://static-global-s-msn-com.akamaized.net/img-resizer/tenant/amp/entityid/BB1c8w3Y.img?h=194&w=300&m=6&q=60&u=t&o=t&l=f&x=0&y=0", "http://static-global-s-msn-com.akamaized.net/img-resizer/tenant/amp/entityid/BB1c8CY0.img?h=194&w=300&m=6&q=60&u=t&o=t&l=f&x=127&y=82", "http://static-global-s-msn-com.akamaized.net/img-resizer/tenant/amp/entityid/BB1c7xL4.img?h=194&w=300&m=6&q=60&u=t&o=t&l=f", "http://static-global-s-msn-com.akamaized.net/img-resizer/tenant/amp/entityid/BB1c8Zuw.img?h=194&w=300&m=6&q=60&u=t&o=t&l=f&x=550&y=300", "http://static-global-s-msn-com.akamaized.net/img-resizer/tenant/amp/entityid/BB121hKT.img?h=194&w=300&m=6&q=60&u=t&o=t&l=f&x=567&y=404", "https://web.vortex.data.msn.com/collect/v1/t.gif?name=%27Ms.Webi.PageView%27&ver=%272.1%27&appId=%27JS%3AMSN%27&ext-app-env=%27prod%27&ext-javascript-libver=%274.0.0-beta-10%27&ext-user-localId=%27t%3A261967519A656FD8067768F99B0E6E37%27&*baseType=%27Ms.Content.PageView%27&*isJs=False&*title=%27%27&*isLoggedIn=False&*isManual=True&*serverImpressionGuid=%27ef8cb4e1-8921-4c34-a0eb-b13f8a4f2545%27&-ver=%271.0%27&-impressionGuid=%27ef8cb4e1-8921-4c34-a0eb-b13f8a4f2545%27&-pageName=%27startpage%27&-uri=%27http%253A%252F%252Fwww.msn.com%252Fsv-se%252F%27&-referrerUri=%27%27&-pageTags=%27{\"pg.t\"%3A\"hp\"%2C\"pg.p\"%3A\"prime\"%2C\"pg.c\"%3A\"\"%2C\"ex\"%3A\"\"%2C\"rid\"%3A\"ef8cb4e189214c34a0ebb13f8a4f2545\"%2C\"clid\"%3A\"261967519A656FD8067768F99B0E6E37\"%2C\"clidType\"%3A\"muid\"%2C\"di\"%3A\"152\"%2C\"partner\"%3A\"\"%2C\"publcat\"%3A\"\"%2C\"cvs\"%3A\"Browser\"%2C\"subcvs\"%3A\"homepage\"%2C\"entityId\"%3A\"\"%2C\"entitySrc\"%3A\"\"%2C\"provid\"%3A\"\"%2C\"dpt\"%3A\"\"%2C\"sdpt\"%3A\"\"%2C\"ar\"%3A\"0\"%2C\"dgk\"%3A\"downlevel.pc\"%2C\"imd\"%3A\"0\"%2C\"parentId\"%3A\"\"%2C\"pgIdx\"%3A\"\"%2C\"pgTot\"%3A\"\"%2C\"anoncknm\"%3A\"\"%2C\"afd\"%3A\"\"%2C\"issso\"%3A\"0\"%2C\"aadState\"%3A\"0\"}%27&-behavior=0&-market=%27sv-se%27", "http://static-global-s-msn-com.akamaized.net/img-resizer/tenant/amp/entityid/BB1c8WEA.img?h=194&w=300&m=6&q=60&u=t&o=t&l=f&x=557&y=131", "http://static-global-s-msn-com.akamaized.net/hp-neu/sc/57/a49b8d.gif", "http://static-global-s-msn-com.akamaized.net/hp-neu/sc/82/c22c7d.gif", "http://static-global-s-msn-com.akamaized.net/img-resizer/tenant/amp/entityid/BB1c864o.img?h=194&w=300&m=6&q=60&u=t&o=t&l=f&x=998&y=392", "http://static-global-s-msn-com.akamaized.net/img-resizer/tenant/amp/entityid/BB1c8NPH.img?h=194&w=300&m=6&q=60&u=t&o=t&l=f", "http://static-global-s-msn-com.akamaized.net/img-resizer/tenant/amp/entityid/BB1c8vlN.img?h=194&w=300&m=6&q=60&u=t&o=t&l=f&x=584&y=89"], "top_img": "http://static-global-s-msn-com.akamaized.net/img-resizer/tenant/amp/entityid/BB1c8DLB.img?h=194&w=300&m=6&q=60&u=t&o=t&l=f", "keywords": [], "authors": [], "canonical_link": "http://www.msn.com/sv-se/", "title": "Nyheter, N\u00f6je, Hotmail, Outlook och V\u00e4dret", "meta_data": {"robots": "index, follow", "description": "L\u00e4s MSN:s senaste nyheter fr\u00e5n ledande svenska och internationella medier. Se v\u00e4der, n\u00f6je, sport, ekonomi, h\u00e4lsa och ing\u00e5ngar till Hotmail, Outlook och Office 365.", "viewport": "width=device-width,initial-scale=1, maximum-scale=1"}, "movies": [], "publish_date": null, "source": "http://www.msnbc.msn.com", "summary": ""}