{"url": "https://people.com/parents/katie-holmes-suri-cruise-easter-vacation-photos/", "text": "Holmes shared several photos of their vacation on Instagram, including a slow-motion video of Suri throwing a football\n\nKatie Holmes and Suri Cruise Enjoy Their Vacation at the Beach -- See the Cute Photos!\n\nTime for some mother-daughter bonding!\n\nKatie Holmes, 38, and her 10-year-old daughter, Suri, celebrated the Easter holiday with family at a beach in Florida. The Batman Begins actress shared several photos of their vacation on Instagram, including a slow-motion video of Suri throwing a football.\n\nGet push notifications with news, features and more.\n\nOne of her posts included members of her family, with the caption, \u201c#family #love #gratitude.\u201d\n\nIn another post, Holmes also posted a photo of Suri in a dress featuring lemons while the caption read, \u201c#lemonade,\u201d a clear reference to Beyonc\u00e9\u2018s Lemonade album.\n\nThe mother-daughter duo also took a sweet picture together, with Holmes writing, \u201cMy sweetie. #love #beach #gratitude,\u201d in the caption.\n\nRELATED VIDEO: Salon Day! Katie Holmes Shares Photo With Mini-Me Suri Cruise\n\nSuri celebrates her 11th birthday on Tuesday, which might have made her mom a bit sentimental. Holmes recently shared an adorable black-and-white throwback of her daughter, who holds her hair back as she totes a tiny bag and smiles off-camera.\n\n\u201c#tbt my sweet angel,\u201d Holmes wrote.", "images": ["https://imagesvc.meredithcorp.io/v3/mm/image?url=https%3A%2F%2Fstatic.onecms.io%2Fwp-content%2Fuploads%2Fsites%2F20%2F2020%2F11%2F12%2Fthanksgiving-covid-150x150.jpg", "https://imagesvc.meredithcorp.io/v3/mm/image?url=https%3A%2F%2Fstatic.onecms.io%2Fwp-content%2Fuploads%2Fsites%2F20%2F2016%2F05%2F06%2Fprincess-diana-21.jpg", "https://imagesvc.meredithcorp.io/v3/mm/image?url=https%3A%2F%2Fstatic.onecms.io%2Fwp-content%2Fuploads%2Fsites%2F20%2F2020%2F07%2F23%2Ftout.jpg", "https://imagesvc.meredithcorp.io/v3/mm/image?url=https%3A%2F%2Fstatic.onecms.io%2Fwp-content%2Fuploads%2Fsites%2F20%2F2017%2F04%2Fkatie-holmes-suri-cutest-photos.jpg", "https://peopledotcom.files.wordpress.com/2018/09/thumbnail_generic.png", "data:image/svg+xml,%3Csvg%20xmlns='http://www.w3.org/2000/svg'%20viewBox='0%200%20100%20100'%3E%3C/svg%3E", "https://imagesvc.meredithcorp.io/v3/mm/image?url=https%3A%2F%2Fstatic.onecms.io%2Fwp-content%2Fuploads%2Fsites%2F20%2F2020%2F08%2F04%2Fcoyote-ugly-2000.jpg", "https://imagesvc.meredithcorp.io/v3/mm/image?url=https%3A%2F%2Fstatic.onecms.io%2Fwp-content%2Fuploads%2Fsites%2F20%2F2020%2F07%2F19%2Ftiaras-2.jpg", "https://imagesvc.meredithcorp.io/v3/mm/image?url=https%3A%2F%2Fstatic.onecms.io%2Fwp-content%2Fuploads%2Fsites%2F20%2F2020%2F11%2F12%2Fcat-phone.jpg", "https://imagesvc.meredithcorp.io/v3/mm/image?q=85&c=sc&poi=face&w=2000&h=1047&url=https%3A%2F%2Fstatic.onecms.io%2Fwp-content%2Fuploads%2Fsites%2F20%2F2017%2F04%2Fkatie-holmes-suri-cutest-photos.jpg"], "top_img": "https://imagesvc.meredithcorp.io/v3/mm/image?q=85&c=sc&poi=face&w=2000&h=1047&url=https%3A%2F%2Fstatic.onecms.io%2Fwp-content%2Fuploads%2Fsites%2F20%2F2017%2F04%2Fkatie-holmes-suri-cutest-photos.jpg", "keywords": [], "authors": ["Alexia Fernandez"], "canonical_link": "https://people.com/parents/katie-holmes-suri-cruise-easter-vacation-photos/", "title": "Katie Holmes and Suri Cruise Enjoy Their Vacation at the Beach -- See the Cute Photos!", "meta_data": {"viewport": "width=device-width, initial-scale=1", "keywords": "Babies,Celebrity Vacations,Katie Holmes,Kids,Movie Celebrities,News,Suri Cruise,Vacation and Travel", "news_keywords": "Babies,Celebrity Vacations,Katie Holmes,Kids,Movie Celebrities,News,Suri Cruise,Vacation and Travel", "description": "Holmes shared several photos of their vacation on Instagram, including a slow-motion video of Suri throwing a football", "og": {"title": "Katie Holmes and Suri Cruise Enjoy Their Vacation at the Beach -- See the Cute Photos!", "type": "article", "site_name": "PEOPLE.com", "url": "https://people.com/parents/katie-holmes-suri-cruise-easter-vacation-photos/", "description": "Holmes shared several photos of their vacation on Instagram, including a slow-motion video of Suri throwing a football", "image": {"identifier": "https://imagesvc.meredithcorp.io/v3/mm/image?q=85&c=sc&poi=face&w=2000&h=1047&url=https%3A%2F%2Fstatic.onecms.io%2Fwp-content%2Fuploads%2Fsites%2F20%2F2017%2F04%2Fkatie-holmes-suri-cutest-photos.jpg", "width": 2000, "height": 1047}}, "pinterest": {"url": "https://people.com/parents/katie-holmes-suri-cruise-easter-vacation-photos/", "description": "Holmes shared several photos of their vacation on Instagram, including a slow-motion video of Suri throwing a football", "media": "https://imagesvc.meredithcorp.io/v3/mm/image?url=https%3A%2F%2Fstatic.onecms.io%2Fwp-content%2Fuploads%2Fsites%2F20%2F2017%2F04%2Fkatie-holmes-suri-cutest-photos.jpg"}, "twitter": {"card": "summary_large_image", "url": "https://people.com/parents/katie-holmes-suri-cruise-easter-vacation-photos/", "title": "Katie Holmes and Suri Cruise Enjoy Their Vacation at the Beach -- See the Cute Photos!", "description": "Holmes shared several photos of their vacation on Instagram, including a slow-motion video of Suri throwing a football", "site": "@people", "image": "https://imagesvc.meredithcorp.io/v3/mm/image?q=85&c=sc&poi=face&w=2000&h=1047&url=https%3A%2F%2Fstatic.onecms.io%2Fwp-content%2Fuploads%2Fsites%2F20%2F2017%2F04%2Fkatie-holmes-suri-cutest-photos.jpg"}, "robots": "max-image-preview:large", "fb": {"app_id": 610948219662029, "pages": 95926963131}, "article": {"opinion": "false"}, "p": {"domain_verify": "755183be01bfc739a9cac6673f1f2c1b"}}, "movies": [], "publish_date": null, "source": "https://people.com", "summary": ""}