{"url": "http://toofab.com/2017/04/25/tom-hardy-becomes-real-life-hero-when-he-caught-the-c-t-who-stole-a-moped/", "text": "Getty\n\nTom Hardy turned into a real-life superhero when he chased after two teenage boys who crashed a stolen moped into a $50,000 Mercedes at a busy road junction on Sunday in Richmond, London.\n\nAccording to witnesses who spoke to The Sun, one of the thieves was caught within moments of the crash, but Hardy ran through gardens and across a building site to catch the one who fled the scene.\n\n\"I caught the c--t,\" Hardy yelled when the Hollywood-style chase came to a halt. \"This little shit nicked something, and now he's got himself a \u00adbroken leg.\"\n\nOne witness said, \"It was mental, like he'd switched to superhero mode in an action movie. Two boys on the nicked moped had jumped a red light and smashed into a car. Tom must have been walking down the road. He went off like a shot in pursuit and looked furious. If the kid had been dumb enough to resist, I reckon Tom would have given him a good hiding.\"\n\nThe witness added that Hardy \"clearly isn't a man you mess with,\" describing the teenager that Hardy stopped at a bus stop and patted down as \"wrecked and in shock.\"\n\n\"I asked Tom what happened, and he told me he chased him through my back garden and caught him around the block, but the route was like an assault course,\" the witness said.\n\nThe two 16 year olds who stole the moped sustained injuries.\n\nBoth were arrested but have since been released.", "images": ["https://images.toofab.com/image/d8/2by3/2020/11/20/d825b01a354d4a3ea082beae3d1854ea_xs.jpg", "https://images.toofab.com/image/04/4by3/2020/11/26/0447019c17e946278440c5bedf82881f_sm.jpg", "https://images.toofab.com/image/28/2by3/2020/11/26/286dc52a04cd492c9a8bb84c70c428f6_xs.jpg", "https://images.toofab.com/image/06/o/2017/04/25/065c71582a3e5b5baf5fb17e9cd09185_md.jpg", "https://images.toofab.com/image/cc/4by3/2020/11/25/cc6aca0be3904a068718a7a61a1745a6_sm.jpg", "https://static.toofab.com/toofab-web/img/toofab-logo-white.svg", "https://images.toofab.com/image/bc/16by9/2017/04/25/bc2c21b60cd45addba6f5e10cdb5d0bf_xl.jpg", "https://images.toofab.com/image/43/5by4/2016/12/27/43456cb3275959eb97a471755c9140d2_xs.jpg", "https://images.toofab.com/image/26/3by2/2020/11/25/26eab9bfb431449795b5d841eddfb1bf_md.jpg", "https://images.toofab.com/image/60/2by3/2020/11/23/604143149e394b679b8e853eacf19d2c_xs.jpg", "https://images.toofab.com/image/0c/2by3/2020/11/24/0c70ff73e34d4f558aad10f2d0e2076a_xs.jpg", "https://images.toofab.com/image/89/2by3/2020/11/26/89c6ce64e3504fa38b99b7626ba559df_xs.jpg", "https://images.toofab.com/image/56/5by6/2020/11/23/56ca9a5df2c844d692ef79ea0d5eb2f2_md.jpg", "https://images.toofab.com/image/b3/4by3/2020/11/25/b3c0fb67fc8e44c1855dceeee04e2c8e_sm.jpg", "https://images.toofab.com/image/fa/2by3/2020/11/24/fae4ceae91fb4d73869bfa1b40ef62bf_xs.jpg", "https://images.toofab.com/image/40/2by3/2020/11/23/40d43960bb594fa2aa4158cc8b2fcadf_xs.jpg", "https://images.toofab.com/image/38/4by3/2020/11/26/38453620788b47f39b4b2961f377311f_sm.jpg", "https://images.toofab.com/image/28/3by2/2020/11/26/286dc52a04cd492c9a8bb84c70c428f6_md.jpg", "https://images.toofab.com/image/45/o/2017/04/25/450f1c461d2553ddbe3b4c235b0ec2e4_md.jpg", "https://images.toofab.com/image/04/2by3/2020/11/26/0447019c17e946278440c5bedf82881f_xs.jpg", "https://images.toofab.com/image/d5/2by3/2020/11/19/d5c7cc6856f34435a02dbd457d2e838f_xs.jpg", "https://images.toofab.com/image/80/2by3/2020/11/23/80b534addd1247f7a258e60d93bc2963_xs.jpg", "https://images.toofab.com/image/74/2by3/2020/11/23/740b6cf373ab452e8e44292e7e8a877c_xs.jpg", "https://images.toofab.com/image/90/2by3/2020/11/23/9040ac17671848beae6daf2bbae9c055_xs.jpg", "https://images.toofab.com/image/ed/5by6/2020/11/26/ed169ed2f4024630a1e9cc33490be8f7_md.jpg"], "top_img": "https://images.toofab.com/image/bc/16by9/2017/04/25/bc2c21b60cd45addba6f5e10cdb5d0bf_xl.jpg", "keywords": [], "authors": ["Toofab Staff"], "canonical_link": "https://toofab.com/2017/04/25/tom-hardy-becomes-real-life-hero-when-he-caught-the-c-t-who-stole-a-moped/", "title": "Tom Hardy Becomes Real-Life Hero When He 'Caught the C--t' Who Stole a Moped", "meta_data": {"viewport": "width=device-width,initial-scale=1", "referrer": "unsafe-url", "google-site-verification": "JHSxtKhEsTL_hpvIJB7Z_rx6B--w25QC-LHhSPPDFbc", "verify-v1": "Wtpd0N6FufoE2XqopQJoTjWV6Co/Mny9BTaswPJbPPA=", "msvalidate.01": "AFEB17971BCF30779AEA662782EF26F4", "y_key": "14cb04e4656b0c58", "robots": "index,follow", "description": "Tom Hardy turned into a real-life superhero when he chased after two teenage boys who crashed a stolen moped into a $50,000 Mercedes at a busy road junction on Sunday in Richmond, London.", "article": {"publisher": "https://www.facebook.com/toofab"}, "og": {"site_name": "Toofab", "type": "article", "url": "https://toofab.com/2017/04/25/tom-hardy-becomes-real-life-hero-when-he-caught-the-c-t-who-stole-a-moped/", "title": "Tom Hardy Becomes Real-Life Hero When He 'Caught the C--t' Who Stole a Moped", "description": "Tom Hardy turned into a real-life superhero when he chased after two teenage boys who crashed a stolen moped into a $50,000 Mercedes at a busy road junction on Sunday in Richmond, London.", "image": "https://images.toofab.com/image/bc/16by9/2017/04/25/bc2c21b60cd45addba6f5e10cdb5d0bf_xl.jpg"}, "twitter": {"site": "@Toofab", "card": "summary_large_image", "title": "Tom Hardy Becomes Real-Life Hero When He 'Caught the C--t' Who Stole a Moped", "description": "Tom Hardy turned into a real-life superhero when he chased after two teenage boys who crashed a stolen moped into a $50,000 Mercedes at a busy road junction on Sunday in Richmond, London.", "image": "https://images.toofab.com/image/bc/16by9/2017/04/25/bc2c21b60cd45addba6f5e10cdb5d0bf_xl.jpg"}, "application-name": "Toofab.com", "mobile-web-app-capable": "yes", "theme-color": "#f3f3f3", "apple-mobile-web-app-capable": "yes", "apple-mobile-web-app-status-bar-style": "#f3f3f3", "apple-mobile-web-app-title": "Toofab.com", "msapplication-TileImage": "https://static.toofab.com/toofab-web/icons/msapplication-tile-image-270x270-v1.png", "msapplication-TileColor": "#282828", "msapplication-starturl": "https://toofab.com/?adid=IE9pin", "msapplication-navbutton-color": "#282828", "msapplication-window": "width=1024;height=768", "msapplication-tooltip": "Toofab.com", "msapplication-task": "name=Photos;action-uri=https://toofab.com/photos/;icon-uri=https://static.toofab.com/toofab-web/icons/favicon-32x32-v1.png"}, "movies": [], "publish_date": 1493071200.0, "source": "http://toofab.com", "summary": ""}