{"url": "www.imdb.com/news/ni61467805", "text": "Is Kim Kardashian having plastic surgery to \u201ccure\u201d her cankles? That\u2019s what a certain webloid wants readers to believe. But Gossip Cop has exclusively learned the truth. \u201cKardashian In Crisis! Inside Kim\u2019s Secret Plastic Surgery Plan To Cure Her Cankles,\u201d RadarOnline is dramatically blaring. According to the accompanying story, \u201cCankle-clad Kim Kardashian is gearing up [\u2026]\n\nIMDb.com, Inc. takes no responsibility for the content or accuracy of the above news articles, Tweets, or blog posts. This content is published for the entertainment of our users only. The news articles, Tweets, and blog posts do not represent IMDb's opinions nor can we guarantee that the reporting therein is completely factual. Please visit the source responsible for the item in question to report any concerns you may have regarding content or accuracy.", "images": ["http://fls-na.amazon.com/1/batch/1/OP/A1EVAM02EL8SFB:139-1467188-1684610:6Q6KB8KHH9THMK8YH238$uedata=s:%2Frd%2Fuedata%3Fstaticb%26id%3D6Q6KB8KHH9THMK8YH238:0", "http://fls-na.amazon.com/1/batch/1/OP/A1EVAM02EL8SFB:139-1467188-1684610:6Q6KB8KHH9THMK8YH238$uedata=s:%2Frd%2Fuedata%3Fnoscript%26id%3D6Q6KB8KHH9THMK8YH238:0", "https://sb.scorecardresearch.com/p?c1=2&c2=6034961&cj=1&cs_ucfr=", "https://m.media-amazon.com/images/G/01/imdb/images/social/imdb_logo._CB410901634_.png"], "top_img": "https://m.media-amazon.com/images/G/01/imdb/images/social/imdb_logo._CB410901634_.png", "keywords": [], "authors": ["Shari Weiss"], "canonical_link": "https://www.imdb.com/news/ni61467805", "title": "Kim Kardashian Having Plastic Surgery To Cure Cankles?", "meta_data": {"apple-itunes-app": "app-id=342792525, app-argument=imdb:///news/ni61467805?src=mdot", "og": {"url": "http://www.imdb.com/news/ni61467805", "image": "https://m.media-amazon.com/images/G/01/imdb/images/social/imdb_logo._CB410901634_.png", "title": "Kim Kardashian Having Plastic Surgery To Cure Cankles? - IMDb", "site_name": "IMDb", "description": "IMDb, the world's most popular and authoritative source for movie, TV and celebrity content."}, "theme-color": "#000000", "pageId": "ni61467805", "pageType": "news", "subpageType": "single", "fb": {"app_id": 115109575169727}, "title": "Kim Kardashian Having Plastic Surgery To Cure Cankles? - IMDb", "description": "IMDb, the world's most popular and authoritative source for movie, TV and celebrity content.", "keywords": "news, movies, films, television, TV, celebrities, hollywood, stars, actors, actresses, directors", "request_id": "6Q6KB8KHH9THMK8YH238"}, "movies": [], "publish_date": null, "source": "http://www.imdb.com", "summary": ""}