{"url": "http://www.defenselink.mil/pubs/pdfs/Measuring_Stability_and_Security_in_Iraq_March_2009.pdf", "text": "Elgin Baylor played for the Los Angeles Lakers and served in the Army \u2014 during the week he was a soldier, during the weekend he would fly or drive to the location of the basketball game.", "images": ["https://media.defense.gov/2020/Apr/06/2002275836/-1/-1/1/200406-D-RB598-002.JPG", "https://media.defense.gov/2020/Dec/21/2002555392/825/780/0/201208-A-ZZ999-556C.JPG", "https://media.defense.gov/2020/Dec/22/2002555976/825/780/0/201217-A-VR118-1002A.JPG", "https://media.defense.gov/2020/Dec/21/2002555441/825/780/0/201218-N-NO146-1009.JPG", "https://media.defense.gov/2020/Dec/21/2002555650/1280/1280/0/201218-A-JN745-100M.JPG", "https://media.defense.gov/2020/Dec/21/2002555550/825/780/0/170115-D-GF231-032.JPG", "https://media.defense.gov/2020/Apr/06/2002275836/1280/1280/0/200406-D-RB598-002.JPG", "https://media.defense.gov/2020/Dec/18/2002555489/825/780/0/201218-F-F3253-0001.JPG", "https://media.defense.gov/2019/Dec/18/2002226484/1280/1280/0/191218-D-RB598-002.PNG", "https://media.defense.gov/2020/Dec/17/2002553488/825/780/0/201211-M-ZZ999-058A.JPG", "https://media.defense.gov/2020/Dec/11/2002551086/825/780/0/201211-X-DM484-001M.JPG", "https://media.defense.gov/2020/Dec/18/2002554442/825/780/0/201217-N-DA693-1017A.JPG", "https://media.defense.gov/2020/Apr/06/2002275835/1280/1280/0/200406-D-RB598-001.JPG", "https://media.defense.gov/2020/Dec/02/2002544581/-1/-1/1/201130-D-ZZ999-101Z.JPG", "https://media.defense.gov/2020/Dec/02/2002544581/1280/1280/0/201130-D-ZZ999-101Z.JPG", "https://media.defense.gov/2020/Dec/10/2002550706/825/780/0/201210-F-GY993-029.JPG", "https://media.defense.gov/2020/Dec/15/2002552451/825/780/0/201215-M-AJ435-1044C.JPG", "https://media.defense.gov/2020/Dec/17/2002554031/825/780/0/201212-Z-RJ317-5074M.JPG", "https://media.defense.gov/2020/Sep/11/2002495761/825/780/0/200909-N-DB724-1061.JPG", "https://media.defense.gov/2019/Dec/18/2002226483/1280/1280/0/191218-D-RB598-001.PNG", "https://media.defense.gov/2020/Dec/21/2002555660/825/780/0/201218-A-JN745-069M.JPG", "https://media.defense.gov/2020/Dec/15/2002552282/825/780/0/690321-O-ZZ999-001M.JPG", "http://www.defenselink.mil/portals/1/logo.png", "http://www.defenselink.mil/Portals/1/logo.png?ver=dXzN7YLTmMBRmmdtnELo5A%3d%3d", "https://media.defense.gov/2018/Oct/02/2002047633/900/900/0/181002-D-MA852-001.JPG"], "top_img": "https://media.defense.gov/2018/Oct/02/2002047633/900/900/0/181002-D-MA852-001.JPG", "keywords": [], "authors": [], "canonical_link": "https://www.defense.gov/", "title": "U.S. Department of Defense", "meta_data": {"DESCRIPTION": "Official website for U.S. DEPARTMENT OF DEFENSE", "KEYWORDS": "Defense,Department,DoD,Secretary,Deputy Secretary,Joint Chief,United States,Military,Government,Pentagon", "ROBOTS": "NOINDEX, NOFOLLOW", "og": {"title": "U.S. Department of Defense", "url": "https://www.defense.gov/", "type": "website", "image": "https://media.defense.gov/2018/Oct/02/2002047633/900/900/0/181002-D-MA852-001.JPG", "site_name": "U.S. Department of Defense", "description": "The Defense Department provides the military forces needed to deter war and ensure our nation\u2019s security."}, "twitter": {"card": "summary_large_image", "site": "https://www.defense.gov/", "creator": "@DeptofDefense", "title": "U.S. Department of Defense", "description": "The Defense Department provides the military forces needed to deter war and ensure our nation\u2019s security.", "image": "https://media.defense.gov/2018/Oct/02/2002047633/900/900/0/181002-D-MA852-001.JPG"}, "google-site-verification": "nfNn_S6Ki0r3N9JWs7xQ6wLvXG7aNfgm5yKHnZMobhU", "msvalidate.01": "4BAA65E882EAE4403F4FAB3443D34664", "host": "DMA Public Web", "contact": "pubwebhd@defense.gov", "viewport": "width=device-width,initial-scale=1"}, "movies": [], "publish_date": null, "source": "http://www.defenselink.mil", "summary": ""}