{"url": "hiphopwired.com/543661/amber-rose-asked-club-not-play-songs-exes/", "text": "This story might be absolutely false, but it\u2019s deliciously petty. Reportedly, Amber Rose asked a Miami club not play the music of her exes\u2014those would be Kanye West and Wiz Khalifa (and Machine Gun Kelly).\n\nReports Page Six:\n\nWe hear Rose hosted a bash at Ora nightclub, and requested no songs by Kanye West or Wiz Khalifa be played. \u201cRose was specific in asking for no Kanye, and definitely no Wiz songs. She wanted the night to be about herself and she succeeded,\u201d a spy said. She was seen in town with rapper French Montana.\n\nWait, is French Montana on the body list now, too?! This guy.\n\nOkay, they\u2019re just friends. Carry on.\n\nUPDATE: Rose says the report is not true (see on the flip).\n\nhttps://www.instagram.com/p/BUDDc-MhHR7/\n\nhttps://www.instagram.com/p/BUDVYl5Bm_k/\n\n\u2014\n\nPhoto: WENN.com\n\n1 2Next page \u00bb", "images": ["https://hiphopwired.com/wp-content/uploads/sites/43/2018/01/151620727635021-e1516418440863.jpg?quality=85&strip=all&w=560&h=320&crop=1", "https://hiphopwired.com/wp-content/uploads/sites/43/2020/07/15936258640398.jpg?quality=85&strip=all&w=640", "http://px.c1exchange.com/pubpixel/1234841", "https://hiphopwired.com/wp-content/uploads/sites/43/2020/11/1606239691067-e1606239974479.jpg?quality=85&strip=all&w=280&h=160&crop=1&resize=280%2C160"], "top_img": "https://hiphopwired.com/wp-content/uploads/sites/43/2018/01/151620727635021-e1516418440863.jpg?quality=85&strip=all&w=560&h=320&crop=1", "keywords": [], "authors": ["Robert Longfellow"], "canonical_link": "https://hiphopwired.com/543661/amber-rose-asked-club-not-play-songs-exes/", "title": "Amber Rose Asked Club Not To Play Songs By Her Exes", "meta_data": {"viewport": "width=device-width, height=device-height, initial-scale=1", "description": "This story might be absolutely false, but it's deliciously petty. Reportedly, Amber Rose asked a Miami club not play the music of her exes\u2014those would be Kanye West and Wiz Khalifa (and Machine Gun Kelly).\u00a0 Reports Page Six: We hear Rose hosted a bash at Ora nightclub, and requested no songs by Kanye West or\u2026", "pocket-site-verification": "761a4f31e0cb9d63abe16cde7a0dc3", "generator": "WordPress 5.5.2", "wp-parsely_version": "1.13.0", "sailthru.date": "2017-05-16 08:59:12", "sailthru.title": "Amber Rose Asked Club Not To Play Songs By Her Exes", "sailthru.tags": ",Amber Rose,News", "sailthru.author": "Robert Longfellow", "sailthru.description": "This story might be absolutely false, but it\u2019s deliciously petty. Reportedly, Amber Rose asked a Miami club not play the music of her exes\u2014those would be Kanye West and Wiz Khalifa (and Machine Gun Kelly).\u00a0 Reports Page Six: We hear Rose hosted a bash at Ora nightclub, and requested no songs by Kanye West or [\u2026]", "sailthru.image.full": "https://hiphopwired.com/wp-content/uploads/sites/43/2018/01/151620727635021-e1516418440863.jpg?quality=85&strip=all", "sailthru.image.thumb": "https://hiphopwired.com/wp-content/uploads/sites/43/2018/01/151620727635021-e1516418440863.jpg?quality=85&strip=all&w=50", "fb": {"pages": 314414765533}, "msvalidate.01": "30473C9E51B1FA7645F80C5736971CF1", "og": {"type": "article", "title": "Amber Rose Asked Club Not To Play Songs By Her Exes", "url": "https://hiphopwired.com/543661/amber-rose-asked-club-not-play-songs-exes/", "description": "This story might be absolutely false, but it\u2019s deliciously petty. Reportedly, Amber Rose asked a Miami club not play the music of her exes\u2014those would be Kanye West and Wiz Khalifa (and Machi\u2026", "site_name": "The Latest Hip-Hop News, Music and Media | Hip-Hop Wired", "image": {"identifier": "https://hiphopwired.com/wp-content/uploads/sites/43/2018/01/151620727635021-e1516418440863.jpg?quality=85&strip=all&w=560&h=320&crop=1", "width": 1012, "height": 930, "alt": "3rd Annual Amber Rose SlutWalk"}, "locale": "en_US"}, "article": {"published_time": "2017-05-16T12:59:12+00:00", "modified_time": "2018-01-20T03:20:55+00:00"}, "twitter": {"text": {"title": "Amber Rose Asked Club Not To Play Songs By Her Exes"}, "image": {"identifier": "https://hiphopwired.com/wp-content/uploads/sites/43/2018/01/151620727635021-e1516418440863.jpg?quality=85&strip=all&w=560&h=320&crop=1", "alt": "3rd Annual Amber Rose SlutWalk"}, "card": "summary_large_image", "title": "Amber Rose Asked Club Not To Play Songs By Her Exes", "description": "This story might be absolutely false, but it\u2019s deliciously petty. Reportedly, Amber Rose asked a Miami club not play the music of her exes\u2014those would be Kanye West and Wiz Khalifa (and Ma..."}, "pubexchange": {"headline": "Amber Rose Asked Club Not To Play Songs By Her Exes", "description": "This story might be absolutely false, but it\u2019s deliciously petty. Reportedly, Amber Rose asked a Miami club not play the music of her exes\u2014those would be Kanye West and Wiz Khalifa (and Machine Gun Kelly).\u00a0 Reports Page Six: We hear Rose host...", "image": "https://hiphopwired.com/wp-content/uploads/sites/43/2018/01/151620727635021-e1516418440863.jpg?quality=85&strip=all&w=560&h=320&crop=1"}, "application-name": "The Latest Hip-Hop News, Music and Media | Hip-Hop Wired", "msapplication-TileColor": "#000000", "msapplication-TileImage": "https://hiphopwired.com/wp-content/uploads/sites/43/2017/12/hhw-favicon.png?w=144", "msapplication-square70x70logo": "https://hiphopwired.com/wp-content/uploads/sites/43/2017/12/hhw-favicon.png?w=70", "msapplication-square150x150logo": "https://hiphopwired.com/wp-content/uploads/sites/43/2017/12/hhw-favicon.png?w=150", "msapplication-wide310x150logo": "https://hiphopwired.com/wp-content/uploads/sites/43/2017/12/hhw-favicon.png?w=200", "msapplication-square310x310logo": "https://hiphopwired.com/wp-content/uploads/sites/43/2017/12/hhw-favicon.png?w=310", "google-site-verification": "2UfCePygHyrBJ1j0bbCopzLSpUOlS5NpsCT_9sjnxc4"}, "movies": [], "publish_date": 1494939552.0, "source": "http://hiphopwired.com", "summary": ""}