{"url": "www.usmagazine.com/celebrity-news/news/justin-theroux-found-post-its-from-brad-pitt-during-jen-aniston-marriage/", "text": "Fans have always longed for \u201990s golden couple Brad Pitt and Jennifer Aniston to get back together \u2014 something Justin Theroux became keenly aware of two years ago when he found love notes Aniston had saved from the heartthrob, a source recalls in the new issue of Us Weekly.\n\n\u201cHe stumbled upon old Post-it notes Brad had written,\u201d a source tells Us. \u201cSweet little Post-its like, \u2018You looked nice tonight\u2019 or \u2018Miss you already.\u2019\u201d\n\nThe source explains that impact of those little notes was huge. \u201cJen assured him they weren\u2019t a big deal, but Justin wasn\u2019t thrilled \u2026 Justin had moments of insecurity like that.\u201d\n\nAs previously reported, Aniston, 49, and Theroux, 46, announced their separation on Thursday, February 15, via a joint statement: \u201cIn an effort to reduce any further speculation, we have decided to announce our separation. This decision was mutual and lovingly made at the end of last year. We are two best friends who have decided to part ways as a couple, but look forward to continuing our cherished friendship.\u201d\n\nThe duo, who started dating in May 2011, tied the knot in August 2015. While it was Theroux\u2019s first marriage, Aniston was married to Pitt, 54, from 2000 to 2005. He infamously moved on from the Friends alum with his Mr. and Mrs. Smith costar, Angelina Jolie. Pitt and Jolie, who share Maddox, 16, Pax, 14, Zahara, 12, Shiloh, 11 and 9-year-old twins Knox and Vivienne, called it quits in September 2016 after two years of marriage and 12 years together.\n\n\u201cJen has struggled with the perception that she is this pathetic woman after the divorce from Brad,\u201d the insider tells Us. \u201cIt played a role in her wanting to marry Justin.\u201d\n\nFor more on Aniston and Theroux\u2019s split, pick up the new issue of Us Weekly, on stands now!", "images": ["https://www.usmagazine.com/wp-content/themes/us-weekly/assets/img/svg-icons/logo-tag-registered-green.svg", "https://www.usmagazine.com/wp-content/themes/us-weekly/assets/img/placeholders/default-usweekly.svg", "https://www.usmagazine.com/wp-content/themes/us-weekly/assets/img/svg-icons/logo-tag-registered.svg", "https://www.usmagazine.com/wp-content/themes/us-weekly/assets/img/svg-icons/icon-download.svg", "https://www.usmagazine.com/wp-content/themes/us-weekly/assets/img/bg-subscribe.png", "https://i0.wp.com/www.usmagazine.com/wp-content/uploads/2018/02/justin-theroux-brad-pitt-jennifer-aniston.jpg?crop=0px%2C0px%2C2000px%2C1051px&resize=1200%2C630&ssl=1&quality=86&strip=all"], "top_img": "https://i0.wp.com/www.usmagazine.com/wp-content/uploads/2018/02/justin-theroux-brad-pitt-jennifer-aniston.jpg?crop=0px%2C0px%2C2000px%2C1051px&resize=1200%2C630&ssl=1&quality=86&strip=all", "keywords": [], "authors": ["Us Weekly Staff"], "canonical_link": "https://www.usmagazine.com/celebrity-news/news/justin-theroux-found-post-its-from-brad-pitt-during-jen-aniston-marriage/", "title": "Justin Theroux Found Post-Its From Brad Pitt During Jen Aniston Marriage", "meta_data": {"viewport": "width=device-width, initial-scale=1", "ir-site-verification-token": "-206090124", "fo-verify": "49e6fc6a-c68d-447f-9978-70e3eac455ac", "theme-color": "#fff", "description": "Justin Theroux discovered old post-it notes from Brad Pitt during his marriage to Jennifer Aniston, a source tells Us Weekly \u2014 exclusive details", "robots": "index, follow, max-snippet:-1, max-image-preview:large, max-video-preview:-1", "og": {"locale": "en_US", "type": "article", "title": "Justin Theroux Found Post-Its From Brad Pitt During Jen Aniston Marriage", "description": "Justin Theroux discovered old post-it notes from Brad Pitt during his marriage to Jennifer Aniston, a source tells Us Weekly \u2014 exclusive details", "url": "https://www.usmagazine.com/celebrity-news/news/justin-theroux-found-post-its-from-brad-pitt-during-jen-aniston-marriage/", "site_name": "Us Weekly", "updated_time": "2018-06-05T20:40:26+00:00", "image": {"identifier": "https://i0.wp.com/www.usmagazine.com/wp-content/uploads/2018/02/justin-theroux-brad-pitt-jennifer-aniston.jpg?crop=0px%2C0px%2C2000px%2C1051px&resize=1200%2C630&ssl=1&quality=86&strip=all", "secure_url": "https://i0.wp.com/www.usmagazine.com/wp-content/uploads/2018/02/justin-theroux-brad-pitt-jennifer-aniston.jpg?crop=0px%2C0px%2C2000px%2C1051px&resize=1200%2C630&ssl=1&quality=86&strip=all", "width": 1200, "height": 630}}, "article": {"publisher": "https://www.facebook.com/UsWeekly", "published_time": "2018-02-21T13:00:40+00:00", "modified_time": "2018-06-05T20:40:26+00:00"}, "fb": {"app_id": 1785612128341436}, "twitter": {"card": "summary_large_image", "title": "Justin Theroux Found Post-Its From Brad Pitt During Jen Aniston Marriage", "description": "Justin Theroux discovered old post-it notes from Brad Pitt during his marriage to Jennifer Aniston, a source tells Us Weekly \u2014 exclusive details", "image": "https://i0.wp.com/www.usmagazine.com/wp-content/uploads/2018/02/justin-theroux-brad-pitt-jennifer-aniston.jpg?crop=0px%2C0px%2C2000px%2C1051px&resize=1200%2C630&ssl=1&quality=86&strip=all", "creator": "@sarahhearon", "site": "@usweekly"}, "tragedy": "off", "generator": "WordPress 5.5.2", "msapplication-TileImage": "https://www.usmagazine.com/wp-content/uploads/2020/05/cropped-us-logo.png?w=270&quality=86&strip=all"}, "movies": [], "publish_date": 1519218040.0, "source": "http://www.usmagazine.com", "summary": ""}