{"url": "https://web.archive.org/web/20160703145608/http://thomas.loc.gov/cgi-bin/bdquery/z?d104:s.01591:", "text": "Bill Summary & Status\n\n104th Congress (1995 - 1996)\n\nS.1591\n\n{link: 'http://hdl.loc.gov/loc.uscongress/legislation.104s1591',title: 'THOMAS - Bill Summary and Status - S.1591' }\n\nA bill to prohibit campaign expenditures for services of lobbyists, and for other purposes. Sen McCain, John [AZ] (introduced 3/6/1996) Cosponsors (None)3/6/1996 Referred to Senate committee. Status: Read twice and referred to the Committee on Rules.", "images": ["https://web.archive.org/web/20160703145608im_/http://www.loc.gov/include/images/youtube.gif", "https://web.archive.org/web/20160703145608im_/http://www.loc.gov/include/images/twitter.gif", "https://web.archive.org/web/20160703145608im_/http://www.loc.gov/include/images/speech.gif", "https://web.archive.org/web/20160703145608im_/http://www.loc.gov/include/images/facebook.gif", "https://web.archive.org/web/20160703145608im_/http://www.loc.gov/include/images/flickr.gif"], "top_img": "", "keywords": [], "authors": ["Sen Mccain"], "canonical_link": "https://web.archive.org/web/20160703145608/http://hdl.loc.gov/loc.uscongress/legislation.104s1591", "title": "THOMAS (Library of Congress)", "meta_data": {"dc.title": "S.1591 - A bill to prohibit campaign expenditures for services of lobbyists, and for other purposes.", "dc.creator": "Sen McCain, John", "dc.date": "1996-03-06", "dc.identifier": "http://hdl.loc.gov/loc.uscongress/legislation.104s1591", "dc.type": "Legislation", "dc.description": "Amends the Federal Election Campaign Act of 1971 to prohibit a candidate and the candidate's authorized committee from making disbursement for any services rendered by any individual who was required to register as a lobbyist under the Lobbyist Disclosure Act of 1995.  Requires the identification of any lobbyist who provided services, regardless of whether disbursements were made for such services. Amends the Lobbying Disclosure Act of 1995 to set forth an additional reporting requirement for registered lobbyists.", "dc.subject": "Presidential elections"}, "movies": [], "publish_date": null, "source": "https://web.archive.org", "summary": ""}