{"url": "ew.com/news/2017/01/10/barack-obama-farewell-address-celebrities-react/", "text": "Kerry Washington, Ellen DeGeneres, Magic Johnson, Jordan Peele and more say farewell to the 44th President of the United States as he addressed the country from his hometown of Chicago in his final speech as Commander-in-Chief.\n\nBarack Obama tried to teach the nation how to say goodbye on Tuesday night with his farewell address.\n\nThe 44th President of the United States addressed the country from his hometown of Chicago in his final speech as Commander-in-Chief. The speech clocked in around an hour and held a captive audience of those in attendance and watching from home. One celebrity in the former category was Shonda Rhimes.\n\n\u201cHere to show our love for our Potus. #obamafarewell,\u201d the fellow Chicagoan wrote on Instagram.\n\n\u201c.@POTUS @BarackObama I love you more than I have space on Twitter to describe. #ObamaFarewell,\u201d Ellen DeGeneres wrote.\n\n\u201cWe have a lot of work to do to earn you, @POTUS\u201d Jordan Peele tweeted.\n\n\u201cDon\u2019t agree w/ Obama on all things (he pumped brakes on some issues for optics) don\u2019t think he\u2019s perfect, but thank you, man. #ObamaFarewell,\u201d Westworld star Jeffrey Wright added.", "images": ["https://imagesvc.meredithcorp.io/v3/mm/image?url=https%3A%2F%2Fstatic.onecms.io%2Fwp-content%2Fuploads%2Fsites%2F6%2F2020%2F10%2F07%2FFamily-Halloween-Movies.jpg", "https://imagesvc.meredithcorp.io/v3/mm/image?q=85&c=sc&poi=face&w=2000&h=1047&url=https%3A%2F%2Fstatic.onecms.io%2Fwp-content%2Fuploads%2Fsites%2F6%2F2017%2F01%2Fbarack-obama1-2000.jpg", "https://imagesvc.meredithcorp.io/v3/mm/image?url=https%3A%2F%2Fstatic.onecms.io%2Fwp-content%2Fuploads%2Fsites%2F6%2F2020%2F10%2F20%2FGettyImages-1027748034.jpg", "data:image/svg+xml,%3Csvg%20xmlns='http://www.w3.org/2000/svg'%20viewBox='0%200%20100%20100'%3E%3C/svg%3E", "https://imagesvc.meredithcorp.io/v3/mm/image?url=https%3A%2F%2Fstatic.onecms.io%2Fwp-content%2Fuploads%2Fsites%2F6%2F2020%2F10%2F12%2Fmockumentaries.jpg"], "top_img": "https://imagesvc.meredithcorp.io/v3/mm/image?q=85&c=sc&poi=face&w=2000&h=1047&url=https%3A%2F%2Fstatic.onecms.io%2Fwp-content%2Fuploads%2Fsites%2F6%2F2017%2F01%2Fbarack-obama1-2000.jpg", "keywords": [], "authors": ["Will Robinson"], "canonical_link": "https://ew.com/news/2017/01/10/barack-obama-farewell-address-celebrities-react/", "title": "Celebrities say goodbye to Barack Obama after farewell address", "meta_data": {"viewport": "width=device-width, initial-scale=1", "keywords": "Barack Obama,Ellen DeGeneres,Jordan Peele,Kerry Washington,Magic Johnson,Shonda Rhimes", "news_keywords": "Barack Obama,Ellen DeGeneres,Jordan Peele,Kerry Washington,Magic Johnson,Shonda Rhimes", "description": "Celebrities including Kerry Washington, Ellen DeGeneres, Jordan Peele, and Shonda Rhimes react to President Barack Obama's farewell address from Chicago, Illinois.", "og": {"title": "Celebrities Say Goodbye to Barack Obama After Farewell Address", "type": "article", "site_name": "EW.com", "url": "https://ew.com/news/2017/01/10/barack-obama-farewell-address-celebrities-react/", "description": "Celebrities including Kerry Washington, Ellen DeGeneres, Jordan Peele, and Shonda Rhimes react to President Barack Obama's farewell address from Chicago, Illinois.", "image": {"identifier": "https://imagesvc.meredithcorp.io/v3/mm/image?q=85&c=sc&poi=face&w=2000&h=1047&url=https%3A%2F%2Fstatic.onecms.io%2Fwp-content%2Fuploads%2Fsites%2F6%2F2017%2F01%2Fbarack-obama1-2000.jpg", "width": 2000, "height": 1047}}, "pinterest": {"url": "https://ew.com/news/2017/01/10/barack-obama-farewell-address-celebrities-react/", "description": "Celebrities including Kerry Washington, Ellen DeGeneres, Jordan Peele, and Shonda Rhimes react to President Barack Obama's farewell address from Chicago, Illinois.", "media": "https://imagesvc.meredithcorp.io/v3/mm/image?url=https%3A%2F%2Fstatic.onecms.io%2Fwp-content%2Fuploads%2Fsites%2F6%2F2017%2F01%2Fbarack-obama1-2000.jpg"}, "twitter": {"card": "summary_large_image", "url": "https://ew.com/news/2017/01/10/barack-obama-farewell-address-celebrities-react/", "title": "Celebrities Say Goodbye to Barack Obama After Farewell Address", "description": "Celebrities including Kerry Washington, Ellen DeGeneres, Jordan Peele, and Shonda Rhimes react to President Barack Obama's farewell address from Chicago, Illinois.", "site": "@ew", "image": "https://imagesvc.meredithcorp.io/v3/mm/image?q=85&c=sc&poi=face&w=2000&h=1047&url=https%3A%2F%2Fstatic.onecms.io%2Fwp-content%2Fuploads%2Fsites%2F6%2F2017%2F01%2Fbarack-obama1-2000.jpg"}, "robots": "max-image-preview:large", "fb": {"app_id": 2485718348341688, "pages": 52150999700}, "article": {"opinion": "false"}}, "movies": ["https://www.youtube.com/embed/-ttWOx4hg48"], "publish_date": 1484002800.0, "source": "http://ew.com", "summary": ""}