{"url": "https://people.com/tv/maksim-chmerkovskiy-peta-murgatroyd-okay-after-intruder-attempted-break-in-home/", "text": "Maksim Chmerkovskiy says he and his family are all doing well after an intruder tried to break into their Los Angeles home on Tuesday\n\nMaksim Chmerkovskiy, Peta Murgatroyd & Baby Are 'All Okay' After Intruder Tried to Break into Their L.A. Home\n\nMaksim Chmerkovskiy, Peta Murgatroyd and their baby boy, Shai Aleksander, are \u201call okay\u201d after an intruder attempted to break into their Los Angeles home.\n\n\n\nPEOPLE confirmed that Los Angeles police responded to a \u201ccivil dispute\u201d on Tuesday morning at the home of the Dancing with the Stars pros after a man tried to break into the property.\n\nGet push notifications with news, features and more.\n\n\u201cEarly this morning, there was a trespasser who attempted to break into our home,\u201d Chmerkovskiy, 37, tells PEOPLE. \u201cThe LAPD responded and my family and I are all okay.\u201d\n\nA source tells PEOPLE that a man claiming to own the couple\u2019s rental property tried to get into the residence Monday night. The insider adds that police arrived to peacefully sort out the situation.\n\nImage zoom Credit: Stefania Orru/All Things Fam & Glam\n\nThe couple\u2019s 3-month-old son, Shai, was in the home at the time.\n\nAn LAPD spokesman described the incident as a \u201ccivil dispute,\u201d telling PEOPLE that officers responded to the 1500 block of Sunset Plaza Drive between 1:30 and 2 a.m. but made no arrests because \u201cthere was no crime.\u201d\n\nA police spokeswoman tells PEOPLE that officers suggested that all parties involved should handle the situation in \u201ccivil court.\u201d\n\nAnother official says that the incident was likely a \u201cbusiness dispute,\u201d noting that there was no report taken because no crime was committed.\n\nChmerkovskiy\u2019s DWTS partner, Heather Morris, initially broke the news during a Tuesday appearance on Good Morning America following her Monday night elimination, revealing that Chmerkovskiy could not do the interview with her because of the alleged incident.\n\n\u201cThey had some sort of run-in with some man near their house trying to break in, but the police were there,\u201d Morris, 30, said. \u201cThey took care of it. So they\u2019re safe and Peta\u2019s okay. That\u2019s the most important thing.\u201d\n\nThe incident comes just months after the lovebirds welcomed their first child.\n\nIn the month\u2019s leading up to little Shai\u2019s Jan. 4 birth, the couple went all out designing the baby\u2019s nursery \u2014 which is positioned just off the master bedroom in the couple\u2019s New Jersey home.\n\n\u2018DWTS\u201d Peta Murgatroyd Reveals She Wanted To Put Wedding To Maksim Chmerkovskiy \u2018On Hold\u2019\n\n\u201cWe wanted him to be comfortable and settled in his little corner of the world,\u201d Murgatroyd told PEOPLE then.\n\nChmerkovskiy and Murgatroyd initially worked hard to keep the little boy from prying eyes, with Chmerkovskiy even warning paparazzi in an Instagram post earlier this year.\n\n\u201cWe just wanted to keep him for ourselves,\u201d Murgatroyd said then. \u201cIt\u2019s not about me anymore. It\u2019s all about Shai. It\u2019s amazing. I\u2019m okay with it.\u201d", "images": ["https://imagesvc.meredithcorp.io/v3/mm/image?url=https%3A%2F%2Fstatic.onecms.io%2Fwp-content%2Fuploads%2Fsites%2F20%2F2020%2F11%2F12%2Fthanksgiving-covid-150x150.jpg", "https://imagesvc.meredithcorp.io/v3/mm/image?url=https%3A%2F%2Fstatic.onecms.io%2Fwp-content%2Fuploads%2Fsites%2F20%2F2016%2F05%2F06%2Fprincess-diana-21.jpg", "https://imagesvc.meredithcorp.io/v3/mm/image?url=https%3A%2F%2Fstatic.onecms.io%2Fwp-content%2Fuploads%2Fsites%2F20%2F2020%2F07%2F23%2Ftout.jpg", "https://imagesvc.meredithcorp.io/v3/mm/image?q=85&c=sc&poi=face&w=2000&h=1047&url=https%3A%2F%2Fstatic.onecms.io%2Fwp-content%2Fuploads%2Fsites%2F20%2F2017%2F11%2Fpeta-murgatroyd.jpg", "https://imagesvc.meredithcorp.io/v3/mm/image?url=https%3A%2F%2Fstatic.onecms.io%2Fwp-content%2Fuploads%2Fsites%2F20%2F2018%2F02%2Fpeta-murgatroyd-1.jpg", "https://peopledotcom.files.wordpress.com/2018/09/thumbnail_generic.png", "data:image/svg+xml,%3Csvg%20xmlns='http://www.w3.org/2000/svg'%20viewBox='0%200%20100%20100'%3E%3C/svg%3E", "data:image/svg+xml,%3Csvg%20xmlns='http://www.w3.org/2000/svg'%20viewBox='0%200%20100%2067'%3E%3C/svg%3E", "https://imagesvc.meredithcorp.io/v3/mm/image?url=https%3A%2F%2Fstatic.onecms.io%2Fwp-content%2Fuploads%2Fsites%2F20%2F2020%2F08%2F04%2Fcoyote-ugly-2000.jpg", "https://imagesvc.meredithcorp.io/v3/mm/image?url=https%3A%2F%2Fstatic.onecms.io%2Fwp-content%2Fuploads%2Fsites%2F20%2F2020%2F07%2F19%2Ftiaras-2.jpg", "https://imagesvc.meredithcorp.io/v3/mm/image?url=https%3A%2F%2Fstatic.onecms.io%2Fwp-content%2Fuploads%2Fsites%2F20%2F2020%2F11%2F12%2Fcat-phone.jpg"], "top_img": "https://imagesvc.meredithcorp.io/v3/mm/image?q=85&c=sc&poi=face&w=2000&h=1047&url=https%3A%2F%2Fstatic.onecms.io%2Fwp-content%2Fuploads%2Fsites%2F20%2F2017%2F11%2Fpeta-murgatroyd.jpg", "keywords": [], "authors": ["Patrick Gomez", "Char Adams"], "canonical_link": "https://people.com/tv/maksim-chmerkovskiy-peta-murgatroyd-okay-after-intruder-attempted-break-in-home/", "title": "Maksim Chmerkovskiy, Peta Murgatroyd 'All Okay' After Intruder Tried to Break into Home", "meta_data": {"viewport": "width=device-width, initial-scale=1", "keywords": "Couples,Maksim Chmerkovskiy,News,Peta Murgatroyd,TV,TV Watch", "news_keywords": "Couples,Maksim Chmerkovskiy,News,Peta Murgatroyd,TV,TV Watch", "description": "Maksim Chmerkovskiy says he and his family are all doing well after an intruder tried to break into their Los Angeles home on Tuesday", "og": {"title": "Maksim Chmerkovskiy, Peta Murgatroyd 'All Okay' After Intruder Tried to Break into Home", "type": "article", "site_name": "PEOPLE.com", "url": "https://people.com/tv/maksim-chmerkovskiy-peta-murgatroyd-okay-after-intruder-attempted-break-in-home/", "description": "Maksim Chmerkovskiy says he and his family are all doing well after an intruder tried to break into their Los Angeles home on Tuesday", "image": {"identifier": "https://imagesvc.meredithcorp.io/v3/mm/image?q=85&c=sc&poi=face&w=2000&h=1047&url=https%3A%2F%2Fstatic.onecms.io%2Fwp-content%2Fuploads%2Fsites%2F20%2F2017%2F11%2Fpeta-murgatroyd.jpg", "width": 2000, "height": 1047}}, "pinterest": {"url": "https://people.com/tv/maksim-chmerkovskiy-peta-murgatroyd-okay-after-intruder-attempted-break-in-home/", "description": "Maksim Chmerkovskiy says he and his family are all doing well after an intruder tried to break into their Los Angeles home on Tuesday", "media": "https://imagesvc.meredithcorp.io/v3/mm/image?url=https%3A%2F%2Fstatic.onecms.io%2Fwp-content%2Fuploads%2Fsites%2F20%2F2017%2F11%2Fpeta-murgatroyd.jpg"}, "twitter": {"card": "summary_large_image", "url": "https://people.com/tv/maksim-chmerkovskiy-peta-murgatroyd-okay-after-intruder-attempted-break-in-home/", "title": "Maksim Chmerkovskiy, Peta Murgatroyd 'All Okay' After Intruder Tried to Break into Home", "description": "Maksim Chmerkovskiy says he and his family are all doing well after an intruder tried to break into their Los Angeles home on Tuesday", "site": "@people", "image": "https://imagesvc.meredithcorp.io/v3/mm/image?q=85&c=sc&poi=face&w=2000&h=1047&url=https%3A%2F%2Fstatic.onecms.io%2Fwp-content%2Fuploads%2Fsites%2F20%2F2017%2F11%2Fpeta-murgatroyd.jpg"}, "robots": "max-image-preview:large", "fb": {"app_id": 610948219662029, "pages": 95926963131}, "article": {"opinion": "false"}, "p": {"domain_verify": "755183be01bfc739a9cac6673f1f2c1b"}}, "movies": [], "publish_date": null, "source": "https://people.com", "summary": ""}