{"url": "www.imdb.com/name/nm9001021/news", "text": "Pop star Britney Spears' boyfriend, trainer Sam Asghari , has opened up about her fitness regime.\"(Britney) is a natural born athlete, so the info she has about working out combined with what I know about fitness, is what you see when we collaborate on new moves that we do together,\" Sam told eonline.com.Also Read:? Sylvester Stallone shows off his salt and pepper look\"It looks great on camera, but the moves are much harder in person than they look.\"Sam revealed they love to workout together. \"We run, we do a lot of yoga, we really challenge ourselves to do different types of exercises,\" Sam said.\"A lot of the yoga moves that she does I just can't do. She is a natural born athlete and she pushes herself, combining dancing along with various workouts. You just can't plateau when you're in shape. You really need to challenge", "images": ["https://m.media-amazon.com/images/M/MV5BYjQzZWEyYWUtMTRkYS00YTc4LThhMDQtYWJjOWQ3ZmRhZTM4XkEyXkFqcGdeQXVyMjQwMDg0Ng@@._V1_UY1200_CR165,0,630,1200_AL_.jpg", "https://m.media-amazon.com/images/M/MV5BYWI1NmQxZjItYTY1Zi00MzE2LTg3NjAtYTI3N2E3Mjc5MTgyXkEyXkFqcGdeQXVyMTE0MzQwMjgz._V1_SY150_CR53,0,100,150_AL_.jpg", "https://sb.scorecardresearch.com/p?c1=2&c2=6034961&cj=1&cs_ucfr=", "https://m.media-amazon.com/images/M/MV5BYjQzZWEyYWUtMTRkYS00YTc4LThhMDQtYWJjOWQ3ZmRhZTM4XkEyXkFqcGdeQXVyMjQwMDg0Ng@@._V1_SY150_CR10,0,100,150_AL_.jpg", "http://fls-na.amazon.com/1/batch/1/OP/A1EVAM02EL8SFB:143-3510746-4017911:2NAW4ZWRXW5TJJSST474$uedata=s:%2Frd%2Fuedata%3Fnoscript%26id%3D2NAW4ZWRXW5TJJSST474:0", "https://m.media-amazon.com/images/M/MV5BMzc3ZGYzNzktNTk5ZS00ZTA5LTg2OTAtZDFjZDViNGEwNTRlXkEyXkFqcGdeQXVyODY0NzcxNw@@._V1_SY150_CR83,0,100,150_AL_.jpg", "http://fls-na.amazon.com/1/batch/1/OP/A1EVAM02EL8SFB:143-3510746-4017911:2NAW4ZWRXW5TJJSST474$uedata=s:%2Frd%2Fuedata%3Fstaticb%26id%3D2NAW4ZWRXW5TJJSST474:0", "https://m.media-amazon.com/images/M/MV5BMTJiMDg4MmYtOGVmZC00ZDgzLTkwZTgtZjk3NmZlYzIzOGY4XkEyXkFqcGdeQXVyMTE0MzQwMjgz._V1_SY150_CR70,0,100,150_AL_.jpg", "https://m.media-amazon.com/images/M/MV5BMTQyMTUyNjI4OF5BMl5BanBnXkFtZTcwMTk4NjkzNw@@._V1_SY150_CR0,0,100,150_AL_.jpg", "https://m.media-amazon.com/images/M/MV5BYjQzZWEyYWUtMTRkYS00YTc4LThhMDQtYWJjOWQ3ZmRhZTM4XkEyXkFqcGdeQXVyMjQwMDg0Ng@@._V1_UY98_CR5,0,67,98_AL_.jpg", "https://m.media-amazon.com/images/G/01/imdb/images/nopicture/medium/name-2135195744._CB466677935_.png"], "top_img": "https://m.media-amazon.com/images/M/MV5BYjQzZWEyYWUtMTRkYS00YTc4LThhMDQtYWJjOWQ3ZmRhZTM4XkEyXkFqcGdeQXVyMjQwMDg0Ng@@._V1_UY1200_CR165,0,630,1200_AL_.jpg", "keywords": [], "authors": ["Yati Sanghvi", "Omkar Padte", "Glamsham Editorial", "Amanda N'Duka", "Monica Sisavat", "Shakiel Mahjouri"], "canonical_link": "https://www.imdb.com/name/nm9001021/news", "title": "Sam Asghari", "meta_data": {"apple-itunes-app": "app-id=342792525, app-argument=imdb:///name/nm9001021?src=mdot", "og": {"url": "http://www.imdb.com/name/nm9001021/news", "image": "https://m.media-amazon.com/images/M/MV5BYjQzZWEyYWUtMTRkYS00YTc4LThhMDQtYWJjOWQ3ZmRhZTM4XkEyXkFqcGdeQXVyMjQwMDg0Ng@@._V1_UY1200_CR165,0,630,1200_AL_.jpg", "type": "actor", "title": "Sam Asghari - News - IMDb", "site_name": "IMDb", "description": "Sam Asghari on IMDb: Movies, Tv, Celebrities, and more..."}, "theme-color": "#000000", "pageId": "nm9001021", "pageType": "name", "subpageType": "news", "fb": {"app_id": 115109575169727}, "title": "Sam Asghari - News - IMDb", "description": "Sam Asghari on IMDb: Movies, Tv, Celebrities, and more...", "keywords": "News, Photos, Biography, Awards", "request_id": "2NAW4ZWRXW5TJJSST474"}, "movies": [], "publish_date": null, "source": "http://www.imdb.com", "summary": ""}