{"url": "https://www.tmz.com/2017/04/06/shia-labeouf-bowling-alley-confrontation-racist-drunk/", "text": "Play video content EXCLUSIVE TMZ.com\n\nShia LaBeouf got kicked out of an L.A. bowling alley Wednesday night after freaking out on a bartender, calling him a \"f***ing racist.\"\n\nShia was at Pinz in Studio City and according to one eyewitness, he was there for 3 hours pounding back beers.\n\nWe're told Shia got rowdy in Jerry's Deli, which is connected to Pinz, and got into a verbal altercation when the staff told him to leave. We've obtained additional video that shows Shia was going off about a bartender refusing to serve him french fries. French fries.\n\nPlay video content 4/5/17 TMZ.com\n\nThe person he's calling a \"racist\" was the bartender. It's unclear why he thinks the guy was racist.", "images": ["https://imagez.tmz.com/image/24/4by3/2020/11/26/245741fc16ad465186603dc61f3fe46e_md.jpg", "https://imagez.tmz.com/image/01/4by3/2020/11/26/01b694b08bff43ddb4e8fa59265c9918_md.jpg", "https://imagez.tmz.com/image/76/16by9/2017/04/06/76b49d945a6e5aa48b60ee007eae277d_md.jpg", "https://imagez.tmz.com/image/c3/4by3/2020/11/23/c39ce43d145e4daba62ca3150f3ad929_md.jpg", "https://imagez.tmz.com/image/71/16by9/2017/03/31/711c320c2a485d8c84bc8607bb3b6c61_xs.jpg", "https://imagez.tmz.com/image/9f/4by3/2020/11/26/9f77d0a2c05e4507829554efdbae3db6_md.jpg", "https://imagez.tmz.com/image/f5/4by3/2020/11/25/f5d52ced596744a3bd13c16379c06ae2_md.jpg", "https://imagez.tmz.com/image/37/4by3/2020/11/25/37bc65f99711441198dfbeb1fe668a7d_md.jpg", "https://imagez.tmz.com/image/f3/16by9/2020/11/24/f3f2834647074988939e3a3c85ecb0db_xs.jpg", "https://imagez.tmz.com/image/02/4by3/2020/11/26/0261f8d691724f9299f6781da4ade2a5_md.jpg", "https://imagez.tmz.com/image/24/16by9/2020/11/26/245741fc16ad465186603dc61f3fe46e_xs.jpg", "https://imagez.tmz.com/image/da/4by3/2020/11/26/da79b2d0b1964152b74e0ea1989afa4e_md.jpg", "https://imagez.tmz.com/image/17/4by3/2020/11/24/17e888ba5e6840dca67d2d4132e46731_md.jpg", "https://imagez.tmz.com/image/d1/4by3/2020/11/25/d1974bf0b09f48c8ac02072f5d90397b_md.jpg", "https://imagez.tmz.com/image/83/4by3/2020/11/23/834304947832440cb68ee70b21a64e2d_md.jpg", "https://imagez.tmz.com/image/2b/4by3/2020/11/26/2b54fc0c5a344520858afe580c5eca91_md.jpg", "https://imagez.tmz.com/image/2b/4by3/2020/11/26/2b1ef14cb9cb447588ae99297b385080_md.jpg", "https://imagez.tmz.com/image/2b/4by3/2020/11/26/2b1ef14cb9cb447588ae99297b385080_xxs.jpg", "https://imagez.tmz.com/image/b4/4by3/2020/11/26/b44777ed25c04e2ca9401f818d3cd770_md.jpg", "https://static.tmz.com/tmz-web/img/thirtymilezone.png", "https://imagez.tmz.com/image/2a/16by9/2017/04/06/2ac9f40e475b590c9ec152fb9e3d829e_xl.jpg", "https://imagez.tmz.com/image/95/4by3/2020/11/26/95508eec1bec4d9d8bd955a3f90eedcf_md.jpg", "https://imagez.tmz.com/image/77/16by9/2017/02/10/77712a99180259339b995d262b4c626c_xs.jpg", "https://imagez.tmz.com/image/d5/16by9/2020/11/24/d5068420e2294040bb2a132b10348033_xs.jpg", "https://imagez.tmz.com/image/2d/4by3/2020/11/26/2d7d85c619984a3cb1c83e772093e347_md.jpg", "https://imagez.tmz.com/image/04/4by3/2020/11/23/0463029c689f458d9e5941c872f0ba0b_md.jpg", "https://imagez.tmz.com/image/c1/16by9/2017/04/06/c10a92f52d2f58a596186f816f4b0ad3_md.jpg", "https://imagez.tmz.com/image/f4/4by3/2020/11/26/f4b5138e18f34ea4890cd67c5eeb4935_md.jpg", "https://imagez.tmz.com/image/97/4by3/2020/11/25/97d51a1184414545b59d9526eba11ba3_md.jpg", "https://imagez.tmz.com/image/d4/4by3/2020/11/26/d4af6a2dedb548bfbc991343247c9904_md.jpg", "https://imagez.tmz.com/image/c3/16by9/2020/11/23/c39ce43d145e4daba62ca3150f3ad929_xs.jpg", "https://imagez.tmz.com/image/01/16by9/2020/11/26/01b694b08bff43ddb4e8fa59265c9918_xs.jpg"], "top_img": "https://imagez.tmz.com/image/2a/16by9/2017/04/06/2ac9f40e475b590c9ec152fb9e3d829e_xl.jpg", "keywords": [], "authors": [], "canonical_link": "https://www.tmz.com/2017/04/06/shia-labeouf-bowling-alley-confrontation-racist-drunk/", "title": "Shia LaBeouf Explodes at Bowling Alley, 'You F***ing Racist!!!'", "meta_data": {"viewport": "width=device-width,initial-scale=1, maximum-scale=1.0, user-scalable=no", "referrer": "unsafe-url", "google-site-verification": "UUmtbUBf3djgPpCeLefe_PbFsOc6JGxfXmHzpjFLAEQ", "verify-v1": "Wtpd0N6FufoE2XqopQJoTjWV6Co/Mny9BTaswPJbPPA=", "msvalidate.01": "AFEB17971BCF30779AEA662782EF26F4", "y_key": "14cb04e4656b0c58", "p": {"domain_verify": "933e74ace98032aadbc3328616280038"}, "robots": "index,follow", "description": "Shia LaBeouf got kicked out of an L.A. bowling alley after freaking out on a bartender calling him \"racist.\"", "fb": {"app_id": 310610065699820}, "article": {"publisher": "https://www.facebook.com/tmz"}, "og": {"site_name": "TMZ", "type": "article", "url": "https://www.tmz.com/2017/04/06/shia-labeouf-bowling-alley-confrontation-racist-drunk/", "title": "Shia LaBeouf Explodes at Bowling Alley, 'You F***ing Racist!!!' (VIDEOS)", "description": "Shia LaBeouf got kicked out of an L.A. bowling alley after freaking out on a bartender calling him \"racist.\"", "image": "https://imagez.tmz.com/image/2a/16by9/2017/04/06/2ac9f40e475b590c9ec152fb9e3d829e_xl.jpg"}, "twitter": {"site": "@TMZ", "card": "summary_large_image", "title": "Shia LaBeouf Explodes at Bowling Alley, 'You F***ing Racist!!!' (VIDEOS)", "description": "Shia LaBeouf got kicked out of an L.A. bowling alley after freaking out on a bartender calling him \"racist.\"", "image": "https://imagez.tmz.com/image/2a/16by9/2017/04/06/2ac9f40e475b590c9ec152fb9e3d829e_xl.jpg"}, "application-name": "TMZ.COM", "mobile-web-app-capable": "yes", "theme-color": "#000000", "google-play-app": "app-id=com.rhythmnewmedia.tmz&referrer=utm_source%3Dsmartbanner%26utm_medium%3Dnative%26utm_campaign%3Dsmartbanner%26anid%3Dadmob", "apple-itunes-app": "app-id=299948601, affiliate-data=ct=Smart_Banner&pt=201436, app-argument=https://www.tmz.com/2017/04/06/shia-labeouf-bowling-alley-confrontation-racist-drunk/?tmz#article", "apple-mobile-web-app-capable": "yes", "apple-mobile-web-app-status-bar-style": "black", "apple-mobile-web-app-title": "TMZ.COM", "msapplication-TileImage": "https://static.tmz.com/tmz-web/icons/msapplication-tile-image-270x270-v1.png", "msapplication-TileColor": "#000000", "msapplication-starturl": "https://www.tmz.com/?adid=IE9pin", "msapplication-navbutton-color": "#000000", "msapplication-window": "width=1024;height=768", "msapplication-tooltip": "TMZ | Entertainment News", "msapplication-task": "name=Photos;action-uri=https://www.tmz.com/photos/;icon-uri=https://static.tmz.com/tmz-web/icons/favicon-32x32-v1.png"}, "movies": [], "publish_date": 1491429600.0, "source": "https://www.tmz.com", "summary": ""}