{"url": "thestir.cafemom.com/celebrities/213215/katie-holmes-jamie-foxx-date-post-breakup", "text": "", "images": ["http://thestir.cafemom.com/favicons/favicon.ico"], "top_img": "http://thestir.cafemom.com/favicons/favicon.ico", "keywords": [], "authors": [], "canonical_link": "", "title": "Parenting, Baby Names, Celebrities, and Royal News", "meta_data": {"viewport": "width=device-width,initial-scale=1", "theme-color": "#ffffff", "msapplication-TileColor": "#ffffff", "msapplication-TileImage": "/favicons/ms-icon-144x144.png", "p": {"domain_verify": "f6a689eb092d3883d9d65813491cd85f"}}, "movies": [], "publish_date": null, "source": "http://thestir.cafemom.com", "summary": ""}