{"url": "https://www.vanityfair.com/hollywood/2017/04/goldie-hawn-snatched-break-from-hollywood", "text": "It has taken 15 years, three presidential elections, and a comedy script from Amy Schumer, but Goldie Hawn\u2014the beloved blonde, Oscar-winning actress\u2014is finally returning to movie screens next month. But why did Hawn leave Hollywood in the first place? In a new interview with daughter Kate Hudson, Hawn finally reveals why she bowed out of the industry after making 2002\u2019s The Banger Sisters.\n\n\u201cI believe that life is about doing,\u201d Hawn explained to Hudson in a conversation for Interview magazine, after being asked the million-dollar question. \u201cIt\u2019s about changing. It\u2019s about transitioning. I can\u2019t imagine, as a human being, not being able to grow. When I turned 50, I asked some of my girlfriends, all actresses of the same age, \u2018What are we going to do now?\u2019\n\n\u201cI wanted to go live somewhere for a while, learn archaeology, or take part in healing the world on some level,\u201d Hawn continued. \u201cI wanted to dig deep and say, \u2018Who am I now? What do I have to offer? What do I have to learn?\u2019 I started learning about the brain, psychology. And after 9/11, I decided, \u2018I know what I\u2019m going to do.\u2019 \u201d\n\nBut Hawn wasn\u2019t going to act or produce\u2014she was going to create in an entirely different way.\n\n\u201cI ended up writing two books and creating MindUP,\u201d Hawn says, citing the international educational organization for children she founded. \u201cIt\u2019s now in Jordan, Serbia, the U.K., America, Canada, Hong Kong. I never looked back. I never wished to be acting again. I was so engaged.\u201d\n\n(In a previous interview with Yahoo, Hawn also suggested that she had no interest in waiting around for Hollywood offers either: \u201cEvery woman hits a certain age; every woman has to face it. That\u2019s the way it goes, and I really am not a sit-around-and-wait-for-the-phone-to-ring person.\u201d)\n\nIn 2016, Schumer confessed that it took her several years to convince Hawn to take a role in the mother-daughter comedy she had written.\n\n\u201cI met her on an airplane a couple of years ago and told her there\u2019s a movie I really want to make with her,\u201d Schumer told the Los Angeles Times. \u201cAnd she was very nice. \u2018O.K., honey.\u2019 She probably thought I was a psycho. . . . Then I\u2019d meet her at different things, saying, \u2018We\u2019re making this movie together,\u2019 and I think, eventually, some people got in her ear and told her I wasn\u2019t crazy, that I make things.\u201d\n\nIn her conversation with Hudson, Hawn also reflected on how the industry changed while she was still acting in film, and the one movie star who is not having any of this television business.\n\n\u201cThe business was changing while I was in it,\u201d Hawn reflected. \u201cConglomerates were coming in, starting to buy studios. Now it\u2019s all about being on the stock market, building amusement parks. Videotapes started back then, and I remember Jack Nicholson saying, \u2018I\u2019m never going to be on one of those small screens!\u2019 And I thought, Dude, I don\u2019t think we have a choice!\u201d", "images": ["https://media.vanityfair.com/photos/58debeda65fc5645669ff499/1:1/w_350%2Ch_350%2Cc_limit/goldie-hawn-road-trip-story.jpg", "https://media.vanityfair.com/photos/5db88b725720ea00089a61dd/1:1/w_90%2Cc_limit/undefined", "https://media.vanityfair.com/photos/59014b582efecd23d0f29d52/master/w_2560%2Cc_limit/goldie-hawn-quit-hollywood.jpg", "https://media.vanityfair.com/photos/58fa78d8a9dc4f28c2a0f93c/1:1/w_350%2Ch_350%2Cc_limit/Kurt-Russell-Goldie-Hawn-First-Date.jpg", "https://www.vanityfair.com/verso/static/hwd/assets/logo-reverse.6ef96ab8686439a35176e2ff8b2c4487e92fbaae.svg", "https://media.vanityfair.com/photos/542f496f74ed87dd423a36a1/master/w_1600%2Cc_limit/image.jpg", "https://media.vanityfair.com/photos/573088046d2ab6815ef60da0/1:1/w_350%2Ch_350%2Cc_limit/goldie-hawn.jpg", "https://www.vanityfair.com/verso/static/hwd/assets/logo-header.7b6624f3aa336c67441a33a3e19289ee14eaf5c7.svg", "https://media.vanityfair.com/photos/542f496f74ed87dd423a368f/master/w_1600%2Cc_limit/image.jpg", "https://media.vanityfair.com/photos/580b8ea8d848227363827dc7/1:1/w_350%2Ch_350%2Cc_limit/amy-schumer-goldie-hawn-formation1.png", "https://media.vanityfair.com/photos/59014b582efecd23d0f29d52/16:9/w_1280,c_limit/goldie-hawn-quit-hollywood.jpg", "https://media.vanityfair.com/photos/551ab7ed0acde13473db4c6b/master/w_1600%2Cc_limit/all-abroad-celebrity-yacht-prince-rainier-princess-grace-monaco.jpg"], "top_img": "https://media.vanityfair.com/photos/59014b582efecd23d0f29d52/16:9/w_1280,c_limit/goldie-hawn-quit-hollywood.jpg", "keywords": [], "authors": ["Julie Miller", "Julie Mille", "Hilary Weave", "Emma Stefansk", "Lauren Le Vin"], "canonical_link": "https://www.vanityfair.com/hollywood/2017/04/goldie-hawn-snatched-break-from-hollywood", "title": "Goldie Hawn Reveals Why She Took a 15-Year Break from Hollywood", "meta_data": {"msapplication-tap-highlight": "no", "viewport": "width=device-width, initial-scale=1", "author": "Julie Miller", "copyright": "Copyright (c) Cond\u00e9 Nast 2020", "description": "Hawn returns to the screen this May opposite Amy Schumer in Snatched.", "id": "5901437e66498c1bfe5eab21", "keywords": "celebrity news,goldie hawn,web", "news_keywords": "celebrity news,goldie hawn,web", "robots": "index, follow, max-image-preview:large", "content-type": "article", "parsely-post-id": "5901437e66498c1bfe5eab21", "parsely-metadata": "{\"description\":\"Hawn returns to the screen this May opposite Amy Schumer in Snatched.\",\"image-16-9\":\"https://media.vanityfair.com/photos/59014b582efecd23d0f29d52/16:9/w_1000,c_limit/goldie-hawn-quit-hollywood.jpg\",\"image-1-1\":\"https://media.vanityfair.com/photos/59014b582efecd23d0f29d52/1:1/w_1000,c_limit/goldie-hawn-quit-hollywood.jpg\"}", "og": {"description": "Hawn returns to the screen this May opposite Amy Schumer in Snatched.", "image": "https://media.vanityfair.com/photos/59014b582efecd23d0f29d52/16:9/w_1280,c_limit/goldie-hawn-quit-hollywood.jpg", "site_name": "Vanity Fair", "title": "Goldie Hawn Reveals Why She Took a 15-Year Break From Hollywood", "type": "article", "url": "https://www.vanityfair.com/hollywood/2017/04/goldie-hawn-snatched-break-from-hollywood"}, "article": {"content_tier": "metered", "opinion": "false"}, "twitter": {"card": "summary_large_image", "creator": "@VanityFair", "description": "Hawn returns to the screen this May opposite Amy Schumer in Snatched.", "domain": "https://www.vanityfair.com", "image": {"src": "https://media.vanityfair.com/photos/59014b582efecd23d0f29d52/16:9/w_1280,c_limit/goldie-hawn-quit-hollywood.jpg?mbid=social_retweet"}, "site": "@VanityFair", "title": "Goldie Hawn Reveals Why She Took a 15-Year Break From Hollywood"}, "fb": {"app_id": 305927716147259, "pages": 8810407571}, "monetization": "$spsp.coil.com/donate/condenast", "google-signin-client_id": "1065629119444-svrqo31taikd2j0ji4dgjs9q3vul4133.apps.googleusercontent.com"}, "movies": [], "publish_date": null, "source": "https://www.vanityfair.com", "summary": ""}