{"url": "time.com/money/5108647/jay-z-net-worth/", "text": "Erin Lowry\n\nErin Lowry helps millennials \u201cget their financial lives together\u201d by offering advice on how to make more money, get out of debt, and build savings, through her \u201cBroke Millennial\u201d blog.\n\nRead more", "images": ["https://866649.smushcdn.com/1927454/wp-content/uploads/2020/11/na-what-is-mortgage-loan-recasting-176x124.jpg?lossy=0&strip=1&webp=1", "https://866649.smushcdn.com/1927454/wp-content/uploads/2020/11/na-bola-sokunbi-176x124.jpg?lossy=0&strip=1&webp=1", "https://866649.smushcdn.com/1927454/wp-content/uploads/2020/11/na-BCP-SPR-176x124.jpg?lossy=0&strip=1&webp=1", "https://866649.smushcdn.com/1927454/wp-content/uploads/2020/11/na-what-is-a-home-equity-line-of-credit-176x124.jpg?lossy=0&strip=1&webp=1", "https://866649.smushcdn.com/1927454/wp-content/uploads/2020/11/na-personal-loan-pre-approval-176x124.jpg?lossy=0&strip=1&webp=1", "https://866649.smushcdn.com/1927454/wp-content/uploads/2020/11/na-home-equity-loan-line-credit-pros-cons-176x124.jpg?lossy=0&strip=1&webp=1", "https://time.com/nextadvisor/wp-content/uploads/2020/05/icon-loans-active.svg", "data:image/svg+xml,%3Csvg%20xmlns=%22http://www.w3.org/2000/svg%22%20viewBox=%220%200%2016%2016%22%3E%3C/svg%3E", "https://866649.smushcdn.com/1927454/wp-content/uploads/2020/11/httpslive-time-integration.pantheonsite.iowp-contentuploads202010na-mortgages-27-1-176x124.jpg?lossy=0&strip=1&webp=1", "https://866649.smushcdn.com/1927454/wp-content/uploads/2020/11/httpslive-time-integration.pantheonsite.iowp-contentuploads202010na-mortgages-6-2-176x124.jpg?lossy=0&strip=1&webp=1", "https://866649.smushcdn.com/1927454/wp-content/uploads/2020/11/na-harp-replacement-programs-176x124.jpg?lossy=0&strip=1&webp=1", "https://866649.smushcdn.com/1927454/wp-content/uploads/2020/11/na-pre-approval-vs-pre-qualification-176x124.jpg?lossy=0&strip=1&webp=1", "https://time.com/nextadvisor/wp-content/uploads/2020/06/trees.svg", "https://866649.smushcdn.com/1927454/wp-content/uploads/2020/11/Featured-image-wide5x-smaller-280x186.jpg?lossy=0&strip=1&webp=1", "https://866649.smushcdn.com/1927454/wp-content/uploads/2020/11/na-4-millenials-and-the-pandemic-485x338.jpg?lossy=0&strip=1&webp=1", "https://time.com/nextadvisor/wp-content/uploads/2020/06/NextAdvisor-1-1200x630.jpg", "https://866649.smushcdn.com/1927454/wp-content/uploads/2020/11/na-how-to-save-on-nintendo-switch-280x186.jpg?lossy=0&strip=1&webp=1", "https://time.com/nextadvisor/wp-content/uploads/2020/05/icon-creditcards-active.svg", "https://time.com/nextadvisor/wp-content/uploads/2020/05/icon-creditcards.svg", "https://866649.smushcdn.com/1927454/wp-content/themes/time-integration/assets/images/next-weekly-white.png?lossy=0&strip=1&webp=1", "https://time.com/nextadvisor/wp-content/uploads/2020/05/icon-calculators.svg", "https://time.com/nextadvisor/wp-content/themes/time-integration/assets/images/nextadvisor-logo.svg", "data:image/svg+xml,%3Csvg%20xmlns=%22http://www.w3.org/2000/svg%22%20viewBox=%220%200%20210%20140%22%3E%3C/svg%3E", "https://866649.smushcdn.com/1927454/wp-content/uploads/2020/08/Erin_LowryFC.png?lossy=0&strip=1&webp=1", "https://866649.smushcdn.com/1927454/wp-content/uploads/2020/11/na-0APR-credit-cards-176x124.jpg?lossy=0&strip=1&webp=1", "https://time.com/nextadvisor/wp-content/uploads/2020/06/woman_fence_illustration.svg", "https://866649.smushcdn.com/1927454/wp-content/plugins/wp-polls/images/loading.gif?lossy=0&strip=1&webp=1", "https://time.com/nextadvisor/wp-content/uploads/2020/05/icon-mortgages.svg", "https://time.com/nextadvisor/wp-content/uploads/2020/05/icon-calculators-active.svg", "https://time.com/nextadvisor/wp-content/uploads/2020/05/icon-loans.svg", "https://866649.smushcdn.com/1927454/wp-content/uploads/2020/11/na-delyann-profile-176x124.jpg?lossy=0&strip=1&webp=1", "https://time.com/nextadvisor/wp-content/uploads/2020/05/icon-mortgages-active.svg", "https://866649.smushcdn.com/1927454/wp-content/uploads/2020/11/na-citi-simplicity-card-176x124.jpg?lossy=0&strip=1&webp=1", "https://866649.smushcdn.com/1927454/wp-content/uploads/2020/11/na-election-money-moves-176x124.jpg?lossy=0&strip=1&webp=1", "https://time.com/nextadvisor/wp-content/themes/time-integration/assets/images/icon-calendar-light.svg", "https://866649.smushcdn.com/1927454/wp-content/uploads/2020/11/na-dont-wait-for-black-friday-to-shop-280x186.jpg?lossy=0&strip=1&webp=1", "https://time.com/nextadvisor/wp-content/uploads/2020/05/icon-savings.svg", "https://time.com/nextadvisor/wp-content/uploads/2020/05/icon-savings-active.svg", "https://866649.smushcdn.com/1927454/wp-content/uploads/2020/08/Jully-Alma_TaverasFC.png?lossy=0&strip=1&webp=1"], "top_img": "https://time.com/nextadvisor/wp-content/uploads/2020/06/NextAdvisor-1-1200x630.jpg", "keywords": [], "authors": ["Featured Contributor", "Erin Lowry", "Erin Lowry Helps Millennials", "Get Their Financial Lives Together", "Offering Advice On How To Make More Money", "Get Out Of Debt", "Build Savings", "Through Her", "Broke Millennial", "Jully-Alma Taveras"], "canonical_link": "https://time.com/nextadvisor/", "title": "NextAdvisor with TIME", "meta_data": {"viewport": "width=device-width, initial-scale=1", "tags": "N/A", "description": "NextAdvisor, in partnership with TIME, is a free resource to help you make smart money moves that make a big impact on your wealth.", "robots": "max-snippet:-1, max-image-preview:large, max-video-preview:-1", "og": {"locale": "en_US", "type": "website", "title": "NextAdvisor with TIME", "description": "NextAdvisor, in partnership with TIME, is a free resource to help you make smart moves that make a big impact on your wealth.", "url": "https://time.com/nextadvisor/", "site_name": "NextAdvisor with TIME", "image": {"identifier": "https://time.com/nextadvisor/wp-content/uploads/2020/06/NextAdvisor-1-1200x630.jpg", "secure_url": "https://time.com/nextadvisor/wp-content/uploads/2020/06/NextAdvisor-1-1200x630.jpg", "width": 1200, "height": 630}}, "twitter": {"card": "summary_large_image", "description": "NextAdvisor, in partnership with TIME, is a free resource to help you make smart money moves.", "title": "NextAdvisor with TIME", "site": "@NextAdvisor", "image": "https://time.com/nextadvisor/wp-content/uploads/2020/06/NextAdvisor.jpg", "creator": "@mmarzeotti"}, "generator": "WordPress 5.4.2", "msapplication-TileImage": "https://time.com/nextadvisor/wp-content/uploads/2020/06/NextArrow.svg"}, "movies": [], "publish_date": null, "source": "http://time.com", "summary": ""}