{"url": "https://web.archive.org/web/20081128150000/http://thomas.loc.gov/cgi-bin/query/z?c106:H.R.2122:", "text": "THIS SEARCH THIS DOCUMENT GO TO Next Hit Forward New Bills Search Prev Hit Back HomePage Hit List Best Sections Help Contents Display\n\nH.R.2122\n\nMandatory Gun Show Background Check Act (Introduced in House)\n\nSECTION 1. SHORT TITLE.\n\nSEC. 2. MANDATORY BACKGROUND CHECKS AT GUN SHOWS.\n\n`Sec. 931. Regulation of firearms transfers at gun shows\n\nSEC. 3. INSTANT CHECK GUN TAX AND GUN OWNER PRIVACY.\n\n`Sec. 540B. Ban against fee for background check in connection with firearm transfer\n\n`Sec. 932. Gun owner privacy and ownership rights", "images": [], "top_img": "", "keywords": [], "authors": [], "canonical_link": "", "title": "THOMAS (Library of Congress)", "meta_data": {}, "movies": [], "publish_date": null, "source": "https://web.archive.org", "summary": ""}