{"url": "http://youtube.com/watch?v=u0ffLMVc7mU", "text": "", "images": ["https://i.ytimg.com/vi/u0ffLMVc7mU/hqdefault.jpg"], "top_img": "https://i.ytimg.com/vi/u0ffLMVc7mU/hqdefault.jpg", "keywords": [], "authors": [], "canonical_link": "https://www.youtube.com/watch?v=u0ffLMVc7mU", "title": "Barack Obama Challenges John McCain To Duel Over Taxes", "meta_data": {"theme-color": "rgba(255, 255, 255, 0.98)", "title": "Barack Obama Challenges John McCain To Duel Over Taxes", "description": "Barack Obama Challenges John McCain To Duel Over Taxes...Wild Bill Obama isn't.", "keywords": "Barack, Obama, Challenges, John, McCain, To, Duel, Over, Taxes, Wild, Bill, Hickock, gotcha!, news, Springfield, MO, Missouri, town, hall", "og": {"site_name": "YouTube", "url": "https://www.youtube.com/watch?v=u0ffLMVc7mU", "title": "Barack Obama Challenges John McCain To Duel Over Taxes", "image": {"identifier": "https://i.ytimg.com/vi/u0ffLMVc7mU/hqdefault.jpg", "width": 480, "height": 360}, "description": "Barack Obama Challenges John McCain To Duel Over Taxes...Wild Bill Obama isn't.", "type": "video.other", "video": {"url": "https://www.youtube.com/embed/u0ffLMVc7mU", "secure_url": "https://www.youtube.com/embed/u0ffLMVc7mU", "type": "text/html", "width": 480, "height": 360, "tag": "hall"}}, "al": {"ios": {"app_store_id": 544007664, "app_name": "YouTube", "url": "vnd.youtube://www.youtube.com/watch?v=u0ffLMVc7mU&feature=applinks"}, "android": {"url": "vnd.youtube://www.youtube.com/watch?v=u0ffLMVc7mU&feature=applinks", "app_name": "YouTube", "package": "com.google.android.youtube"}, "web": {"url": "http://www.youtube.com/watch?v=u0ffLMVc7mU&feature=applinks"}}, "fb": {"app_id": 87741124305}, "twitter": {"card": "player", "site": "@youtube", "url": "https://www.youtube.com/watch?v=u0ffLMVc7mU", "title": "Barack Obama Challenges John McCain To Duel Over Taxes", "description": "Barack Obama Challenges John McCain To Duel Over Taxes...Wild Bill Obama isn't.", "image": "https://i.ytimg.com/vi/u0ffLMVc7mU/hqdefault.jpg", "app": {"name": {"iphone": "YouTube", "ipad": "YouTube", "googleplay": "YouTube"}, "id": {"iphone": 544007664, "ipad": 544007664, "googleplay": "com.google.android.youtube"}, "url": {"iphone": "vnd.youtube://www.youtube.com/watch?v=u0ffLMVc7mU&feature=applinks", "ipad": "vnd.youtube://www.youtube.com/watch?v=u0ffLMVc7mU&feature=applinks", "googleplay": "https://www.youtube.com/watch?v=u0ffLMVc7mU"}}, "player": {"identifier": "https://www.youtube.com/embed/u0ffLMVc7mU", "width": 480, "height": 360}}}, "movies": [], "publish_date": null, "source": "http://youtube.com", "summary": ""}