{"url": "https://www.reddit.com/r/movies/comments/6tg7o0/guillermo_in_guardians_of_the_galaxy_vol_2/", "text": "I recently watched Guardians of the Galaxy Vol. 2 and went back to look at some of their press stuff for fun. That's when I found a sketch GOG did on Jimmy Kimmel called Guillermo in Guardians of the Galaxy Vol. 2 which I thought was just a joke for hyping up the movie. But I actually went back to the movie and skipped through it for a couple of minutes, that's when I found a single frame that you can actually see Guillermo in. I know this is pretty stupid but I thought it was pretty funny he was actually in the movie.", "images": ["https://styles.redditmedia.com/t5_2qh3s/styles/communityIcon_z9nrzt09vy941.png?width=256&s=a62c9bd35ee87c9b6256bf0b5ab42de7931d0890", "https://www.redditstatic.com/desktop2x/img/renderTimingPixel.png", "https://external-preview.redd.it/ia6NPH45p7jbxmDC5aP-cDVLRWGZn1er43ujhpmL7Yo.jpg?auto=webp&s=867ec8abbd8a3d8b3a5946831bd4e124f68a0251"], "top_img": "https://external-preview.redd.it/ia6NPH45p7jbxmDC5aP-cDVLRWGZn1er43ujhpmL7Yo.jpg?auto=webp&s=867ec8abbd8a3d8b3a5946831bd4e124f68a0251", "keywords": [], "authors": [], "canonical_link": "https://www.reddit.com/r/movies/comments/6tg7o0/guillermo_in_guardians_of_the_galaxy_vol_2/", "title": "Guillermo in Guardians of the Galaxy Vol. 2 : movies", "meta_data": {"viewport": "width=device-width, initial-scale=1", "referrer": "origin-when-cross-origin", "description": "875 votes, 88 comments. I recently watched Guardians of the Galaxy Vol. 2 and went back to look at some of their press stuff for fun. That's when I \u2026", "og": {"ttl": 600, "site_name": "reddit", "title": "r/movies - Guillermo in Guardians of the Galaxy Vol. 2", "type": "website", "url": "https://www.reddit.com/r/movies/comments/6tg7o0/guillermo_in_guardians_of_the_galaxy_vol_2/", "description": "875 votes and 88 comments so far on Reddit", "image": {"identifier": "https://external-preview.redd.it/ia6NPH45p7jbxmDC5aP-cDVLRWGZn1er43ujhpmL7Yo.jpg?auto=webp&s=867ec8abbd8a3d8b3a5946831bd4e124f68a0251", "width": 1920, "height": 808}}, "twitter": {"site": "@reddit", "card": "summary", "title": "r/movies - Guillermo in Guardians of the Galaxy Vol. 2", "image": "https://external-preview.redd.it/ia6NPH45p7jbxmDC5aP-cDVLRWGZn1er43ujhpmL7Yo.jpg?auto=webp&s=867ec8abbd8a3d8b3a5946831bd4e124f68a0251"}, "msapplication-TileColor": "#ffffff", "msapplication-TileImage": "https://www.redditstatic.com/desktop2x/img/favicon/ms-icon-144x144.png", "theme-color": "#ffffff"}, "movies": [], "publish_date": null, "source": "https://www.reddit.com", "summary": ""}