{"url": "hollywoodlife.com/2017/08/26/is-taylor-swift-ending-katy-perry-feud-reputation-album-diss/", "text": "Is the bad blood between Taylor Swift and Katy Perry coming to an end? While fans expect Tay to throw some shade towards her rival with her new album, \u2018Reputation\u2019 will reportedly have no anti-Katy disses at all!\n\nIs this it? Could the longstanding war between Taylor Swift, 27, and Katy Perry, 32, finally be over? It seems that Taylor is ready to move on, as her upcoming album, Reputation, has absolutely no anti-Katy tracks, according to TMZ. Taylor\u2019s new record is \u201cdevoid of hate or trash talking directed at [Katy],\u201d a source tells the publication. Huh. It may be too soon to call Reputation a peace treaty, but if Taylor has refrained from dissing Katy, her sixth album could signal a cease-fire between these warring divas.\n\nWait, what about that Mean Girls reference on \u201cLook What You Made Me Do?\u201d Taylor\u2019s brand new single seems to take a subtle dig at Katy, as Ms. Swift sings \u201cI\u2019ve got a list of names/ and yours is in red underlined.\u201d Some fans have compared that line to the movie where Regina George\u2019s picture is in the burn book, with her name underlined in red ink. Katy, back in 2014, warned fans to \u201cwatch out for the Regina George in sheep\u2019s clothing.\u201d Plus, another Internet Nancy Drew said that the song sounds similar to Peaches\u2019s song \u201cOperate,\u201d which was featured in the movie.\n\nSurely, this means something, right? Well, it may be pure coincidence, as a source tells TMZ that Taylor\u2019s album lyrics have \u201cnothing to do with Mean Girls, Regina George or Katy.\u201d Interesting. With the video for \u201cLWYMMD\u201d dropping during the 2017 MTV Video Music Awards \u2013 an event that Katy is hosting, by the way \u2013 fans will see if Taylor has truly decided to give Katy a \u201cpass\u201d on her new album. If that wasn\u2019t enough, sources tell TMZ that \u201csomething big\u201d will happen at the VMAs between Katy and Taylor, and that it \u201cwould not be surprising\u201d if the two appeared on stage together to \u201cpublicly bury the hatchet.\u201d\n\nWatch out for the Regina George in sheep's clothing\u2026 \u2014 KATY PERRY (@katyperry) September 9, 2014\n\nWhile Taylor\u2019s reportedly not going after Katy, the \u201cBlank Space\u201d singer is not squashing all her beefs. While \u201cLook What You Made Me Do\u201d may not be Taylor\u2019s response to Katy\u2019s \u201cSwish, Swish,\u201d many fans have taken it as a shot at Kanye West, 40, and Kim Kardashian, 36. After all, it was Taylor\u2019s drama over Kanye\u2019s \u201cFamous\u201d that had fans rebranding her as \u201cQueen of the Snakes,\u201d and many have interpreted the lyrics of the song to be a Kanye-diss. However, Kim isn\u2019t really sweating Taylor, as a source close to Kimye EXCLUSIVELY tells HollywoodLiife.com that Taylor\u2019s track isn\u2019t really bothering Kim. On the other hand, \u201cKanye is clearly pissed over the song,\u201d the source said. Uh-oh. One feud may have ended, but another is still going strong.\n\nDo you want to see Taylor and Katy call off their feud, HollywoodLifers? Do you think it\u2019s time?", "images": ["https://hollywoodlife.com/wp-content/uploads/2020/11/lori-harvey-michael.b-jordan-spotted-ap-ftr-1.jpg?w=143&h=80&crop=1", "https://footwearnews.com/wp-content/uploads/2020/11/AP_20329096381069-e1606248495668.jpg?w=230&crop=1", "https://www.sheknows.com/wp-content/uploads/2020/08/oprah-favorite-spanx-leggings.jpg?w=230&crop=1", "https://hollywoodlife.com/wp-content/uploads/2017/08/taylor-swift-katy-perry-extending-oliva-branch-ftr.jpg", "https://hollywoodlife.com/wp-content/uploads/2020/11/Megan-Thee-Stallion-Admits-She-Has-\u2018Chemistry-With-DaBaby-ap-ftr.jpg?w=143&h=80&crop=1", "https://hollywoodlife.com/wp-content/uploads/2020/11/christina-milian-one-piece-swimsuit-splashnews-ftr.jpg?w=143&h=80&crop=1", "https://hollywoodlife.com/wp-content/uploads/2017/06/jason_brow.jpg?w=48", "https://www.rollingstone.com/wp-content/uploads/2020/09/macys-parade-going-virtual.jpg?w=230&crop=1", "http://pixel.quantserve.com/pixel?a.1=p-6fKiDaopTGEQg&a.2=p-31f3D02tYU8zY", "https://tvline.com/wp-content/uploads/2020/11/the-prom-movie-trailer.jpg?w=230&crop=1", "https://sb.scorecardresearch.com/p?c1=2&c2=6035310&c3=&c4=&c5=&c6=&c15=&cv=2.0&cj=1", "https://stylecaster.com/wp-content/uploads/2020/11/rothys-black-friday-collection-copy.jpg?w=230&crop=1", "data:image/gif;base64,R0lGODlhAQABAIAAAAAAAP///yH5BAEAAAAALAAAAAABAAEAAAIBRAA7"], "top_img": "https://hollywoodlife.com/wp-content/uploads/2017/08/taylor-swift-katy-perry-extending-oliva-branch-ftr.jpg", "keywords": [], "authors": ["Jason Brow", "Daisy Maldonado", "Bella Gerard", "Andy Swift", "Claire Shaffer", "Samantha Mcdonald", "Music", "Sports Editor"], "canonical_link": "https://hollywoodlife.com/2017/08/26/is-taylor-swift-ending-katy-perry-feud-reputation-album-diss/", "title": "Is Taylor Swift Extending An Olive Branch To Katy Perry? She Gets A \u2018Pass\u2019 On Reputation", "meta_data": {"description": "Is Taylor Swift ending her feud with Katy Perry? Her new album, 'Reputation,' will reportedly have no anti-Katy disses at all!", "news_keywords": "feud, Katy Perry, Taylor Swift", "apple-itunes-app": "app-id=1400650284", "generator": "WordPress 5.5.2", "author": "Jason Brow", "theme-color": "#fff", "apple-mobile-web-app-capable": "yes", "mobile-web-app-capable": "yes", "apple-touch-fullscreen": "YES", "apple-mobile-web-app-title": "Hollywood Life", "application-name": "Hollywood Life", "fb": {"pages": 94724837471}, "robots": "max-image-preview:large", "onesignal": "wordpress-plugin", "og": {"type": "article", "title": "Is Taylor Swift Extending An Olive Branch To Katy Perry? She Gets A \u2018Pass\u2019 On Reputation", "url": "https://hollywoodlife.com/2017/08/26/is-taylor-swift-ending-katy-perry-feud-reputation-album-diss/", "description": "Is the bad blood between Taylor Swift and Katy Perry coming to an end? While fans expect Tay to throw some shade towards her rival with her new album, \u2018Reputation\u2019 will reportedly have no anti-Katy\u2026", "site_name": "Hollywood Life", "image": {"identifier": "https://hollywoodlife.com/wp-content/uploads/2017/08/taylor-swift-katy-perry-extending-oliva-branch-ftr.jpg", "width": 620, "height": 350}, "locale": "en_US"}, "article": {"published_time": "2017-08-26T14:02:27+00:00", "modified_time": "2017-08-26T16:07:39+00:00"}, "twitter": {"text": {"title": "Is Taylor Swift Extending An Olive Branch To Katy Perry? She Gets A \u2018Pass\u2019 On Reputation"}, "image": "https://hollywoodlife.com/wp-content/uploads/2017/08/taylor-swift-katy-perry-extending-oliva-branch-ftr.jpg?w=620", "card": "summary_large_image", "site": "@HollywoodLife", "title": "Is Taylor Swift Extending An Olive Branch To Katy Perry? She Gets A \u2018Pass\u2019 On Reputation", "description": "Is Taylor Swift ending her feud with Katy Perry? Her new album, 'Reputation,' will reportedly have no anti-Katy disses at all!"}, "msapplication-TileImage": "https://hollywoodlife.com/wp-content/uploads/2018/06/hl_logo.png?w=128"}, "movies": [], "publish_date": 1503698400.0, "source": "http://hollywoodlife.com", "summary": ""}