{"url": "www.cheatsheet.com/entertainment/this-1-country-singer-wants-to-officiate-gwen-stefani-and-blake-sheltons-wedding.html/", "text": "Gwen Stefani and Blake Shelton are still going strong after meeting on The Voice years ago. But many are wondering if they will ever walk down the aisle and how they will do it \u2014 so much so that a country singer has already offered to officiate their ceremony.\n\nSo what exactly are their marriage plans? Here are seven things to know, including the one country singer who wants to officiate the couple\u2019s wedding.\n\n1. Shelton might have dissed ex Miranda Lambert on Twitter\n\nAlthough Shelton and Stefani have been dating three years now, he might still have some resentful feelings for his ex-wife, Miranda Lambert. He tweeted, \u201cBeen taking the high road for a long time.. I almost gave up. But I can finally see something on the horizon up there!! Wait!! Could it be?! Yep!! It\u2019s karma!!\u201d on April 25.\n\nSo what could this be referring to? In Touch Weekly reports Lambert has moved on to dating Evan Felker who is still technically married to Staci Felker. Felker filed for divorce in February of 2018. He reportedly struck up his relationship with Lambert after the split.\n\n\u201cThey\u2019re figuring it out. It\u2019s in the early stages; they\u2019re still getting to know each other,\u201d an insider said. There also might be a sore spot there because Miranda Lambert, Blake Shelton, and Gwen Stefani were in the same room recently for the American Country Music Awards.\n\nShelton and Stefani mostly stuck to themselves. Otherwise, the couple seems to be doing well.\n\nNext: This is what Shelton said about the marriage rumors.\n\n\n\n2. Shelton and Stefani joke about marriage rumors\n\nThe celebrity couple is pretty aware of the marriage rumors swirling around them. In an interview, Shelton said \u201cWell, I don\u2019t know if you guys read the magazines, but we\u2019ve been married for a while. It\u2019s been on the cover of all the credible magazines!\u201d\n\nNext: A source said this is how they really feel about marriage.\n\n\n\n3. A source said they are happy with their relationship the way it is\n\nAlthough there have been reports that the couple could be getting married, there are sources saying it\u2019s not really a priority for them.\n\n\u201cThere is no reason for them to rush into a marriage, so they aren\u2019t,\u201d a source said according to ET. \u201cBoth of them are happy and content with where their relationship is right now.\u201d\n\nNext: Stefani reveals she thinks about marriage.\n\n\n\n4. Stefani said she thinks about marrying Shelton \u2018all the time\u2019\n\nDuring her appearance on Ellen DeGeneres\u2019 show, Stefani was grilled about whether they will be walking down the aisle.\n\nWhen DeGeneres told her to think about getting married, she said, \u201cI do, I think about it all the time.\u201d\n\nNext: This country singer wants to officiate their wedding.\n\n\n\n5. Luke Bryan wants to officiate their ceremony\n\nThe one country singer that wants to help on the big day is Luke Bryan. \u201cI\u2019ll do the sermon. The sermon? The service?\u201d told ET. \u201cI would be honored to marry Blake and Gwen.\u201d\n\nNext: This is why Bryan thinks they should get married.\n\n\n\n6. Bryan joked that Shelton needs to hurry up and get married\n\nBryan thinks the couple getting hitched quickly would be best for Shelton.\n\n\u201cIf Blake were smart, he would marry her before she goes to an optometrist,\u201d he said according to ET. \u201cEvery time I meet Gwen, she\u2019s holding her phone way out here. I\u2019m like, \u2018That\u2019s it, she can\u2019t see!'\u201d\n\nNext: This is what Shelton said about Bryan\u2019s offer.\n\n\n\n7. Shelton rejects Bryan\u2019s offer\n\nBryan won\u2019t be officiating the ceremony, given Shelton\u2019s response. \u201cLuke\u2019s not even a legitimate country artist, much less like somebody that can marry people, you know what I\u2019m saying,\u201d Shelton joked on The Voice.\n\nFollow Nicole Weaver on Twitter @nikkibernice.\n\nCheck out The Cheat Sheet on Facebook!", "images": ["https://www.cheatsheet.com/wp-content/uploads/2017/02/Blake-Shelton-and-Gwen-Stefani-640x300.jpg?x18211", "https://www.cheatsheet.com/wp-content/uploads/2018/04/Blake-Shelton-tweet-640x372.png", "data:image/gif;base64,R0lGODlhAQABAAAAACH5BAEKAAEALAAAAAABAAEAAAICTAEAOw==", "https://www.cheatsheet.com/wp-content/uploads/2017/02/Gwen-Stefani-and-Blake-Shelton-Peoples-Choice-Awards-1-640x320.jpg?x18211", "https://www.facebook.com/tr?id=1447317708679797&ev=PageView&noscript=1", "https://www.cheatsheet.com/wp-content/uploads/2015/12/GettyImages-498854032-640x437.jpg?x18211", "http://www.bizographics.com/collect/?pid=4708&fmt=gif", "https://www.cheatsheet.com/wp-content/uploads/2018/04/Blake-Shelton-tweet-640x372.png?x18211", "http://www.cheatsheet.com/wp-content/themes/wallstcheatsheet-v2/images/logo/showbiz_2x.png?x18211", "https://www.cheatsheet.com/wp-content/uploads/2018/04/Stefani-on-Ellen-DeGeneres-640x356.png?x18211", "https://www.cheatsheet.com/wp-content/uploads/2017/09/Luke-Bryan-640x444.jpg?x18211", "https://www.cheatsheet.com/wp-content/uploads/2017/02/Blake-Shelton-640x450.jpg?x18211"], "top_img": "https://www.cheatsheet.com/wp-content/uploads/2018/04/Blake-Shelton-tweet-640x372.png", "keywords": [], "authors": ["Nicole Weaver"], "canonical_link": "https://www.cheatsheet.com/entertainment/this-1-country-singer-wants-to-officiate-gwen-stefani-and-blake-sheltons-wedding.html/", "title": "This 1 Country Singer Wants to Officiate Gwen Stefani and Blake Shelton\u2019s Wedding", "meta_data": {"viewport": "width=device-width, initial-scale=1, user-scalable=yes", "google-site-verification": "ktiOxQqv9Xlcn7qytDrsOVw_-MQ9S7bo2G5Iyfu-I9M", "robots": "max-image-preview:large", "syndication-source": "https://www.cheatsheet.com/entertainment/this-1-country-singer-wants-to-officiate-gwen-stefani-and-blake-sheltons-wedding.html/", "p": {"domain_verify": "936edf149ecbc3171d89b1f25f05e153"}, "description": "Gwen Stefani reveals which country singer offered to officiate her wedding with Blake Shelton.", "og": {"locale": "en_US", "type": "article", "title": "This 1 Country Singer Wants to Officiate Gwen Stefani and Blake Shelton's Wedding", "description": "Gwen Stefani reveals which country singer offered to officiate her wedding with Blake Shelton.", "url": "https://www.cheatsheet.com/entertainment/this-1-country-singer-wants-to-officiate-gwen-stefani-and-blake-sheltons-wedding.html/", "site_name": "Showbiz Cheat Sheet", "updated_time": "2018-06-11T20:07:21-04:00", "image": {"identifier": "https://www.cheatsheet.com/wp-content/uploads/2018/04/Blake-Shelton-tweet-640x372.png", "secure_url": "https://www.cheatsheet.com/wp-content/uploads/2018/04/Blake-Shelton-tweet-640x372.png"}}, "article": {"publisher": "https://www.facebook.com/ShowbizCheatsheet", "tag": "The Voice", "section": "Entertainment", "published_time": "2018-06-11T20:06:00-04:00", "modified_time": "2018-06-11T20:07:21-04:00"}, "twitter": {"card": "summary_large_image", "description": "Gwen Stefani reveals which country singer offered to officiate her wedding with Blake Shelton.", "title": "This 1 Country Singer Wants to Officiate Gwen Stefani and Blake Shelton's Wedding", "site": "@cheatsheet", "image": "https://www.cheatsheet.com/wp-content/uploads/2018/04/Blake-Shelton-tweet-640x372.png", "creator": "@cheatsheet"}, "fb": {"admins": 826582091}, "generator": "WordPress 5.4.2", "position": 2}, "movies": [], "publish_date": 1528761960.0, "source": "http://www.cheatsheet.com", "summary": ""}