{"url": "https://www.usatoday.com/story/life/entertainthis/2017/04/16/selena-gomez-weeknd-coachella/100545168/", "text": "Coachella couple: Selena Gomez and The Weeknd pack on the PDA\n\nCarly Mallenbaum | USA TODAY\n\nSelena Gomez and The Weeknd packed on the PDA at Coachella this weekend, even sharing an affectionate selfie on Instagram.\n\nThe pic on Gomez's account appears a week after The Weeknd shared a romantic one on his own page. So, clearly, they're a couple.\n\nA post shared by Selena Gomez (@selenagomez) on Apr 15, 2017 at 6:04pm PDT\n\nThe duo was at the Indio, Calif., music festival Saturday, hanging out in the VIP section and watching acts including Travis Scott. The Weeknd did more than enjoy the music from backstage: He made a surprise appearance during Nav's set.\n\nAh Ah Ah @nav A post shared by The Weeknd (@theweeknd) on Apr 16, 2017 at 1:12am PDT\n\nOther unexpected singers at the festival Saturday included Drake, Lauryn Hill, Tyler the Creator and Migos.", "images": ["https://www.gannett-cdn.com/-mm-/92613fc54e4619008eccc19ae0359a0573a5a09f/c=0-0-869-653/local/-/media/2017/04/16/USATODAY/USATODAY/636279441572201661-selena-weeknd.jpg?width=320&height=240", "https://www.gannett-cdn.com/appservices/universal-web/universal/icons/icon-instagram_24.png", "https://www.gannett-cdn.com/-mm-/92613fc54e4619008eccc19ae0359a0573a5a09f/c=0-0-869-653/local/-/media/2017/04/16/USATODAY/USATODAY/636279441572201661-selena-weeknd.jpg?width=12&height=9", "https://www.gannett-cdn.com/-mm-/767aee7df4065e0f05f3a87fbfb6ddfa216228aa/c=0-0-869-491/local/-/media/2017/04/16/USATODAY/USATODAY/636279441572201661-selena-weeknd.jpg?auto=webp&format=pjpg&width=1200"], "top_img": "https://www.gannett-cdn.com/-mm-/767aee7df4065e0f05f3a87fbfb6ddfa216228aa/c=0-0-869-491/local/-/media/2017/04/16/USATODAY/USATODAY/636279441572201661-selena-weeknd.jpg?auto=webp&format=pjpg&width=1200", "keywords": [], "authors": ["Carly Mallenbaum"], "canonical_link": "https://www.usatoday.com/story/life/entertainthis/2017/04/16/selena-gomez-weeknd-coachella/100545168/", "title": "Coachella couple: Selena Gomez and The Weeknd pack on the PDA", "meta_data": {"viewport": "width=device-width,initial-scale=1", "HandheldFriendly": "True", "MobileOptimized": 320, "apple-itunes-app": "app-id=504631398, app-argument=https://www.usatoday.com/story/life/entertainthis/2017/04/16/selena-gomez-weeknd-coachella/100545168/life/entertainthis", "theme-color": "#ffffff", "og": {"type": "article", "title": "Coachella couple: Selena Gomez and The Weeknd pack on the PDA", "description": "They posted an Instagram from the festival, where he made a surprise appearance.", "site_name": "USA TODAY", "image": {"identifier": "https://www.gannett-cdn.com/-mm-/767aee7df4065e0f05f3a87fbfb6ddfa216228aa/c=0-0-869-491/local/-/media/2017/04/16/USATODAY/USATODAY/636279441572201661-selena-weeknd.jpg?auto=webp&format=pjpg&width=1200", "width": 1200, "height": 675}}, "article": {"content_tier": "free", "opinion": "false"}, "fb": {"pages": 13652355666}, "news_keywords": "Selena Gomez,Celebrity relationships,Coachella Valley Music and Arts Festival,The Weeknd,Music,Travis Scott,Selena,Song and singing", "description": "They posted an Instagram from the festival, where he made a surprise appearance.", "twitter": {"site": "@usatoday", "creator": "@usatoday", "card": "summary_large_image"}}, "movies": [], "publish_date": 1492293600.0, "source": "https://www.usatoday.com", "summary": ""}