{"url": "https://people.com/tv/chris-soules-fatal-car-crash-trial-date-set/", "text": "A judge signed an order Tuesday setting a jury trial for Nov. 7 in Independence, Iowa, according to the Associated Press\n\nA trial date has been set for Chris Soules, who has been charged with leaving the scene of a fatal accident.\n\nA judge signed an order Tuesday setting a jury trial for Nov. 7 in Independence, Iowa, according to Associated Press, which reports that Judge Andrea Dryer set aside four days.\n\nGet push notifications with news, features and more.\n\nSoules\u2019 attorney did not respond to PEOPLE\u2019s request for comment.\n\nImage zoom Credit: Buchanan County Sheriff's Dept.\n\nSoules, 36, was arrested on April 25, 2017, in Iowa after he allegedly crashed his truck into a tractor, running it off the road into a ditch. His vehicle was later found at a home that he was present at, and Soules allegedly refused to leave until officers obtained a search warrant several hours later.\n\nIowa State Patrol alleged that he fled the scene, violating the Iowa code that states: \u201cIf the accident causes the death of a person, all surviving drivers shall remain at the scene of the accident except to seek necessary aid or to report the accident to law enforcement authorities.\u201d\n\nAfter entering a not guilty plea in May to the charge, Soules\u2019 legal team filed a motion to dismiss the \u201cfailure to remain\u201d charge on constitutional grounds, refuting the last sentence of the Iowa state code.\n\nImage zoom Credit: KWWL News 7\n\nThe attorneys said in court documents obtained by PEOPLE that \u201cbecause Mr. Soules indisputably stopped his vehicle, returned to the injured driver, contacted law enforcement, provided aid to the injured driver, arranged for medical treatment for the injured driver, remained until emergency personnel responded to the injured party, and provided identification data, the State\u2019s charge must be dismissed.\u201d\n\nTheir request to dismiss was denied in January before being brought to the Iowa Supreme Court.\n\nLeaving the scene of a fatal car crash is a class D felony in Iowa. If convicted, Soules could face as many as five years in prison.\n\nSoules was not charged with driving under the influence, though court documents obtained by PEOPLE reveal Soules was in possession of alcoholic beverages/containers.\n\nIn June, Soules\u2019 legal team filed court documents, which were obtained by PEOPLE, that stated the former Bachelor did not have alcohol or drugs in his system following the fatal crash.\n\n\u201cA report issued by the Iowa Department of Criminal Investigation\u2019s (DCI) Criminalistics Laboratory, Mr. Soules\u2019 specimens were negative for drugs and alcohol,\u201d his legal team said in the documents.\n\n\u201cThe DCI conducted thorough toxicology testing on two separate samples \u2013 his urine and blood \u2013 and conclusively determined no detectable amounts of alcohol or drugs were in either specimen,\u201d they continued. \u201cFurthermore, Mr. Soules has not been charged with any alcohol related offense. Rather, Mr. Soules has been charged with leaving the scene of a fatal accident.\u201d", "images": ["https://imagesvc.meredithcorp.io/v3/mm/image?url=https%3A%2F%2Fstatic.onecms.io%2Fwp-content%2Fuploads%2Fsites%2F20%2F2018%2F02%2Fchris-soules1-1.jpg", "https://imagesvc.meredithcorp.io/v3/mm/image?url=https%3A%2F%2Fstatic.onecms.io%2Fwp-content%2Fuploads%2Fsites%2F20%2F2020%2F11%2F12%2Fthanksgiving-covid-150x150.jpg", "https://imagesvc.meredithcorp.io/v3/mm/image?url=https%3A%2F%2Fstatic.onecms.io%2Fwp-content%2Fuploads%2Fsites%2F20%2F2016%2F05%2F06%2Fprincess-diana-21.jpg", "https://imagesvc.meredithcorp.io/v3/mm/image?url=https%3A%2F%2Fstatic.onecms.io%2Fwp-content%2Fuploads%2Fsites%2F20%2F2020%2F07%2F23%2Ftout.jpg", "data:image/svg+xml,%3Csvg%20xmlns='http://www.w3.org/2000/svg'%20viewBox='0%200%20100%20133'%3E%3C/svg%3E", "https://peopledotcom.files.wordpress.com/2018/09/thumbnail_generic.png", "https://imagesvc.meredithcorp.io/v3/mm/image?url=https%3A%2F%2Fstatic.onecms.io%2Fwp-content%2Fuploads%2Fsites%2F20%2F2017%2F04%2Fchris-soules-b1.jpg", "data:image/svg+xml,%3Csvg%20xmlns='http://www.w3.org/2000/svg'%20viewBox='0%200%20100%20100'%3E%3C/svg%3E", "data:image/svg+xml,%3Csvg%20xmlns='http://www.w3.org/2000/svg'%20viewBox='0%200%20100%2067'%3E%3C/svg%3E", "https://imagesvc.meredithcorp.io/v3/mm/image?url=https%3A%2F%2Fstatic.onecms.io%2Fwp-content%2Fuploads%2Fsites%2F20%2F2020%2F08%2F04%2Fcoyote-ugly-2000.jpg", "https://imagesvc.meredithcorp.io/v3/mm/image?url=https%3A%2F%2Fstatic.onecms.io%2Fwp-content%2Fuploads%2Fsites%2F20%2F2020%2F07%2F19%2Ftiaras-2.jpg", "https://imagesvc.meredithcorp.io/v3/mm/image?url=https%3A%2F%2Fstatic.onecms.io%2Fwp-content%2Fuploads%2Fsites%2F20%2F2020%2F11%2F12%2Fcat-phone.jpg", "https://imagesvc.meredithcorp.io/v3/mm/image?q=85&c=sc&poi=face&w=1380&h=723&url=https%3A%2F%2Fstatic.onecms.io%2Fwp-content%2Fuploads%2Fsites%2F20%2F2018%2F02%2Fchris-soules-main.jpg"], "top_img": "https://imagesvc.meredithcorp.io/v3/mm/image?q=85&c=sc&poi=face&w=1380&h=723&url=https%3A%2F%2Fstatic.onecms.io%2Fwp-content%2Fuploads%2Fsites%2F20%2F2018%2F02%2Fchris-soules-main.jpg", "keywords": [], "authors": ["Christina Dugan"], "canonical_link": "https://people.com/tv/chris-soules-fatal-car-crash-trial-date-set/", "title": "Judge Sets Trial Date for Bachelor Alum Chris Soules' Fatal Car Crash Case", "meta_data": {"viewport": "width=device-width, initial-scale=1", "keywords": "Chris Soules,Crime News,News,The Bachelor,TV", "news_keywords": "Chris Soules,Crime News,News,The Bachelor,TV", "description": "A judge signed an order Tuesday setting a jury trial for Nov. 7 in Independence, Iowa, according to the Associated Press", "og": {"title": "Judge Sets Trial Date for Bachelor Alum Chris Soules' Fatal Car Crash Case", "type": "article", "site_name": "PEOPLE.com", "url": "https://people.com/tv/chris-soules-fatal-car-crash-trial-date-set/", "description": "A judge signed an order Tuesday setting a jury trial for Nov. 7 in Independence, Iowa, according to the Associated Press", "image": {"identifier": "https://imagesvc.meredithcorp.io/v3/mm/image?q=85&c=sc&poi=face&w=1380&h=723&url=https%3A%2F%2Fstatic.onecms.io%2Fwp-content%2Fuploads%2Fsites%2F20%2F2018%2F02%2Fchris-soules-main.jpg", "width": 1380, "height": 723}}, "pinterest": {"url": "https://people.com/tv/chris-soules-fatal-car-crash-trial-date-set/", "description": "A judge signed an order Tuesday setting a jury trial for Nov. 7 in Independence, Iowa, according to the Associated Press", "media": "https://imagesvc.meredithcorp.io/v3/mm/image?url=https%3A%2F%2Fstatic.onecms.io%2Fwp-content%2Fuploads%2Fsites%2F20%2F2018%2F02%2Fchris-soules-main.jpg"}, "twitter": {"card": "summary_large_image", "url": "https://people.com/tv/chris-soules-fatal-car-crash-trial-date-set/", "title": "Judge Sets Trial Date for Bachelor Alum Chris Soules' Fatal Car Crash Case", "description": "A judge signed an order Tuesday setting a jury trial for Nov. 7 in Independence, Iowa, according to the Associated Press", "site": "@people", "image": "https://imagesvc.meredithcorp.io/v3/mm/image?q=85&c=sc&poi=face&w=1380&h=723&url=https%3A%2F%2Fstatic.onecms.io%2Fwp-content%2Fuploads%2Fsites%2F20%2F2018%2F02%2Fchris-soules-main.jpg"}, "robots": "max-image-preview:large", "fb": {"app_id": 610948219662029, "pages": 95926963131}, "article": {"opinion": "false"}, "p": {"domain_verify": "755183be01bfc739a9cac6673f1f2c1b"}}, "movies": [], "publish_date": null, "source": "https://people.com", "summary": ""}