{"url": "http://www.youtube.com/watch?v=ZVXbiY33TdM&feature=player_embedded", "text": "", "images": ["https://www.youtube.com/s/desktop/d743f786/img/favicon.ico"], "top_img": "https://www.youtube.com/s/desktop/d743f786/img/favicon.ico", "keywords": [], "authors": [], "canonical_link": "http://www.youtube.com/null", "title": "- YouTube", "meta_data": {"theme-color": "rgba(255, 255, 255, 0.98)", "description": "Se alla dina favoriter bland videor och musik, ladda upp originalinneh\u00e5ll och dela allt med v\u00e4nner, familj och hela v\u00e4rlden p\u00e5 YouTube.", "keywords": "video, dela, kameratelefon, videotelefon, gratis, ladda upp"}, "movies": [], "publish_date": null, "source": "http://www.youtube.com", "summary": ""}