{"url": "https://www.usmagazine.com/celebrity-moms/news/newly-single-mariah-carey-and-ex-nick-cannon-celebrate-easter-with-their-twins-w477304/", "text": "Home for the spring holidays! The night before Easter, admirably friendly exes Mariah Carey and Nick Cannon reunited to celebrate with their 5-year-old twins, Monroe and Moroccan. The \u201cEmotions\u201d singer took to Instagram to post a sweet snap of the family decorating Easter eggs . In the adorable photo, the family of four sits around a kitchen table dying eggs in all sorts of pastel colors for Easter. \u201cEaster with #demkids,\u201d she shared with her followers. \u201c#moments #rocandroe #easter #family @nickcannon.\u201d\n\nLooks like the pop-megastar is trying to change the nickname of her growing twins to #demkids, who have been referred to by fans as #dembabies since their birth in 2012. The duo were married in April of 2008 but the \u201cHoney\u201d singer filed for divorce December of 2014.\n\nhttps://www.instagram.com/p/BS-SZfWl8gS/\n\nCarey and Cannon\u2019s Easter celebration just a week after the \u201cGlitter\u201d actress announced she had split from backup dancer, Bryan Tanka after a year of dating. According to TMZ, Tanaka felt \u201cdisrespected\u201d when Carey and Cannon, 36, attended the Nickelodeon Kids\u2019 Choice Awards with their children on March 11. Tanaka would reportedly \u201clash back\u201d at Carey and her friendship with Cannon by flirting with other women. Per TMZ, the pair have not seen or spoken to each other since they traveled to Cabo together at the end of March.\n\nhttps://www.instagram.com/p/BS-SjBrF1Et/\n\nThe \u201cButterfly\u201d singer also suffered heartbreak in October of 2016 after confirming her breakup with Australian billionaire, James Packer. The former couple had been together ever since being introduced to each other by their mutual friend, producer Brett Ratner, at the premiere of 2014\u2019s Hercules.\n\nCannon has also had some big life changes this year after becoming a father for the third time over announcing the birth of his son Golden \u201cSagon\u201d Cannon on his Instagram Page on Tuesday, Feb. 21. The Wild \u2019N\u2019 Out star captioned the photo. \u201cWeeping may endure for a night, but Joy cometh in the morning! No matter how hard the world may hit you, God always reminds us of our purpose! #TrueHappiness, welcome to Earth Son!\u201d added Cannon, 36.", "images": ["https://www.usmagazine.com/wp-content/themes/us-weekly/assets/img/svg-icons/logo-tag-registered-green.svg", "https://www.usmagazine.com/wp-content/themes/us-weekly/assets/img/placeholders/default-usweekly.svg", "https://www.usmagazine.com/wp-content/themes/us-weekly/assets/img/svg-icons/logo-tag-registered.svg", "https://www.usmagazine.com/wp-content/themes/us-weekly/assets/img/svg-icons/icon-download.svg", "https://www.usmagazine.com/wp-content/themes/us-weekly/assets/img/bg-subscribe.png", "https://i2.wp.com/www.usmagazine.com/wp-content/uploads/nick-cannon-mariah-carey-moroccan-monroe-zoom-43b24145-c675-46f9-90cf-1efe4864a8d1.jpg?crop=0px%2C75px%2C1080px%2C567px&resize=1200%2C630&ssl=1&quality=86&strip=all"], "top_img": "https://i2.wp.com/www.usmagazine.com/wp-content/uploads/nick-cannon-mariah-carey-moroccan-monroe-zoom-43b24145-c675-46f9-90cf-1efe4864a8d1.jpg?crop=0px%2C75px%2C1080px%2C567px&resize=1200%2C630&ssl=1&quality=86&strip=all", "keywords": [], "authors": ["Travis Cronin"], "canonical_link": "https://www.usmagazine.com/celebrity-moms/news/newly-single-mariah-carey-and-ex-nick-cannon-celebrate-easter-with-their-twins-w477304/", "title": "Newly Single Mariah Carey and Ex Nick Cannon Celebrate Easter With Their Twins", "meta_data": {"viewport": "width=device-width, initial-scale=1", "ir-site-verification-token": "-206090124", "fo-verify": "49e6fc6a-c68d-447f-9978-70e3eac455ac", "theme-color": "#fff", "description": "A newly single Mariah Carey and ex-husband Nick Cannon reunite to celebrate Easter with their twins \u2013 see the cute pic!", "robots": "index, follow, max-snippet:-1, max-image-preview:large, max-video-preview:-1", "og": {"locale": "en_US", "type": "article", "title": "Newly Single Mariah Carey and Ex Nick Cannon Celebrate Easter With Their Twins", "description": "A newly single Mariah Carey and ex-husband Nick Cannon reunite to celebrate Easter with their twins \u2013 see the cute pic!", "url": "https://www.usmagazine.com/celebrity-moms/news/newly-single-mariah-carey-and-ex-nick-cannon-celebrate-easter-with-their-twins-w477304/", "site_name": "Us Weekly", "updated_time": "2018-02-08T22:14:30+00:00", "image": {"identifier": "https://i2.wp.com/www.usmagazine.com/wp-content/uploads/nick-cannon-mariah-carey-moroccan-monroe-zoom-43b24145-c675-46f9-90cf-1efe4864a8d1.jpg?crop=0px%2C75px%2C1080px%2C567px&resize=1200%2C630&ssl=1&quality=86&strip=all", "secure_url": "https://i2.wp.com/www.usmagazine.com/wp-content/uploads/nick-cannon-mariah-carey-moroccan-monroe-zoom-43b24145-c675-46f9-90cf-1efe4864a8d1.jpg?crop=0px%2C75px%2C1080px%2C567px&resize=1200%2C630&ssl=1&quality=86&strip=all", "width": 1200, "height": 630}}, "article": {"publisher": "https://www.facebook.com/UsWeekly", "published_time": "2017-04-17T20:08:09+00:00", "modified_time": "2018-02-08T22:14:30+00:00"}, "fb": {"app_id": 1785612128341436}, "twitter": {"card": "summary_large_image", "title": "Newly Single Mariah Carey and Ex Nick Cannon Celebrate Easter With Their Twins", "description": "A newly single Mariah Carey and ex-husband Nick Cannon reunite to celebrate Easter with their twins \u2013 see the cute pic!", "image": "https://i2.wp.com/www.usmagazine.com/wp-content/uploads/nick-cannon-mariah-carey-moroccan-monroe-zoom-43b24145-c675-46f9-90cf-1efe4864a8d1.jpg?crop=0px%2C75px%2C1080px%2C567px&resize=1200%2C630&ssl=1&quality=86&strip=all", "creator": "@usweekly", "site": "@usweekly"}, "tragedy": "off", "generator": "WordPress 5.5.2", "msapplication-TileImage": "https://www.usmagazine.com/wp-content/uploads/2020/05/cropped-us-logo.png?w=270&quality=86&strip=all"}, "movies": [], "publish_date": 1492459689.0, "source": "https://www.usmagazine.com", "summary": ""}