{"url": "http://www.youtube.com/watch?v=Cqww8jmizug&eurl=http%3A%2F%2Fstoptheabortionagenda.com%2F&feature=player_embedded", "text": "", "images": ["https://i.ytimg.com/vi/Cqww8jmizug/hqdefault.jpg"], "top_img": "https://i.ytimg.com/vi/Cqww8jmizug/hqdefault.jpg", "keywords": [], "authors": [], "canonical_link": "https://www.youtube.com/watch?v=Cqww8jmizug", "title": "Obama Promises Abortion in Public Plan", "meta_data": {"theme-color": "rgba(255, 255, 255, 0.98)", "title": "Obama Promises Abortion in Public Plan", "description": "Then-Senator and presidential candidate Barack Obama, in his own words, promising abortion as part of a public health care plan.  For more information, visit...", "keywords": "national right to life, barack obama, abortion, pro-life, health care", "og": {"site_name": "YouTube", "url": "https://www.youtube.com/watch?v=Cqww8jmizug", "title": "Obama Promises Abortion in Public Plan", "image": {"identifier": "https://i.ytimg.com/vi/Cqww8jmizug/hqdefault.jpg", "width": 480, "height": 360}, "description": "Then-Senator and presidential candidate Barack Obama, in his own words, promising abortion as part of a public health care plan.  For more information, visit...", "type": "video.other", "video": {"url": "https://www.youtube.com/embed/Cqww8jmizug", "secure_url": "https://www.youtube.com/embed/Cqww8jmizug", "type": "text/html", "width": 480, "height": 360, "tag": "health care"}}, "al": {"ios": {"app_store_id": 544007664, "app_name": "YouTube", "url": "vnd.youtube://www.youtube.com/watch?v=Cqww8jmizug&eurl=http%3A%2F%2Fstoptheabortionagenda.com%2F&feature=player_embedded&feature=applinks"}, "android": {"url": "vnd.youtube://www.youtube.com/watch?v=Cqww8jmizug&eurl=http%3A%2F%2Fstoptheabortionagenda.com%2F&feature=player_embedded&feature=applinks", "app_name": "YouTube", "package": "com.google.android.youtube"}, "web": {"url": "http://www.youtube.com/watch?v=Cqww8jmizug&eurl=http%3A%2F%2Fstoptheabortionagenda.com%2F&feature=player_embedded&feature=applinks"}}, "fb": {"app_id": 87741124305}, "twitter": {"card": "player", "site": "@youtube", "url": "https://www.youtube.com/watch?v=Cqww8jmizug", "title": "Obama Promises Abortion in Public Plan", "description": "Then-Senator and presidential candidate Barack Obama, in his own words, promising abortion as part of a public health care plan.  For more information, visit...", "image": "https://i.ytimg.com/vi/Cqww8jmizug/hqdefault.jpg", "app": {"name": {"iphone": "YouTube", "ipad": "YouTube", "googleplay": "YouTube"}, "id": {"iphone": 544007664, "ipad": 544007664, "googleplay": "com.google.android.youtube"}, "url": {"iphone": "vnd.youtube://www.youtube.com/watch?v=Cqww8jmizug&eurl=http%3A%2F%2Fstoptheabortionagenda.com%2F&feature=player_embedded&feature=applinks", "ipad": "vnd.youtube://www.youtube.com/watch?v=Cqww8jmizug&eurl=http%3A%2F%2Fstoptheabortionagenda.com%2F&feature=player_embedded&feature=applinks", "googleplay": "https://www.youtube.com/watch?v=Cqww8jmizug"}}, "player": {"identifier": "https://www.youtube.com/embed/Cqww8jmizug", "width": 480, "height": 360}}}, "movies": [], "publish_date": null, "source": "http://www.youtube.com", "summary": ""}