{"url": "https://web.archive.org/web/20180730043504/https://mashable.com/2018/07/29/netflix-maniac-trailer-tca/", "text": "Jonah Hill and Emma Stone played high school sweethearts more than a decade ago in Greg Mottola's 2007 comedy, Superbad. Now they're reuniting on screen for the first time since then in a new Netflix limited series from Beasts of No Nation director Cary Fukunaga.\n\nIn Maniac, Hill and Stone star as Owen Milgrim and Annie Landsberg, respectively. The two choose to participate in some kind of mysterious pharmaceutical trial for a drug that purports to fix any troubles of the mind.\n\nThe 10-episode story is based on a Norwegian TV series of the same name, and it comes to Netflix on Sept. 21. This trailer doesn't reveal much, but it definitely sets a mood.", "images": ["https://web.archive.org/web/20180730043504im_/https://a.amz.mshcdn.com/assets/header_logo.v2.us-6653972cc831bd09732d26dc9da67bd6be0c4d2b28757f116791336ccf2146ec.png", "https://web.archive.org/web/20180730043504im_/https://sb.scorecardresearch.com/p?c1=2&c2=8750086&cv=2.0&cj=1", "https://web.archive.org/web/20180730043504im_/https://mashable.com/favicon-16x16.png?bk_uuid=$_BK_UUID&BK_SWAP_DEST=19275", "https://web.archive.org/web/20180730043504im_/https://analytics.twitter.com/i/adsct?txn_id=l4o6d&p_id=Twitter", "https://web.archive.org/web/20180730043504im_/https://i.amz.mshcdn.com/P4KFQ_OWqbMVI2wRu46HyWtFfec=/410x230/filters:quality(90)/https%3A%2F%2Fblueprint-api-production.s3.amazonaws.com%2Fuploads%2Fstory%2Fthumbnail%2F78387%2F8b375784-ded3-4273-875c-39ce590bed3d.png", "https://web.archive.org/web/20180730043504im_/https://a.amz.mshcdn.com/assets/header_logo.v2.us.dark-dd0a18bfb3d211980944b582cfc03c24db96b9069f2a3234fb6cf064c72f58aa.png", "https://web.archive.org/web/20180730043504im_/https://i.amz.mshcdn.com/R1fB5UXBQfOLe-Meo1Dtuxf_oac=/410x230/filters:quality(90)/https%3A%2F%2Fblueprint-api-production.s3.amazonaws.com%2Fuploads%2Fstory%2Fthumbnail%2F78392%2Ff5925ef2-db23-40df-9967-d6d004e7fb7b.png", "https://web.archive.org/web/20180730043504im_/https://i.amz.mshcdn.com/6Jk2j_TVWWfPUJJX16TDttKrqbY=/1200x630/2018%2F07%2F29%2Ffd%2F22ad2944088e497b9baf99140d9053a4.d8d3f.jpg", "https://web.archive.org/web/20180730043504im_/https://t.co/i/adsct?txn_id=l4o6d&p_id=Twitter", "https://web.archive.org/web/20180730043504im_/https://www.facebook.com/tr?id=1453039084979896&ev=PageView&noscript=1", "https://web.archive.org/web/20180730043504im_/https://zdbb.net/l/z0WVjCBSEeGLoxIxOQVEwQ", "https://web.archive.org/web/20180730043504im_/https://i.amz.mshcdn.com/6mQygeY3qgZeu8j6xrIhijQ3ZZw=/410x230/filters:quality(90)/https%3A%2F%2Fblueprint-api-production.s3.amazonaws.com%2Fuploads%2Fstory%2Fthumbnail%2F78382%2F972d4c73-ba2b-43f1-9dcc-178c3b09657c.jpg", "https://web.archive.org/web/20180730043504im_/https://i.amz.mshcdn.com/_MBeRJ4uoIuy9lF1AqIbS1AvnlM=/410x230/filters:quality(90)/https%3A%2F%2Fblueprint-api-production.s3.amazonaws.com%2Fuploads%2Fstory%2Fthumbnail%2F78424%2Ff52d35c9-944b-4c67-bed0-424f9a94e6e1.jpg"], "top_img": "https://web.archive.org/web/20180730043504im_/https://i.amz.mshcdn.com/6Jk2j_TVWWfPUJJX16TDttKrqbY=/1200x630/2018%2F07%2F29%2Ffd%2F22ad2944088e497b9baf99140d9053a4.d8d3f.jpg", "keywords": [], "authors": ["Adam Rosenberg"], "canonical_link": "https://web.archive.org/web/20180730043504/https://mashable.com/2018/07/29/netflix-maniac-trailer-tca/", "title": "Jonah Hill and Emma Stone reunite in Netflix's 'Maniac,' which looks nothing like 'Superbad'", "meta_data": {"apple-mobile-web-app-capable": "no", "zd_ptax_version": "MASHABLEV1", "zd_ptax": "entertainment,maniac,movies-tv-shows,netflix,television,movies & tv shows", "viewport": "width=device-width, initial-scale=1.0", "msapplication-TileColor": "#da532c", "msapplication-TileImage": "/mstile-144x144.png?v=m2Pmw8zNwl", "theme-color": "#ffffff", "linkedin": {"owner": "mid:12105681"}, "fb": {"app_id": 122071082108, "page_id": 18807449704, "pages": 356739731067762}, "readability-verification": "nYmtX7H2sSCkK8gHpQGxr7Es2526DgUaqb6PGYSX", "google-site-verification": "ISmVjY0eCaVFwlI2F32P2rGooLW0ZJi4tAbKmMAapzM", "og": {"url": "https://web.archive.org/web/20180730043504/https://mashable.com/2018/07/29/netflix-maniac-trailer-tca/", "title": "Jonah Hill and Emma Stone reunite in Netflix's 'Maniac,' which looks nothing like 'Superbad'", "type": "article", "site_name": "Mashable", "description": "Seriously, this dark comedy from 'Beasts of No Nation' director Cary Fukunaga looks NOTHING like the 2007 comedy in which Hill and Stone were both breakout stars.", "image": "https://web.archive.org/web/20180730043504im_/https://i.amz.mshcdn.com/6Jk2j_TVWWfPUJJX16TDttKrqbY=/1200x630/2018%2F07%2F29%2Ffd%2F22ad2944088e497b9baf99140d9053a4.d8d3f.jpg", "article": {"published_time": "2018-07-29T21:40:21Z", "modified_time": "2018-07-29T21:40:21Z", "publisher": "https://www.facebook.com/mashable"}}, "description": "Netflix's first trailer for 'Maniac,' a 10-episode dark comedy starring Jonah Hill and Emma Stone, is here now for your viewing pleasure.", "keywords": "entertainment, tv, netflix, maniac, movies-tv-shows", "twitter": {"title": "Jonah Hill and Emma Stone reunite in Netflix's 'Maniac,' which looks nothing like 'Superbad'", "description": "Seriously, this dark comedy from 'Beasts of No Nation' director Cary Fukunaga looks NOTHING like the 2007 comedy in which Hill and Stone were both breakout stars.", "image": "https://web.archive.org/web/20180730043504im_/https://i.amz.mshcdn.com/LPQ1cl0K33QTK4jCQv8zX1QJg8M=/640x360/https%3A%2F%2Fblueprint-api-production.s3.amazonaws.com%2Fuploads%2Fstory%2Fthumbnail%2F78448%2F22ad2944-088e-497b-9baf-99140d9053a4.jpg", "site": "@mashable", "via": "mashable", "url": "https://web.archive.org/web/20180730043504im_/https://mashable.com/2018/07/29/netflix-maniac-trailer-tca/", "creator": "@mashable", "card": "player", "player": {"identifier": "https://www.youtube.com/embed/dQZPp5ED1VI", "width": 435, "height": 245}}, "date": "2018-07-29 21:40:21 UTC", "sailthru.author": "Adam Rosenberg", "sailthru.image.thumb": "https://i.amz.mshcdn.com/lKm6X2MgGLxMKJdb_No5XE5aOWs=/115x115/https%3A%2F%2Fblueprint-api-production.s3.amazonaws.com%2Fuploads%2Fstory%2Fthumbnail%2F78448%2F22ad2944-088e-497b-9baf-99140d9053a4.jpg", "sailthru.image.full": "https://i.amz.mshcdn.com/l13xeC0XoNT3Iel6VsT9pIEmt0w=/950x534/https%3A%2F%2Fblueprint-api-production.s3.amazonaws.com%2Fuploads%2Fstory%2Fthumbnail%2F78448%2F22ad2944-088e-497b-9baf-99140d9053a4.jpg", "sailthru.lead_image": "https://i.amz.mshcdn.com/l2LswJQEeM_bHGmp2T4XX7oOJP4=/600x338/https%3A%2F%2Fblueprint-api-production.s3.amazonaws.com%2Fuploads%2Fstory%2Fthumbnail%2F78448%2F22ad2944-088e-497b-9baf-99140d9053a4.jpg", "sailthru.secondary_image": "https://i.amz.mshcdn.com/xWIvV2O3xcHvRDaysphVKdN8ZTs=/288x162/https%3A%2F%2Fblueprint-api-production.s3.amazonaws.com%2Fuploads%2Fstory%2Fthumbnail%2F78448%2F22ad2944-088e-497b-9baf-99140d9053a4.jpg", "sailthru.exclude_homepage": "false", "sailthru.exclude_uk": "false", "sailthru.exclude_australia": "false", "sailthru.exclude_india": "false", "sailthru.tags": "entertainment,maniac,movies-tv-shows,netflix,television", "sailthru.title": "Jonah Hill and Emma Stone reunite in Netflix's 'Maniac,' which looks nothing like 'Superbad'", "sailthru.date": "2018-07-29 21:40:21 UTC", "author": "Adam Rosenberg", "parsely-metadata": "{\"page\":1,\"omnitureData\":{\"channel\":\"entertainment\",\"content_type\":\"article\",\"v_buy_i\":null,\"h_pub_buy\":null,\"v_cur_i\":0,\"v_max_i\":99,\"events\":\"\",\"top_channel\":\"entertainment\",\"content_source_type\":\"Internal\",\"content_source_name\":\"Internal\",\"author_name\":\"Adam Rosenberg\",\"age\":\"0\",\"pub_day\":29,\"pub_month\":7,\"pub_year\":2018,\"pub_date\":\"07/29/2018\",\"sourced_from\":\"Internal\",\"isPostView\":true,\"post_lead_type\":\"YouTube Video Lead\",\"topics\":\"entertainment,maniac,movies-tv-shows,netflix,television\",\"campaign\":null,\"display_mode\":null,\"viral_video_type\":\"youtube\",\"standalone_video_show\":null,\"b_flag\":false,\"cms_author_name\":null,\"cms_author_geo\":\"us\",\"cms_author_team\":\"Entertainment\",\"bp_id\":78448,\"shoppable\":null,\"voice\":\"Mashable\",\"level_of_effort\":\"Less than one hour\",\"content_format\":\"Viral Video Template\",\"video_platform_target\":null,\"classification_options\":false,\"key_topics\":[\"Movies \\u0026 TV shows\"],\"job_function\":\"News Hit\"}}"}, "movies": ["https://web.archive.org/web/20180730043504if_/https://www.youtube.com/embed/dQZPp5ED1VI?enablejsapi=1&"], "publish_date": 1532815200.0, "source": "https://web.archive.org", "summary": ""}