{"url": "https://web.archive.org/web/20171023184644/http://www.wdjx.com/rumor-justin-timberlake-signed-non-nudity-clause-super-bowl-halftime-show/", "text": "Justin Timberlake performs at the Pilgrimage Music and Cultural Festival on Saturday, Sept. 23, 2017, in Franklin, Tenn. (Photo by Amy Harris/Invision/AP)\n\nAccording to a tabloid source, Justin Timberlake has signed his contract to perform at the Super Bowl Halftime Show and the contract did include a non-nudity clause.\n\nThe source said, \u201cThe last time Justin performed was with Janet Jackson and her nipple was exposed to the world. Now the NFL wants to make sure that never happens again. Putting a nudity clause in his contract is the only responsible thing to do.\u201d\n\nRelive the infamous \u201cwardrobe malfunction\u201d HERE.", "images": ["https://web.archive.org/web/20171023184644im_/http://www.wdjx.com/wp-content/uploads/2017/10/UPS-Dogs-320x200.jpg", "https://web.archive.org/web/20171023184644im_/http://www.wdjx.com/wp-content/uploads/2017/10/Bieber-1-320x200.jpg", "https://web.archive.org/web/20171023184644im_/http://www.wdjx.com/wp-content/uploads/2017/10/JT-2-320x200.jpg", "https://web.archive.org/web/20171023184644im_/http://www.wdjx.com/wp-content/themes/alphamedia-blacklab-v2/assets/img/alphamedia-logo.png", "https://web.archive.org/web/20171023184644im_/http://www.wdjx.com/wp-content/uploads/2017/10/Walking-Dead-320x200.jpg", "https://web.archive.org/web/20171023184644im_/http://www.wdjx.com/wp-content/uploads/2017/07/Walking-Dead-320x200.jpg", "https://web.archive.org/web/20171023184644im_/http://www.wdjx.com/wp-content/uploads/2016/06/cropped-wdjx-favicon.png", "https://web.archive.org/web/20171023184644im_/http://www.wdjx.com/wp-content/uploads/2017/10/justin-timberlake-AP_17267115454790.jpg", "https://web.archive.org/web/20171023184644im_/http://www.wdjx.com/wp-content/uploads/2017/10/Dr-Phil-320x200.jpg"], "top_img": "https://web.archive.org/web/20171023184644im_/http://www.wdjx.com/wp-content/uploads/2017/10/justin-timberlake-AP_17267115454790.jpg", "keywords": [], "authors": [], "canonical_link": "https://web.archive.org/web/20171023184644/http://www.wdjx.com/rumor-justin-timberlake-signed-non-nudity-clause-super-bowl-halftime-show/", "title": "RUMOR: Justin Timberlake Signed Non-Nudity Clause for Super Bowl Halftime Show", "meta_data": {"viewport": "width=device-width, initial-scale=1", "og": {"locale": "en_US", "type": "article", "title": "RUMOR: Justin Timberlake Signed Non-Nudity Clause for Super Bowl Halftime Show - 99.7 DJX", "description": "BTW... this is a TOTAL rumor.", "url": "https://web.archive.org/web/20171023184644/http://www.wdjx.com/rumor-justin-timberlake-signed-non-nudity-clause-super-bowl-halftime-show/", "site_name": "99.7 DJX", "updated_time": "2017-10-18T07:27:10-04:00", "image": {"identifier": "https://web.archive.org/web/20171023184644im_/http://www.wdjx.com/wp-content/uploads/2017/10/justin-timberlake-AP_17267115454790.jpg", "width": 640, "height": 400}}, "article": {"author": "www.facebook.com/bendaviswdjx", "tag": "Wardrobe Malfunction", "section": "Trending in Hollywood", "published_time": "2017-10-18T06:46:57-04:00", "modified_time": "2017-10-18T07:27:10-04:00"}, "twitter": {"card": "summary", "description": "BTW... this is a TOTAL rumor.", "title": "RUMOR: Justin Timberlake Signed Non-Nudity Clause for Super Bowl Halftime Show - 99.7 DJX", "image": "https://web.archive.org/web/20171023184644im_/http://www.wdjx.com/wp-content/uploads/2017/10/justin-timberlake-AP_17267115454790.jpg", "creator": "@bendavisradio"}, "generator": "WordPress 4.8.2", "tec-api-version": "v1", "tec-api-origin": "http://www.wdjx.com", "msapplication-TileImage": "http://www.wdjx.com/wp-content/uploads/2016/06/cropped-wdjx-favicon-270x270.png"}, "movies": [], "publish_date": 1508323617.0, "source": "https://web.archive.org", "summary": ""}