{"url": "radaronline.com/videos/miranda-lambert-blake-shelton-country-music-feud/", "text": "Click to share on Twitter (Opens in new window)\n\nClick to share on Facebook (Opens in new window)\n\nMalicious Miranda! Inside Lambert's Ruthless Revenge Against Blake Shelton Singer bringing ex-husband to new lows by beating him at his own country music game.\n\nCountry songbird Miranda Lambert is flying high \u2014 and bringing ex-husband Blake Shelton to a new low \u2014 now that her dirt-dishing new album is a smash hit!\n\nThe 33-year-old Texas firecracker led all performers in nominations for this year\u2019s Country Music Association Awards with nods for her album The Weight of These Wings and her tell-all hit songs Vice and Tin Man.\n\nMeanwhile, Blake, now cuddling with platinum-blond pop doll Gwen \u00adStefani, was shut out for the second year in a row!\n\n\u201cMiranda can\u2019t keep from smiling these days,\u201d a friend says. \u201cShe \u00adsuffered at Blake\u2019s hands, but now the world is coming up roses and that pain of l\u00adosing her man has faded into the rearview mirror.\n\n\u201cAnd that she\u2019s beating Blake at his own country music game, it just makes it all the sweeter. She\u2019s laughing all the way to the bank.\u201d\n\nThe album airs her dirty laundry about Blake jilting her.\n\n\u201cIf you want to hear my side of the story or my opinion of what \u00adhappened, it\u2019s all on there,\u201d she says. \u201cThere\u2019s no mystery anymore.\u201d\n\nThe feisty blonde and Shelton, 41, were married for four years before he socked her with divorce papers in July 2015. Miranda \u201cwas completely blindsided by what Blake did,\u201d says a pal.\n\nEven more painful for Miranda, Blake hooked up with Gwen, his fellow judge on The Voice, only months later.\n\nBut Miranda has found love again with singer Anderson East \u2014 and a friend says she can\u2019t wait to show him off on the Nov. 8 CMA Awards on ABC.\n\n\u201cMiranda will have Anderson by her side,\u201d another friend says. \u201cShe hopes Blake gets sick of her marching back and forth to the stage while she scoops up awards.\u201d\n\nWe pay for juicy info! Do you have a story for RadarOnline.com? Email us at tips@radaronline.com, or call us at (866) ON-RADAR (667-2327) any time, day or night.", "images": ["https://i0.heartyhosting.com/radaronline.com/wp-content/uploads/2019/03/scandal-bg.jpg?fit=1440%2C210&ssl=1", "https://i0.heartyhosting.com/radaronline.com/wp-content/uploads/2019/03/logo-celebrity-news.png?ssl=1", "https://i0.heartyhosting.com/radaronline.com/wp-content/uploads/2019/03/reality-tv-bg.jpg?fit=1440%2C210&ssl=1", "https://i0.heartyhosting.com/radaronline.com/wp-content/uploads/2017/09/miranda-lambert-blake-shelton-country-music-feud-pp.jpg?resize=640%2C420&ssl=1", "https://i0.heartyhosting.com/radaronline.com/wp-content/uploads/2019/03/logo-scandal.png?fit=307%2C70&ssl=1", "https://i0.heartyhosting.com/radaronline.com/wp-content/uploads/2019/03/logo-true-crime-b.png?fit=357%2C70&ssl=1", "https://i0.heartyhosting.com/radaronline.com/wp-content/uploads/2019/03/logo-omg.png?fit=188%2C70&ssl=1", "https://i0.heartyhosting.com/radaronline.com/wp-content/uploads/2019/03/celebrity-news-bg.jpg?fit=1440%2C210&ssl=1", "https://i0.heartyhosting.com/radaronline.com/wp-content/uploads/2020/02/KUWTK-Kim-Kardashian-Denies-Booed-Tristan-Thompson-NBA-Game-pp.jpg?w=384&crop=0%2C20px%2C384px%2C215px&resize=384%2C215&ssl=1", "https://i0.heartyhosting.com/radaronline.com/wp-content/uploads/2019/03/logo-fashion-police.png?fit=489%2C70&ssl=1", "https://i0.heartyhosting.com/radaronline.com/wp-content/uploads/2019/03/logo-celebrity-news-b.png?fit=495%2C70&ssl=1", "https://i0.heartyhosting.com/radaronline.com/wp-content/uploads/2020/11/meghan-miscarriage.jpeg?w=384&crop=0%2C20px%2C384px%2C215px&resize=384%2C215&ssl=1", "https://i0.heartyhosting.com/radaronline.com/wp-content/uploads/2019/03/logo-reality-tv.png?fit=370%2C70&ssl=1", "https://i0.heartyhosting.com/radaronline.com/wp-content/uploads/2017/09/miranda-lambert-blake-shelton-country-music-feud-pp.jpg?resize=1200%2C630&ssl=1", "https://i0.heartyhosting.com/radaronline.com/wp-content/uploads/2020/11/bobby-bobby-jrjpeg.jpeg?w=384&crop=0%2C20px%2C384px%2C215px&resize=384%2C215&ssl=1", "https://radaronline.com/wp-content/themes/vip/am-radaronline/assets/build/images/icons/logo-tag-registered.svg", "https://radaronline.com/wp-content/themes/vip/am-radaronline/assets/build/images/icons/logo-tag-registered-green.svg", "https://i0.heartyhosting.com/radaronline.com/wp-content/uploads/2019/03/true-crime-bg.jpg?fit=1440%2C210&ssl=1", "https://i0.heartyhosting.com/radaronline.com/wp-content/uploads/2019/03/omg-bg.jpg?fit=1440%2C210&ssl=1", "https://i0.heartyhosting.com/radaronline.com/wp-content/uploads/2019/03/fashion-police-bg.jpg?fit=1440%2C210&ssl=1", "https://i0.heartyhosting.com/radaronline.com/wp-content/uploads/2020/11/miley-cyrus-sobriety.jpeg?w=384&crop=0%2C20px%2C384px%2C215px&resize=384%2C215&ssl=1"], "top_img": "https://i0.heartyhosting.com/radaronline.com/wp-content/uploads/2017/09/miranda-lambert-blake-shelton-country-music-feud-pp.jpg?resize=1200%2C630&ssl=1", "keywords": [], "authors": ["Radar Staff", "September"], "canonical_link": "https://radaronline.com/videos/miranda-lambert-blake-shelton-country-music-feud/", "title": "Malicious Miranda! Inside Lambert's Ruthless Revenge Against Blake Shelton", "meta_data": {"viewport": "width=device-width, initial-scale=1.0", "fb": {"admins": 593583017, "app_id": 1008772232528225, "pages": 376279216711}, "theme-color": "#ffffff", "google-site-verification": "kONM_PqGX8Za53dFcExSTIIPZxxN_S4QtvDlONzzdA0", "description": "Miranda Lambert is flying high \u2014 and bringing ex-husband Blake Shelton to a new low \u2014 now that her dirt-dishing new album is a smash hit!", "robots": "index, follow, max-snippet:-1, max-image-preview:large, max-video-preview:-1", "og": {"locale": "en_US", "type": "article", "title": "Malicious Miranda! Inside Lambert's Ruthless Revenge Against Blake Shelton", "description": "Miranda Lambert is flying high \u2014 and bringing ex-husband Blake Shelton to a new low \u2014 now that her dirt-dishing new album is a smash hit!", "url": "https://radaronline.com/videos/miranda-lambert-blake-shelton-country-music-feud/", "site_name": "RadarOnline", "updated_time": "2017-09-15T10:50:46+00:00", "image": {"identifier": "https://i0.heartyhosting.com/radaronline.com/wp-content/uploads/2017/09/miranda-lambert-blake-shelton-country-music-feud-pp.jpg?resize=1200%2C630&ssl=1", "secure_url": "https://i0.heartyhosting.com/radaronline.com/wp-content/uploads/2017/09/miranda-lambert-blake-shelton-country-music-feud-pp.jpg?resize=1200%2C630&ssl=1", "width": 1200, "height": 630}}, "article": {"published_time": "2017-09-15T10:50:46+00:00"}, "twitter": {"card": "summary_large_image", "title": "Malicious Miranda! Inside Lambert's Ruthless Revenge Against Blake Shelton", "description": "Miranda Lambert is flying high \u2014 and bringing ex-husband Blake Shelton to a new low \u2014 now that her dirt-dishing new album is a smash hit!", "image": "https://i0.heartyhosting.com/radaronline.com/wp-content/uploads/2017/09/miranda-lambert-blake-shelton-country-music-feud-pp.jpg?resize=1200%2C630&ssl=1"}, "news_keywords": "Miranda Lambert", "generator": "WordPress 5.5.3"}, "movies": [], "publish_date": 1505472646.0, "source": "http://radaronline.com", "summary": ""}