{"url": "http://extratv.com/2017/04/06/brad-pitts-red-carpet-surprise-at-lost-city-of-z-premiere/", "text": "SplashNews\n\nLast night, actor Brad Pitt made a surprise appearance at the Hollywood premiere of \"The Lost City Of Z,\u201d which he executive-produced.\n\nOn the red carpet, Pitt appeared to be in good spirits while smiling for the cameras. He was also noticeably thinner. A source recently told Us Weekly, \"He lost a bunch of weight. He's focusing on himself again, watching what he eats, and has a chef making him healthy meals. He's exercising. He's been outdoors a lot, hiking and walking. He's had a lot of time to focus on himself.\u201d\n\nAnother insider shared with the publication, \"He does a lot of weight training. He's dedicated to clean living and eating right.\u201d", "images": ["https://extra-images.akamaized.net/image/64/5by6/2020/11/22/646112074708434cba98bb8c6d7f75e0_sm.jpg", "https://extra-images.akamaized.net/image/4b/5by6/2020/08/24/4bda0604f8005f84b96f44e0bb042891_sm.jpg", "https://extra-images.akamaized.net/image/84/3by2/2017/03/21/84fb85de988e50e4b0ccfcb2c427ba06_xs.jpg", "https://static.extratv.com/extra-web/img/logos/extra-logo-v1.svg", "https://extra-images.akamaized.net/image/c3/5by6/2020/09/23/c39c43f4835255c0b524bcf7f4f15f64_sm.jpg", "https://extra-images.akamaized.net/image/c0/5by6/2020/11/27/c0d9992ed5754bb0aac31cd30b05c6b8_md.jpg", "https://extra-images.akamaized.net/image/16/5by6/2020/09/30/164820b906d5503280739681ef8e0d8a_sm.jpeg", "https://extra-images.akamaized.net/image/0c/5by6/2020/11/05/0c432281e76c5daa8c424e4b6ea0e44a_md.jpg", "https://extra-images.akamaized.net/image/81/4by3/2019/12/02/819107b8bc8653cc9dfcc5a8aab79791_sm.jpg", "https://extra-images.akamaized.net/image/03/3by2/2020/11/25/037e7d32e62a44aeb99f0e78f1084d22_md.jpg", "https://extra-images.akamaized.net/image/14/4by3/2020/07/29/14401a2143d15540a7c1b9a26a97d116_sm.jpg", "https://extra-images.akamaized.net/image/89/3by2/2017/04/06/89f6884d869a5bafa893efe79ed16915_md.jpg", "https://extra-images.akamaized.net/image/2b/5by6/2020/07/22/2b75f0bfff0c51308891afc41b4fe61c_sm.jpg", "https://extra-images.akamaized.net/image/4e/5by6/2020/11/20/4e1cd2764bc94b738a8805a9c54941d6_sm.jpg", "https://extra-images.akamaized.net/image/a0/3by2/2017/01/20/a09167d2142d5eb28ab86045d3ecd8bb_xs.jpg", "https://extra-images.akamaized.net/image/72/o/2017/04/06/7255682739205d66a027fe847c28064c_md.jpg", "https://extra-images.akamaized.net/image/63/4by3/2016/04/07/63882c34a513573b85e129c3562440f5_sm.jpg", "https://extra-images.akamaized.net/image/5e/4by3/2020/11/26/5e639ae148f044c3b05f8ee9a598d7f7_sm.jpg", "https://extra-images.akamaized.net/image/49/3by2/2016/12/09/4969619b99565b31a4a09a3b4da36fb4_xs.jpg", "https://extra-images.akamaized.net/image/be/16by9/2017/04/06/bedb4c3b98685928a6fd7ec0e01e3b80_xl.jpg"], "top_img": "https://extra-images.akamaized.net/image/be/16by9/2017/04/06/bedb4c3b98685928a6fd7ec0e01e3b80_xl.jpg", "keywords": [], "authors": [], "canonical_link": "https://extratv.com/2017/04/06/brad-pitts-red-carpet-surprise-at-lost-city-of-z-premiere/", "title": "Brad Pitt\u2019s Red-Carpet Surprise at \u2018Lost City of Z\u2019 Premiere", "meta_data": {"viewport": "width=device-width,initial-scale=1", "referrer": "unsafe-url", "google-site-verification": "google56b059efc05e54d5.html", "robots": "index,follow", "description": "Last night, actor Brad Pitt made a surprise appearance at the Hollywood premiere of \"The Lost City Of Z,\u201d which he executive-produced.", "fb": {"app_id": 18489729593, "pages": 26676834754}, "article": {"publisher": "https://www.facebook.com/Extra/"}, "og": {"site_name": "Extra", "type": "article", "url": "https://extratv.com/2017/04/06/brad-pitts-red-carpet-surprise-at-lost-city-of-z-premiere/", "title": "Brad Pitt\u2019s Red-Carpet Surprise at \u2018Lost City of Z\u2019 Premiere", "description": "Last night, actor Brad Pitt made a surprise appearance at the Hollywood premiere of \"The Lost City Of Z,\u201d which he executive-produced.", "image": "https://extra-images.akamaized.net/image/be/16by9/2017/04/06/bedb4c3b98685928a6fd7ec0e01e3b80_xl.jpg"}, "twitter": {"site": "@extratv", "card": "summary_large_image", "title": "Brad Pitt\u2019s Red-Carpet Surprise at \u2018Lost City of Z\u2019 Premiere", "description": "Last night, actor Brad Pitt made a surprise appearance at the Hollywood premiere of \"The Lost City Of Z,\u201d which he executive-produced.", "image": "https://extra-images.akamaized.net/image/be/16by9/2017/04/06/bedb4c3b98685928a6fd7ec0e01e3b80_xl.jpg"}, "apple-mobile-web-app-capable": "yes", "apple-mobile-web-app-status-bar-style": "#0b1d2e", "apple-mobile-web-app-title": "extratv.com", "msapplication-TileImage": "https://static.extratv.com/extra-web/icons/msapplication-tile-image-310x310-v1.png", "msapplication-TileColor": "#0b1d2e", "msapplication-starturl": "https://extratv.com/?adid=IE9pin", "msapplication-navbutton-color": "#0b1d2e", "msapplication-window": "width=1024;height=768", "msapplication-tooltip": "Extra", "msapplication-task": "name=Photos;action-uri=https://extratv.com/photos/;icon-uri=https://static.extratv.com/extra-web/icons/favicon-32x32-v1.png"}, "movies": [], "publish_date": 1491429600.0, "source": "http://extratv.com", "summary": ""}