{"url": "https://www.etonline.com/news/215299_wissam_al_mana_pens_emotional_message_to_janet_jackson_following_split", "text": "Wissam Al Mana has love for Janet Jackson.\n\nLess than a week after news broke that the two were separating after five years of marriage, the Qatari billionaire penned a message dedicated to his ex on his website.\n\n\n\nWATCH: Janet Jackson Doing Well After Wissam Al Mana Split: 'She's So Happy With Her Baby'\n\n\"To the most beautiful person in the world, thank you for your divine love, your eternal support and for being my best friend,\" the post, accompanied with a black-and-white photo of the pop icon, read. \"I love you so much, inshallah we will be together in the Great Forever x.\"\n\nEarlier this week, a source close to the Jackson family told ET that the 50-year-old singer is doing well despite the breakup.\n\n\n\nWATCH: Janet Jackson Shares First Photo of Baby Eissa\n\nShe shared the first pic of her and Al Mana's son, Eissa, over Instagram on Friday, captioning it, \"My baby and me after nap time.\"\n\nHear more on their split in the video below.", "images": ["https://www.etonline.com/sites/default/files/styles/max_1280x720/public/images/2017-04/et_janetjackson_041517_1280.jpg?itok=7roV-bGw", "https://www.etonline.com/sites/default/files/styles/60x60/public/images/2020-11/holiday_masks.jpg?h=c673cd1c&itok=vtvTZs3a", "https://www.etonline.com/sites/default/files/styles/60x60/public/images/2020-11/oprah_favorite_things_2020_home_gifts_1280.jpg?h=c673cd1c&itok=SmLcja17", "data:image/gif;base64,R0lGODlhAQABAAAAACwAAAAAAQABAAA="], "top_img": "https://www.etonline.com/sites/default/files/styles/max_1280x720/public/images/2017-04/et_janetjackson_041517_1280.jpg?itok=7roV-bGw", "keywords": [], "authors": ["Desiree Murphy"], "canonical_link": "https://www.etonline.com/news/215299_wissam_al_mana_pens_emotional_message_to_janet_jackson_following_split", "title": "Wissam Al Mana Pens Emotional Message to Janet Jackson Following Split", "meta_data": {"article": {"opinion": "false"}, "title": "Wissam Al Mana Pens Emotional Message to Janet Jackson Following Split | Entertainment Tonight", "og": {"site_name": "Entertainment Tonight", "type": "Article", "url": "https://www.etonline.com/news/215299_wissam_al_mana_pens_emotional_message_to_janet_jackson_following_split", "title": "Wissam Al Mana Pens Emotional Message to Janet Jackson Following Split", "description": "The Qatari billionaire calls the 50-year-old singer 'the most beautiful person in the world.'", "image": {"identifier": "https://www.etonline.com/sites/default/files/styles/max_1280x720/public/images/2017-04/et_janetjackson_041517_1280.jpg?itok=7roV-bGw", "width": 1280, "height": 720}}, "fb": {"pages": 106843036179, "admins": 3111204, "app_id": 145337045558621}, "robots": "index", "apple-mobile-web-app-capable": "yes", "twitter": {"card": "summary_large_image", "description": "The Qatari billionaire calls the 50-year-old singer 'the most beautiful person in the world.'", "site": {"identifier": "@etnow", "id": 23603092}, "title": "Wissam Al Mana Pens Emotional Message to Janet Jackson Following Split", "creator": "Desiree Murphy", "url": "https://www.etonline.com/news/215299_wissam_al_mana_pens_emotional_message_to_janet_jackson_following_split", "image": "https://www.etonline.com/sites/default/files/styles/max_1280x720/public/images/2017-04/et_janetjackson_041517_1280.jpg?itok=7roV-bGw"}, "description": "The Qatari billionaire calls the 50-year-old singer 'the most beautiful person in the world.'", "msvalidate.01": "DC10472F438B55F3A58638BC31271706", "google-site-verification": "hKpIt34FKZ_qMU81xUdLUw2YzuyZY1pS76p0622Hc7w", "keywords": "News, Janet Jackson", "Generator": "Drupal 8 (https://www.drupal.org)", "MobileOptimized": "width", "HandheldFriendly": "true", "viewport": "width=device-width, initial-scale=1.0, minimum-scale=1.0"}, "movies": [], "publish_date": null, "source": "https://www.etonline.com", "summary": ""}