{"url": "www.contactmusic.com/katie-holmes/news/katie-holmes-and-jamie-foxx-steal-a-secret-getaway-to-mexico-together_5514331", "text": "Notoriously private couple Katie Holmes and Jamie Foxx have reportedly spent a few days together on a secret getaway in Mexico just before the actress\u2019 birthday. The pair travelled together without Katie\u2019s young daughter, Suri before the ex-wife of Tom Cruise turned 38 last weekend.\n\nKatie Holmes reportedly flew to Mexico with her beau, Jamie Foxx, for a birthday getaway\n\nUS Weekly reported that Foxx, 49, and Holmes flew to Cabo, San Lucas in a private jet on Friday (16 December) morning with just the two of them and two pilots.\n\nA source said of their trip: \"They stayed in one of the most private suites at the hotel, separate from other guests and entered by a small path.\n\nMORE: Katie Holmes Reportedly Keeping Jamie Foxx Relationship Secret Because Of \"Clause\" In Tom Cruise Divorce\n\n\"They wanted to be very discreet and had everything delivered to their room and taken care of by a personal butler.\"\n\nThe surprise couple began quietly dating in 2013 and neither party has ever confirmed the romance.\n\nHowever, a friend of Foxx, Claudia Jordan - a former Real Housewives of Atlanta star - let slip about the couple in June and said: \"He is very happy with her. I love that she seems very happy.\"\n\nMORE: Katie Holmes Sets Herself A Motherhood Curfew On Nights Out\n\nBut this comment was quickly retracted and she claimed that she had \"misspoke\".\n\nHolmes shares 10-year-old daughter, Suri, with Tom Cruise who she was married to from 2006 to 2012.\n\nFoxx has two daughters, Corinne, 22, and Annalise, eight, from previous relationships.", "images": ["https://images.contactmusic.com/images/home/homepage/woman-in-gold-frh.jpg", "https://images.contactmusic.com/newsimages/katie_holmes_2123554.jpg", "https://www.contactmusic.com/pics/sn/20150602/020615_2015_cfda_awards/2015-cfda-fashion-awards_4759643.jpg", "https://images.contactmusic.com/newsimages/katie_holmes_2039381.jpg", "https://www.contactmusic.com/images/m4vstill/days-and-nights640.jpg", "https://images.contactmusic.com/newsimages/katie_holmes_936333.jpg", "https://www.contactmusic.com/pics/sn/20160908/katie_holmes_090916_01/arva-madison-grand-opening-in_5378173.jpg", "https://images.contactmusic.com/images/home/homepage/touched-with-fire-trlr-920.jpg", "https://images.contactmusic.com/images/home/homepage/beyond-clueless-frh_1.jpg", "https://www.contactmusic.com/pics/sn/20170816/170817_the_tick_premiere/new-york-premiere-of-the_5790656.jpg", "https://images.contactmusic.com/newsimages/katie_holmes_2113360.jpg", "http://www.contactmusic.com/pics/ln/20160908/katie_holmes_090916_01/arva-madison-grand-opening-in_5378173.jpg", "https://www.contactmusic.com/pics/sn/20170816/170817_the_tick_premiere/new-york-premiere-of-the_5790654.jpg", "https://images.contactmusic.com/newsimages/katie_holmes_2109555.jpg", "https://images.contactmusic.com/images/home/homepage/logan-lucky-trlr-920.jpg", "https://www.contactmusic.com/m4vstill/images/m4vstill/touched-with-fire-trlr-920.jpg", "https://www.contactmusic.com/pics/sn/20151204/041215_ocean_drive_magazine_hosts_art_of_the_party/katie-holmes-hosts-ocean-drive_5054323.jpg", "https://www.contactmusic.com/images/m4vstill/miss-meadows-trailer640.jpg", "https://images.contactmusic.com/newsimages/katie_holmes_956027.jpg", "https://images.contactmusic.com/images/home/homepage/woman-in-gold-ryan-reynolds-katie-holmes-636-380.jpg", "https://www.contactmusic.com/images/reviews2/the-giver-fr-636-380.jpg", "https://www.contactmusic.com/pics/sn/20160419/tribeca_film_fest_chanel_dinner_190416_main/2016-tribeca-film-festival_5219170.jpg", "https://images.contactmusic.com/images/home/homepage/logan-lucky-fr-700-420.jpg", "https://images.contactmusic.com/newsimages/katie_holmes_2096071.jpg", "http://assets.pinterest.com/images/pidgets/pinit_fg_en_round_red_16.png", "https://www.contactmusic.com/pics/ln/20160908/katie_holmes_090916_01/arva-madison-grand-opening-in_5378173.jpg"], "top_img": "http://www.contactmusic.com/pics/ln/20160908/katie_holmes_090916_01/arva-madison-grand-opening-in_5378173.jpg", "keywords": [], "authors": [], "canonical_link": "https://www.contactmusic.com/katie-holmes/news/katie-holmes-and-jamie-foxx-steal-a-secret-getaway-to-mexico-together_5514331", "title": "Katie Holmes And Jamie Foxx Steal A Secret Getaway To Mexico Together", "meta_data": {"viewport": "width=device-width, initial-scale=1.0, maximum-scale=1.0, user-scalable=no", "og": {"site_name": "Contactmusic.com", "locale": {"identifier": "en_US", "alternate": "en_GB"}, "type": "article", "image": "http://www.contactmusic.com/pics/ln/20160908/katie_holmes_090916_01/arva-madison-grand-opening-in_5378173.jpg", "url": "https://www.contactmusic.com/katie-holmes/news/katie-holmes-and-jamie-foxx-steal-a-secret-getaway-to-mexico-together_5514331", "title": "Katie Holmes And Jamie Foxx Steal A Secret Getaway To Mexico Together", "description": "The private couple have been reportedly dating since 2013"}, "fb": {"app_id": 484194351689370, "pages": 89728665371}, "article": {"publisher": "https://www.facebook.com/Contactmusic.com", "published_time": "2016-12-19T20:00:00+00:00", "modified_time": "2016-12-19T20:15:01+00:00"}, "news_keywords": "mexico,  getaway,  holiday,  secret,  relationship,  cabo,  couple,  daughter", "keywords": "Headline,Katie Holmes,Jamie Foxx,News,Story,Article", "description": "Notoriously private couple Katie Holmes and Jamie Foxx have reportedly spent a few days together on a secret getaway in Mexico just before the actress\u2019 birthday. The pair travelled together without Katie\u2019s young daughter, Suri before the ex-wife of Tom...", "dc": {"title": "Katie Holmes And Jamie Foxx Steal A Secret Getaway To Mexico Together"}, "sioc": {"num_replies": 0}, "x": 89728665371, "msvalidate.01": "6799AB310F15EC09413DD4C01C5F36E6", "wot-verification": "7dd3029245d6c8b4d746", "classification": "Arts, Entertainment, News and Media"}, "movies": [], "publish_date": 1482177600.0, "source": "http://www.contactmusic.com", "summary": ""}