{"url": "www.marieclaire.com/celebrity/a20194892/selena-gomez-secret-message-justin-bieber-back-to-you/", "text": "Selena Gomez and Justin Bieber's love story is still going. The chronically on-again, off-again couple are taking time apart, but are reportedly still thinking about each other very much.\n\nThis week, Gomez has been teasing the release of her new single, \"Back to You,\" which will appear on the 13 Reasons Why Season 2 soundtrack. In her latest tease for the track, the singer shared a very suggestive caption: \"I wanna hold you when I\u2019m not supposed to\u2026\"\n\nTo some, the caption seems like it just *might* be a lyric from the song.\n\nThis content is imported from Instagram. You may be able to find the same content in another format, or you may be able to find more information, at their web site.\n\nAccording to HollywoodLife, Gomez still cares about her ex, and \"she thinks about him all the time.\"\n\nEarlier this week, a source close to the \"Bad Liar\" singer reportedly told the gossip site, \"Selena still cares for Justin very deeply. He will always be her first real love, and she thinks about him all the time....Selena thinks he is one of the most talented guys she has ever known, and she listens to his music almost every day. Even though things between them aren't perfect right now, hearing his songs keeps him close to her heart.\"\n\nSplash News\n\nThis wouldn't be the first time the exes had sent each other (not-so) secret signals in recent months. In March, just after news of their most recent split, Gomez was photographed wearing a shirt that read \"Never Underestimate the Power of a Woman,\" which many interpreted as a message for Bieber. Then, in April, Bieber posted a slew of workout pics that some thought were intended for Gomez.\n\nIf the caption is a lyric from the track and the lyric is about Bieber, it certainly wouldn't be the first time the singers had shared their story through song.\n\nKayleigh Roberts Contributor Kayleigh Roberts is the weekend editor at Marie Claire, covering celebrity and entertainment news, from actual royals like Kate Middleton and Meghan Markle to Hollywood royalty, like Katie Holmes and Chrissy Teigen.\n\nThis content is created and maintained by a third party, and imported onto this page to help users provide their email addresses. You may be able to find more information about this and similar content at piano.io", "images": ["data:image/gif;base64,R0lGODlhAQABAIAAAAAAAP///yH5BAEAAAAALAAAAAABAAEAAAIBRAA7", "https://hips.hearstapps.com/hmg-prod.s3.amazonaws.com/images/selena-justin-1525711431.jpg?crop=1.00xw:1.00xh;0,0&resize=1200:*"], "top_img": "https://hips.hearstapps.com/hmg-prod.s3.amazonaws.com/images/selena-justin-1525711431.jpg?crop=1.00xw:1.00xh;0,0&resize=1200:*", "keywords": [], "authors": ["Kayleigh Roberts", "Kayleigh Roberts Is The Weekend Editor At Marie Claire", "Covering Celebrity", "Entertainment News", "Actual Royals Like Kate Middleton", "Meghan Markle To Hollywood Royalty", "Like Katie Holmes", "Chrissy Teigen."], "canonical_link": "https://www.marieclaire.com/celebrity/a20194892/selena-gomez-secret-message-justin-bieber-back-to-you/", "title": "Selena Gomez May Have Sent a Secret Message to Justin Bieber in Her Latest Instagram", "meta_data": {"x-ua-compatible": "IE=edge,chrome=1", "viewport": "width=device-width,initial-scale=1,maximum-scale=6", "msapplication-tap-highlight": "no", "theme-color": "#EC008C", "og": {"type": "article", "site_name": "Marie Claire", "title": "Selena Gomez May Have Sent a Secret Message to Justin Bieber in Her Latest Instagram", "description": "The saga continues.", "url": "https://www.marieclaire.com/celebrity/a20194892/selena-gomez-secret-message-justin-bieber-back-to-you/", "image": {"identifier": "https://hips.hearstapps.com/hmg-prod.s3.amazonaws.com/images/selena-justin-1525711431.jpg?crop=1.00xw:1.00xh;0,0&resize=1200:*", "width": 1200, "height": 600}}, "fb": {"app_id": 128598260542816, "pages": 10799255126}, "article": {"publisher": "https://www.facebook.com/MarieClaire", "modified_time": "2018-05-07 04:44:34", "published_time": "2018-05-06 06:07:00", "section": "Celebrity", "opinion": "false"}, "twitter": {"site": "@marieclaire", "card": "summary_large_image", "image": "https://hips.hearstapps.com/hmg-prod.s3.amazonaws.com/images/selena-justin-1525711431.jpg?crop=1.00xw:1.00xh;0,0&resize=640:*"}, "google-site-verification": "21t3kl6tV4kpBdF4RZeyQAZd2D32Yzv-g9TAHaxCVvE", "title": "Selena Gomez Secret Message to Justin Bieber - Selena Gomez Instagram Message to Bieber", "description": "Selena Gomez's latest Instagram caption might be a secret message for Justin Bieber and a hint that her new song will be about him.", "keywords": "selena gomez, justin bieber, selena gomez secret message, selena gomez back to you, selena gomez justin bieber relationship, jelena", "auto-publish": "timely", "thumbnail": "https://hips.hearstapps.com/hmg-prod.s3.amazonaws.com/images/selena-justin-1525711431.jpg?crop=0.502xw:1.00xh;0,0&resize=320:*", "sailthru.contenttype": "standard-article", "sailthru.tags": "Celebrity,celebrity", "sailthru.date": "2018-05-06T18:07:00Z", "sailthru.image.full": "https://hips.hearstapps.com/hmg-prod.s3.amazonaws.com/images/selena-justin-1525711431.jpg?crop=1.00xw:1.00xh;0,0", "sailthru.image.thumb": "https://hips.hearstapps.com/hmg-prod.s3.amazonaws.com/images/selena-justin-1525711431.jpg?crop=0.502xw:1.00xh;0,0", "sailthru.socialtitle": "Selena Gomez May Have Sent a Secret Message to Justin Bieber in Her Latest Instagram", "m1": ".content-hed", "m2": ".content-dek p"}, "movies": [], "publish_date": 1525579620.0, "source": "http://www.marieclaire.com", "summary": ""}