{"url": "www.hollywoodreporter.com/video/nicole-kidman-all-her-stunning-looks-cannes-red-carpet-cannes-2017-1008129", "text": "Meghan Markle Reveals She Suffered a Miscarriage, ViacomCBS Cancels 'One Day at a Time' & More Top News | THR News\n\n<p>Meghan Markle reveals that she suffered a miscarriage this past summer, ViacomCBS cancels 'One Day at a Time' and Jimmy Kimmel takes shots at Donald Trump and Randy Quaid. Here are today's (11/25) stories. </p>", "images": ["https://static.hollywoodreporter.com/wp-content/uploads/2020/11/video-4096790-image-compressed.jpg", "https://static.hollywoodreporter.com/wp-content/uploads/2020/11/video-4097095-image-compressed.jpg", "https://static.hollywoodreporter.com/wp-content/uploads/2020/11/video-4097103-image-compressed.jpg", "https://static.hollywoodreporter.com/wp-content/uploads/2020/11/video-4096964-image-compressed.jpg", "https://static.hollywoodreporter.com/wp-content/uploads/2020/11/video-4097120-image-compressed.jpg", "https://static.hollywoodreporter.com/wp-content/uploads/2020/11/video-4097731-image-compressed.jpg", "http://b.scorecardresearch.com/p?c1=2&c2=7395269&cv=2.0&cj=1", "https://static.hollywoodreporter.com/wp-content/uploads/2020/11/video-4097530-image-compressed.jpg", "https://static.hollywoodreporter.com/wp-content/uploads/2020/11/video-4097649-image-compressed.jpg", "https://static.hollywoodreporter.com/wp-content/uploads/2020/11/video-4097048-image-compressed.jpg", "https://static.hollywoodreporter.com/wp-content/uploads/2020/11/video-4097559-image-compressed.jpg", "https://static.hollywoodreporter.com/wp-content/uploads/2020/11/video-4097528-image-compressed.jpg", "https://www.hollywoodreporter.com/assets/1606142862/images/brand/thr-logo-white.svg?5de16d88930168405795", "https://www.hollywoodreporter.com/assets/1606142862/images/brand/favicon.ico?5de16d88930168405795", "https://static.hollywoodreporter.com/wp-content/uploads/2020/11/video-4097241-image-compressed.jpg"], "top_img": "https://www.hollywoodreporter.com/assets/1606142862/images/brand/favicon.ico?5de16d88930168405795", "keywords": [], "authors": [], "canonical_link": "https://www.hollywoodreporter.com/video/nicole-kidman-all-her-stunning-looks-cannes-red-carpet-cannes-2017-1008129", "title": "Nicole Kidman: All Her Stunning Looks on the Cannes Red Carpet", "meta_data": {"viewport": "width=device-width", "sailthru.title": "Nicole Kidman: All Her Stunning Looks on the Cannes Red Carpet | Cannes 2017", "sailthru.description": "<p>Kidman stars in 'The Beguiled' and 'The Killing of a Sacred Deer' at this year's festival.</p>", "sailthru.vertical": "Movies", "sailthru.date": "2017-05-26 11:59:25"}, "movies": [], "publish_date": 1495792765.0, "source": "http://www.hollywoodreporter.com", "summary": ""}