{"url": "www.newidea.com.au/brad-pitt-wins-the-kids", "text": "With the custody battle between Brad Pitt and Angelina Jolie raging on, the couple's six children have 'turned their backs on their mum' and have chosen to live with dad, the National Enquirer reports.\n\nAccording to the US publication's sensational report, sources have claimed the Maleficent actress is 'freaking out.'\n\n'The kids are fed up with their mum's behaviour,' says a source. 'They want to move back in with their dad as soon as possible.'\n\n'The children can't stand the drama,' another friend dished to National Enquirer.", "images": ["http://www.newidea.com.au/media/31990/brad-pitt.jpg", "http://www.newidea.com.au/media/73139/ni4619_cover_nobc_bws.png?height=158", "http://www.newidea.com.au/Branding/NewIdea/images/enhanced-header-logo.svg", "http://www.newidea.com.au/Branding/NewIdea/images/brand-logo-footer-new.svg", "https://snowplow.swm.digital/i?e=se&se_ca=ping&tv=http-get-0.1.0&dtm=0&stm=0&tna=pac&p=web", "https://www.facebook.com/tr?id=2693548590922384&ev=PageView&noscript=1", "http://secure-gl.imrworldwide.com/cgi-bin/m?ci=au-pacmags&cg=0&cc=1&ts=noscript"], "top_img": "http://www.newidea.com.au/media/31990/brad-pitt.jpg", "keywords": [], "authors": ["Nikki Black", "Nikki Is Obsessed With All Things Celebrity", "Dreams She Is A Long-Lost Kardashian. You'Ll Find Her Binging Netflix'S Latest 'Must-Watch' Show With A Jar Of Nutella Her Side."], "canonical_link": "https://www.newidea.com.au/brad-pitt-wins-the-kids", "title": "US report: Brad Pitt wins the kids", "meta_data": {"language": "en-us", "description": "With the custody battle between Brad Pitt and Angelina Jolie raging on, the couple's six children have 'turned their backs on their mum' and have chosen to live with dad, the National Enquirer reports.", "news_keywords": "brad pitt, angelina jolie, brad and angelina, brad wins kids, Shiloh Nouvel Jolie Pitt, Maddox Chivan Jolie Pitt, Pax Thien Jolie Pitt, Vivienne Marcheline Jolie Pitt, Knox Leon Jolie Pitt, Zahara Marley Jolie Pitt, celeb news, celebrity news, latest celeb news, latest celebrity news, celeb goss, celebrity goss, latest celeb goss, latest cleebrity goss, gossip, brad and angelina divorce, brad and angelina custody, custody", "robots": "index, follow", "og": {"site_name": "New Idea", "type": "article", "url": "https://www.newidea.com.au/brad-pitt-wins-the-kids", "title": "'Brad wins the kids'", "description": "With the custody battle between Brad Pitt and Angelina Jolie raging on, the couple's six children have 'turned their backs on their mum' and have chosen to live with dad, the National Enquirer reports.", "image": {"identifier": "http://www.newidea.com.au/media/31990/brad-pitt.jpg", "width": 1500, "height": 800}}, "twitter": {"title": "US report: Brad Pitt wins the kids", "description": "With the custody battle between Brad Pitt and Angelina Jolie raging on, the couple's six children have 'turned their backs on their mum' and have chosen to live with dad, the National Enquirer reports.", "image": "http://www.newidea.com.au/media/31990/brad-pitt.jpg", "url": "https://www.newidea.com.au/brad-pitt-wins-the-kids"}, "fb": {"admins": 863618607005758, "pages": 140279489324860}, "msvalidate.01": "3BD3CB44DC500E9821E82E085D0F0D13", "viewport": "width=device-width, initial-scale=1.0"}, "movies": [], "publish_date": 1535066785.346, "source": "http://www.newidea.com.au", "summary": ""}