{"url": "radaronline.com/videos/gwen-stefani-loses-hearing-rupturing-eardrum/", "text": "Click to share on Twitter (Opens in new window)\n\nClick to share on Facebook (Opens in new window)\n\nTragic Gwen Stefani Loses Hearing After Rupturing Eardrum Medical experts say \u2018The Voice\u2019 coach could be facing serious consequences.\n\nPop songbird Gwen Stefani could end up deaf and wreck her fabulous singing career\n\nby performing too soon after rupturing her eardrum, say experts.\n\nDocs ordered the Voice coach not to sing or travel by plane after her career-threatening health crisis.\n\nBut The Sweet Escape singer insisted on belting out a tune on The Voice just a week later.\n\nHer beau and fellow coach, Blake Shelton, praised his platinum blond gal pal as \u201ctough,\u201d\n\n\u201cLoud music or singing could cause further damage and lead to partial or permanent deafness,\u201d\n\nsays New York internist Dr. Stuart Fischer, who has not treated the singer.\n\nThe mom of three\u2019s nightmare turned terrifyingly real on an April 25 flight from L.A. to Las Vegas, where she was to sing\n\nat the Keep Memory Alive\u2019s Power of Love gala. \u201cShe had a head cold, and the pressure in the cabin blew her eardrum out,\u201d says a source.\n\n\u201cIt happened so suddenly. She lost her hearing and landed in a hospital.\n\n\u201cI\u2019m sure she was terrified her career could be over!\u201d But just days later, Blake happily declared his babe \u201ccan hear now.\u201d", "images": ["https://i0.heartyhosting.com/radaronline.com/wp-content/uploads/2019/03/scandal-bg.jpg?fit=1440%2C210&ssl=1", "https://i0.heartyhosting.com/radaronline.com/wp-content/uploads/2019/03/logo-celebrity-news.png?ssl=1", "https://i0.heartyhosting.com/radaronline.com/wp-content/uploads/2019/03/reality-tv-bg.jpg?fit=1440%2C210&ssl=1", "https://i0.heartyhosting.com/radaronline.com/wp-content/uploads/2019/03/logo-scandal.png?fit=307%2C70&ssl=1", "https://i0.heartyhosting.com/radaronline.com/wp-content/uploads/2019/03/logo-true-crime-b.png?fit=357%2C70&ssl=1", "https://i0.heartyhosting.com/radaronline.com/wp-content/uploads/2019/03/logo-omg.png?fit=188%2C70&ssl=1", "https://i0.heartyhosting.com/radaronline.com/wp-content/uploads/2017/05/Gwen-stefani-loses-hearing-rupturing-eardrum-.jpg?resize=1200%2C630&ssl=1", "https://i0.heartyhosting.com/radaronline.com/wp-content/uploads/2019/03/celebrity-news-bg.jpg?fit=1440%2C210&ssl=1", "https://i0.heartyhosting.com/radaronline.com/wp-content/uploads/2020/02/KUWTK-Kim-Kardashian-Denies-Booed-Tristan-Thompson-NBA-Game-pp.jpg?w=384&crop=0%2C20px%2C384px%2C215px&resize=384%2C215&ssl=1", "https://i0.heartyhosting.com/radaronline.com/wp-content/uploads/2019/03/logo-fashion-police.png?fit=489%2C70&ssl=1", "https://i0.heartyhosting.com/radaronline.com/wp-content/uploads/2019/03/logo-celebrity-news-b.png?fit=495%2C70&ssl=1", "https://i0.heartyhosting.com/radaronline.com/wp-content/uploads/2020/11/meghan-miscarriage.jpeg?w=384&crop=0%2C20px%2C384px%2C215px&resize=384%2C215&ssl=1", "https://i0.heartyhosting.com/radaronline.com/wp-content/uploads/2019/03/logo-reality-tv.png?fit=370%2C70&ssl=1", "https://i0.heartyhosting.com/radaronline.com/wp-content/uploads/2020/11/bobby-bobby-jrjpeg.jpeg?w=384&crop=0%2C20px%2C384px%2C215px&resize=384%2C215&ssl=1", "https://radaronline.com/wp-content/themes/vip/am-radaronline/assets/build/images/icons/logo-tag-registered.svg", "https://radaronline.com/wp-content/themes/vip/am-radaronline/assets/build/images/icons/logo-tag-registered-green.svg", "https://i0.heartyhosting.com/radaronline.com/wp-content/uploads/2017/05/Gwen-stefani-loses-hearing-rupturing-eardrum-.jpg?resize=792%2C446&ssl=1", "https://i0.heartyhosting.com/radaronline.com/wp-content/uploads/2019/03/true-crime-bg.jpg?fit=1440%2C210&ssl=1", "https://i0.heartyhosting.com/radaronline.com/wp-content/uploads/2019/03/omg-bg.jpg?fit=1440%2C210&ssl=1", "https://i0.heartyhosting.com/radaronline.com/wp-content/uploads/2019/03/fashion-police-bg.jpg?fit=1440%2C210&ssl=1", "https://i0.heartyhosting.com/radaronline.com/wp-content/uploads/2020/11/miley-cyrus-sobriety.jpeg?w=384&crop=0%2C20px%2C384px%2C215px&resize=384%2C215&ssl=1"], "top_img": "https://i0.heartyhosting.com/radaronline.com/wp-content/uploads/2017/05/Gwen-stefani-loses-hearing-rupturing-eardrum-.jpg?resize=1200%2C630&ssl=1", "keywords": [], "authors": ["Rosa Sanchez", "May"], "canonical_link": "https://radaronline.com/videos/gwen-stefani-loses-hearing-rupturing-eardrum/", "title": "Tragic Gwen Stefani Loses Hearing After Rupturing Eardrum", "meta_data": {"viewport": "width=device-width, initial-scale=1.0", "fb": {"admins": 593583017, "app_id": 1008772232528225, "pages": 376279216711}, "theme-color": "#ffffff", "google-site-verification": "kONM_PqGX8Za53dFcExSTIIPZxxN_S4QtvDlONzzdA0", "description": "Songbird and 'The Voice' coach Gwen Stefani could be facing serious \u2013 possibly career-damaging \u2013 consequences, according to medical experts.", "robots": "index, follow, max-snippet:-1, max-image-preview:large, max-video-preview:-1", "og": {"locale": "en_US", "type": "article", "title": "Tragic Gwen Stefani Loses Hearing After Rupturing Eardrum", "description": "Songbird and 'The Voice' coach Gwen Stefani could be facing serious \u2013 possibly career-damaging \u2013 consequences, according to medical experts.", "url": "https://radaronline.com/videos/gwen-stefani-loses-hearing-rupturing-eardrum/", "site_name": "RadarOnline", "updated_time": "2017-05-23T16:14:24+00:00", "image": {"identifier": "https://i0.heartyhosting.com/radaronline.com/wp-content/uploads/2017/05/Gwen-stefani-loses-hearing-rupturing-eardrum-.jpg?resize=1200%2C630&ssl=1", "secure_url": "https://i0.heartyhosting.com/radaronline.com/wp-content/uploads/2017/05/Gwen-stefani-loses-hearing-rupturing-eardrum-.jpg?resize=1200%2C630&ssl=1", "width": 1200, "height": 630}}, "article": {"published_time": "2017-05-23T16:14:24+00:00"}, "twitter": {"card": "summary_large_image", "title": "Tragic Gwen Stefani Loses Hearing After Rupturing Eardrum", "description": "Songbird and 'The Voice' coach Gwen Stefani could be facing serious \u2013 possibly career-damaging \u2013 consequences, according to medical experts.", "image": "https://i0.heartyhosting.com/radaronline.com/wp-content/uploads/2017/05/Gwen-stefani-loses-hearing-rupturing-eardrum-.jpg?resize=1200%2C630&ssl=1"}, "news_keywords": "Gwen Stefani", "generator": "WordPress 5.5.3"}, "movies": [], "publish_date": 1495556064.0, "source": "http://radaronline.com", "summary": ""}