{"url": "hollywoodlife.com/2018/08/15/kris-jenner-reacts-kanye-west-wants-sex-with-kim-kardashian-sisters-xtcy-song/", "text": "In Kanye West\u2019s latest single he raps about wanting to smash on wife Kim Kardashian\u2019s sisters. We\u2019ve got her mom Kris Jenner\u2019s reaction to Yeezy\u2019s wild new song.\n\nKanye West\u2018s epic appearance on Jimmy Kimmel Live last week apparently wasn\u2019t enough to satisfy his urge for people to keep talking about him. On Aug. 11 he released the song \u201cXTCY\u201d where not only did he rap about the club drug, he also rhymed about how much he fantasized about having sex with wife Kim Kardashian\u2018s four hot sisters. TMZ caught up with the ladies\u2019 mom Kris Jenner, 62, on Aug. 15 and got her take on her son in law\u2019s creepy desires. As usual, Kris totally played things like a pro to make sure no one in her family came off looking bad.\n\n\u201cKris, what did you think when you heard Kanye\u2019s new song about having fantasies about his sisters in law? What was going through your mind Kris? Was that just more of that crazy Kanye talk?\u201d A TMZ cameraman asked as the Kar-Jenner matriarch was leaving Nate and Al\u2019s Deli in Beverly Hills with her mom MJ. A black tracksuit clad Kris smiled and responded \u201cI love Kanye\u201d while helping her ma into an awaiting car.\n\nThat cameraman was persistent! He kept pressing on hard to get a better response out of Kris, but she is so damn media savvy that there was no way she was giving up a good soundbite. \u201cDo you believe him? Do you actually think he\u2019s thinking about them?\u201d the shutterbug asked Kris. She just smiled and said \u201cHi Harvey,\u201d referring to TMZ founder and chief Harvey Levin, who she is close friends with. The photog started to ask another angle to the question but Kris closed the door and the shutterbug ended up trailing off in laughter at how masterfully Kris has played him. She\u2019s such a boss!\n\nIn \u201cXTCY,\u201d Kanye rapped \u201cYou got sick thoughts? I got more of \u2019em/You got a sister-in-law you\u2019d smash? I got four of \u2019em/\n\nDamn, those is your sisters/You did somethin\u2019 unholy to them pictures/Damn, you need to be locked up/Nah, we need a bigger hot tub.\u201d Yeah, that\u2019s a great big EWWWW to his wanting to hook up with Kardashians Kourtney, 39, Khloe, 34, and Jenner sisters Kendall, 22, and Kylie, 21.", "images": ["https://www.rollingstone.com/wp-content/uploads/2019/11/Surface-Pro-7.jpg?w=230&crop=1", "https://hollywoodlife.com/wp-content/uploads/2016/04/beth_shiliday.jpg?w=48", "https://tvline.com/wp-content/uploads/2020/11/swat-4x04-1.jpg?w=230&crop=1", "https://hollywoodlife.com/wp-content/uploads/2020/11/sport-bra-ftr.jpg?w=143&h=80&crop=1", "http://pixel.quantserve.com/pixel?a.1=p-6fKiDaopTGEQg&a.2=p-31f3D02tYU8zY", "https://hollywoodlife.com/wp-content/uploads/2018/08/kris-jenner-still-loves-kanye-west-even-if-he-wants-to-have-sex-with-kims-sisters-ftr.jpg", "https://stylecaster.com/wp-content/uploads/2020/11/rothys-black-friday-collection-copy.jpg?w=230&crop=1", "https://www.sheknows.com/wp-content/uploads/2020/10/what-a-free-thanksgiving-dinner-really-means-to-a-family-like-mine.jpg?w=230&crop=1", "https://sb.scorecardresearch.com/p?c1=2&c2=6035310&c3=&c4=&c5=&c6=&c15=&cv=2.0&cj=1", "https://hollywoodlife.com/wp-content/uploads/2020/07/kelsey-nicole-5-things-to-know-ap-images-ftr.jpg?w=143&h=80&crop=1", "https://footwearnews.com/wp-content/uploads/2020/11/vanessa-hudgens-crop-top-jeans.jpg?w=230&crop=1", "https://hollywoodlife.com/wp-content/uploads/2020/11/kourtney-kardashian-and-kylie-jenner-wasted-meme-ap-images-ftr.jpg?w=143&h=80&crop=1", "data:image/gif;base64,R0lGODlhAQABAIAAAAAAAP///yH5BAEAAAAALAAAAAABAAEAAAIBRAA7"], "top_img": "https://hollywoodlife.com/wp-content/uploads/2018/08/kris-jenner-still-loves-kanye-west-even-if-he-wants-to-have-sex-with-kims-sisters-ftr.jpg", "keywords": [], "authors": ["Beth Shilliday", "Kimberly Zapata", "Bella Gerard", "Matt Webb Mitovich", "Tim Chan", "Brandt Ranj", "Claudia Miller", "Senior Evening Writer"], "canonical_link": "https://hollywoodlife.com/2018/08/15/kris-jenner-reacts-kanye-west-wants-sex-with-kim-kardashian-sisters-xtcy-song/", "title": "Kris Jenner Still \u2018Loves\u2019 Kanye West\u2026 Even If He Wants To Have Sex With Kim\u2019s Sisters \u2014 Watch", "meta_data": {"description": "Kris Jenner isn't pissed about Kanye West rapping about wanting to have sex with Kim Kardashian's sisters. She says she 'loves' him.", "news_keywords": "Kanye West, Kris Jenner", "apple-itunes-app": "app-id=1400650284", "generator": "WordPress 5.5.2", "author": "Beth Shilliday", "theme-color": "#fff", "apple-mobile-web-app-capable": "yes", "mobile-web-app-capable": "yes", "apple-touch-fullscreen": "YES", "apple-mobile-web-app-title": "Hollywood Life", "application-name": "Hollywood Life", "fb": {"pages": 94724837471}, "ia": {"markup_url_dev": "https://hollywoodlife.com/2018/08/15/kris-jenner-reacts-kanye-west-wants-sex-with-kim-kardashian-sisters-xtcy-song/?ia_markup=1"}, "robots": "max-image-preview:large", "onesignal": "wordpress-plugin", "og": {"type": "article", "title": "Kris Jenner Still \u2018Loves\u2019 Kanye West\u2026 Even If He Wants To Have Sex With Kim\u2019s Sisters \u2014 Watch", "url": "https://hollywoodlife.com/2018/08/15/kris-jenner-reacts-kanye-west-wants-sex-with-kim-kardashian-sisters-xtcy-song/", "description": "In Kanye West\u2019s latest single he raps about wanting to smash on wife Kim Kardashian\u2019s sisters. We\u2019ve got her mom Kris Jenner\u2019s reaction to Yeezy\u2019s wild new song.", "site_name": "Hollywood Life", "image": {"identifier": "https://hollywoodlife.com/wp-content/uploads/2018/08/kris-jenner-still-loves-kanye-west-even-if-he-wants-to-have-sex-with-kims-sisters-ftr.jpg", "width": 620, "height": 350, "alt": "Kanye West And Kris Jenner"}, "locale": "en_US"}, "article": {"published_time": "2018-08-16T01:44:58+00:00", "modified_time": "2018-08-16T01:44:58+00:00"}, "twitter": {"text": {"title": "Kris Jenner Still \u2018Loves\u2019 Kanye West\u2026 Even If He Wants To Have Sex With Kim\u2019s Sisters \u2014 Watch"}, "image": {"identifier": "https://hollywoodlife.com/wp-content/uploads/2018/08/kris-jenner-still-loves-kanye-west-even-if-he-wants-to-have-sex-with-kims-sisters-ftr.jpg?w=620", "alt": "Kanye West And Kris Jenner"}, "card": "summary_large_image", "site": "@HollywoodLife", "title": "Kris Jenner Still \u2018Loves\u2019 Kanye West\u2026 Even If He Wants To Have Sex With Kim\u2019s Sisters \u2014 Watch", "description": "Kris Jenner isn't pissed about Kanye West rapping about wanting to have sex with Kim Kardashian's sisters. She says she 'loves' him."}, "msapplication-TileImage": "https://hollywoodlife.com/wp-content/uploads/2018/06/hl_logo.png?w=128"}, "movies": [], "publish_date": 1534284000.0, "source": "http://hollywoodlife.com", "summary": ""}