{"url": "www.eonline.com/news/894726/5-times-the-kardashians-expertly-avoided-confirming-kylie-jenner-and-khloe-kardashian-s-rumored-pregnancies", "text": "There's been quite a bit of baby talk circulating Khloe Kardashian and Kylie Jenner lately...but none of it has actually come from them!\n\nWhile Kim Kardashian has confirmed she's expecting baby No. 3 (another girl!) via surrogate, both Kylie and Khloe have stayed mum on the topic their rumored pregnancies, and they've made their family members promise to do the same.\n\nIn fact, Kim joined The Ellen Show earlier this week and revealed that they have a family group chat in which they discuss all the rumors swirling around them. That's also where they decide when each person will speak out about whatever rumor pertains to them.", "images": ["https://akns-images.eonline.com/eol_images/Entire_Site/20171015/rs_600x600-171115072516-600-dashian-mk111517.jpg?fit=around%7C1080:1080&output-quality=90&crop=1080:1080;center,top"], "top_img": "https://akns-images.eonline.com/eol_images/Entire_Site/20171015/rs_600x600-171115072516-600-dashian-mk111517.jpg?fit=around%7C1080:1080&output-quality=90&crop=1080:1080;center,top", "keywords": [], "authors": [], "canonical_link": "https://www.eonline.com/news/894726/5-times-the-kardashians-expertly-avoided-confirming-kylie-jenner-and-khloe-kardashian-s-rumored-pregnancies", "title": "5 Times the Kardashians Avoided Discussing Kylie & Khloe's Pregnancies", "meta_data": {"viewport": "width=device-width, initial-scale=1, maximum-scale=1, user-scalable=0", "google-site-verification": "jOadQCDbZTkKw5sn27yXszjIb9c3PdMPHENN92uPWy8", "msvalidate.01": "564B986CE3CECCAE84779191BEC6B755", "fb": {"admins": 10101649, "pages": 1387539234854280, "app_id": 195662528604}, "og": {"title": "5 Times the Kardashians Expertly Avoided Confirming Kylie Jenner and Khloe Kardashian's Rumored Pregnancies - E! Online", "type": "article", "url": "https://www.eonline.com/news/894726/5-times-the-kardashians-expertly-avoided-confirming-kylie-jenner-and-khloe-kardashian-s-rumored-pregnancies", "site_name": "E! Online", "description": "Kim Kardsahian, Kris Jenner and Kendall Jenner have all been put on the spot about the baby news", "locale": "en_US", "image": {"identifier": "https://akns-images.eonline.com/eol_images/Entire_Site/20171015/rs_600x600-171115072516-600-dashian-mk111517.jpg?fit=around%7C1080:1080&output-quality=90&crop=1080:1080;center,top", "width": 1080, "height": 1080}}, "article": {"tag": "pregnancies,kardashian_news,kylie_jenner,khloe_kardashian", "published_time": "Fri Nov 17 20:46:23 GMT+0 2017", "modified_time": "Fri Nov 17 20:46:20 GMT+0 2017", "content_tier": "free", "opinion": "false"}, "description": "Kim Kardsahian, Kris Jenner and Kendall Jenner have all been put on the spot about the baby news", "twitter": {"card": "summary_large_image", "site": "https://twitter.com/eonline", "title": "5 Times the Kardashians Expertly Avoided Confirming Kylie Jenner and Khloe Kardashian's Rumored Pregnancies - E! Online", "description": "Kim Kardsahian, Kris Jenner and Kendall Jenner have all been put on the spot about the baby news", "image": "https://akns-images.eonline.com/eol_images/Entire_Site/20171015/rs_600x600-171115072516-600-dashian-mk111517.jpg?fit=around%7C1080:540&output-quality=90&crop=1080:540;center,top", "url": "https://www.eonline.com/news/894726/5-times-the-kardashians-expertly-avoided-confirming-kylie-jenner-and-khloe-kardashian-s-rumored-pregnancies"}, "sailthru.contenttype": "news", "sailthru.cid": 894726, "sailthru.ed.cid": "us_894726", "sailthru.edition": "us", "sailthru.image.full": "https://akns-images.eonline.com/eol_images/Entire_Site/20171015/rs_600x600-171115072516-600-dashian-mk111517.jpg?fit=around%7C1080:1080&output-quality=90&crop=1080:1080;center,top", "sailthru.date": "2017 11 17 20:46:23", "sailthru.title": "5 Times the Kardashians Expertly Avoided Confirming Kylie Jenner and Khloe Kardashian's Rumored Pregnancies", "sailthru.tags": "pregnancies,kardashian_news,kylie_jenner,khloe_kardashian", "robots": "max-image-preview:large"}, "movies": [], "publish_date": 1510951583.0, "source": "http://www.eonline.com", "summary": ""}