{"url": "https://www.celebsnow.co.uk/celebrity-news/orlando-bloom-finally-say-naked-paddle-boarding-photos-katy-perry-658781", "text": "The excitement about these snaps certainly shocked Orlando...\n\nOrlando Bloom has broken his silence on THAT naked paddle boarding incident and he\u2019s still pretty much in shock over it.\n\nThe actor was infamously snapped with his bits out whilst out on the coast of Sardinia with then-girlfriend Katy Perry last August and the photos quickly caused hysteria across the internet.\n\nREAD MORE CELEB NEWS\n\nOrlando Bloom isn\u2019t the only A-lister who loves TOWIE\u2026\n\nNo-one was more surprised about this then Orlando himself though, it seems.\n\n\u2018It was extremely surprising,\u2019 the 40-year-old says. \u2018I wouldn\u2019t have put myself in that position if I\u2019d thought it would happen.\u2019\n\nThat puts paid to accusations that the whole thing could have been a publicity stunt.\n\nOrlando insists that he had no idea the intimate moment was being photographed as he and Katy, 32, had enjoyed an otherwise peaceful holiday.\n\n\u2018I\u2019ve been photographed a million times in a million ways. I have a good radar,\u2019 he explains.\n\n\u2018We\u2019d been completely alone for five days. Nothing around us. There was no way anyone could get anything. So I had a moment of feeling free.\u2019\n\nEr, VERY free we\u2019ll say. Luckily Orlando doesn\u2019t seem to have taken the whole episode to heart.\n\nWhen asked if there were double standards involved in the excitement over the pictures \u2013 given that similar photos of a woman might have caused uproar \u2013 the actor says: \u2018I didn\u2019t take it that deep, darlin\u2019.\n\n\u2018What can I tell you? Note to self: you\u2019re never free. Ha!\u2019\n\nObviously since the photos were taken Orlando and Katy have sadly split, having confirmed that they\u2019d parted ways last month, but there\u2019s no animosity between them. In fact Orlando says they\u2019re still good mates.\n\n\u2018We\u2019re friends,\u2019 he tells Elle magazine. \u2018It\u2019s good. We\u2019re all grown-up.\n\n\u2018She happens to be someone who is very visible, but I don\u2019t think anybody cares what I\u2019m up to. Nor should they. It\u2019s between us.\n\n\u2018It\u2019s better to set an example for kids and show that [break-ups] don\u2019t have to be about hate.\u2019\n\nOrlando has a similarly good relationship with ex-wife Miranda Kerr, with whom he has six-year-old son Flynn.\n\n\u2018With Miranda, there was a sense that I don\u2019t want my son to go back through the internet where people have made up lies [about us],\u2019 he explains.\n\n\u2018Miranda and I have a remarkable relationship. We co-parent really well.\u2019\n\nGood to hear, Orlando.", "images": ["https://keyassets-p2.timeincuk.net/wp/prod/wp-content/uploads/sites/30/2015/12/now-small-logox@2.png?v=7770314446351835136", "https://keyassets-p2.timeincuk.net/wp/prod/wp-content/uploads/sites/30/2016/02/Anna-Francis-150x150.jpg", "https://keyassets-p2.timeincuk.net/wp/prod/wp-content/uploads/sites/30/2016/01/Untitled-1.png?v=7770314446351835136", "https://keyassets-p2.timeincuk.net/wp/prod/wp-content/uploads/sites/30/2015/12/Celebs-Now-ACTUAL-web.jpg", "https://keyassets-p2.timeincuk.net/wp/prod/wp-content/uploads/sites/30/2015/12/now-logox@2.png?v=7770314446351835136", "https://keyassets-p2.timeincuk.net/wp/prod/wp-content/uploads/sites/30/2017/04/Orlando-Bloom.jpg", "https://keyassets-p2.timeincuk.net/wp/prod/wp-content/uploads/sites/30/2015/12/now-logo.png?v=7770314446351835136", "https://keyassets-p2.timeincuk.net/wp/prod/wp-content/uploads/sites/30/2015/04/now-join-us-now.gif"], "top_img": "https://keyassets-p2.timeincuk.net/wp/prod/wp-content/uploads/sites/30/2017/04/Orlando-Bloom.jpg", "keywords": [], "authors": ["Anna Francis"], "canonical_link": "https://www.celebsnow.co.uk/latest-celebrity-news/orlando-bloom-finally-say-naked-paddle-boarding-photos-katy-perry-658781", "title": "Orlando Bloom opens up on naked paddle boarding photos with Katy Perry", "meta_data": {"viewport": "width=device-width, initial-scale=1.0", "description": "Orlando Bloom broke the internet when photos of him paddle boarding naked with Katy Perry emerged and he certainly caught him by surprise", "og": {"locale": "en_US", "type": "article", "title": "Orlando Bloom opens up on naked paddle boarding photos with Katy Perry", "description": "Orlando Bloom broke the internet when photos of him paddle boarding naked with Katy Perry emerged and he certainly caught him by surprise", "url": "https://www.celebsnow.co.uk/latest-celebrity-news/orlando-bloom-finally-say-naked-paddle-boarding-photos-katy-perry-658781", "site_name": "CelebsNow", "image": {"identifier": "https://keyassets-p2.timeincuk.net/wp/prod/wp-content/uploads/sites/30/2017/04/Orlando-Bloom.jpg", "secure_url": "https://keyassets-p2.timeincuk.net/wp/prod/wp-content/uploads/sites/30/2017/04/Orlando-Bloom.jpg", "width": 630, "height": 840}}, "article": {"publisher": "https://www.facebook.com/NowMag", "tag": "Orlando Bloom", "section": "Latest Celebrity News", "published_time": "2017-04-12T08:44:54+01:00"}, "twitter": {"image0": "https://keyassets-p2.timeincuk.net/wp/prod/wp-content/uploads/sites/30/2016/09/Orlando-Bloom-2-630x473.jpg", "image1": "https://keyassets-p2.timeincuk.net/wp/prod/wp-content/uploads/sites/30/2016/07/0-KATY-AND-ORLANDO-630-623x830.jpg", "image2": "https://keyassets-p2.timeincuk.net/wp/prod/wp-content/uploads/sites/30/2017/04/Orlando-Bloom-623x830.jpg", "card": "summary", "description": "Orlando Bloom broke the internet when photos of him paddle boarding naked with Katy Perry emerged and he certainly caught him by surprise", "title": "Orlando Bloom opens up on naked paddle boarding photos with Katy Perry", "site": "@celebsnow", "image": "https://keyassets-p2.timeincuk.net/wp/prod/wp-content/uploads/sites/30/2017/04/Orlando-Bloom.jpg", "creator": "@celebsnow"}, "fb": {"pages": 267087179034}, "application-name": "CelebsNow", "msapplication-tooltip": "The latest celebrity news from the Now Magazine team", "msapplication-starturl": "https://www.celebsnow.co.uk", "msapplication-TileImage": "https://keyassets-p2.timeincuk.net/wp/prod/wp-content/uploads/sites/30/2015/05/now-touch-logo.jpg"}, "movies": [], "publish_date": 1491983094.0, "source": "https://www.celebsnow.co.uk", "summary": ""}