{"url": "bobbybones.iheart.com/content/2018-04-11-suri-cruise-is-turning-12-and-looks-just-like-mom-katie-holmes/", "text": "On April 18, 2006, Tom Cruise and Katie Holmes gave birth to a little girl at a Santa Monica, California hospital. They named their daughter Suri, which Tom believed meant \"red rose\" in Persian and \"princess\" in Hebrew, but some linguists say it actually means \"from Syria\" in Hebrew.\n\nThe press had been aware of Suri's upcoming arrival for months with headlines about Katie's pregnancy and relationship with Tom on the covers of many gossip magazines. Among the stories was that Tom allegedly bought an expensive sonogram machine so he and Holmes could track Suri's development.\n\nOnce Suri was born, the paparazzi struggled to get a shot of the baby, but it was Vanity Fair that scored the first official photo of Suri, selling 70,000 copies of the issue that had the pic on its cover.", "images": ["https://i.iheart.com/v3/re/new_assets/f79fc341-a979-4863-81b0-eea1ddc6e07b?ops=resize(900,506),quality(10)", "https://i.iheart.com/v3/re/new_assets/5ace56ae3a9974e4984c14fd?ops=gravity(%22north%22),fit(740,416),quality(65)", "https://i.iheart.com/v3/re/assets.brands/5e94dca3baab4d6f4b5b9af2?ops=gravity(\"center\"),maxcontain(150,52),quality(80)"], "top_img": "https://i.iheart.com/v3/re/new_assets/5ace56ae3a9974e4984c14fd?ops=gravity(%22north%22),fit(740,416),quality(65)", "keywords": [], "authors": ["Dave Basner"], "canonical_link": "https://www.iheart.com/content/2018-04-11-suri-cruise-is-turning-12-and-looks-just-like-mom-katie-holmes/", "title": "Suri Cruise Is Turning 12 And Looks Just Like Mom Katie Holmes", "meta_data": {"viewport": "width=device-width, initial-scale=1.0", "description": "Tom Cruise and Katie Holmes' daughter is growing up so quickly and with each day looks more and more like her mother.", "thumbnail": "https://i.iheart.com/v3/re/new_assets/5ace56ae3a9974e4984c14fd?ops=gravity(%22north%22),fit(740,416),quality(65)", "keywords": "bobby bones, Bobby, country, Amy, Lunchbox, Eddie, morning show, Suri Cruise, Katie Holmes, Tom Cruise, jamie foxx, bobby bones, Bobby, country, Amy, Lunchbox, Eddie, morning show, Suri Cruise, Katie Holmes, Tom Cruise, jamie foxx", "og": {"title": "Suri Cruise Is Turning 12 And Looks Just Like Mom Katie Holmes | The Bobby Bones Show", "type": "article", "image": {"identifier": "https://i.iheart.com/v3/re/new_assets/5ace56ae3a9974e4984c14fd?ops=gravity(%22north%22),fit(740,416),quality(65)", "width": 740, "height": 416}, "url": "https://bobbybones.iheart.com/content/2018-04-11-suri-cruise-is-turning-12-and-looks-just-like-mom-katie-holmes/", "description": "Tom Cruise and Katie Holmes' daughter is growing up so quickly and with each day looks more and more like her mother.", "locale": "en_us", "site_name": "The Bobby Bones Show"}, "twitter": {"card": "summary_large_image", "url": "https://bobbybones.iheart.com/content/2018-04-11-suri-cruise-is-turning-12-and-looks-just-like-mom-katie-holmes/", "site": "@bobbybonesshow", "creator": "@bobbybonesshow", "title": "Suri Cruise Is Turning 12 And Looks Just Like Mom Katie Holmes | The Bobby Bones Show", "image": "https://i.iheart.com/v3/re/new_assets/5ace56ae3a9974e4984c14fd?ops=gravity(%22north%22),fit(740,416),quality(65)", "description": "Tom Cruise and Katie Holmes' daughter is growing up so quickly and with each day looks more and more like her mother.", "domain": "bobbybones.iheart.com"}, "parsely-title": "Suri Cruise Is Turning 12 And Looks Just Like Mom Katie Holmes | The Bobby Bones Show", "parsely-link": "https://www.iheart.com/content/2018-04-11-suri-cruise-is-turning-12-and-looks-just-like-mom-katie-holmes/", "parsely-image-url": "https://i.iheart.com/v3/re/new_assets/5ace56ae3a9974e4984c14fd?ops=gravity(%22north%22),fit(740,416),quality(65)", "parsely-tags": "bobby bones, Bobby, country, Amy, Lunchbox, Eddie, morning show, Suri Cruise, Katie Holmes, Tom Cruise, jamie foxx, bobby bones, Bobby, country, Amy, Lunchbox, Eddie, morning show, Suri Cruise, Katie Holmes, Tom Cruise, jamie foxx", "parsely-type": "post", "msapplication-TileImage": "https://i.iheart.com/v3/re/new_assets/5ace56ae3a9974e4984c14fd?ops=gravity(%22north%22),fit(740,416),quality(65)", "msvalidate.01": "E98E323249F89ACF6294F958692E230B", "format-detection": "telephone=no", "application-name": "The Bobby Bones Show", "msapplication-TileColor": "#fff", "google-site-verification": "p2FWrUKxtwBmQgHV4CjD80oKdZZBjmMNByoWvZMsYso", "fb": {"pages": 121644831183563, "app_id": 313936132010795}, "parsely-pub-date": "2018-04-17T14:09:00Z", "parsely-author": "Dave Basner", "parsely-section": "Trending"}, "movies": [], "publish_date": 1523397600.0, "source": "http://bobbybones.iheart.com", "summary": ""}