{"url": "www.msn.com/en-us/video/n/selena-gomez-worried-she-won%E2%80%99t-be-able-to-replace-justin-bieber/vp-BBMibIe", "text": "You are using an older browser version. Please use a supported version for the best MSN experience.", "images": ["http://static-entertainment-neu-s-msn-com.akamaized.net/sc/82/c22c7d.gif", "https://web.vortex.data.msn.com/collect/v1/t.gif?name=%27Ms.Webi.PageView%27&ver=%272.1%27&appId=%27JS%3AMSN%27&ext-app-env=%27prod%27&ext-javascript-libver=%274.0.0-beta-10%27&ext-user-localId=%27t%3A1C36874E5B1C6C7329E988C05A606DDF%27&*baseType=%27Ms.Content.PageView%27&*isJs=False&*title=%27%27&*isLoggedIn=False&*isManual=True&*serverImpressionGuid=%273e5e943f-97b4-44e1-a35e-048cf0975cb9%27&-ver=%271.0%27&-impressionGuid=%273e5e943f-97b4-44e1-a35e-048cf0975cb9%27&-pageName=%27channelplayerpage%27&-uri=%27http%253A%252F%252Fwww.msn.com%252Fen-us%252FVideo%252Fn%252Fselena-gomez-worried-she-won%25E2%2580%2599t-be-able-to-replace-justin-bieber%252Fvp-BBMibIe%27&-referrerUri=%27%27&-pageTags=%27{\"pg.t\"%3A\"video\"%2C\"pg.p\"%3A\"prime\"%2C\"pg.c\"%3A\"\"%2C\"ex\"%3A\"\"%2C\"rid\"%3A\"3e5e943f97b444e1a35e048cf0975cb9\"%2C\"clid\"%3A\"1C36874E5B1C6C7329E988C05A606DDF\"%2C\"clidType\"%3A\"muid\"%2C\"di\"%3A\"15755\"%2C\"partner\"%3A\"\"%2C\"publcat\"%3A\"\"%2C\"cvs\"%3A\"Browser\"%2C\"subcvs\"%3A\"video\"%2C\"entityId\"%3A\"BBMibIe\"%2C\"entitySrc\"%3A\"vp\"%2C\"provid\"%3A\"\"%2C\"dpt\"%3A\"n\"%2C\"sdpt\"%3A\"\"%2C\"ar\"%3A\"0\"%2C\"dgk\"%3A\"downlevel.pc\"%2C\"imd\"%3A\"0\"%2C\"parentId\"%3A\"\"%2C\"pgIdx\"%3A\"\"%2C\"pgTot\"%3A\"\"%2C\"anoncknm\"%3A\"\"%2C\"afd\"%3A\"\"%2C\"issso\"%3A\"0\"%2C\"aadState\"%3A\"0\"}%27&-behavior=0&-market=%27en-us%27", "http://static-entertainment-neu-s-msn-com.akamaized.net/sc/57/a49b8d.gif", "https://sb.scorecardresearch.com/p?c1=2&c2=3000001&cs_ucfr=1&rn=637420024782905015&c7=http%253A%252F%252Fwww.msn.com%252Fen-us%252FVideo%252Fn%252Fselena-gomez-worried-she-won%25E2%2580%2599t-be-able-to-replace-justin-bieber%252Fvp-BBMibIe&c8=&c9=", "http://c.msn.com/c.gif?udc=true&rid=3e5e943f97b444e1a35e048cf0975cb9&rnd=637420024782905015&rf=&tp=http%253A%252F%252Fwww.msn.com%252Fen-us%252FVideo%252Fn%252Fselena-gomez-worried-she-won%25E2%2580%2599t-be-able-to-replace-justin-bieber%252Fvp-BBMibIe&di=15755&lng=en-us&activityId=3e5e943f97b444e1a35e048cf0975cb9&d.dgk=downlevel.pc&d.imd=0&st.dpt=n&st.sdpt=&subcvs=video&pg.n=channelplayerpage&pg.t=video&pg.c=&pg.p=prime&anoncknm=&issso=0&aadState=0"], "top_img": "", "keywords": [], "authors": [], "canonical_link": "", "title": "", "meta_data": {"robots": "noindex, nofollow", "description": "The new MSN, Your customizable collection of the best in news, sports, entertainment, money, weather, travel, health, and lifestyle, combined with Outlook, Facebook, Twitter, Skype, and more.", "viewport": "width=device-width,initial-scale=1, maximum-scale=1"}, "movies": [], "publish_date": null, "source": "http://www.msn.com", "summary": ""}