{"url": "www.cbsnews.com/news/thomas-markle-prince-harry-politics-missing-daughter-meghan-royal-wedding/", "text": "LONDON -- The father of the former Meghan Markle says he talked politics with Prince Harry over the phone -- and Harry said he should give President Donald Trump a chance. Thomas Markle told broadcaster ITV on Monday that he had several phone conversations with Harry, including one in which the prince asked for permission to marry his daughter.\n\nMarkle said Mr. Trump was discussed at least once: \"Our conversation was I was complaining about not liking Donald Trump, he said 'give Donald Trump a chance'. I sort of disagreed with that.\"\n\nMarkle said he also asked his future son-in-law about Britain's 2016 decision to leave the European Union and got the impression Harry is comfortable with Brexit.\n\n\"I think he was open to the experiment,\" Markle said.\n\nHarry's press office declined to comment on Markle's televised interview, which could raise eyebrows because senior royal figures are scrupulously careful not to comment publicly on domestic or international political affairs.\n\nGet Breaking News Delivered to Your Inbox\n\nMarkle, who had been scheduled to walk his daughter down the aisle, missed the royal wedding in May due to heart problems. He told ITV he was \"doing much better\" and that he regretted missing the big event.\n\nThe 73-year-old Markle, who watched the wedding from California, says he was \"very proud\" but that \"the unfortunate thing for me now is I'm a footnote in one of the greatest moments in history rather than the dad walking her down the aisle.\"\n\n\"I can't think of a better replacement than someone like Prince Charles,\" he says of Prince Harry's own father, who walked Meghan most of the way down the aisle on her wedding day. \"He looked very handsome and my daughter looked beautiful with him. I was jealous, I wish I had been there, I wish it'd been me. But thank God he was there and thank him for that.\"\n\nHe says the couple, now known as the Duke and Duchess of Sussex, will probably seek to have children soon.\n\n\"She's wanted children for a long time,\" he said.\n\nMarkle said he gave Harry permission to marry his daughter over the phone.\n\n\"Harry asked for her hand on the phone and I said: 'You are a gentleman, promise me you will never raise your hand against my daughter and of course I will grant you my permission. \"'", "images": ["https://cbsnews1.cbsistatic.com/hub/i/r/2019/11/19/186936ea-2db7-4a48-b750-74f38f653dc6/thumbnail/130x130/3b7d3f89bd089e1d4a2376e43d0f0efa/newsletter-breakingnews.jpg#", "https://cbsnews1.cbsistatic.com/hub/i/r/2018/06/18/6e9ce9ca-61b7-4902-8d6a-05683eb59d15/thumbnail/1200x630/3d345e0f41b78b8e57739aa1741053b9/thomas-markle-intvu.jpg", "https://cbsnews1.cbsistatic.com/hub/i/r/2019/11/19/186936ea-2db7-4a48-b750-74f38f653dc6/thumbnail/640x360/80fb8996993802606d5c971761bf5b42/newsletter-breakingnews.jpg#", "https://cbsnews3.cbsistatic.com/hub/i/r/2018/06/18/6e9ce9ca-61b7-4902-8d6a-05683eb59d15/thumbnail/620x349/b0f35aecf7b29f2290cb3ec053c5701c/thomas-markle-intvu.jpg#"], "top_img": "https://cbsnews1.cbsistatic.com/hub/i/r/2018/06/18/6e9ce9ca-61b7-4902-8d6a-05683eb59d15/thumbnail/1200x630/3d345e0f41b78b8e57739aa1741053b9/thomas-markle-intvu.jpg", "keywords": [], "authors": [], "canonical_link": "https://www.cbsnews.com/news/thomas-markle-prince-harry-politics-missing-daughter-meghan-royal-wedding/", "title": "Thomas Markle on Prince Harry, politics, and missing daughter Meghan's royal wedding", "meta_data": {"viewport": "width=device-width, initial-scale=1, minimum-scale=1, maximum-scale=1, user-scalable=0", "robots": "index, follow", "description": "Father of the royal bride says Prince Harry urged him to &quot;give Donald Trump a chance&quot;", "keywords": "thomas markle, royals news, entertainment, brexit, Donald Trump, royal wedding, meghan markle, World, prince harry", "news_keywords": "thomas markle, royals news, entertainment, brexit, Donald Trump, royal wedding, meghan markle, World, prince harry", "al": {"web": {"url": "https://www.cbsnews.com/news/thomas-markle-prince-harry-politics-missing-daughter-meghan-royal-wedding/"}, "ios": {"app_name": "CBS News", "app_store_id": 334256223, "url": "cbsnewsapp://cbsnews.com/news/thomas-markle-prince-harry-politics-missing-daughter-meghan-royal-wedding/"}, "android": {"app_name": "CBS News", "package": "com.treemolabs.apps.cbsnews"}}, "og": {"type": "article", "url": "https://www.cbsnews.com/news/thomas-markle-prince-harry-politics-missing-daughter-meghan-royal-wedding/", "title": "Thomas Markle on Prince Harry, politics, and missing daughter Meghan's royal wedding", "description": "Father of the royal bride says Prince Harry urged him to \"give Donald Trump a chance\"", "image": {"identifier": "https://cbsnews1.cbsistatic.com/hub/i/r/2018/06/18/6e9ce9ca-61b7-4902-8d6a-05683eb59d15/thumbnail/1200x630/3d345e0f41b78b8e57739aa1741053b9/thomas-markle-intvu.jpg", "width": 1200, "height": 630}}, "fb": {"app_id": 1536620209892267, "pages": 131459315949}, "article": {"publisher": "https://www.facebook.com/CBSNews", "content_tier": "free", "opinion": "false"}, "twitter": {"dnt": "on", "app": {"country": "US", "name": {"iphone": "CBS News", "ipad": "CBS News", "googleplay": "CBS News"}, "id": {"iphone": 334256223, "ipad": 334256223, "googleplay": "com.treemolabs.apps.cbsnews"}, "url": {"iphone": "cbsnewsapp://cbsnews.com/news/thomas-markle-prince-harry-politics-missing-daughter-meghan-royal-wedding/", "ipad": "cbsnewsapp://cbsnews.com/news/thomas-markle-prince-harry-politics-missing-daughter-meghan-royal-wedding/", "googleplay": "cbsnewsapp://cbsnews.com/news/thomas-markle-prince-harry-politics-missing-daughter-meghan-royal-wedding/"}}, "site": "@CBSNews", "title": "Thomas Markle on Prince Harry, politics, and missing daughter Meghan's royal wedding", "description": "Father of the royal bride says Prince Harry urged him to \"give Donald Trump a chance\"", "image": "https://cbsnews1.cbsistatic.com/hub/i/r/2018/06/18/6e9ce9ca-61b7-4902-8d6a-05683eb59d15/thumbnail/1200x630/3d345e0f41b78b8e57739aa1741053b9/thomas-markle-intvu.jpg", "card": "summary_large_image"}, "theme-color": "#101010", "apple-mobile-web-app-capable": "yes", "apple-mobile-web-app-title": "CBS News", "apple-mobile-web-app-status-bar-style": "black"}, "movies": [], "publish_date": null, "source": "http://www.cbsnews.com", "summary": ""}