{"url": "www.gucci.com/us/en/pr/women/womens-accessories/womens-socks-tights/interlocking-g-tights-p-4657273G2451000", "text": "By entering your email address below, you consent to receiving our newsletter with access to our latest collections, events and initiatives. More details on this are provided in our\n\nEnter email address: Please retype email", "images": ["http://media.gucci.com/style/White_South_0_160_316x316/1567620904/476525_3G199_9260_002_100_0000_Light.jpg", "http://media.gucci.com/style/DarkGray_South_0_160_316x316/1535474705/476525_3G199_1063_001_100_0000_Light-Lam-GG-socks.jpg", "http://media.gucci.com/style/DarkGray_South_0_160_316x316/1499175903/476336_3G701_9764_001_100_0000_Light-GG-pattern-cotton-blend-socks.jpg", "http://media.gucci.com/style/White_South_0_160_316x316/1600962305/650948_4GAAW_3174_002_100_0000_Light.jpg", "http://media.gucci.com/style/DarkGray_South_0_160_316x316/1567614610/609345_3GF05_5868_001_100_0000_Light-Socks-with-Interlocking-G-chain.jpg", "http://media.gucci.com/style/White_South_0_160_316x316/1498068008/476525_3G199_9964_002_100_0000_Light.jpg", "http://media.gucci.com/style/White_South_0_160_316x316/1522152904/523697_3GA35_9764_002_100_0000_Light.jpg", "http://media.gucci.com/style/DarkGray_South_0_160_316x316/1496261707/476525_3G199_5872_001_100_0000_Light-Lam-GG-socks.jpg", "http://www.gucci.com/_ui/responsive/common/images/snapchat_code-desktop.png", "http://media.gucci.com/style/DarkGray_South_0_160_316x316/1600962305/650948_4GAAW_3174_001_100_0000_Light-Houndstooth-socks-with-Interlocking-G.jpg", "http://media.gucci.com/style/DarkGray_South_0_160_316x316/1567620904/476525_3G199_9260_001_100_0000_Light-Lam-GG-socks.jpg", "http://media.gucci.com/style/DarkGray_South_0_160_316x316/1498068008/476525_3G199_9964_001_100_0000_Light-Lam-GG-socks.jpg", "http://media.gucci.com/style/White_South_0_160_316x316/1585707304/631519_3GF80_9268_002_100_0000_Light.jpg", "http://media.gucci.com/style/DarkGray_South_0_160_316x316/1585707304/631519_3GF80_9268_001_100_0000_Light-Striped-cotton-socks-with-Gucci-cherry.jpg", "http://media.gucci.com/style/DarkGray_South_0_160_316x316/1568403905/609345_3GF05_1975_001_100_0000_Light-Socks-with-Interlocking-G-chain.jpg", "https://media.gucci.com/style/DarkGray_Center_0_0_600x314/1522152904/523697_3GA35_9764_001_100_0000_Light-GG-pattern-tights.jpg", "http://media.gucci.com/style/White_South_0_160_316x316/1602776704/650142_4G293_9260_002_100_0000_Light.jpg", "http://media.gucci.com/style/White_South_0_160_316x316/1535474706/476525_3G199_1063_002_100_0000_Light.jpg", "http://media.gucci.com/style/White_South_0_160_316x316/1568403906/609345_3GF05_1975_002_100_0000_Light.jpg", "http://media.gucci.com/style/DarkGray_South_0_160_316x316/1602776704/650142_4G293_9260_001_100_0000_Light-Disney-x-Gucci-Donald-Duck-cotton-blend-socks.jpg", "http://media.gucci.com/style/White_South_0_160_316x316/1567614610/609345_3GF05_5868_002_100_0000_Light.jpg", "http://media.gucci.com/style/White_South_0_160_316x316/1496261708/476525_3G199_5872_002_100_0000_Light.jpg", "http://media.gucci.com/style/DarkGray_South_0_160_316x316/1522152904/523697_3GA35_9764_001_100_0000_Light-GG-pattern-tights.jpg", "http://media.gucci.com/style/White_South_0_160_316x316/1499175904/476336_3G701_9764_002_100_0000_Light.jpg"], "top_img": "https://media.gucci.com/style/DarkGray_Center_0_0_600x314/1522152904/523697_3GA35_9764_001_100_0000_Light-GG-pattern-tights.jpg", "keywords": [], "authors": [], "canonical_link": "https://www.gucci.com/us/en/ca/women/accessories-for-women/socks-and-tights-for-women-c-women-accessories-socks-tights", "title": "Women's Designer Socks", "meta_data": {"title": "Women's Designer Socks | Women's Tights  | GUCCI\u00ae US", "description": "Shop Women's Socks & Tights, including Hosiery and Knee High styles at GUCCI.com. Enjoy Free Shipping, Returns & Complimentary Gift Wrapping.", "google-site-verification": "ksYa9TvpNN-TuxT8PI2svoKQ_DivdiKiTGmK76abt6M", "fb": {"app_id": 1598811487063882}, "og": {"type": "website", "title": "Women's Designer Socks | Women's Tights  | GUCCI\u00ae US", "description": "Shop Women's Socks & Tights, including Hosiery and Knee High styles at GUCCI.com. Enjoy Free Shipping, Returns & Complimentary Gift Wrapping.", "url": "https://www.gucci.com/us/en/ca/women/accessories-for-women/socks-and-tights-for-women-c-women-accessories-socks-tights", "image": "https://media.gucci.com/style/DarkGray_Center_0_0_600x314/1522152904/523697_3GA35_9764_001_100_0000_Light-GG-pattern-tights.jpg"}, "twitter": {"card": "summary_large_image", "site": "@gucci", "creator": "@gucci", "domain": "gucci.com", "title": "Women's Designer Socks | Women's Tights  | GUCCI\u00ae US", "description": "Shop Women's Socks & Tights, including Hosiery and Knee High styles at GUCCI.com. Enjoy Free Shipping, Returns & Complimentary Gift Wrapping.", "image0": "https://media.gucci.com/style/DarkGray_Center_0_0_600x314/1522152904/523697_3GA35_9764_001_100_0000_Light-GG-pattern-tights.jpg"}, "viewport": "initial-scale=1, minimum-scale=1, maximum-scale=1, user-scalable=no, width=device-width", "format-detection": "telephone=no", "apple-mobile-web-app-capable": "yes"}, "movies": [], "publish_date": null, "source": "http://www.gucci.com", "summary": ""}