{"url": "https://web.archive.org/web/20170424071551/http://www.cbs8.com:80/story/35193985/anna-faris-hilariously-live-tweets-chris-pratts-guardians-of-the-galaxy-2-premiere-day-see-all-the-pics", "text": "Former Dance Moms star Abby Lee Miller is waiting to receive sentencing on fraud charges, but that's not keeping her from going under the knife to get gastric sleeve surgery before she possibly goes to prison.\n\nFormer Dance Moms star Abby Lee Miller is waiting to receive sentencing on fraud charges, but that's not keeping her from going under the knife to get gastric sleeve surgery before she possibly goes to prison.", "images": ["https://web.archive.org/web/20170424071551im_/http://kfmb.images.worldnow.com/images/static/hdr/hdr_607x37.gif", "https://web.archive.org/web/20170424071551im_/http://kfmb.images.worldnow.com/images/static/hdr/hdr_branding.jpg", "https://web.archive.org/web/20170424071551im_/http://kfmb.images.worldnow.com/images/9845255_G.png", "https://web.archive.org/web/20170424071551im_/http://kfmb.images.worldnow.com/images/9845297_G.png", "https://web.archive.org/web/20170424071551im_/http://kfmb.images.worldnow.com/images/9845252_G.png", "https://web.archive.org/web/20170424071551im_/http://kfmb.images.worldnow.com/images/9845264_G.png", "https://web.archive.org/web/20170424071551im_/http://kfmb.images.worldnow.com/images/9845357_G.png", "https://web.archive.org/web/20170424071551im_/http://kfmb.images.worldnow.com/images/9845303_G.png", "https://web.archive.org/web/20170424071551im_/http://kfmb.images.worldnow.com/images/9845245_G.png", "https://web.archive.org/web/20170424071551im_/http://kfmb.images.worldnow.com/images/9845313_G.png", "https://web.archive.org/web/20170424071551im_/http://kfmb.images.worldnow.com/images/9845260_G.png", "https://web.archive.org/web/20170424071551im_/http://images.worldnow.com/global/images/static/container-e/wn_powerby_printable.gif", "https://web.archive.org/web/20170424071551im_/http://img.etonline.com/media/video/2017/04/24323896/pratt_vidpic_041117_1280Copy.jpg", "https://web.archive.org/web/20170424071551im_/http://kfmb.images.worldnow.com/images/9845293_G.png", "https://web.archive.org/web/20170424071551im_/http://images.worldnow.com/global/images/google/google-logo.gif", "https://web.archive.org/web/20170424071551im_/http://kfmb.images.worldnow.com/images/static/container-e/wn_powerby.gif", "https://web.archive.org/web/20170424071551im_/http://kfmb.images.worldnow.com/images/9845282_G.png", "https://web.archive.org/web/20170424071551im_/http://kfmb.images.worldnow.com/images/9845241_G.png"], "top_img": "https://web.archive.org/web/20170424071551im_/http://img.etonline.com/media/video/2017/04/24323896/pratt_vidpic_041117_1280Copy.jpg", "keywords": [], "authors": [], "canonical_link": "https://web.archive.org/web/20170424071551/http://www.cbs8.com/story/35193985/anna-faris-hilariously-live-tweets-chris-pratts-guardians-of-the-galaxy-2-premiere-day-see-all-the-pics", "title": "Anna Faris Hilariously Live Tweets Chris Pratt's 'Guardians of t - CBS News 8 - San Diego, CA News Station - KFMB Channel 8", "meta_data": {"Description": "You've got to give it up to Anna Faris. When she says she'll keep you updated, she will deliver on that promise -- again, and again, and again!", "KEYWORDS": "cbs, kfmb, san diego news, cbs news 8 san diego, channel 8 san diego, channel 8 news san diego, san diego news 8, cbs8.com", "news_keywords": "cbs, kfmb, san diego news, cbs news 8 san diego, channel 8 san diego, channel 8 news san diego, san diego news 8, cbs8.com", "ROBOTS": "index,follow,noarchive", "date": "2017/04/19", "owner": "KFMB", "wn-version": "ContainerE-Story", "wn-build": "Container-E.53", "wn-base": "IIS30", "wnreadableurl": "anna-faris-hilariously-live-tweets-chris-pratts-guardians-of-the-galaxy-2-premiere-day-see-all-the-pics", "og": {"title": "Anna Faris Hilariously Live Tweets Chris Pratt's 'Guardians of the Galaxy 2' Premiere Day -- See All the Pics!", "type": "article", "url": "https://web.archive.org/web/20170424071551/http://www.cbs8.com/story/35193985/anna-faris-hilariously-live-tweets-chris-pratts-guardians-of-the-galaxy-2-premiere-day-see-all-the-pics", "image": "https://web.archive.org/web/20170424071551im_/http://img.etonline.com/media/video/2017/04/24323896/pratt_vidpic_041117_1280Copy.jpg", "description": "You've got to give it up to Anna Faris. When she says she'll keep you updated, she will deliver on that promise -- again, and again, and again!"}, "twitter": {"card": "summary", "title": "Anna Faris Hilariously Live Tweets Chris Pratt's 'Guardians of the Galaxy 2' Premiere Day -- See All the Pics!", "description": "You've got to give it up to Anna Faris. When she says she'll keep you updated, she will deliver on that promise -- again, and again, and again!", "image": "https://web.archive.org/web/20170424071551im_/http://img.etonline.com/media/video/2017/04/24323896/pratt_vidpic_041117_1280Copy.jpg"}, "fb": {"pages": 75261502551, "app_id": 185351841494340}, "google-site-verification": "GLtfweKr3aJ8OSgrqJXxFUVDovCnKHyfZ7ycBS7Ba-g", "msvalidate.01": "C6F43FAD4B6281D12456F146B2AD9742", "apple-mobile-web-app-title": "CBS 8", "p": {"domain_verify": "74b5b28c7df04e24739cca4576c88799"}}, "movies": [], "publish_date": null, "source": "https://web.archive.org", "summary": ""}