{"url": "https://people.com/royals/princess-diana-with-prince-william-and-prince-harry/", "text": "When Prince William and the then-Kate Middleton revealed their engagement in 2010, all eyes were on the familiar rock on Kate's left ring finger. The 12-carat oval sapphire encircled with 14 solitaire diamonds is the same one Prince Charles gave to Diana in 1981.\n\nDuring the couple's official engagement interview, William said that he chose the ring to keep Diana a part of the experience. \"Obviously she's not going to be around to share any of the fun and excitement of it all \u2013 this was my way of keeping her close to it all.\"", "images": ["https://imagesvc.meredithcorp.io/v3/mm/image?url=https%3A%2F%2Fstatic.onecms.io%2Fwp-content%2Fuploads%2Fsites%2F20%2F2020%2F08%2F04%2Fcoyote-ugly-2000.jpg", "https://imagesvc.meredithcorp.io/v3/mm/image?url=https%3A%2F%2Fstatic.onecms.io%2Fwp-content%2Fuploads%2Fsites%2F20%2F2020%2F07%2F19%2Ftiaras-2.jpg", "https://imagesvc.meredithcorp.io/v3/mm/image?url=https%3A%2F%2Fstatic.onecms.io%2Fwp-content%2Fuploads%2Fsites%2F20%2F2019%2F09%2Fprince-harry8.jpg", "https://imagesvc.meredithcorp.io/v3/mm/image?url=https%3A%2F%2Fstatic.onecms.io%2Fwp-content%2Fuploads%2Fsites%2F20%2F2017%2F08%2Fdiana-legacy-3-660.jpg", "https://imagesvc.meredithcorp.io/v3/mm/image?url=https%3A%2F%2Fstatic.onecms.io%2Fwp-content%2Fuploads%2Fsites%2F20%2F2017%2F08%2Fdiana-legacy-2-435.jpg", "https://imagesvc.meredithcorp.io/v3/mm/image?url=https%3A%2F%2Fstatic.onecms.io%2Fwp-content%2Fuploads%2Fsites%2F20%2F2017%2F08%2Fprince-george-435-14.jpg", "https://imagesvc.meredithcorp.io/v3/mm/image?url=https%3A%2F%2Fstatic.onecms.io%2Fwp-content%2Fuploads%2Fsites%2F20%2F2017%2F08%2Fconcert-diana-660.jpg", "https://imagesvc.meredithcorp.io/v3/mm/image?url=https%3A%2F%2Fstatic.onecms.io%2Fwp-content%2Fuploads%2Fsites%2F20%2F2017%2F08%2Fkate-middleton-6-660-10.jpg", "https://imagesvc.meredithcorp.io/v3/mm/image?url=https%3A%2F%2Fstatic.onecms.io%2Fwp-content%2Fuploads%2Fsites%2F20%2F2020%2F11%2F12%2Fthanksgiving-covid-150x150.jpg", "https://imagesvc.meredithcorp.io/v3/mm/image?url=https%3A%2F%2Fstatic.onecms.io%2Fwp-content%2Fuploads%2Fsites%2F20%2F2017%2F08%2Fharry-angola-660.jpg", "https://imagesvc.meredithcorp.io/v3/mm/image?url=https%3A%2F%2Fstatic.onecms.io%2Fwp-content%2Fuploads%2Fsites%2F20%2F2017%2F08%2Fharry-meghan-48-2000.jpg", "https://imagesvc.meredithcorp.io/v3/mm/image?q=85&c=sc&poi=face&w=660&h=346&url=https%3A%2F%2Fstatic.onecms.io%2Fwp-content%2Fuploads%2Fsites%2F20%2F2017%2F08%2Fdiana-legacy-660.jpg", "data:image/svg+xml,%3Csvg%20xmlns='http://www.w3.org/2000/svg'%20viewBox='0%200%20100%20100'%3E%3C/svg%3E", "data:image/svg+xml,%3Csvg%20xmlns='http://www.w3.org/2000/svg'%20viewBox='0%200%20100%2067'%3E%3C/svg%3E", "https://imagesvc.meredithcorp.io/v3/mm/image?url=https%3A%2F%2Fstatic.onecms.io%2Fwp-content%2Fuploads%2Fsites%2F20%2F2017%2F08%2Froyal-wedding-435-1.jpg", "https://imagesvc.meredithcorp.io/v3/mm/image?url=https%3A%2F%2Fstatic.onecms.io%2Fwp-content%2Fuploads%2Fsites%2F20%2F2017%2F08%2Fharry-cries-brazil-435.jpg", "https://imagesvc.meredithcorp.io/v3/mm/image?url=https%3A%2F%2Fstatic.onecms.io%2Fwp-content%2Fuploads%2Fsites%2F20%2F2015%2F10%2Fengagement-ring-660.jpg", "https://imagesvc.meredithcorp.io/v3/mm/image?url=https%3A%2F%2Fstatic.onecms.io%2Fwp-content%2Fuploads%2Fsites%2F20%2F2017%2F08%2Froyal-marsden-660.jpg", "data:image/svg+xml,%3Csvg%20xmlns='http://www.w3.org/2000/svg'%20viewBox='0%200%20100%20133'%3E%3C/svg%3E", "https://imagesvc.meredithcorp.io/v3/mm/image?url=https%3A%2F%2Fstatic.onecms.io%2Fwp-content%2Fuploads%2Fsites%2F20%2F2016%2F05%2F06%2Fprincess-diana-21.jpg", "https://imagesvc.meredithcorp.io/v3/mm/image?url=https%3A%2F%2Fstatic.onecms.io%2Fwp-content%2Fuploads%2Fsites%2F20%2F2017%2F08%2Faustralia-660.jpg", "https://imagesvc.meredithcorp.io/v3/mm/image?url=https%3A%2F%2Fstatic.onecms.io%2Fwp-content%2Fuploads%2Fsites%2F20%2F2020%2F07%2F23%2Ftout.jpg", "https://imagesvc.meredithcorp.io/v3/mm/image?url=https%3A%2F%2Fstatic.onecms.io%2Fwp-content%2Fuploads%2Fsites%2F20%2F2020%2F11%2F12%2Fcat-phone.jpg"], "top_img": "https://imagesvc.meredithcorp.io/v3/mm/image?q=85&c=sc&poi=face&w=660&h=346&url=https%3A%2F%2Fstatic.onecms.io%2Fwp-content%2Fuploads%2Fsites%2F20%2F2017%2F08%2Fdiana-legacy-660.jpg", "keywords": [], "authors": ["Diana Pearl"], "canonical_link": "https://people.com/royals/princess-diana-with-prince-william-and-prince-harry/", "title": "Diana's Boys: How Prince William and Prince Harry Keep Their Mom's Memory Alive", "meta_data": {"viewport": "width=device-width, initial-scale=1", "keywords": "News,Princess Diana,Royal News,The Royals", "news_keywords": "News,Princess Diana,Royal News,The Royals", "description": "Aug. 31 will mark the 21st anniversary of Princess Diana's death, but her legacy still thrives thanks in large part to her sons", "og": {"title": "Diana's Boys: How Prince William and Prince Harry Keep Their Mom's Memory Alive", "type": "article", "site_name": "PEOPLE.com", "url": "https://people.com/royals/princess-diana-with-prince-william-and-prince-harry/", "description": "Aug. 31 will mark the 21st anniversary of Princess Diana's death, but her legacy still thrives thanks in large part to her sons", "image": {"identifier": "https://imagesvc.meredithcorp.io/v3/mm/image?q=85&c=sc&poi=face&w=660&h=346&url=https%3A%2F%2Fstatic.onecms.io%2Fwp-content%2Fuploads%2Fsites%2F20%2F2017%2F08%2Fdiana-legacy-660.jpg", "width": 660, "height": 346}}, "pinterest": {"url": "https://people.com/royals/princess-diana-with-prince-william-and-prince-harry/", "description": "Aug. 31 will mark the 21st anniversary of Princess Diana's death, but her legacy still thrives thanks in large part to her sons", "media": "https://imagesvc.meredithcorp.io/v3/mm/image?url=https%3A%2F%2Fstatic.onecms.io%2Fwp-content%2Fuploads%2Fsites%2F20%2F2017%2F08%2Fdiana-legacy-660.jpg"}, "twitter": {"card": "summary_large_image", "url": "https://people.com/royals/princess-diana-with-prince-william-and-prince-harry/", "title": "Diana's Boys: How Prince William and Prince Harry Keep Their Mom's Memory Alive", "description": "Aug. 31 will mark the 21st anniversary of Princess Diana's death, but her legacy still thrives thanks in large part to her sons", "site": "@people", "image": "https://imagesvc.meredithcorp.io/v3/mm/image?q=85&c=sc&poi=face&w=660&h=346&url=https%3A%2F%2Fstatic.onecms.io%2Fwp-content%2Fuploads%2Fsites%2F20%2F2017%2F08%2Fdiana-legacy-660.jpg"}, "robots": "max-image-preview:large", "fb": {"app_id": 610948219662029, "pages": 95926963131}, "article": {"opinion": "false"}, "p": {"domain_verify": "755183be01bfc739a9cac6673f1f2c1b"}, "url": "https://people.com/royals/princess-diana-with-prince-william-and-prince-harry/"}, "movies": [], "publish_date": null, "source": "https://people.com", "summary": ""}