{"url": "https://www.elledecor.com/celebrity-style/celebrity-homes/g21792583/taylor-swift-house-home/", "text": "8 Beverly Hills Ranch\n\nThis ranch-style home reflects the mid-century modern designs of 1950's Hollywood, when it was built. Sitting at the base of lush green hills, the great location creates an airy, sunlight-filled home. Despite its modest facade, the four-bed, four-bath ranch features white beamed ceilings, floor-to-ceiling glass, and best of all: a 1000-bottle, climate-controlled wine cellar. She listed the home in May of 2018 and it sold for $2.65 million in September, $300,000 less than the asking price. Still, she made a total of $850,000 on the sale. Go Taylor!", "images": ["https://hips.hearstapps.com/hmg-prod.s3.amazonaws.com/images/taylor-swift-cover-1530627305.jpg?crop=1.00xw:1.00xh;0,0&resize=1200:*", "https://hips.hearstapps.com/hmg-prod.s3.amazonaws.com/images/tay11-8822c6-1530199938.jpg?crop=1xw:0.9975062344139651xh;center,top&resize=480:*", "https://hips.hearstapps.com/hmg-prod.s3.amazonaws.com/images/taylor-swift-155-franklin-street-streeteasy-1529704246.jpg?crop=0.99609375xw:1xh;center,top&resize=480:*", "https://hips.hearstapps.com/hmg-prod.s3.amazonaws.com/images/taylor-swift-house-high-watch-rhode-island-1529704097.jpg?crop=1xw:0.9481658692185008xh;center,top&resize=480:*", "data:image/gif;base64,R0lGODlhAQABAIAAAAAAAP///yH5BAEAAAAALAAAAAABAAEAAAIBRAA7"], "top_img": "https://hips.hearstapps.com/hmg-prod.s3.amazonaws.com/images/taylor-swift-cover-1530627305.jpg?crop=1.00xw:1.00xh;0,0&resize=1200:*", "keywords": [], "authors": ["Lucia Tonelli", "Assistant Editor", "Lucia Tonelli Is An Assitant Editor At Town", "Country", "Where She Writes About The Royal Family", "Culture", "Real Estate"], "canonical_link": "https://www.elledecor.com/celebrity-style/celebrity-homes/g21792583/taylor-swift-house-home/", "title": "Sneak Peek Inside T Swift's 8 Homes", "meta_data": {"x-ua-compatible": "IE=edge,chrome=1", "viewport": "width=device-width,initial-scale=1,maximum-scale=6", "msapplication-tap-highlight": "no", "theme-color": "#000000", "og": {"type": "article", "site_name": "ELLE Decor", "title": "Taylor Swift\u2019s 8 Incredible Homes", "description": "Her real estate portfolio is almost as impressive as her music career.", "url": "https://www.elledecor.com/celebrity-style/celebrity-homes/g21792583/taylor-swift-house-home/", "image": {"identifier": "https://hips.hearstapps.com/hmg-prod.s3.amazonaws.com/images/taylor-swift-cover-1530627305.jpg?crop=1.00xw:1.00xh;0,0&resize=1200:*", "width": 1200, "height": 600}}, "fb": {"app_id": 265408283546879, "pages": 80643096709}, "article": {"publisher": "https://www.facebook.com/ELLEDECORmag", "modified_time": "2018-09-20 06:10:06", "published_time": "2018-07-03 02:17:00", "section": "Celebrity Homes", "opinion": "false"}, "twitter": {"site": "@elledecor", "card": "summary_large_image", "image": "https://hips.hearstapps.com/hmg-prod.s3.amazonaws.com/images/taylor-swift-cover-1530627305.jpg?crop=1.00xw:1.00xh;0,0&resize=640:*"}, "google-site-verification": "6esoHT8vCZ3FNz2gg9lD4okxrkxWxhX3WXBA_a5iYL8", "title": "Taylor Swift House Photos - Sneak Peek Inside T Swift's 8 Homes", "description": "Did you know that Taylor Swift owns several different houses? Take a look inside her impressive real estate portfolio.", "keywords": "Taylor Swift, Taylor Swift houses, Taylor Swift house, Taylor Swift home, t swift house, t swift home, Taylor Swift real estate", "auto-publish": "timely", "thumbnail": "https://hips.hearstapps.com/hmg-prod.s3.amazonaws.com/images/taylor-swift-cover-1530627305.jpg?crop=0.502xw:1.00xh;0,0&resize=320:*", "sailthru.contenttype": "listicle", "sailthru.tags": "Celebrity Style,celebrity-style,celebrity-homes", "sailthru.date": "2018-07-03T14:17:00Z", "sailthru.image.full": "https://hips.hearstapps.com/hmg-prod.s3.amazonaws.com/images/taylor-swift-cover-1530627305.jpg?crop=1.00xw:1.00xh;0,0", "sailthru.image.thumb": "https://hips.hearstapps.com/hmg-prod.s3.amazonaws.com/images/taylor-swift-cover-1530627305.jpg?crop=0.502xw:1.00xh;0,0", "sailthru.socialtitle": "Taylor Swift\u2019s 8 Incredible Homes", "sailthru.excerpt": "Taylor Swift may be best known for her impressive music career, though with eight homes across four states she may be adding \u201creal estate mogul\u201d to her repertoire pretty soon. The 28-year-old superstar is reported to own $84 million in real estate, with diverse pads ranging from a $20 million..."}, "movies": [], "publish_date": 1530577020.0, "source": "https://www.elledecor.com", "summary": ""}