{"url": "https://www.dailystar.co.uk/diet-fitness/605558/Vanessa-Hudgens-weight-loss-diet-fitness-SoulCycle-classes", "text": "The video will start in 8 Cancel\n\nThe Daily Star's FREE newsletter is spectacular! Sign up today for the best stories straight to your inbox Sign up today! Thank you for subscribing We have more newsletters Show me See our privacy notice Invalid Email\n\n(Image: INSTAGRAM/GETTY)\n\nVanessa had to pile on 20lbs for her role in 2013 film Gimme Shelter. But in a bid to shape up the 28-year-old turned to twice-daily fitness classes.\n\nRevealing all in an interview with Women\u2019s Health, the High School Musical babe said she routinely attended SoulCycle.\n\nShe explained: \u201cPut me on a bike in a room with loud music, and I\u2019m happy. It\u2019s like dancing without the stress of worrying if you look good.\n\n\u201cI\u2019m really competitive when it comes to fitness. I like being around people so I can compete.\u201d\n\nAlong with her dedicated fitness regime, Vanessa stuck to a high-fat, low-carb which helped to maintain her energy levels throughout the day.\n\nThe brunette beauty confessed that her strict diet meant she slimmed down quickly.\n\nVanessa said: \u201cSince I got back to eating like this the last month or so, I\u2019ve lost 10lbs. That\u2019s a lot for my [5\u20191\u201d] height.\u201d\n\nNow she\u2019s maintaining her super toned physique with frequent yoga classes.\n\n(Image: SPLASH)\n\nShe added: \u201cI looked in the mirror and was like, \u2018Who am I?\u2019 It was definitely a journey back to myself, and yoga helped.\n\n\u201cI don\u2019t consider it fitness. It\u2019s more like therapy for me.\u201d\n\nMeanwhile Vanessa isn\u2019t the only celeb to share a weight loss secret.\n\nEd Sheeran recently opened up about how he dropped 3.5st after gorging on pizza and beer.\n\nTo beat the bulge, the hitmaker asked his hockey player girlfriend Cherry Seaborn for fitness advice.\n\nSo the stunning blonde devised a diet plan and workout regime for him to follow.\n\nEd explained: \u201cI did 10 minutes a day without fail \u2013 intervals of 30 seconds sprinting and 30 jogging.\n\n\u201cThe key is to not miss a day, so you don\u2019t have to do an hour.\u201d", "images": ["https://httpsak-a.akamaihd.net/2540076170001/2540076170001_5458754141001_4840989240001-vs.jpg?pubId=2540076170001&videoId=4840989240001", "https://www.dailystar.co.uk/@trinitymirrordigital/marwood/TM/img/placeholders/transparent.png", "https://i2-prod.dailystar.co.uk/incoming/article15547155.ece/ALTERNATES/s1200/905287"], "top_img": "https://i2-prod.dailystar.co.uk/incoming/article15547155.ece/ALTERNATES/s1200/905287", "keywords": [], "authors": ["Sarah Buchanan", "Image", "Instagram Getty", "Splash"], "canonical_link": "https://www.dailystar.co.uk/diet-fitness/vanessa-hudgens-weight-loss-diet-17011348", "title": "Vanessa Hudgens lost 20lbs by doing THIS twice a day", "meta_data": {"publicationConfig": "https://s2-prod.dailystar.co.uk/@trinitymirrordigital/chameleon-branding/publications/dailystar/", "apple-itunes-app": "app-id=undefined", "viewport": "width=device-width, initial-scale=1", "description": "STUNNING celeb Vanessa Hudgens reveals the simple secret behind her impressive weight loss.", "robots": "noarchive", "keywords": "Diet & Fitness,Weight Loss", "news_keywords": "Diet & Fitness,Weight Loss", "referrer": "unsafe-URL", "author": "Sarah Buchanan", "Googlebot-News": "noarchive", "fb": {"app_id": 1742237849339030, "pages": 161612017189003}, "og": {"site_name": "Dailystar.co.uk", "language": "en", "type": "article", "title": "Vanessa Hudgens lost 20lbs by doing THIS twice a day", "url": "https://www.dailystar.co.uk/diet-fitness/vanessa-hudgens-weight-loss-diet-17011348", "description": "STUNNING celeb Vanessa Hudgens reveals the simple secret behind her impressive weight loss.", "image": "https://i2-prod.dailystar.co.uk/incoming/article15547155.ece/ALTERNATES/s1200/905287", "section": "Diet & Fitness"}, "videoUrl": "https://bcsecure04-a.akamaihd.net/hd2/o1/2540076170001/2540076170001_5458755579001_4840989240001.mp4?pubId=2540076170001&videoId=4840989240001", "article": {"tag": "Weight Loss", "author": "Sarah Buchanan", "published_time": "2017-04-14T09:03:23Z", "modified_time": "2019-09-08T13:58:03Z", "expiration_time": "2019-10-08T13:58:03Z", "section": "Diet & Fitness", "id": "99999-99999-news:605558"}, "vf": {"container_id": "dailystar-prod-17011348"}, "twitter": {"card": "summary_large_image", "site": "@dailystar", "creator": "@dailystar", "image": "https://i2-prod.dailystar.co.uk/incoming/article15547155.ece/ALTERNATES/s1200/905287"}, "advertisingConfig": "{\"desktop\":[{\"injectionEnabled\":false,\"componentType\":\"gpt\",\"targeting\":{\"index\":-1,\"hivis\":\"n\"},\"referenceNode\":\"header\",\"hideOnSensitiveArticle\":true,\"hideOnFirstPageView\":true,\"relativePos\":\"after\",\"name\":\"div-gpt-ad-oop-slot\",\"isOOP\":true,\"type\":\"outOfPage\"},{\"componentType\":\"gpt\",\"targeting\":{\"index\":-2,\"hivis\":\"n\"},\"referenceNode\":\"header\",\"sizes\":[[1,1]],\"hideOnSensitiveArticle\":true,\"hideOnFirstPageView\":true,\"relativePos\":\"before\",\"additionalClass\":\"hidden\",\"name\":\"div-gpt-ad-ad-mix-slot\",\"type\":\"adMix\"},{\"componentType\":\"gpt\",\"targeting\":{\"index\":1,\"hivis\":\"y\",\"opos\":\"top\",\"hbPlacements\":\"d-top\"},\"referenceNode\":\"header\",\"sizes\":[[970,250],[970,251],[728,90],[728,91]],\"hideOnSensitiveArticle\":true,\"relativePos\":\"before\",\"additionalClass\":\"top-slot\",\"sticky\":{\"mode\":\"header\",\"duration\":5000},\"name\":\"div-gpt-ad-top-slot\",\"type\":\"topOfPage\",\"bidders\":{\"mediagrid\":\"29942\",\"ozone\":\"1420431046\",\"triplelift\":\"DailyStar_970x250_Desktop_Prebid\",\"xandr\":\"20406638\",\"verizon\":\"8a96947a017474e02ce3e0c24afc009a\",\"sovrn\":\"792278\",\"magnite\":\"1872276\",\"openx\":\"543003485\",\"indexexchange\":\"592509\",\"pubmatic\":\"3328057\"}},{\"componentType\":\"gpt\",\"targeting\":{\"index\":2,\"hivis\":\"y\"},\"referenceNode\":\"main nav\",\"sizes\":[[948,42]],\"relativePos\":\"before\",\"additionalClass\":\"bg-white\",\"name\":\"div-gpt-ad-sponsorship-bar\",\"type\":\"sponsorshipBar\"},{\"componentType\":\"gpt\",\"targeting\":{\"index\":3,\"hivis\":\"y\",\"opos\":\"top\",\"hbPlacements\":\"d-rh\"},\"referenceNode\":\".related-column\",\"sizes\":[[300,600],[300,250],[300,252]],\"relativePos\":\"prependChild\",\"adFreeEnabled\":true,\"name\":\"div-gpt-ad-rh-slot\",\"type\":\"primaryMPU\",\"bidders\":{\"mediagrid\":\"29940\",\"ozone\":\"1420431038\",\"triplelift\":\"DailyStar_300x600_Desktop_Prebid\",\"xandr\":\"20406645\",\"verizon\":\"8a969086017474e02915e0c25059009e\",\"sovrn\":\"792283\",\"magnite\":\"1872288\",\"openx\":\"543003476\",\"indexexchange\":\"593540\",\"pubmatic\":\"3328062\"}},{\"componentType\":\"gpt\",\"targeting\":{\"index\":4,\"hivis\":\"n\"},\"injectionConditions\":[{\"condition\":\"stopONAffiliateContent\"}],\"referenceNode\":\"article:not(.channel-sport) .article-body > p:nth-of-type(6)\",\"sizes\":[[8,8]],\"hideOnSensitiveArticle\":true,\"relativePos\":\"after\",\"additionalClass\":\"in-article\",\"name\":\"div-gpt-ad-vip-slot\",\"type\":\"VIP\"},{\"componentType\":\"gpt\",\"targeting\":{\"index\":6,\"hivis\":\"n\",\"opos\":\"middle\",\"hbPlacements\":\"d-art1\"},\"sizes\":[[300,250],[300,254]],\"hideOnSensitiveArticle\":true,\"additionalClass\":\"in-article\",\"name\":\"div-gpt-ad-in-article-slot\",\"positions\":[{\"referenceNode\":\".timeline>ol>li:nth-of-type(2)\",\"relativePos\":\"after\"},{\"referenceNode\":\".article-body > p:nth-last-of-type(4)\",\"relativePos\":\"after\",\"conditionNode\":\".article-body > p:nth-of-type(8)\"}],\"type\":\"inArticleMPU6\",\"bidders\":{\"mediagrid\":\"29935\",\"ozone\":\"1420431039\",\"triplelift\":\"DailyStar_300x250_In-Article_Desktop_Prebid\",\"xandr\":\"20406649\",\"verizon\":\"8a969086017474e02915e0c253a2009f\",\"sovrn\":\"792286\",\"magnite\":\"1872298\",\"openx\":\"543003488\",\"indexexchange\":\"593543\",\"pubmatic\":\"3328065\"}},{\"componentType\":\"gpt\",\"targeting\":{\"index\":9,\"hivis\":\"n\",\"opos\":\"bottom\",\"hbPlacements\":\"d-bot\"},\"sizes\":[[728,90],[728,98],[728,99]],\"referenceNode\":\"main\",\"relativePos\":\"after\",\"additionalClass\":\"bottom-ad-slot\",\"name\":\"div-gpt-ad-bottom-slot\",\"type\":\"bottomOfpagePlusMid\",\"bidders\":{\"mediagrid\":\"29931\",\"ozone\":\"1420431042\",\"triplelift\":\"DailyStar_970x250_Desktop_Prebid\",\"xandr\":\"20406641\",\"verizon\":\"8a969086017474e02915e0c24d19009d\",\"sovrn\":\"792280\",\"magnite\":\"1872282\",\"openx\":\"543003492\",\"indexexchange\":\"593537\",\"pubmatic\":\"3328059\"}},{\"includeInHeaderBidding\":true,\"injectionEnabled\":false,\"componentType\":\"gpt\",\"targeting\":{\"hivis\":\"y\",\"opos\":\"left\",\"hbPlacements\":\"d-gut\"},\"sizes\":[[160,600]],\"referenceNode\":\"main\",\"relativePos\":\"before\",\"additionalClass\":\"sureview-ad-left\",\"name\":\"div-gpt-ad-sureview-left-slot\",\"type\":\"sureviewLeft\",\"bidders\":{\"mediagrid\":\"29934\",\"ozone\":\"1420431035\",\"triplelift\":\"hdx_generic_trinitymirror_Prebid\",\"xandr\":\"20406652\",\"verizon\":\"8a969086017474e02915e0c2570600a0\",\"sovrn\":\"792289\",\"magnite\":\"1872306\",\"openx\":\"543003498\",\"indexexchange\":\"593546\",\"pubmatic\":\"3328068\"}},{\"includeInHeaderBidding\":true,\"injectionEnabled\":false,\"componentType\":\"gpt\",\"targeting\":{\"hivis\":\"y\",\"opos\":\"right\",\"hbPlacements\":\"d-gut\"},\"sizes\":[[160,600]],\"referenceNode\":\"main\",\"relativePos\":\"before\",\"additionalClass\":\"sureview-ad-right\",\"name\":\"div-gpt-ad-sureview-right-slot\",\"type\":\"sureviewRight\",\"bidders\":{\"mediagrid\":\"29934\",\"ozone\":\"1420431035\",\"triplelift\":\"hdx_generic_trinitymirror_Prebid\",\"xandr\":\"20406652\",\"verizon\":\"8a969086017474e02915e0c2570600a0\",\"sovrn\":\"792289\",\"magnite\":\"1872306\",\"openx\":\"543003498\",\"indexexchange\":\"593546\",\"pubmatic\":\"3328068\"}},{\"mode\":\"thumbnails-feed\",\"componentType\":\"taboola\",\"slotType\":\"taboola\",\"referenceNode\":\"#social-follow\",\"hideOnSensitiveArticle\":true,\"relativePos\":\"after\",\"name\":\"taboolaBelowArticle\",\"selector\":\"taboola-below-article-thumbnails\",\"targetType\":\"mix\",\"placement\":\"Below Article Thumbnails Responsive Feed\",\"type\":\"taboolaBelowArticleThumbnails\",\"enabled\":false},{\"name\":\"property-search-container\",\"componentType\":\"partner\",\"referenceNode\":\".article-wrapper > .content-column\",\"type\":\"propertysearch\",\"templateName\":\"search\",\"relativePos\":\"prependChild\"},{\"name\":\"partners-footer\",\"componentType\":\"partner\",\"referenceNode\":\"main\",\"type\":\"allpartnersFooter\",\"templateName\":\"footer\",\"relativePos\":\"appendChild\"},{\"componentType\":\"partner\",\"referenceNode\":\"header .secondary > section > ul\",\"templateName\":\"weather-partnership-bar\",\"relativePos\":\"before\",\"additionalClass\":\"weather-widget\",\"name\":\"weather-widget\",\"referenceNode2\":\"header > nav > ul\",\"type\":\"weather\",\"relativePos2\":\"before\"},{\"name\":\"takeover\",\"componentType\":\"partner\",\"referenceNode\":\"header .secondary\",\"type\":\"masthead\",\"templateName\":\"takeover\",\"relativePos\":\"before\"},{\"name\":\"crosswords-carousel\",\"componentType\":\"partner\",\"referenceNode\":\".article-main > p[itemprop=description]\",\"type\":\"crosswordsCarousel\",\"templateName\":\"carousel\",\"relativePos\":\"after\"},{\"name\":\"valpal-property\",\"componentType\":\"partner\",\"referenceNode\":\".article-body > p:nth-of-type(6)\",\"type\":\"valpal\",\"templateName\":\"property\",\"relativePos\":\"before\"},{\"injectionEnabled\":false,\"componentType\":\"partner\",\"referenceNode\":\"header nav.primary\",\"templateName\":\"premier-league\",\"relativePos\":\"after\",\"additionalClass\":\"premier-league\",\"name\":\"premier-league\",\"type\":\"premierLeague\"},{\"name\":\"perform-placeholder\",\"componentType\":\"placeholder\",\"referenceNode\":\".article-body > p:nth-of-type(6)\",\"type\":\"performPlaceholder\",\"relativePos\":\"after\"},{\"injectionEnabled\":true,\"componentType\":\"outbrain\",\"injectionConditions\":[{\"condition\":\"stopONAdvertorialContent\"}],\"slotType\":\"outbrain\",\"referenceNode\":\".article-body > p:nth-of-type(2)\",\"widgetOptions\":{\"ids\":[\"AR_2\"],\"template\":\"DailyStar\"},\"hideOnSensitiveArticle\":true,\"relativePos\":\"after\",\"additionalClass\":\"mid-article-widget\",\"name\":\"outbrainMidArticleSlot\",\"placement\":\"Mid-Article\",\"type\":\"outbrainMidArticleSlot\"},{\"injectionEnabled\":true,\"componentType\":\"outbrain\",\"slotType\":\"outbrain\",\"referenceNode\":\".article-wrapper > .content-column\",\"widgetOptions\":{\"ids\":[\"AR_16\"],\"template\":\"DailyStar\"},\"hideOnSensitiveArticle\":true,\"relativePos\":\"appendChild\",\"name\":\"outbrainFooterArticleSlot\",\"placement\":\"Footer\",\"type\":\"outbrainFooterArticleSlot\"},{\"componentType\":\"recommendations\",\"referenceSlot\":\"div-gpt-ad-sponsorship-bar\",\"injectionConditions\":[{\"condition\":\"topBoxInjectable\"}],\"hideOnSensitiveArticle\":true,\"relativePos\":\"before\",\"additionalClass\":\"brand-passion-bg pancake duet no-bottom-margin\",\"name\":\"recommendations-topbox\",\"type\":\"recommendationsTopBox\",\"items\":5},{\"injectionEnabled\":false,\"componentType\":\"recommendations\",\"referenceSlot\":\"div-gpt-ad-rh-slot\",\"heading\":\"Recommended\",\"relativePos\":\"after\",\"additionalClass\":\"tm-recs seldon-recs pancake duet no-bottom-margin\",\"name\":\"recommendations-top-heading\",\"type\":\"recommendationsTopHeading\",\"items\":0},{\"injectionEnabled\":true,\"componentType\":\"outbrain\",\"referenceSlot\":\"div-gpt-ad-rh-slot\",\"slotType\":\"outbrain\",\"widgetOptions\":{\"ids\":[\"SB_1\"],\"template\":\"DailyStar\"},\"hideOnSensitiveArticle\":true,\"relativePos\":\"after\",\"name\":\"outbrainTopSidebarArticleSlot\",\"placement\":\"RHC\",\"type\":\"outbrainTopSidebarArticleSlot\"},{\"injectionEnabled\":false,\"componentType\":\"recommendations\",\"referenceSlot\":\"recommendations-top-heading\",\"relativePos\":\"after\",\"additionalClass\":\"tm-recs seldon-recs pancake duet no-bottom-margin\",\"name\":\"recommendations-top-primary\",\"type\":\"recommendationsTopPrimary\",\"items\":4},{\"componentType\":\"gpt\",\"targeting\":{\"index\":5,\"hivis\":\"n\",\"opos\":\"middle\",\"hbPlacements\":\"d-rh2\"},\"referenceSlot\":\"outbrainTopSidebarArticleSlot\",\"sizes\":[[300,600],[300,250],[300,253]],\"relativePos\":\"after\",\"name\":\"div-gpt-ad-rh-secondary-slot\",\"type\":\"secondaryMPU\",\"bidders\":{\"mediagrid\":\"29939\",\"ozone\":\"1420431037\",\"triplelift\":\"DailyStar_300x600_Desktop_Prebid\",\"xandr\":\"20406646\",\"verizon\":\"8a96947a017474e02ce3e0c2516b009c\",\"sovrn\":\"792284\",\"magnite\":\"1872292\",\"openx\":\"543003480\",\"indexexchange\":\"593541\",\"pubmatic\":\"3328063\"}},{\"additionalClass\":\"hidden\",\"name\":\"ayl-native-1\",\"componentType\":\"adYouLike\",\"referenceSlot\":\"outbrainTopSidebarArticleSlot\",\"type\":\"adYouLikeArticleSlot1\",\"relativePos\":\"before\"},{\"mode\":\"thumbnails-e\",\"componentType\":\"taboola\",\"referenceSlot\":\"div-gpt-ad-rh-secondary-slot\",\"slotType\":\"taboola\",\"hideOnSensitiveArticle\":true,\"relativePos\":\"before\",\"name\":\"taboolaRightRailsResponsive\",\"selector\":\"taboola-right-rail-thumbnails-responsive\",\"targetType\":\"mix\",\"placement\":\"Right Rail Thumbnails Responsive\",\"type\":\"taboolaRightRailsThumbnails\",\"enabled\":false},{\"componentType\":\"recommendations\",\"referenceSlot\":\"div-gpt-ad-rh-secondary-slot\",\"heading\":\"Recommended\",\"relativePos\":\"after\",\"additionalClass\":\"tm-recs seldon-recs pancake duet no-bottom-margin\",\"name\":\"recommendations-bottom-primary\",\"type\":\"recommendationsBottomPrimary\",\"items\":4},{\"name\":\"web-search-container\",\"componentType\":\"partner\",\"referenceSlot\":\"div-gpt-ad-rh-secondary-slot\",\"type\":\"webdotcom\",\"templateName\":\"webSearch\",\"relativePos\":\"after\"},{\"name\":\"most-read-secondary\",\"additionalClass\":\"hidden\",\"componentType\":\"mostRead\",\"referenceSlot\":\"div-gpt-ad-rh-secondary-slot\",\"type\":\"mostReadSecondary\",\"relativePos\":\"after\"},{\"componentType\":\"recommendations\",\"referenceSlot\":\"recommendations-bottom-primary\",\"relativePos\":\"after\",\"additionalClass\":\"tm-recs seldon-recs pancake duet no-bottom-margin\",\"name\":\"recommendations-bottom-secondary\",\"type\":\"recommendationsBottomSecondary\",\"items\":1},{\"additionalClass\":\"hidden\",\"name\":\"ayl-native-2\",\"componentType\":\"adYouLike\",\"referenceSlot\":\"recommendations-bottom-primary\",\"type\":\"adYouLikeArticleSlot2\",\"relativePos\":\"after\"},{\"componentType\":\"partner\",\"referenceSlot\":\"recommendations-bottom-primary\",\"templateName\":\"form-car-search\",\"relativePos\":\"before\",\"name\":\"haymarket-car-search-form\",\"title\":\"Find Used Cars\",\"type\":\"haymarket\"},{\"componentType\":\"recommendations\",\"referenceSlot\":\"recommendations-bottom-secondary\",\"heading\":\"Recommended\",\"relativePos\":\"after\",\"additionalClass\":\"tm-recs seldon-recs pancake duet no-bottom-margin\",\"name\":\"recommendations-bottom-tertiary\",\"type\":\"recommendationsBottomTertiary\",\"items\":4},{\"componentType\":\"gpt\",\"targeting\":{\"index\":7,\"hivis\":\"n\",\"opos\":\"middle\",\"hbPlacements\":\"d-rho\"},\"referenceSlot\":\"recommendations-bottom-tertiary\",\"sizes\":[[300,600],[300,250],[300,255]],\"relativePos\":\"before\",\"name\":\"div-gpt-ad-rh-tertiary-slot\",\"type\":\"tertiaryMPU\",\"bidders\":{\"mediagrid\":\"29938\",\"ozone\":\"1420431036\",\"triplelift\":\"DailyStar_300x600_Desktop_Prebid\",\"xandr\":\"20406647\",\"verizon\":\"8a9699d4017474e03107e0c2528b012b\",\"sovrn\":\"792285\",\"magnite\":\"1872294\",\"openx\":\"543003484\",\"indexexchange\":\"593542\",\"pubmatic\":\"3328064\"}},{\"componentType\":\"gpt\",\"targeting\":{\"index\":8,\"hivis\":\"n\",\"opos\":\"bottom\",\"hbPlacements\":\"d-rho\"},\"referenceSlot\":\"recommendations-bottom-tertiary\",\"sizes\":[[300,600],[300,250],[300,256]],\"relativePos\":\"after\",\"name\":\"div-gpt-ad-rh-quaternary-slot\",\"type\":\"quaternaryMPU\",\"bidders\":{\"mediagrid\":\"29938\",\"ozone\":\"1420431036\",\"triplelift\":\"DailyStar_300x600_Desktop_Prebid\",\"xandr\":\"20406647\",\"verizon\":\"8a9699d4017474e03107e0c2528b012b\",\"sovrn\":\"792285\",\"magnite\":\"1872294\",\"openx\":\"543003484\",\"indexexchange\":\"593542\",\"pubmatic\":\"3328064\"}},{\"componentType\":\"recommendations\",\"referenceSlot\":\"recommendations-bottom-tertiary\",\"relativePos\":\"after\",\"additionalClass\":\"tm-recs seldon-recs pancake duet\",\"name\":\"recommendations-top-secondary\",\"type\":\"recommendationsTopSecondary\",\"items\":1},{\"additionalClass\":\"hidden\",\"name\":\"ayl-native-3\",\"componentType\":\"adYouLike\",\"referenceSlot\":\"recommendations-bottom-tertiary\",\"type\":\"adYouLikeArticleSlot3\",\"relativePos\":\"after\"},{\"name\":\"onscroll-placeholder\",\"componentType\":\"placeholder\",\"referenceSlot\":\"div-gpt-ad-rh-quaternary-slot\",\"type\":\"onScrollPlaceholder\",\"relativePos\":\"after\"},{\"injectionEnabled\":true,\"componentType\":\"outbrain\",\"referenceSlot\":\"div-gpt-ad-rh-quaternary-slot\",\"slotType\":\"outbrain\",\"widgetOptions\":{\"ids\":[\"SB_2\"],\"template\":\"DailyStar\"},\"hideOnSensitiveArticle\":true,\"relativePos\":\"after\",\"name\":\"outbrainBottomSidebarArticleSlot\",\"placement\":\"RHC\",\"type\":\"outbrainBottomSidebarArticleSlot\"}],\"configMeta\":[{\"name\":\"article\",\"componentType\":\"meta\",\"type\":\"configMetadata\"}],\"page\":{\"storymeta\":\"weight-loss\",\"templ\":\"article\",\"oid\":\"17011348\",\"configPageType\":\"article\",\"adUnitId\":\"/5293/dailystar.co.uk/diet-fitness\"},\"tabletPortraitUpwards\":[{\"injectionEnabled\":false,\"componentType\":\"gpt\",\"targeting\":{\"index\":-1,\"hivis\":\"n\"},\"referenceNode\":\"header\",\"hideOnSensitiveArticle\":true,\"hideOnFirstPageView\":true,\"relativePos\":\"after\",\"name\":\"div-gpt-ad-oop-slot\",\"isOOP\":true,\"type\":\"outOfPage\"},{\"componentType\":\"gpt\",\"targeting\":{\"index\":-2,\"hivis\":\"n\"},\"referenceNode\":\"header\",\"sizes\":[[1,1]],\"hideOnSensitiveArticle\":true,\"hideOnFirstPageView\":true,\"relativePos\":\"before\",\"additionalClass\":\"hidden\",\"name\":\"div-gpt-ad-ad-mix-slot\",\"type\":\"adMix\"},{\"componentType\":\"gpt\",\"targeting\":{\"index\":1,\"hivis\":\"y\",\"opos\":\"top\",\"hbPlacements\":\"t-top\"},\"referenceNode\":\"main\",\"sizes\":[[728,90],[300,250],[728,91],[300,251]],\"relativePos\":\"before\",\"additionalClass\":\"top-slot\",\"sticky\":{\"mode\":\"header\",\"duration\":5000},\"name\":\"div-gpt-ad-top-slot\",\"type\":\"topOfPagePortrait\",\"bidders\":{\"mediagrid\":\"29960\",\"ozone\":\"1420431065\",\"triplelift\":\"DailyStar_970x250_Tablet_Prebid\",\"xandr\":\"20406664\",\"verizon\":\"8a9699d4017474e03107e0c260b30130\",\"sovrn\":\"792826\",\"magnite\":\"1872742\",\"openx\":\"543003512\",\"indexexchange\":\"594424\",\"pubmatic\":\"3328574\"}},{\"componentType\":\"gpt\",\"targeting\":{\"index\":2,\"hivis\":\"y\"},\"referenceNode\":\"main nav\",\"sizes\":[[948,42]],\"relativePos\":\"before\",\"additionalClass\":\"bg-white\",\"name\":\"div-gpt-ad-sponsorship-bar\",\"type\":\"sponsorshipBar\"},{\"componentType\":\"gpt\",\"targeting\":{\"index\":3,\"hivis\":\"n\"},\"injectionConditions\":[{\"condition\":\"stopONAffiliateContent\"}],\"referenceNode\":\"article:not(.channel-sport) .article-body > p:nth-of-type(6)\",\"sizes\":[[8,8]],\"hideOnSensitiveArticle\":true,\"relativePos\":\"after\",\"additionalClass\":\"in-article\",\"name\":\"div-gpt-ad-vip-slot\",\"type\":\"VIP\"},{\"componentType\":\"gpt\",\"referenceNode\":\".timeline>ol>li:nth-of-type(2)\",\"relativePos\":\"after\",\"referenceNode2\":\".article-body > p:nth-of-type(8)\",\"type\":\"inArticleMPU4\",\"relativePos2\":\"after\",\"targeting\":{\"index\":4,\"hivis\":\"n\",\"opos\":\"middle\",\"hbPlacements\":\"t-art1\"},\"sizes\":[[300,250],[300,252]],\"hideOnSensitiveArticle\":true,\"adFreeEnabled\":true,\"additionalClass\":\"in-article\",\"name\":\"div-gpt-ad-in-article-slot\",\"bidders\":{\"mediagrid\":\"29954\",\"ozone\":\"1420431058\",\"triplelift\":\"DailyStar_300x250_In-Article_Tablet_Prebid\",\"xandr\":\"20406675\",\"verizon\":\"8a969086017474e02915e0c2695c00a4\",\"sovrn\":\"792834\",\"magnite\":\"1872742\",\"openx\":\"543003510\",\"indexexchange\":\"594424\",\"pubmatic\":\"3328582\"}},{\"componentType\":\"gpt\",\"targeting\":{\"index\":5,\"hivis\":\"n\",\"opos\":\"bottom\",\"hbPlacements\":\"t-bot\"},\"sizes\":[[728,90],[728,98],[728,99]],\"referenceNode\":\"main\",\"relativePos\":\"after\",\"additionalClass\":\"bottom-ad-slot\",\"name\":\"div-gpt-ad-bottom-slot\",\"type\":\"bottomOfpagePlusMid\",\"bidders\":{\"mediagrid\":\"29951\",\"ozone\":\"1420431061\",\"triplelift\":\"DailyStar_970x250_Tablet_Prebid\",\"xandr\":\"20406667\",\"verizon\":\"8a969086017474e02915e0c262de00a2\",\"sovrn\":\"792828\",\"magnite\":\"1872742\",\"openx\":\"543003529\",\"indexexchange\":\"594424\",\"pubmatic\":\"3328576\"}},{\"includeInHeaderBidding\":true,\"injectionEnabled\":false,\"componentType\":\"gpt\",\"targeting\":{\"hivis\":\"y\",\"opos\":\"left\"},\"sizes\":[[160,600]],\"referenceNode\":\"main\",\"relativePos\":\"before\",\"additionalClass\":\"sureview-ad-left\",\"name\":\"div-gpt-ad-sureview-left-slot\",\"type\":\"sureviewLeft\"},{\"includeInHeaderBidding\":true,\"injectionEnabled\":false,\"componentType\":\"gpt\",\"targeting\":{\"hivis\":\"y\",\"opos\":\"right\"},\"sizes\":[[160,600]],\"referenceNode\":\"main\",\"relativePos\":\"before\",\"additionalClass\":\"sureview-ad-right\",\"name\":\"div-gpt-ad-sureview-right-slot\",\"type\":\"sureviewRight\"},{\"mode\":\"thumbnails-feed\",\"componentType\":\"taboola\",\"slotType\":\"taboola\",\"referenceNode\":\"#social-follow\",\"hideOnSensitiveArticle\":true,\"relativePos\":\"after\",\"name\":\"taboolaBelowArticle\",\"selector\":\"taboola-below-article-thumbnails\",\"targetType\":\"mix\",\"placement\":\"Below Article Thumbnails Responsive Feed\",\"type\":\"taboolaBelowArticleThumbnails\",\"enabled\":false},{\"mode\":\"thumbnails-f\",\"componentType\":\"taboola\",\"slotType\":\"taboola\",\"referenceNode\":\".article-body p:nth-of-type(3)\",\"hideOnSensitiveArticle\":true,\"relativePos\":\"after\",\"name\":\"taboolaMobileMidArticle\",\"selector\":\"taboola-mobile-mid-article-thumbnails\",\"targetType\":\"mix\",\"placement\":\"Mobile Mid-Article Thumbnails\",\"type\":\"taboolaMidArticleThumbnails\",\"enabled\":false},{\"name\":\"most-read-secondary\",\"componentType\":\"mostRead\",\"referenceSlot\":\"div-gpt-ad-rh-secondary-slot\",\"type\":\"mostReadSecondary\",\"referenceNode\":\"main aside.related-column\",\"relativePos\":\"appendChild\"},{\"name\":\"perform-placeholder\",\"componentType\":\"placeholder\",\"referenceNode\":\".article-body > p:nth-of-type(6)\",\"type\":\"performPlaceholder\",\"relativePos\":\"after\"},{\"name\":\"property-search-container\",\"componentType\":\"partner\",\"referenceNode\":\".article-wrapper > .content-column\",\"type\":\"propertysearch\",\"templateName\":\"search\",\"relativePos\":\"prependChild\"},{\"name\":\"partners-footer\",\"componentType\":\"partner\",\"referenceNode\":\"main\",\"type\":\"allpartnersFooter\",\"templateName\":\"footer\",\"relativePos\":\"appendChild\"},{\"componentType\":\"partner\",\"referenceNode\":\"header .secondary > section > ul\",\"templateName\":\"weather-partnership-bar\",\"relativePos\":\"before\",\"additionalClass\":\"weather-widget\",\"name\":\"weather-widget\",\"referenceNode2\":\"header > nav > ul\",\"type\":\"weather\",\"relativePos2\":\"before\"},{\"name\":\"takeover\",\"componentType\":\"partner\",\"referenceNode\":\"header .secondary\",\"type\":\"masthead\",\"templateName\":\"takeover\",\"relativePos\":\"before\"},{\"name\":\"crosswords-carousel\",\"componentType\":\"partner\",\"referenceNode\":\".article-main > p[itemprop=description]\",\"type\":\"crosswordsCarousel\",\"templateName\":\"carousel\",\"relativePos\":\"after\"},{\"name\":\"valpal-property\",\"componentType\":\"partner\",\"referenceNode\":\".article-body > p:nth-of-type(6)\",\"type\":\"valpal\",\"templateName\":\"property\",\"relativePos\":\"before\"},{\"injectionEnabled\":false,\"componentType\":\"partner\",\"referenceNode\":\"header nav.primary\",\"templateName\":\"premier-league\",\"relativePos\":\"after\",\"additionalClass\":\"premier-league\",\"name\":\"premier-league\",\"type\":\"premierLeague\"},{\"injectionEnabled\":true,\"componentType\":\"outbrain\",\"injectionConditions\":[{\"condition\":\"stopONAdvertorialContent\"}],\"slotType\":\"outbrain\",\"referenceNode\":\".article-body > p:nth-of-type(2)\",\"widgetOptions\":{\"ids\":[\"AR_2\"],\"template\":\"DailyStar\"},\"hideOnSensitiveArticle\":true,\"relativePos\":\"after\",\"additionalClass\":\"mid-article-widget\",\"name\":\"outbrainMidArticleSlot\",\"placement\":\"Mid-Article\",\"type\":\"outbrainMidArticleSlot\"},{\"injectionEnabled\":true,\"componentType\":\"outbrain\",\"slotType\":\"outbrain\",\"referenceNode\":\".article-wrapper > .content-column\",\"widgetOptions\":{\"ids\":[\"MB_1\"],\"template\":\"DailyStar\"},\"hideOnSensitiveArticle\":true,\"relativePos\":\"appendChild\",\"name\":\"outbrainFooterArticleSlot\",\"placement\":\"Footer\",\"type\":\"outbrainFooterArticleSlot\"}],\"baseLayout\":[{\"injectionEnabled\":false,\"componentType\":\"gpt\",\"targeting\":{\"index\":-1,\"hivis\":\"n\"},\"referenceNode\":\"header\",\"hideOnSensitiveArticle\":true,\"hideOnFirstPageView\":true,\"relativePos\":\"after\",\"name\":\"div-gpt-ad-oop-slot\",\"isOOP\":true,\"type\":\"outOfPage\"},{\"injectionEnabled\":true,\"componentType\":\"gpt\",\"targeting\":{\"index\":-1,\"hivis\":\"n\"},\"referenceNode\":\"header\",\"hideOnSensitiveArticle\":true,\"hideOnFirstPageView\":true,\"relativePos\":\"after\",\"name\":\"div-gpt-ad-oop-interstitial-slot\",\"isOOP\":true,\"isInterstitial\":true,\"type\":\"outOfPageInterstitial\"},{\"componentType\":\"gpt\",\"targeting\":{\"index\":-2,\"hivis\":\"n\"},\"referenceNode\":\"header\",\"sizes\":[[1,1]],\"hideOnSensitiveArticle\":true,\"hideOnFirstPageView\":true,\"relativePos\":\"before\",\"additionalClass\":\"hidden\",\"name\":\"div-gpt-ad-ad-mix-slot\",\"type\":\"adMix\"},{\"componentType\":\"gpt\",\"targeting\":{\"index\":1,\"hivis\":\"y\",\"opos\":\"top\",\"hbPlacements\":\"m-top\"},\"referenceNode\":\"main\",\"sizes\":[[320,100],[320,50],[320,51],[300,100],[300,50]],\"relativePos\":\"before\",\"additionalClass\":\"top-slot\",\"sticky\":{\"sizes\":[[320,50],[320,51],[300,50]],\"mode\":\"header\",\"duration\":5000},\"name\":\"div-gpt-ad-top-slot\",\"type\":\"topOfPageMobile\",\"bidders\":{\"mediagrid\":\"29950\",\"ozone\":\"1420431053\",\"triplelift\":\"hdx_generic_trinitymirror_Prebid\",\"xandr\":\"20406654\",\"verizon\":\"8a96947a017474e02ce3e0c25804009e\",\"sovrn\":\"792290\",\"magnite\":\"1872580\",\"openx\":\"543003501\",\"indexexchange\":\"593547\",\"pubmatic\":\"3328069\"}},{\"componentType\":\"gpt\",\"targeting\":{\"index\":3,\"hivis\":\"n\"},\"injectionConditions\":[{\"condition\":\"stopONAffiliateContent\"}],\"referenceNode\":\"article:not(.channel-sport) .article-body > p:nth-of-type(6)\",\"sizes\":[[8,8]],\"hideOnSensitiveArticle\":true,\"relativePos\":\"after\",\"additionalClass\":\"in-article\",\"name\":\"div-gpt-ad-vip-slot\",\"type\":\"VIP\"},{\"componentType\":\"gpt\",\"referenceNode\":\".timeline>ol>li:nth-of-type(2)\",\"relativePos\":\"after\",\"referenceNode2\":\".article-body > p:nth-of-type(8)\",\"type\":\"inArticleMPU4\",\"relativePos2\":\"after\",\"targeting\":{\"index\":4,\"hivis\":\"n\",\"opos\":\"middle\",\"hbPlacements\":\"m-art1\"},\"sizes\":[[300,250],[300,252]],\"hideOnSensitiveArticle\":true,\"adFreeEnabled\":true,\"additionalClass\":\"in-article\",\"name\":\"div-gpt-ad-in-article-slot\",\"bidders\":{\"mediagrid\":\"29945\",\"ozone\":\"1420431049\",\"triplelift\":\"DailyStar_300x250_Mobile_Prebid\",\"xandr\":\"20406659\",\"verizon\":\"8a96947a017474e02ce3e0c25c6a00a0\",\"sovrn\":\"792294\",\"magnite\":\"1872588\",\"openx\":\"543003493\",\"indexexchange\":\"593551\",\"pubmatic\":\"3328073\"}},{\"componentType\":\"gpt\",\"targeting\":{\"index\":5,\"hivis\":\"n\",\"opos\":\"middle\",\"commercialTest\":\"WEBX-1841-web\",\"hbPlacements\":\"m-arto\"},\"injectionConditions\":[{\"condition\":\"stopONAffiliateContent\"}],\"sizes\":[[300,250],[300,253]],\"hideOnSensitiveArticle\":true,\"adFreeEnabled\":true,\"additionalClass\":\"in-article\",\"name\":\"div-gpt-ad-in-article-slot-long\",\"positions\":[{\"referenceNode\":\".article-body > p:nth-of-type(15)\",\"relativePos\":\"after\",\"conditionNode\":\".article-body > p:nth-of-type(17)\"}],\"type\":\"inArticleMPU5\",\"bidders\":{\"mediagrid\":\"29946\",\"ozone\":\"1420431050\",\"triplelift\":\"DailyStar_300x250_Mobile_Prebid\",\"xandr\":\"20406661\",\"verizon\":\"8a96947a017474e02ce3e0c25c6a00a0\",\"sovrn\":\"792295\",\"magnite\":\"1872590\",\"openx\":\"543003497\",\"indexexchange\":\"593552\",\"pubmatic\":\"3328074\"}},{\"componentType\":\"gpt\",\"targeting\":{\"index\":99,\"hivis\":\"y\",\"opos\":\"bottom\",\"hbPlacements\":\"m-bot\"},\"sizes\":[[320,50],[320,59]],\"referenceNode\":\"main\",\"allowedAdjustments\":{\"override\":true},\"relativePos\":\"after\",\"additionalClass\":\"sticky-bottom-banner\",\"name\":\"div-gpt-ad-sticky-bottom-banner\",\"type\":\"bottomOfPageMobile\",\"bidders\":{\"mediagrid\":\"29949\",\"ozone\":\"1420431054\",\"triplelift\":\"hdx_generic_trinitymirror_Prebid\",\"xandr\":\"20406655\",\"verizon\":\"8a9699d4017474e03107e0c25912012d\",\"sovrn\":\"792291\",\"magnite\":\"1872582\",\"openx\":\"543003504\",\"indexexchange\":\"593548\",\"pubmatic\":\"3328070\"}},{\"mode\":\"thumbnails-feed\",\"componentType\":\"taboola\",\"slotType\":\"taboola\",\"referenceNode\":\"#social-follow\",\"hideOnSensitiveArticle\":true,\"relativePos\":\"after\",\"name\":\"taboolaBelowArticle\",\"selector\":\"taboola-below-article-thumbnails\",\"targetType\":\"mix\",\"placement\":\"Below Article Thumbnails Responsive Feed\",\"type\":\"taboolaBelowArticleThumbnails\",\"enabled\":false},{\"mode\":\"thumbnails-f\",\"componentType\":\"taboola\",\"slotType\":\"taboola\",\"referenceNode\":\".article-body p:nth-of-type(3)\",\"hideOnSensitiveArticle\":true,\"relativePos\":\"after\",\"name\":\"taboolaMobileMidArticle\",\"selector\":\"taboola-mobile-mid-article-thumbnails\",\"targetType\":\"mix\",\"placement\":\"Mobile Mid-Article Thumbnails\",\"type\":\"taboolaMidArticleThumbnails\",\"enabled\":false},{\"mode\":\"thumbnails-m\",\"componentType\":\"taboola\",\"injectionConditions\":[{\"condition\":\"stopONAdvertorialContent\"}],\"slotType\":\"taboola\",\"referenceNode\":\".article-body p:nth-of-type(6)\",\"relativePos\":\"after\",\"name\":\"taboola-mobile-below-article-thumbnails\",\"selector\":\"taboola-below-article-thumbnails-1\",\"targetType\":\"mix\",\"placement\":\"Below Article Thumbnails\",\"type\":\"taboolaMobileBelowArticleThumbnails\"},{\"componentType\":\"adYouLike\",\"referenceSlot\":\"outbrainTopSidebarArticleSlot\",\"injectionConditions\":[{\"condition\":\"stopONAffiliateContent\"}],\"referenceNode\":\".article-body > p:nth-of-type(10)\",\"relativePos\":\"before\",\"additionalClass\":\"hidden\",\"name\":\"ayl-native-1\",\"type\":\"adYouLikeArticleSlot1\"},{\"name\":\"most-read-secondary\",\"componentType\":\"mostRead\",\"referenceSlot\":\"div-gpt-ad-rh-secondary-slot\",\"type\":\"mostReadSecondary\",\"referenceNode\":\"main aside.related-column\",\"relativePos\":\"appendChild\"},{\"name\":\"perform-placeholder\",\"componentType\":\"placeholder\",\"referenceNode\":\".article-body > p:nth-of-type(6)\",\"type\":\"performPlaceholder\",\"relativePos\":\"after\"},{\"name\":\"property-search-container\",\"componentType\":\"partner\",\"referenceNode\":\".article-wrapper > .content-column\",\"type\":\"propertysearch\",\"templateName\":\"search\",\"relativePos\":\"prependChild\"},{\"name\":\"partners-footer\",\"componentType\":\"partner\",\"referenceNode\":\"main\",\"type\":\"allpartnersFooter\",\"templateName\":\"footer\",\"relativePos\":\"appendChild\"},{\"componentType\":\"partner\",\"referenceNode\":\"header .secondary > section > ul\",\"templateName\":\"weather-partnership-bar\",\"relativePos\":\"before\",\"additionalClass\":\"weather-widget\",\"name\":\"weather-widget\",\"referenceNode2\":\"header > nav > ul\",\"type\":\"weather\",\"relativePos2\":\"before\"},{\"name\":\"takeover\",\"componentType\":\"partner\",\"referenceNode\":\"header .secondary\",\"type\":\"masthead\",\"templateName\":\"takeover\",\"relativePos\":\"before\"},{\"name\":\"crosswords-carousel\",\"componentType\":\"partner\",\"referenceNode\":\".article-main > p[itemprop=description]\",\"type\":\"crosswordsCarousel\",\"templateName\":\"carousel\",\"relativePos\":\"after\"},{\"name\":\"valpal-property\",\"componentType\":\"partner\",\"referenceNode\":\".article-body > p:nth-of-type(6)\",\"type\":\"valpal\",\"templateName\":\"property\",\"relativePos\":\"before\"},{\"injectionEnabled\":false,\"componentType\":\"partner\",\"referenceNode\":\"header nav.primary\",\"templateName\":\"premier-league\",\"relativePos\":\"after\",\"additionalClass\":\"premier-league\",\"name\":\"premier-league\",\"type\":\"premierLeague\"},{\"injectionEnabled\":true,\"componentType\":\"outbrain\",\"injectionConditions\":[{\"condition\":\"stopONAdvertorialContent\"}],\"slotType\":\"outbrain\",\"referenceNode\":\".article-body > p:nth-of-type(2)\",\"widgetOptions\":{\"ids\":[\"AR_2\"],\"template\":\"DailyStar\"},\"hideOnSensitiveArticle\":true,\"relativePos\":\"after\",\"additionalClass\":\"mid-article-widget\",\"name\":\"outbrainMidArticleSlot\",\"placement\":\"Mid-Article\",\"type\":\"outbrainMidArticleSlot\"},{\"injectionEnabled\":true,\"componentType\":\"outbrain\",\"slotType\":\"outbrain\",\"referenceNode\":\".article-wrapper > .content-column\",\"widgetOptions\":{\"ids\":[\"MB_1\"],\"template\":\"DailyStar\"},\"hideOnSensitiveArticle\":true,\"relativePos\":\"appendChild\",\"name\":\"outbrainFooterArticleSlot\",\"placement\":\"Footer\",\"type\":\"outbrainFooterArticleSlot\"}],\"tabletLandscapeUpwards\":[{\"injectionEnabled\":false,\"componentType\":\"gpt\",\"targeting\":{\"index\":-1,\"hivis\":\"n\"},\"referenceNode\":\"header\",\"hideOnSensitiveArticle\":true,\"hideOnFirstPageView\":true,\"relativePos\":\"after\",\"name\":\"div-gpt-ad-oop-slot\",\"isOOP\":true,\"type\":\"outOfPage\"},{\"componentType\":\"gpt\",\"targeting\":{\"index\":-2,\"hivis\":\"n\"},\"referenceNode\":\"header\",\"sizes\":[[1,1]],\"hideOnSensitiveArticle\":true,\"hideOnFirstPageView\":true,\"relativePos\":\"before\",\"additionalClass\":\"hidden\",\"name\":\"div-gpt-ad-ad-mix-slot\",\"type\":\"adMix\"},{\"componentType\":\"gpt\",\"targeting\":{\"index\":1,\"hivis\":\"y\",\"opos\":\"top\",\"hbPlacements\":\"t-top\"},\"referenceNode\":\"header\",\"sizes\":[[970,250],[970,251],[728,90],[728,91]],\"hideOnSensitiveArticle\":true,\"relativePos\":\"before\",\"additionalClass\":\"top-slot\",\"sticky\":{\"mode\":\"header\",\"duration\":5000},\"name\":\"div-gpt-ad-top-slot\",\"type\":\"topOfPage\",\"bidders\":{\"mediagrid\":\"29960\",\"ozone\":\"1420431065\",\"triplelift\":\"DailyStar_970x250_Tablet_Prebid\",\"xandr\":\"20406664\",\"verizon\":\"8a9699d4017474e03107e0c260b30130\",\"sovrn\":\"792826\",\"magnite\":\"1872742\",\"openx\":\"543003512\",\"indexexchange\":\"594424\",\"pubmatic\":\"3328574\"}},{\"componentType\":\"gpt\",\"targeting\":{\"index\":2,\"hivis\":\"y\"},\"referenceNode\":\"main nav\",\"sizes\":[[948,42]],\"relativePos\":\"before\",\"additionalClass\":\"bg-white\",\"name\":\"div-gpt-ad-sponsorship-bar\",\"type\":\"sponsorshipBar\"},{\"componentType\":\"gpt\",\"targeting\":{\"index\":3,\"hivis\":\"y\",\"opos\":\"top\",\"hbPlacements\":\"t-rh\"},\"referenceNode\":\".related-column\",\"sizes\":[[300,600],[300,250],[300,252]],\"relativePos\":\"prependChild\",\"adFreeEnabled\":true,\"name\":\"div-gpt-ad-rh-slot\",\"type\":\"primaryMPU\",\"bidders\":{\"mediagrid\":\"29959\",\"ozone\":\"1420431057\",\"triplelift\":\"DailyStar_300x600_Tablet_Prebid\",\"xandr\":\"20406671\",\"verizon\":\"8a969086017474e02915e0c2660e00a3\",\"sovrn\":\"792831\",\"magnite\":\"1872742\",\"openx\":\"543003496\",\"indexexchange\":\"594424\",\"pubmatic\":\"3328579\"}},{\"componentType\":\"gpt\",\"targeting\":{\"index\":4,\"hivis\":\"n\"},\"injectionConditions\":[{\"condition\":\"stopONAffiliateContent\"}],\"referenceNode\":\"article:not(.channel-sport) .article-body > p:nth-of-type(6)\",\"sizes\":[[8,8]],\"hideOnSensitiveArticle\":true,\"relativePos\":\"after\",\"additionalClass\":\"in-article\",\"name\":\"div-gpt-ad-vip-slot\",\"type\":\"VIP\"},{\"componentType\":\"gpt\",\"targeting\":{\"index\":6,\"hivis\":\"n\",\"opos\":\"middle\",\"hbPlacements\":\"t-art1\"},\"sizes\":[[300,250],[300,254]],\"hideOnSensitiveArticle\":true,\"additionalClass\":\"in-article\",\"name\":\"div-gpt-ad-in-article-slot\",\"positions\":[{\"referenceNode\":\".timeline>ol>li:nth-of-type(2)\",\"relativePos\":\"after\"},{\"referenceNode\":\".article-body > p:nth-last-of-type(4)\",\"relativePos\":\"after\",\"conditionNode\":\".article-body > p:nth-of-type(8)\"}],\"type\":\"inArticleMPU6\",\"bidders\":{\"mediagrid\":\"29954\",\"ozone\":\"1420431058\",\"triplelift\":\"DailyStar_300x250_In-Article_Tablet_Prebid\",\"xandr\":\"20406675\",\"verizon\":\"8a969086017474e02915e0c2695c00a4\",\"sovrn\":\"792834\",\"magnite\":\"1872742\",\"openx\":\"543003510\",\"indexexchange\":\"594424\",\"pubmatic\":\"3328582\"}},{\"componentType\":\"gpt\",\"targeting\":{\"index\":9,\"hivis\":\"n\",\"opos\":\"bottom\",\"hbPlacements\":\"t-bot\"},\"sizes\":[[728,90],[728,98],[728,99]],\"referenceNode\":\"main\",\"relativePos\":\"after\",\"additionalClass\":\"bottom-ad-slot\",\"name\":\"div-gpt-ad-bottom-slot\",\"type\":\"bottomOfpagePlusMid\",\"bidders\":{\"mediagrid\":\"29951\",\"ozone\":\"1420431061\",\"triplelift\":\"DailyStar_970x250_Tablet_Prebid\",\"xandr\":\"20406667\",\"verizon\":\"8a969086017474e02915e0c262de00a2\",\"sovrn\":\"792828\",\"magnite\":\"1872742\",\"openx\":\"543003529\",\"indexexchange\":\"594424\",\"pubmatic\":\"3328576\"}},{\"includeInHeaderBidding\":true,\"injectionEnabled\":false,\"componentType\":\"gpt\",\"targeting\":{\"hivis\":\"y\",\"opos\":\"left\"},\"sizes\":[[160,600]],\"referenceNode\":\"main\",\"relativePos\":\"before\",\"additionalClass\":\"sureview-ad-left\",\"name\":\"div-gpt-ad-sureview-left-slot\",\"type\":\"sureviewLeft\"},{\"includeInHeaderBidding\":true,\"injectionEnabled\":false,\"componentType\":\"gpt\",\"targeting\":{\"hivis\":\"y\",\"opos\":\"right\"},\"sizes\":[[160,600]],\"referenceNode\":\"main\",\"relativePos\":\"before\",\"additionalClass\":\"sureview-ad-right\",\"name\":\"div-gpt-ad-sureview-right-slot\",\"type\":\"sureviewRight\"},{\"mode\":\"thumbnails-feed\",\"componentType\":\"taboola\",\"slotType\":\"taboola\",\"referenceNode\":\"#social-follow\",\"hideOnSensitiveArticle\":true,\"relativePos\":\"after\",\"name\":\"taboolaBelowArticle\",\"selector\":\"taboola-below-article-thumbnails\",\"targetType\":\"mix\",\"placement\":\"Below Article Thumbnails Responsive Feed\",\"type\":\"taboolaBelowArticleThumbnails\",\"enabled\":false},{\"name\":\"perform-placeholder\",\"componentType\":\"placeholder\",\"referenceNode\":\".article-body > p:nth-of-type(6)\",\"type\":\"performPlaceholder\",\"relativePos\":\"after\"},{\"name\":\"property-search-container\",\"componentType\":\"partner\",\"referenceNode\":\".article-wrapper > .content-column\",\"type\":\"propertysearch\",\"templateName\":\"search\",\"relativePos\":\"prependChild\"},{\"name\":\"partners-footer\",\"componentType\":\"partner\",\"referenceNode\":\"main\",\"type\":\"allpartnersFooter\",\"templateName\":\"footer\",\"relativePos\":\"appendChild\"},{\"componentType\":\"partner\",\"referenceNode\":\"header .secondary > section > ul\",\"templateName\":\"weather-partnership-bar\",\"relativePos\":\"before\",\"additionalClass\":\"weather-widget\",\"name\":\"weather-widget\",\"referenceNode2\":\"header > nav > ul\",\"type\":\"weather\",\"relativePos2\":\"before\"},{\"name\":\"takeover\",\"componentType\":\"partner\",\"referenceNode\":\"header .secondary\",\"type\":\"masthead\",\"templateName\":\"takeover\",\"relativePos\":\"before\"},{\"name\":\"crosswords-carousel\",\"componentType\":\"partner\",\"referenceNode\":\".article-main > p[itemprop=description]\",\"type\":\"crosswordsCarousel\",\"templateName\":\"carousel\",\"relativePos\":\"after\"},{\"name\":\"valpal-property\",\"componentType\":\"partner\",\"referenceNode\":\".article-body > p:nth-of-type(6)\",\"type\":\"valpal\",\"templateName\":\"property\",\"relativePos\":\"before\"},{\"injectionEnabled\":false,\"componentType\":\"partner\",\"referenceNode\":\"header nav.primary\",\"templateName\":\"premier-league\",\"relativePos\":\"after\",\"additionalClass\":\"premier-league\",\"name\":\"premier-league\",\"type\":\"premierLeague\"},{\"injectionEnabled\":true,\"componentType\":\"outbrain\",\"injectionConditions\":[{\"condition\":\"stopONAdvertorialContent\"}],\"slotType\":\"outbrain\",\"referenceNode\":\".article-body > p:nth-of-type(2)\",\"widgetOptions\":{\"ids\":[\"AR_2\"],\"template\":\"DailyStar\"},\"hideOnSensitiveArticle\":true,\"relativePos\":\"after\",\"additionalClass\":\"mid-article-widget\",\"name\":\"outbrainMidArticleSlot\",\"placement\":\"Mid-Article\",\"type\":\"outbrainMidArticleSlot\"},{\"injectionEnabled\":true,\"componentType\":\"outbrain\",\"slotType\":\"outbrain\",\"referenceNode\":\".article-wrapper > .content-column\",\"widgetOptions\":{\"ids\":[\"AR_16\"],\"template\":\"DailyStar\"},\"hideOnSensitiveArticle\":true,\"relativePos\":\"appendChild\",\"name\":\"outbrainFooterArticleSlot\",\"placement\":\"Footer\",\"type\":\"outbrainFooterArticleSlot\"},{\"componentType\":\"recommendations\",\"referenceSlot\":\"div-gpt-ad-sponsorship-bar\",\"injectionConditions\":[{\"condition\":\"topBoxInjectable\"}],\"hideOnSensitiveArticle\":true,\"relativePos\":\"before\",\"additionalClass\":\"brand-passion-bg pancake duet no-bottom-margin\",\"name\":\"recommendations-topbox\",\"type\":\"recommendationsTopBox\",\"items\":5},{\"injectionEnabled\":false,\"componentType\":\"recommendations\",\"referenceSlot\":\"div-gpt-ad-rh-slot\",\"heading\":\"Recommended\",\"relativePos\":\"after\",\"additionalClass\":\"tm-recs seldon-recs pancake duet no-bottom-margin\",\"name\":\"recommendations-top-heading\",\"type\":\"recommendationsTopHeading\",\"items\":0},{\"injectionEnabled\":true,\"componentType\":\"outbrain\",\"referenceSlot\":\"div-gpt-ad-rh-slot\",\"slotType\":\"outbrain\",\"widgetOptions\":{\"ids\":[\"SB_1\"],\"template\":\"DailyStar\"},\"hideOnSensitiveArticle\":true,\"relativePos\":\"after\",\"name\":\"outbrainTopSidebarArticleSlot\",\"placement\":\"RHC\",\"type\":\"outbrainTopSidebarArticleSlot\"},{\"injectionEnabled\":false,\"componentType\":\"recommendations\",\"referenceSlot\":\"recommendations-top-heading\",\"relativePos\":\"after\",\"additionalClass\":\"tm-recs seldon-recs pancake duet no-bottom-margin\",\"name\":\"recommendations-top-primary\",\"type\":\"recommendationsTopPrimary\",\"items\":4},{\"componentType\":\"gpt\",\"targeting\":{\"index\":5,\"hivis\":\"n\",\"opos\":\"middle\",\"hbPlacements\":\"t-rh2\"},\"referenceSlot\":\"outbrainTopSidebarArticleSlot\",\"sizes\":[[300,600],[300,250],[300,253]],\"relativePos\":\"after\",\"name\":\"div-gpt-ad-rh-secondary-slot\",\"type\":\"secondaryMPU\",\"bidders\":{\"mediagrid\":\"29957\",\"ozone\":\"1420431056\",\"triplelift\":\"DailyStar_300x600_Tablet_Prebid\",\"xandr\":\"20406672\",\"verizon\":\"8a9699d4017474e03107e0c267280132\",\"sovrn\":\"792832\",\"magnite\":\"1872742\",\"openx\":\"543003500\",\"indexexchange\":\"594424\",\"pubmatic\":\"3328580\"}},{\"additionalClass\":\"hidden\",\"name\":\"ayl-native-1\",\"componentType\":\"adYouLike\",\"referenceSlot\":\"outbrainTopSidebarArticleSlot\",\"type\":\"adYouLikeArticleSlot1\",\"relativePos\":\"before\"},{\"mode\":\"thumbnails-e\",\"componentType\":\"taboola\",\"referenceSlot\":\"div-gpt-ad-rh-secondary-slot\",\"slotType\":\"taboola\",\"hideOnSensitiveArticle\":true,\"relativePos\":\"before\",\"name\":\"taboolaRightRailsResponsive\",\"selector\":\"taboola-right-rail-thumbnails-responsive\",\"targetType\":\"mix\",\"placement\":\"Right Rail Thumbnails Responsive\",\"type\":\"taboolaRightRailsThumbnails\",\"enabled\":false},{\"componentType\":\"recommendations\",\"referenceSlot\":\"div-gpt-ad-rh-secondary-slot\",\"heading\":\"Recommended\",\"relativePos\":\"after\",\"additionalClass\":\"tm-recs seldon-recs pancake duet no-bottom-margin\",\"name\":\"recommendations-bottom-primary\",\"type\":\"recommendationsBottomPrimary\",\"items\":4},{\"name\":\"most-read-secondary\",\"additionalClass\":\"hidden\",\"componentType\":\"mostRead\",\"referenceSlot\":\"div-gpt-ad-rh-secondary-slot\",\"type\":\"mostReadSecondary\",\"relativePos\":\"after\"},{\"name\":\"web-search-container\",\"componentType\":\"partner\",\"referenceSlot\":\"div-gpt-ad-rh-secondary-slot\",\"type\":\"webdotcom\",\"templateName\":\"webSearch\",\"relativePos\":\"after\"},{\"componentType\":\"recommendations\",\"referenceSlot\":\"recommendations-bottom-primary\",\"relativePos\":\"after\",\"additionalClass\":\"tm-recs seldon-recs pancake duet no-bottom-margin\",\"name\":\"recommendations-bottom-secondary\",\"type\":\"recommendationsBottomSecondary\",\"items\":1},{\"additionalClass\":\"hidden\",\"name\":\"ayl-native-2\",\"componentType\":\"adYouLike\",\"referenceSlot\":\"recommendations-bottom-primary\",\"type\":\"adYouLikeArticleSlot2\",\"relativePos\":\"after\"},{\"componentType\":\"partner\",\"referenceSlot\":\"recommendations-bottom-primary\",\"templateName\":\"form-car-search\",\"relativePos\":\"before\",\"name\":\"haymarket-car-search-form\",\"title\":\"Find Used Cars\",\"type\":\"haymarket\"},{\"componentType\":\"recommendations\",\"referenceSlot\":\"recommendations-bottom-secondary\",\"heading\":\"Recommended\",\"relativePos\":\"after\",\"additionalClass\":\"tm-recs seldon-recs pancake duet no-bottom-margin\",\"name\":\"recommendations-bottom-tertiary\",\"type\":\"recommendationsBottomTertiary\",\"items\":4},{\"componentType\":\"gpt\",\"targeting\":{\"index\":7,\"hivis\":\"n\",\"opos\":\"middle\",\"hbPlacements\":\"t-rho\"},\"referenceSlot\":\"recommendations-bottom-tertiary\",\"sizes\":[[300,600],[300,250],[300,255]],\"relativePos\":\"before\",\"name\":\"div-gpt-ad-rh-tertiary-slot\",\"type\":\"tertiaryMPU\",\"bidders\":{\"mediagrid\":\"29958\",\"ozone\":\"1420431055\",\"triplelift\":\"DailyStar_300x600_Tablet_Prebid\",\"xandr\":\"20406673\",\"verizon\":\"8a96947a017474e02ce3e0c2685000a4\",\"sovrn\":\"792833\",\"magnite\":\"1872742\",\"openx\":\"543003505\",\"indexexchange\":\"594424\",\"pubmatic\":\"3328581\"}},{\"componentType\":\"gpt\",\"targeting\":{\"index\":8,\"hivis\":\"n\",\"opos\":\"bottom\",\"hbPlacements\":\"t-rho\"},\"referenceSlot\":\"recommendations-bottom-tertiary\",\"sizes\":[[300,600],[300,250],[300,256]],\"relativePos\":\"after\",\"name\":\"div-gpt-ad-rh-quaternary-slot\",\"type\":\"quaternaryMPU\",\"bidders\":{\"mediagrid\":\"29958\",\"ozone\":\"1420431055\",\"triplelift\":\"DailyStar_300x600_Tablet_Prebid\",\"xandr\":\"20406673\",\"verizon\":\"8a96947a017474e02ce3e0c2685000a4\",\"sovrn\":\"792833\",\"magnite\":\"1872742\",\"openx\":\"543003505\",\"indexexchange\":\"594424\",\"pubmatic\":\"3328581\"}},{\"componentType\":\"recommendations\",\"referenceSlot\":\"recommendations-bottom-tertiary\",\"relativePos\":\"after\",\"additionalClass\":\"tm-recs seldon-recs pancake duet\",\"name\":\"recommendations-top-secondary\",\"type\":\"recommendationsTopSecondary\",\"items\":1},{\"additionalClass\":\"hidden\",\"name\":\"ayl-native-3\",\"componentType\":\"adYouLike\",\"referenceSlot\":\"recommendations-bottom-tertiary\",\"type\":\"adYouLikeArticleSlot3\",\"relativePos\":\"after\"},{\"name\":\"onscroll-placeholder\",\"componentType\":\"placeholder\",\"referenceSlot\":\"div-gpt-ad-rh-quaternary-slot\",\"type\":\"onScrollPlaceholder\",\"relativePos\":\"after\"},{\"injectionEnabled\":true,\"componentType\":\"outbrain\",\"referenceSlot\":\"div-gpt-ad-rh-quaternary-slot\",\"slotType\":\"outbrain\",\"widgetOptions\":{\"ids\":[\"SB_2\"],\"template\":\"DailyStar\"},\"hideOnSensitiveArticle\":true,\"relativePos\":\"after\",\"name\":\"outbrainBottomSidebarArticleSlot\",\"placement\":\"RHC\",\"type\":\"outbrainBottomSidebarArticleSlot\"}]}", "scriptConfig": "{\"performSemanticPlayer\":{\"enabled\":true},\"remoteInjectionConfig\":{\"enabled\":false},\"videoHB\":{\"appNexus\":{\"placementId\":14674619},\"enabled\":false,\"indexExchange\":{\"siteId\":281456},\"spotx\":{\"tier\":1,\"channelIds\":{\"UK\":{\"desktop\":\"237744\",\"tabletLandscapeUpwards\":\"237744\",\"tabletPortraitUpwards\":\"237744\",\"baseLayout\":\"237746\"},\"ROW\":{\"desktop\":\"237745\",\"tabletLandscapeUpwards\":\"237745\",\"tabletPortraitUpwards\":\"237745\",\"baseLayout\":\"237747\"}}}},\"grapeshot\":{\"zone\":\"national\",\"enabled\":true},\"smartadserver\":{\"enabled\":true},\"themediatrust\":{\"siteId\":\"18a22362c0f4744c0bbbf2743e56a0b97a29779b2a95e25d0473ce31d4f6c082\",\"enabled\":true},\"hbPageLevel\":{\"pubmatic\":{\"publisherId\":\"156997\"},\"magnite\":{\"accountId\":\"7949\",\"siteId\":{\"desktop\":\"351974\",\"tabletLandscapeUpwards\":\"352058\",\"tabletPortraitUpwards\":\"352058\",\"baseLayout\":\"352004\"}},\"verizon\":{\"siteId\":{\"desktop\":\"8a9691c8017474d5c661da8eb17d0356\",\"tabletLandscapeUpwards\":\"8a9691c8017474d5c661da8eb3a4035a\",\"tabletPortraitUpwards\":\"8a9691c8017474d5c661da8eb3a4035a\",\"baseLayout\":\"8a9691c8017474d5c661da8eb27c0358\"}},\"openx\":{\"delDomain\":\"trinitymirror-d.openx.net\"}},\"groupMHeaderBidding\":{\"placements\":{\"Prem_BB\":{\"size\":[970,250],\"id\":\"16185801\",\"mobile\":false,\"premium\":true},\"Prem_DMPU\":{\"size\":[300,600],\"id\":\"16185800\",\"mobile\":false,\"premium\":true},\"Prem_MMPU\":{\"size\":[300,250],\"id\":\"16185802\",\"mobile\":true,\"premium\":true},\"MPU\":{\"size\":[300,250],\"id\":\"16185849\",\"mobile\":false,\"premium\":false},\"LB\":{\"size\":[728,90],\"id\":\"16185850\",\"mobile\":false,\"premium\":false},\"SS\":{\"size\":[160,600],\"id\":\"16185851\",\"mobile\":false,\"premium\":false},\"Mobile_Banner\":{\"size\":[320,50],\"id\":\"16185852\",\"mobile\":true,\"premium\":false}},\"premiumSlots\":[\"div-gpt-ad-top-slot\",\"div-gpt-ad-rh-slot\",\"div-gpt-ad-in-article-slot\"],\"enabled\":false},\"skimlinks\":{\"enabled\":false},\"ozoneHeaderBidding\":{\"premiumSlotPlacementId\":\"1420420433\",\"siteId\":\"4204204202\",\"topSlotPlacementId\":\"1420420431\",\"bottomSlotPlacementId\":\"1420420432\",\"defaultPlacementId\":\"1420420434\",\"enabled\":true},\"googleAnalytics\":{\"enabled\":false},\"visualDNA\":{\"apiKey\":\"mirror\",\"enabled\":true},\"lotame\":{\"tagNumber\":\"9458\",\"enabled\":true},\"onScroll\":{\"enabled\":true},\"pageUrl\":\"https://www.dailystar.co.uk/diet-fitness/vanessa-hudgens-weight-loss-diet-17011348\",\"timestamp\":1606424294742,\"indexExchange\":{\"headerTag\":\"//js-sec.indexww.com/ht/p/186772-98293609095784.js\",\"enabled\":true},\"adYouLike\":{\"enabled\":true}}", "dataLayer": "{\"page\":{\"attributes\":{\"application\":\"Responsive Web\",\"channel\":\"diet-fitness\",\"channelId\":\"26012\",\"sectionId\":\"26012\",\"publicationName\":\"dailystar\",\"publicationId\":\"14\",\"environment\":\"prod\",\"platform\":\"nationals\",\"pageName\":\"dailystar:diet-fitness:home:article:vanessa-hudgens-weight-loss-diet:17011348\",\"pageType\":\"article:news:gal\",\"ownerSite\":\"dailystar\",\"ownerSiteDomain\":\"www.dailystar.co.uk\",\"subSectionOne\":\"diet-fitness\",\"features\":{\"showVpaidControls\":\"true\",\"loadIrisManually\":\"true\",\"delayAdsUntilCMP\":\"true\",\"disableAdvertMaxHeight\":\"true\",\"preloadFonts\":\"true\",\"PWA.enable\":\"true\",\"readNextEmbeds\":\"true\",\"removeSSO\":\"true\",\"chartbeatHeadlinePageTypes\":\"[\\\"home\\\"]\",\"felix.endpoint\":\"https://felix.data.tm-awx.com/ampconfig.json\",\"breakingNewsPull\":\"true\",\"magniteDisplayPrebidEnabled\":\"false\",\"chameleon.cookiePolicy.enabled\":\"false\",\"xandrDisplayPrebidEnabled\":\"false\",\"mediaGridDisplayPrebidEnabled\":\"false\",\"smallerFloatParkVideo\":\"true\",\"readNextJS.enable\":\"true\",\"recommendations\":\"https://mab.data.tm-awx.com/rhs\",\"prebidLibrary\":\"true\",\"GDPRConsentV2Enabled\":\"false\",\"quantcastCMPEnabled\":\"true\",\"openxDisplayPrebidEnabled\":\"false\",\"PWA\":\"{\\\"cacheFirst\\\":{\\\"modalTimeout\\\":2000},\\\"combinedPrompt\\\":true,\\\"scope\\\":\\\"/life-style/\\\",\\\"options\\\":{\\\"pushStyle\\\":\\\"headline\\\",\\\"pushSticky\\\":true}}\",\"bundledCss\":\"false\",\"IASVisRestrictToGeo\":\"UK-IE\",\"swipeNavigation.endpoint\":\"https://mab.data.tm-awx.com/pwa-swipe\",\"customCommentCount\":\"3\",\"monitizer\":\"true\",\"tcfVersion\":\"2\",\"navWithArticle.enabled\":\"true\",\"prebidTestLibrary\":\"false\",\"codesplit\":\"false\",\"irisTvEnabled\":\"true\",\"nocodesplit\":\"true\",\"RRET-227.cutOffDate\":\"2020-06-30T10:30:00\",\"loginRadiusAPIKey\":\"415307d0-d73a-49d3-9958-1c42c71165ee\",\"readMoreWithImage\":\"true\",\"compressedCommentsSection\":\"true\",\"amazonVideoTagEnabled\":\"true\",\"amazonTagEnabled\":\"true\",\"delayAdsUntilConsented\":\"true\",\"newsletterSiteName\":\"Daily Star\",\"videoPlaylistEnabled\":\"true\",\"webPushNotifications.vapidKey\":\"BEHzR5yQCFrRRVOc0xH3GhnSBQRREcbhmzPUWQFa9z6JNRsR4QwoSoOb96zCO78Ai7pbl4fbNsk83yWp1x_1yuM=\",\"webPushNotifications.serviceName\":\"airship\",\"lotameLightningTagV2\":\"true\",\"pubmaticDisplayPrebidEnabled\":\"false\",\"prebid.sendAllBids\":\"true\",\"readNextRecommendation\":\"https://recommendations.data.tm-awx.com/fallback\",\"prebid.sendHBKeys\":\"true\",\"loginRadius\":\"true\",\"webPushNotifications.token\":\"MToyM0VXVE1pQ1NEQ2lwZksxYU0wTnJnOi1PSldlYmlpRVl5bDE1d2p1dG9SYjl2V0l5M2JBU2JxdDY2SjI1dlpBMk0\",\"videoHeaderBiddingEnabled\":\"false\",\"irisAutoplayVideosMax\":\"4\",\"sovrnDisplayPrebidEnabled\":\"false\",\"video.header.bidding.enabled\":\"false\",\"ozoneAllowedKeys\":\"oz_gmpd_crid,oz_gmpd,oz_gmpd_adid,oz_winner,oz_gmpd_adomain,oz_gmpd_pb_r,oz_gmpd_adv\",\"webPushNotifications.appKey\":\"23EWTMiCSDCipfK1aM0Nrg\",\"changeWhatsHotTitle\":\"What\u2019s hot\",\"verizonDisplayPrebidEnabled\":\"false\",\"monitizerScriptUrl\":\"https://link.monetizer101.com/widget/code/dailystaruk.js\",\"webPushNotifications.pushDisplayService\":\"airship\",\"enableAboutTopics\":\"true\",\"GDPRConsentEnabled\":\"false\",\"viafouraComments\":\"true\",\"mvtTests.enable\":\"false\",\"swipeNavigation\":\"true\",\"flagsFromDataLayerForFBIA\":\"true\",\"fundingChoicesEnabled\":\"true\",\"customAdExperience\":\"true\",\"collectiveDisplayPrebidEnabled\":\"false\",\"irisClientToken\":\"2540076170001\",\"spotxVideoPrebidEnabled\":\"true\",\"externalBrandCSS\":\"true\",\"LoginRadiusDomain\":\"https://reachplc.hub.loginradius.com\",\"groupmDisplayPrebidEnabled\":\"false\",\"displayPrebidEnabled\":\"true\",\"ixVideoPrebidEnabled\":\"true\",\"modularCss\":\"true\",\"ozoneDisplayPrebidEnabled\":\"true\",\"enableTrendingComments\":\"true\",\"nativeAppBanner\":\"true\",\"ixDisplayPrebidEnabled\":\"false\",\"removeArticleFollow\":\"true\",\"commentCountEnabled\":\"true\",\"video.ima3Version\":\"3\",\"videoPrebidEnabled\":\"true\",\"delayVideoAdsUntilConsented\":\"true\",\"appNexusVideoPrebidEnabled\":\"true\"}},\"info\":{\"url\":\"https://www.dailystar.co.uk/diet-fitness/vanessa-hudgens-weight-loss-diet-17011348\"}},\"article\":{\"attributes\":{\"allTags\":\"Weight Loss\",\"articleAuthor\":\"Sarah Buchanan\",\"articleId\":\"17011348\",\"articleTitle\":\"Vanessa Hudgens lost 20lbs by doing THIS twice a day\",\"articleUrl\":\"https://www.dailystar.co.uk/diet-fitness/vanessa-hudgens-weight-loss-diet-17011348\",\"headline\":\"dailystar_vanessa-hudgens-weight-loss-diet\",\"publishDate\":\"2017-04-14\",\"firstPublishDate\":\"2017-04-14\",\"firstPublishTime\":\"10:03\",\"objectType\":\"article\",\"ownerSite\":\"dailystar\",\"sensitiveArticle\":false,\"embeddedArticle\":false,\"registrationWallArticle\":false,\"axatePaywallArticle\":false,\"isHavingCommercialFactBox\":false,\"subType\":\"news_story\",\"communityChatArticle\":false},\"info\":{\"hoursSincePublication\":\"31739\",\"videos\":[{\"videoPlayer\":\"brightcove\",\"videoTitle\":\"Vanessa Hudgens Stuns in Bikini While on Vacation in Miami\",\"placement\":\"lead\",\"duration\":0,\"id\":\"4840989240001\",\"uploader\":\"dailystar Administrator\",\"source\":\"06bef9c772ff856fcdfb6f8f237b9c80\",\"contentVertical\":\"Undefined\",\"site\":\"Undefined\",\"clearance\":\"Network\",\"sourceUrl\":\"\"}],\"hasLeadVideo\":true,\"evergreenArticle\":false},\"interaction\":{\"nameId\":\"17011348\"}}}", "manifest-validation": "{\"tags\":[\"Weight Loss\"],\"url\":\"https://www.dailystar.co.uk/diet-fitness/vanessa-hudgens-weight-loss-diet-17011348\",\"primaryTag\":\"\"}", "shopwindow-topslot-confg": "{\"type\":\"shopwindow-topslot\",\"ingredients\":[],\"platform\":\"\"}", "partnerConfig": "{\"rgHoroscope\":{\"freeTrialHoroscope\":\"https://www.russellgrant.com/astroengine/v3/index.cgi?report=yccyltrial&agent=NS_DS\",\"forecastHoroscope\":\"https://www.russellgrant.com/nands/report.php?brand=DS&id=career&\",\"personalisedHoroscope\":\"https://www.russellgrant.com/nands/?brand=DS\",\"birthHoroscope\":\"https://www.russellgrant.com/nands/report.php?brand=DS&id=freenatalreport\"}}", "partnerFooterConfig": "{\"partnerContentList\":[],\"features\":{\"showVpaidControls\":\"true\",\"loadIrisManually\":\"true\",\"delayAdsUntilCMP\":\"true\",\"disableAdvertMaxHeight\":\"true\",\"preloadFonts\":\"true\",\"PWA.enable\":\"true\",\"readNextEmbeds\":\"true\",\"removeSSO\":\"true\",\"chartbeatHeadlinePageTypes\":\"[\\\"home\\\"]\",\"felix.endpoint\":\"https://felix.data.tm-awx.com/ampconfig.json\",\"breakingNewsPull\":\"true\",\"magniteDisplayPrebidEnabled\":\"false\",\"chameleon.cookiePolicy.enabled\":\"false\",\"xandrDisplayPrebidEnabled\":\"false\",\"mediaGridDisplayPrebidEnabled\":\"false\",\"smallerFloatParkVideo\":\"true\",\"readNextJS.enable\":\"true\",\"recommendations\":\"https://mab.data.tm-awx.com/rhs\",\"prebidLibrary\":\"true\",\"GDPRConsentV2Enabled\":\"false\",\"quantcastCMPEnabled\":\"true\",\"openxDisplayPrebidEnabled\":\"false\",\"PWA\":\"{\\\"cacheFirst\\\":{\\\"modalTimeout\\\":2000},\\\"combinedPrompt\\\":true,\\\"scope\\\":\\\"/life-style/\\\",\\\"options\\\":{\\\"pushStyle\\\":\\\"headline\\\",\\\"pushSticky\\\":true}}\",\"bundledCss\":\"false\",\"IASVisRestrictToGeo\":\"UK-IE\",\"swipeNavigation.endpoint\":\"https://mab.data.tm-awx.com/pwa-swipe\",\"customCommentCount\":\"3\",\"monitizer\":\"true\",\"tcfVersion\":\"2\",\"navWithArticle.enabled\":\"true\",\"prebidTestLibrary\":\"false\",\"codesplit\":\"false\",\"irisTvEnabled\":\"true\",\"nocodesplit\":\"true\",\"RRET-227.cutOffDate\":\"2020-06-30T10:30:00\",\"loginRadiusAPIKey\":\"415307d0-d73a-49d3-9958-1c42c71165ee\",\"readMoreWithImage\":\"true\",\"compressedCommentsSection\":\"true\",\"amazonVideoTagEnabled\":\"true\",\"amazonTagEnabled\":\"true\",\"delayAdsUntilConsented\":\"true\",\"newsletterSiteName\":\"Daily Star\",\"videoPlaylistEnabled\":\"true\",\"webPushNotifications.vapidKey\":\"BEHzR5yQCFrRRVOc0xH3GhnSBQRREcbhmzPUWQFa9z6JNRsR4QwoSoOb96zCO78Ai7pbl4fbNsk83yWp1x_1yuM=\",\"webPushNotifications.serviceName\":\"airship\",\"lotameLightningTagV2\":\"true\",\"pubmaticDisplayPrebidEnabled\":\"false\",\"prebid.sendAllBids\":\"true\",\"readNextRecommendation\":\"https://recommendations.data.tm-awx.com/fallback\",\"prebid.sendHBKeys\":\"true\",\"loginRadius\":\"true\",\"webPushNotifications.token\":\"MToyM0VXVE1pQ1NEQ2lwZksxYU0wTnJnOi1PSldlYmlpRVl5bDE1d2p1dG9SYjl2V0l5M2JBU2JxdDY2SjI1dlpBMk0\",\"videoHeaderBiddingEnabled\":\"false\",\"irisAutoplayVideosMax\":\"4\",\"sovrnDisplayPrebidEnabled\":\"false\",\"video.header.bidding.enabled\":\"false\",\"ozoneAllowedKeys\":\"oz_gmpd_crid,oz_gmpd,oz_gmpd_adid,oz_winner,oz_gmpd_adomain,oz_gmpd_pb_r,oz_gmpd_adv\",\"webPushNotifications.appKey\":\"23EWTMiCSDCipfK1aM0Nrg\",\"changeWhatsHotTitle\":\"What\u2019s hot\",\"verizonDisplayPrebidEnabled\":\"false\",\"monitizerScriptUrl\":\"https://link.monetizer101.com/widget/code/dailystaruk.js\",\"webPushNotifications.pushDisplayService\":\"airship\",\"enableAboutTopics\":\"true\",\"GDPRConsentEnabled\":\"false\",\"viafouraComments\":\"true\",\"mvtTests.enable\":\"false\",\"swipeNavigation\":\"true\",\"flagsFromDataLayerForFBIA\":\"true\",\"fundingChoicesEnabled\":\"true\",\"customAdExperience\":\"true\",\"collectiveDisplayPrebidEnabled\":\"false\",\"irisClientToken\":\"2540076170001\",\"spotxVideoPrebidEnabled\":\"true\",\"externalBrandCSS\":\"true\",\"LoginRadiusDomain\":\"https://reachplc.hub.loginradius.com\",\"groupmDisplayPrebidEnabled\":\"false\",\"displayPrebidEnabled\":\"true\",\"ixVideoPrebidEnabled\":\"true\",\"modularCss\":\"true\",\"ozoneDisplayPrebidEnabled\":\"true\",\"enableTrendingComments\":\"true\",\"nativeAppBanner\":\"true\",\"ixDisplayPrebidEnabled\":\"false\",\"removeArticleFollow\":\"true\",\"commentCountEnabled\":\"true\",\"video.ima3Version\":\"3\",\"videoPrebidEnabled\":\"true\",\"delayVideoAdsUntilConsented\":\"true\",\"appNexusVideoPrebidEnabled\":\"true\"}}"}, "movies": [], "publish_date": 1492160603.0, "source": "https://www.dailystar.co.uk", "summary": ""}