{"url": "http://www.thedailyshow.com/full-episodes/mon-august-12-2013-rand-paul", "text": "Broad City\n\nCreated by UCB alums Abbi Jacobson and Ilana Glazer, Broad City is an odd-couple comedy about two best friends navigating life in New York City. Abbi and Ilana are broke and flawed, and they don\u2019t shy away from the sticky situations NYC throws at them \u2013 they dive right into the muck. No matter how bad it gets, these broads are always down to tackle whatever hits them.", "images": ["http://www.cc.com//sitewide/images/default_image.jpg"], "top_img": "http://www.cc.com//sitewide/images/default_image.jpg", "keywords": [], "authors": [], "canonical_link": "http://www.cc.com/shows", "title": "TV Show Full Episodes & Funny Video Clips", "meta_data": {"description": "Get the latest Comedy Central shows, including The Daily Show, Inside Amy Schumer, South Park, Broad City and Comedy Central classics like Chappelle's Show and Strangers with Candy.", "robots": "noydir,noodp", "original-source": "http://www.cc.com/shows", "apple-itunes-app": "app-id=799551807", "og": {"url": "http://www.cc.com/shows", "site_name": "Comedy Central", "title": "Comedy Central Official Site - TV Show Full Episodes & Funny Video Clips", "description": "Get the latest Comedy Central shows, including The Daily Show, Inside Amy Schumer, South Park, Broad City and Comedy Central classics like Chappelle's Show and Strangers with Candy.", "image": "http://www.cc.com//sitewide/images/default_image.jpg"}, "fb": {"app_id": 235086986834979}, "viewport": "width=device-width, initial-scale=1, user-scalable=0, maximum-scale=1"}, "movies": [], "publish_date": null, "source": "http://www.thedailyshow.com", "summary": ""}