{"url": "www.complex.com/music/2011/11/drakes-10-hottest-hook-ups/", "text": "Sign up for the Complex Newsletter for breaking news, events, and unique stories.\n\nSubscribe", "images": ["http://b.scorecardresearch.com/p?c1=2&c2=6685975&cv=2.0&cj=1", "https://images.complex.com/complex/images/c_fill,f_auto,g_center,w_1200/fl_lossy,pg_1/isafrgpsgkzwyfxhlr4r/not-available-lead", "https://images.complex.com/complex/images/c_fill,dpr_auto,f_auto,q_90,w_1400/fl_lossy,pg_1/isafrgpsgkzwyfxhlr4r/not-available-lead"], "top_img": "https://images.complex.com/complex/images/c_fill,f_auto,g_center,w_1200/fl_lossy,pg_1/isafrgpsgkzwyfxhlr4r/not-available-lead", "keywords": [], "authors": ["Ernest Baker", "Anthony Osei"], "canonical_link": "https://www.complex.com/music/2011/11/drakes-10-hottest-hook-ups/", "title": "Drake's 10 Hottest Hook-Ups", "meta_data": {"google-site-verification": "ICK39wBGvCQQMHpEUykVHWF8Ox_0MME-_qxe6ixFUik", "theme-color": "#000000", "description": "From pop stars to strippers, Drizzy has been linked to several lovely ladies.", "robots": "index, follow, max-snippet:-1, max-image-preview:large, max-video-preview:-1", "og": {"type": "website", "title": "Drake's 10 Hottest Hook-Ups", "description": "From pop stars to strippers, Drizzy has been linked to several lovely ladies.", "url": "https://www.complex.com/music/2011/11/drakes-10-hottest-hook-ups/", "image": "https://images.complex.com/complex/images/c_fill,f_auto,g_center,w_1200/fl_lossy,pg_1/isafrgpsgkzwyfxhlr4r/not-available-lead", "site_name": "Complex"}, "fb": {"app_id": 310521533114641, "pages": 117696581735620}, "twitter": {"card": "summary_large_image", "title": "Drake's 10 Hottest Hook-Ups", "description": "From pop stars to strippers, Drizzy has been linked to several lovely ladies.", "url": "https://www.complex.com/music/2011/11/drakes-10-hottest-hook-ups/", "image": "https://images.complex.com/complex/images/c_fill,f_auto,g_center,h_300,q_auto,w_600/fl_lossy,pg_1/isafrgpsgkzwyfxhlr4r/not-available-lead", "site": {"id": 13049362}}, "viewport": "width=device-width, initial-scale=1, minimum-scale=1, maximum-scale=1"}, "movies": [], "publish_date": null, "source": "http://www.complex.com", "summary": ""}