{"url": "http://www.guardian.co.uk/world/2009/jul/12/california-issues-iou", "text": "Money woes in the most populous US state have given birth to an impromptu trading market for the newest of American financial instruments \u2013 the California IOU.\n\nEncumbered by a $26bn (\u00a316bn) budget shortfall and a seemingly intractable political stalemate, California's state government is issuing IOUs to businesses, health clinics, college students and taxpayers who are owed money by the state.\n\nThe green documents look like any ordinary cheque except for the words \"registered warrant\" stamped in the corner. They carry a 3.75% interest rate and can be cashed in October, by which time California's governor, Arnold Schwarzenegger, is hoping that he will have some money.\n\nEntrepreneurs have been quick to leap on the phenomenon, with Craigslist and eBay cluttered with offers. A website, BuyMyIOU.com, aims to match sellers of the warrants with buyers eager to snap up the above-market interest rate.\n\n\"The market's at an early stage \u2013 we're really in the infancy of it right now,\" said Mark Granger, president of Pacific West Managers, a finance company offering to buy IOUs. \"It's a little unusual to see the state of California resorting to paying its bills like this.\"\n\nCalifornia is the world's eighth largest economy but its financial situation is grave. The once booming property market has been hit catastrophically by foreclosures and its wealthy elite have seen their income wiped out by stockmarket woes. Usually 1% of the population contribute 50% of income tax revenue, but the capital gains of these rich individuals have evaporated.\n\nDismal relations between Democrats and Republicans have all but frozen business in the state capital, Sacramento. A two-thirds majority is required to pass any budget, but Republicans, with just over a third of the legislature, are refusing to countenance tax rises while the Democrats are balking at spending cuts.\n\nSchwarzenegger has proposed deep cuts to social programmes, including aid for the elderly, disabled and impoverished, plus cuts to schools, healthcare and universities. Larry Gerston, a professor of political science at San Jos\u00e9 State University, says this will accentuate an already yawning gap between the rich and poor: \"The state is quickly becoming an hourglass economy. The middle class is all but evaporating \u2013 people are either moving further to the top or sinking to the bottom.\"\n\nThe initial victims of the standoff are California's creditors, who had received 91,000 IOUs worth $354m as of the end of Thursday. High-street banks, including Bank of America, Wells Fargo and JP Morgan Chase, agreed to cash them for a few days but announced that they would not accept them beyond the end of the week.\n\n\"There's a sentiment inside the banks that the longer they accept the warrants, the longer the budget impasse will go on,\" said Beth Mills, a spokeswoman for the Californian Bankers Association.\n\nThat leaves IOU holders with limited options. Certain local credit unions are still taking the notes at face value. Beyond that, holders face a choice of either waiting until October to receive their money or selling them at a discount on a rapidly developing informal market.\n\nMany online offers for the IOUs propose dubious rates. On eBay, one buyer was willing to pay $140 in return for $170 worth of IOUs. Granger, whose firm sees the debt crisis as a potentially lucrative opportunity, said a market rate was emerging of between 80 and 95 cents on the dollar. \"Because they're cumbersome and troublesome to deal with, a lot of the big investment houses are not going to deal with them,\" he said. \"And some people will just put them in their piggy banks.\"\n\nLast week, the credit agency Fitch cut its rating on California's debt by two notches from \"A minus\" to BBB - just two levels above \"junk\" status. Analysts fear that there could be weeks of IOUs to come.\n\nGerston says a confrontational culture of extreme left-wing and right-wing politics has contributed to the morass, as has a reluctance to wake up to problems: \"Californians are known as laidback for a reason they've earned that reputation. Most people just don't believe what's in front of them. They just don't buy it.\"", "images": ["https://i.guim.co.uk/img/static/sys-images/Guardian/Pix/pictures/2008/09/24/0924_cali_460x276.jpg?width=1200&height=630&quality=85&auto=format&fit=crop&overlay-align=bottom%2Cleft&overlay-width=100p&overlay-base64=L2ltZy9zdGF0aWMvb3ZlcmxheXMvdGctYWdlLTIwMDkucG5n&enable=upscale&s=38f2ded2441d01185951d2e2f3317aa8", "https://i.guim.co.uk/img/static/sys-images/Guardian/Pix/pictures/2008/09/24/0924_cali_460x276.jpg?width=445&quality=45&auto=format&fit=max&dpr=2&s=1bc36b37cc64c163bf488a9aa11ea8ba", "https://sb.scorecardresearch.com/p?c1=2&c2=6035250&cv=2.0&cj=1&cs_ucfr=0&comscorekw=US+economy%2CCalifornia%2CArnold+Schwarzenegger%2CUS+news%2CWorld+news%2CBusiness%2CUS+politics"], "top_img": "https://i.guim.co.uk/img/static/sys-images/Guardian/Pix/pictures/2008/09/24/0924_cali_460x276.jpg?width=1200&height=630&quality=85&auto=format&fit=crop&overlay-align=bottom%2Cleft&overlay-width=100p&overlay-base64=L2ltZy9zdGF0aWMvb3ZlcmxheXMvdGctYWdlLTIwMDkucG5n&enable=upscale&s=38f2ded2441d01185951d2e2f3317aa8", "keywords": [], "authors": ["Andrew Clark"], "canonical_link": "http://www.theguardian.com/world/2009/jul/12/california-issues-iou", "title": "Penniless California issues IOUs", "meta_data": {"description": "<p>Brisk trade in new 'financial instrument' as state issues IOUs to head off budget shortfall</p>", "viewport": "width=device-width,minimum-scale=1,initial-scale=1", "theme-color": "#052962", "og": {"url": "http://www.theguardian.com/world/2009/jul/12/california-issues-iou", "image": "https://i.guim.co.uk/img/static/sys-images/Guardian/Pix/pictures/2008/09/24/0924_cali_460x276.jpg?width=1200&height=630&quality=85&auto=format&fit=crop&overlay-align=bottom%2Cleft&overlay-width=100p&overlay-base64=L2ltZy9zdGF0aWMvb3ZlcmxheXMvdGctYWdlLTIwMDkucG5n&enable=upscale&s=38f2ded2441d01185951d2e2f3317aa8", "description": "Brisk trade in new 'financial instrument' as state issues IOUs to head off budget shortfall", "type": "article", "title": "Penniless California issues IOUs to firms, clinics, taxpayers and students", "site_name": "the Guardian"}, "article": {"author": "https://www.theguardian.com/profile/andrewclark", "publisher": "https://www.facebook.com/theguardian", "section": "Business", "published_time": "2009-07-12T16:08:06.000Z", "tag": "US economy,California,Arnold Schwarzenegger,US news,World news,Business,US politics", "modified_time": "2017-07-15T01:50:50.000Z"}, "al": {"ios": {"url": "gnmguardian://world/2009/jul/12/california-issues-iou?contenttype=Article&source=applinks", "app_store_id": 409128287, "app_name": "The Guardian"}}, "fb": {"app_id": 180444840287}, "twitter": {"dnt": "on", "app": {"id": {"iphone": 409128287, "ipad": 409128287, "googleplay": "com.guardian"}, "name": {"googleplay": "The Guardian", "ipad": "The Guardian", "iphone": "The Guardian"}, "url": {"ipad": "gnmguardian://world/2009/jul/12/california-issues-iou?contenttype=Article&source=twitter", "googleplay": "guardian://www.theguardian.com/world/2009/jul/12/california-issues-iou", "iphone": "gnmguardian://world/2009/jul/12/california-issues-iou?contenttype=Article&source=twitter"}}, "image": "https://i.guim.co.uk/img/static/sys-images/Guardian/Pix/pictures/2008/09/24/0924_cali_460x276.jpg?width=1200&height=630&quality=85&auto=format&fit=crop&overlay-align=bottom%2Cleft&overlay-width=100p&overlay-base64=L2ltZy9zdGF0aWMvb3ZlcmxheXMvdGctYWdlLTIwMDkucG5n&s=6786bb9afddbf155124402df37cfe371", "site": "@guardian", "card": "summary_large_image"}, "robots": "max-image-preview:large"}, "movies": [], "publish_date": 1247349600.0, "source": "http://www.guardian.co.uk", "summary": ""}