{"url": "www.thewrap.com/johnny-depp-settles-lawsuit-against-his-former-business-managers/", "text": "Johnny Depp\u2019s legal wrangling with his former managers has finally concluded, with the \u201cPirates of the Caribbean\u201d star reaching a settlement with The Management Group.\n\nIn a statement issued Monday, a spokesperson for the actor said, \u201cJohnny Depp is pleased to have achieved a settlement agreement with The Management Group following the legal action he took against the company in January 2017.\u201d\n\nThe spokesperson added, \u201cThe lawsuit taken out against The Management Group \u2013 and the subsequent settlement \u2013 is a further demonstration that Johnny is determined to take firm action to protect his personal and artistic reputation in the interests of his family and his career.\u201d\n\nAlso Read: Johnny Depp Accused of Punching Film Crew Member in New Lawsuit\n\nThe spokesperson added that, with a settlement reached, Depp will be able to fully focus on his various projects.\n\n\u201cFollowing the settlement, Johnny is pleased to be able to revert his full attention to his ongoing artistic endeavors, notably the second leg of the sold-out Hollywood Vampires global tour and the exciting launch of J.K. Rowling\u2019s \u2018Fantastic Beasts: The Crimes of Grindelwald,\u2019 which will be released in theaters in November this year.\u201d\n\nDepp initially sued The Management Group in January 2017, accusing his former managers of \u201cself-dealing and gross misconduct.\u201d Among the misdeeds that Depp, who sought $25 million, alleged: Taking a 5 percent commission of the actor\u2019s income, \u201cin some cases regardless of whether Mr. Depp actually received any income himself or not\u201d \u2014 a commission that was \u201cexorbitant, excessive, and far outstripped the actual value of services TMG would be performing for Mr. Depp.\u201d\n\nAlso Read: Johnny Depp Sued by Ex-Bodyguards Who Say They Were 'Forced to Protect' Actor 'From Himself and His Vices'\n\nThe management company subsequently filed a cross-complaint, accusing Depp of living \u201can ultra-extravagant lifestyle\u201d that he \u201csimply could not afford.\u201d\n\n\u201c[T]hroughout the entire 17-year period that TMG represented Depp, Depp lived an ultra-extravagant lifestyle that knowingly cost Depp in excess of $2 million per month to maintain, which he simply could not afford,\u201d the cross-complaint read.\n\nAmong the ill-considered extravagances alleged in the cross-complaint: Spending $75 million on 14 residences throughout the world; dropping more than $18 million to buy and renovate a 150-foot yacht; and spending $30,000 a month on \u201cexpensive wine that [Depp] had flown to him around the world for his personal consumption.\u201d", "images": ["https://www.thewrap.com/wp-content/themes/thewrap-canvas/imgs/mobile/mobile-footer-promotion.png", "https://www.thewrap.com/wp-content/themes/thewrap-canvas/imgs/popup/logo-signup2.png", "https://www.thewrap.com/wp-content/uploads/2016/10/JohnnyDepp.jpg", "https://www.thewrap.com/wp-content/plugins/contextual-links/assets/img/loading.gif", "https://www.thewrap.com/wp-content/themes/thewrap-canvas/imgs/wrappro/get-more.svg", "https://www.thewrap.com/wp-content/themes/thewrap-canvas/imgs/wrappro/newsletter-icon.svg", "https://www.thewrap.com/wp-content/themes/thewrap-canvas/imgs/wrappro/arw-rt.png", "https://www.thewrap.com/wp-content/themes/thewrap-canvas/imgs/mobile/newsletter.png", "https://www.thewrap.com/wp-content/themes/thewrap-canvas/imgs/mobile/gopro70.jpg", "https://sb.scorecardresearch.com/p?c1=2&c2=8498827&cv=2.0&cj=1", "https://www.thewrap.com/wp-content/themes/thewrap-canvas/imgs/popup/email-icon.png", "https://www.thewrap.com/wp-content/themes/thewrap-canvas/imgs/wrappro/try-pro-free.svg", "https://www.thewrap.com/wp-content/themes/thewrap-canvas/imgs/mobile/thewrap-logo-white.png", "https://www.thewrap.com/wp-content/themes/thewrap-canvas/imgs/mobile/login.png", "https://www.thewrap.com/wp-content/themes/thewrap-canvas/imgs/thewrap-logo.svg", "https://www.thewrap.com/wp-content/uploads/2017/02/depp-160x105.jpg", "https://www.thewrap.com/wp-content/themes/thewrap-canvas/imgs/wrappro/memberships/user_icon_white.svg", "https://www.thewrap.com/wp-content/uploads/2018/05/JohnnyDeppCityofLies-160x105.jpg", "https://www.thewrap.com/wp-content/themes/thewrap-canvas/imgs/thewrap-logo-white.svg", "https://pixel.quantserve.com/pixel/p-8flXM--ZHulLQ.gif", "https://www.thewrap.com/wp-content/uploads/2017/06/GettyImages-699963736.jpg", "https://www.thewrap.com/wp-content/themes/thewrap-canvas/imgs/mobile/search.png", "https://www.thewrap.com/wp-content/themes/thewrap-canvas/imgs/mobile/go-pro-today.png"], "top_img": "https://www.thewrap.com/wp-content/uploads/2017/06/GettyImages-699963736.jpg", "keywords": [], "authors": ["Tim Kenneally", "Pamela Chelin", "Beatrice Verhoeven"], "canonical_link": "https://www.thewrap.com/johnny-depp-settles-lawsuit-against-his-former-business-managers/", "title": "Johnny Depp Settles Lawsuit Against His Former Business Managers", "meta_data": {"viewport": "initial-scale=1.0, maximum-scale=6.0, user-scalable=yes", "msapplication-TileColor": "#000000", "theme-color": "#000000", "parsely-title": "Johnny Depp Settles Lawsuit Against His Former Business Managers", "parsely-link": "https://www.thewrap.com/johnny-depp-settles-lawsuit-against-his-former-business-managers/", "parsely-type": "post", "parsely-pub-date": "2018-07-16T12:45:31-07:00", "parsely-section": "movies", "parsely-author": "Pamela Chelin", "parsely-tags": "johnny_depp, johnny-depp-lawsuit, the-management-group", "description": "Johnny Depp initially filed suit against The Management Group in January 2017, accusing his former managers of \"self-dealing and gross misconduct\"", "robots": "index, follow, max-snippet:-1, max-image-preview:large, max-video-preview:-1", "og": {"locale": "en_US", "type": "article", "title": "Johnny Depp Settles Lawsuit Against His Former Business Managers", "description": "Johnny Depp initially filed suit against The Management Group in January 2017, accusing his former managers of \"self-dealing and gross misconduct\"", "url": "https://www.thewrap.com/johnny-depp-settles-lawsuit-against-his-former-business-managers/", "site_name": "TheWrap", "image": {"identifier": "https://www.thewrap.com/wp-content/uploads/2017/06/GettyImages-699963736.jpg", "width": 618, "height": 412}}, "article": {"publisher": "https://facebook.com/thewrap", "author": "http://facebook.com/thewrap", "published_time": "2018-07-16T19:45:31+00:00"}, "fb": {"app_id": 228236404181023, "pages": 48941893663}, "twitter": {"card": "summary_large_image", "creator": "@thewrap", "site": "@thewrap", "label1": "Written by", "data1": "Tim Kenneally", "label2": "Est. reading time", "data2": "2 minutes"}, "generator": "WooFramework 6.2.0", "wp-parsely_version": "2.2", "addsearch-custom-field": "conditional_tag=is_singular", "google-site-verification": "-PpFSIrGHybVDxbndrL6MCngw3j6BXdy0xDVBVVOacI"}, "movies": [], "publish_date": 1531770331.0, "source": "http://www.thewrap.com", "summary": ""}