{"url": "http://www.bravotv.com/people/tinsley-mortimer", "text": "Tinsley Randolph Mercer Mortimer hails from Virginia and spent her childhood years growing up at Graymont, the Mercer family house in Richmond, Virginia. She then attended boarding school at the Lawrenceville School in New Jersey, where she met her first husband, Topper Mortimer. Together, they moved to New York City, where Tinsley attended Columbia University and graduated with a degree in art history. As soon as Tinsley landed in New York, her blonde hair, Southern belle charm, and personal branding abilities propelled her into high society. She quickly became synonymous with the New York social scene and was the most photographed woman in New York City in the early 2000s. After working at Vogue, she transitioned to a career in public relations. Always an entrepreneur at heart, Tinsley built a successful personal brand that was launched with a line of handbags, Samantha Thavasa by Tinsley Mortimer; a clothing collection, Riccimie by Tinsley Mortimer, which was sold exclusively in Japan; and a tabletop collection. Tinsley then became the beauty ambassador for the iconic French fashion design house of Christian Dior and helped to create a lip gloss coined Tinsley Pink.\n\nTinsley went on to publish her first novel,Southern Charm, and made her television debut in the hit TV show Gossip Girl in 2010. When she and Topper divorced, she decided to take a sabbatical from the fast-paced and overwhelming lifestyle that she created for herself in New York City. A respite in Palm Beach gave her time to reflect on her accomplishments, and in late 2016, Tinsley decided to move back to New York City and prove that there is more to her than meets the eye.\n\nOnce back in the city she loves, she channeled her energy into her charity efforts, including supporting the Best Friends Animal Society. She is the celebrity ambassador for \u201cNo Dogs Left Behind,\u201d a global animal rescue organization and flew to Beijing on behalf of the charity last year. Tinsley brought five rescues back to the states with her and adopted two from the group, naming them Strawberry & Shortcake.\n\nIn 2018, Tinsley teamed up with the cosmetic brand Winky Lux, to create her own collection titled XXO Tinsley for Winky Lux. She launched with a range of eyelash\u2019s in three different sizes, a giftset titled a Wink & Kiss and created her favorite shade of lip gloss, appropriately titled Vodka Cran.\n\nNow that Tinsley is finally back and settled into her New York groove, she is ready to open herself up to finding the perfect match with whom she can continue to build her empire and share her special love for animals.", "images": ["http://www.bravotv.com/sites/bravo/files/styles/cast-carousel/public/2020-02/rhony-season-12-bodyshot-ramona-singer.jpg?itok=x9rBtUsY", "http://www.bravotv.com/sites/bravo/files/2020-02/rhony-season-12-bodyshot-tinsley-mortimer.jpg", "http://www.bravotv.com/sites/bravo/files/2020/10/tinsley-mortimer-scott-kluth-children.jpg", "http://www.bravotv.com/sites/bravo/files/styles/cast-carousel/public/2020-02/rhony-season-12-bodyshot-leah-mcsweeney.jpg?itok=iQpDthR0", "http://www.bravotv.com/sites/bravo/files/styles/cast-carousel/public/2020-02/rhony-season-12-bodyshot-dorinda-medley.jpg?itok=KJQuwnes", "http://www.bravotv.com/sites/bravo/files/styles/cast_head_shot_square_computer/public/2020-02/rhony-season-12-headshot-leah-mcsweeney.jpg?itok=DUNh0NE9", "http://www.bravotv.com/sites/bravo/files/styles/cast_head_shot_square_computer/public/2020-02/rhony-season-12-headshot-luann-delesseps.jpg?itok=uXLExad_", "http://www.bravotv.com/sites/bravo/files/2020/07/tinsley-mortimer-chicago-peta-campaign.jpg", "http://www.bravotv.com/sites/bravo/files/styles/cast-carousel/public/2020-02/rhony-season-12-bodyshot-luann-delesseps.jpg?itok=62eBWHef", "http://www.bravotv.com/sites/bravo/files/styles/cast_head_shot_square_computer/public/2020-02/rhony-season-12-headshot-ramona-singer.jpg?itok=0ISDJbQE", "https://www.bravotv.com/sites/bravo/files/2020-02/rhony-season-12-headshot-tinsley-mortimer.jpg", "http://www.bravotv.com/sites/bravo/files/2020/09/tinsley-mortimer-dorinda-medley-drama.jpg", "http://www.bravotv.com/sites/bravo/files/2020/10/tinsley-mortimer-leah-mob-rhony.jpg", "http://www.bravotv.com/sites/bravo/files/2020/09/tinsley-mortimer-rhony-reunion.jpg", "http://www.bravotv.com/sites/bravo/files/2020/11/tinsley-mortimer-staycation.jpg", "http://www.bravotv.com/sites/bravo/files/styles/cast-carousel/public/2020-02/rhony-season-12-bodyshot-tinsley-mortimer.jpg?itok=8FvwjnO6", "http://www.bravotv.com/sites/bravo/files/styles/cast-carousel/public/2020-02/rhony-season-12-bodyshot-sonja-morgan.jpg?itok=gkOnPk0F", "http://www.bravotv.com/sites/bravo/files/styles/cast_head_shot_square_computer/public/2020-02/rhony-season-12-headshot-tinsley-mortimer.jpg?itok=qg5YP49N", "http://www.bravotv.com/sites/bravo/files/styles/cast_head_shot_square_computer/public/2020-02/rhony-season-12-headshot-dorinda-medley.jpg?itok=nvjsUwEZ", "http://www.bravotv.com/sites/bravo/files/2020/06/tinsley-mortimer-scott-kluth-fathers-day.jpg", "http://www.bravotv.com/sites/bravo/files/styles/cast_head_shot_square_computer/public/2020-02/rhony-season-12-headshot-sonja-morgan.jpg?itok=YTxgVrq3"], "top_img": "https://www.bravotv.com/sites/bravo/files/2020-02/rhony-season-12-headshot-tinsley-mortimer.jpg", "keywords": [], "authors": [], "canonical_link": "https://www.bravotv.com/people/tinsley-mortimer", "title": "Tinsley Mortimer", "meta_data": {"branch": {"deeplink": {"showJourneys": "true"}}, "title": "Tinsley Mortimer | The Real Housewives of New York City", "twitter": {"card": "summary_large_image", "site": "@bravotv", "description": "Tinsley Randolph Mercer Mortimer hails from Virginia and spent her childhood years growing up at Graymont, the Mercer family house in Richmond, Virginia. She then attended boarding school at the Lawrenceville School in New Jersey, where she met her first husband, Topper Mortimer. Together, they moved to New York City, where Tinsley attended Columbia University and graduated with a degree in art history.", "title": "Tinsley Mortimer", "url": "https://www.bravotv.com/people/tinsley-mortimer", "image": "https://www.bravotv.com/sites/bravo/files/2020-02/rhony-season-12-headshot-tinsley-mortimer.jpg"}, "og": {"site_name": "Bravo TV Official Site", "type": "article", "url": "https://www.bravotv.com/people/tinsley-mortimer", "title": "Tinsley Mortimer", "description": "Tinsley Randolph Mercer Mortimer hails from Virginia and spent her childhood years growing up at Graymont, the Mercer family house in Richmond, Virginia. She then attended boarding school at the Lawrenceville School in New Jersey, where she met her first husband, Topper Mortimer. Together, they moved to New York City, where Tinsley attended Columbia University and graduated with a degree in art history.", "image": "https://www.bravotv.com/sites/bravo/files/2020-02/rhony-season-12-headshot-tinsley-mortimer.jpg"}, "fb": {"app_id": 1592250694320227}, "description": "Tinsley Randolph Mercer Mortimer hails from Virginia and spent her childhood years growing up at Graymont, the Mercer family house in Richmond, Virginia. She then attended boarding school at the Lawrenceville School in New Jersey, where she met her first husband, Topper Mortimer. Together, they moved to New York City, where Tinsley attended Columbia University and graduated with a degree in art history.", "article": {"published_time": "2017-03-06T10:41:00-05:00", "modified_time": "2020-02-12T11:52:16-05:00"}, "Generator": "Drupal 8 (https://www.drupal.org)", "MobileOptimized": "width", "HandheldFriendly": "true", "viewport": "width=device-width, initial-scale=1.0"}, "movies": [], "publish_date": 1488814860.0, "source": "http://www.bravotv.com", "summary": ""}