{"url": "https://people.com/parents/boy-band-dad-kids/", "text": "McLean is a dad again! The Backstreet Boy and his wife Rochelle recently welcomed their second daughter, Lyric, who joins older sister Ava, 4. \"I was told by someone very dear to me that having a child will change you forever, and that was beyond true with Ava,\" McLean told PEOPLE exclusively. \"We decided to try one more time because even though Ava is so independent, the idea of having a sister or brother for her became more and more important to us.\"", "images": ["https://imagesvc.meredithcorp.io/v3/mm/image?url=https%3A%2F%2Fstatic.onecms.io%2Fwp-content%2Fuploads%2Fsites%2F20%2F2017%2F10%2Fjeff-timmons.jpg", "https://imagesvc.meredithcorp.io/v3/mm/image?url=https%3A%2F%2Fstatic.onecms.io%2Fwp-content%2Fuploads%2Fsites%2F20%2F2017%2F10%2Fchris-kirkpatrick-baby-4.jpg", "https://people.com/img/misc/og-default.png", "https://imagesvc.meredithcorp.io/v3/mm/image?url=https%3A%2F%2Fstatic.onecms.io%2Fwp-content%2Fuploads%2Fsites%2F20%2F2020%2F08%2F04%2Fcoyote-ugly-2000.jpg", "https://imagesvc.meredithcorp.io/v3/mm/image?url=https%3A%2F%2Fstatic.onecms.io%2Fwp-content%2Fuploads%2Fsites%2F20%2F2020%2F07%2F19%2Ftiaras-2.jpg", "https://imagesvc.meredithcorp.io/v3/mm/image?url=https%3A%2F%2Fstatic.onecms.io%2Fwp-content%2Fuploads%2Fsites%2F20%2F2020%2F11%2F12%2Fthanksgiving-covid-150x150.jpg", "https://imagesvc.meredithcorp.io/v3/mm/image?url=https%3A%2F%2Fstatic.onecms.io%2Fwp-content%2Fuploads%2Fsites%2F20%2F2013%2F12%2Fhowie-dorough-435-1.jpg", "https://imagesvc.meredithcorp.io/v3/mm/image?url=https%3A%2F%2Fstatic.onecms.io%2Fwp-content%2Fuploads%2Fsites%2F20%2F2017%2F10%2Fkevin-richardson.jpg", "https://imagesvc.meredithcorp.io/v3/mm/image?url=https%3A%2F%2Fstatic.onecms.io%2Fwp-content%2Fuploads%2Fsites%2F20%2F2017%2F10%2Fdrew-lachey.jpg", "data:image/svg+xml,%3Csvg%20xmlns='http://www.w3.org/2000/svg'%20viewBox='0%200%20100%20100'%3E%3C/svg%3E", "data:image/svg+xml,%3Csvg%20xmlns='http://www.w3.org/2000/svg'%20viewBox='0%200%20100%2067'%3E%3C/svg%3E", "https://imagesvc.meredithcorp.io/v3/mm/image?url=https%3A%2F%2Fstatic.onecms.io%2Fwp-content%2Fuploads%2Fsites%2F20%2F2017%2F10%2Fjoey-fatone.jpg", "https://imagesvc.meredithcorp.io/v3/mm/image?url=https%3A%2F%2Fstatic.onecms.io%2Fwp-content%2Fuploads%2Fsites%2F20%2F2017%2F10%2Fnick-lachey.jpg", "https://imagesvc.meredithcorp.io/v3/mm/image?url=https%3A%2F%2Fstatic.onecms.io%2Fwp-content%2Fuploads%2Fsites%2F20%2F2017%2F10%2Faj-mclean.jpg", "data:image/svg+xml,%3Csvg%20xmlns='http://www.w3.org/2000/svg'%20viewBox='0%200%20100%20133'%3E%3C/svg%3E", "https://imagesvc.meredithcorp.io/v3/mm/image?url=https%3A%2F%2Fstatic.onecms.io%2Fwp-content%2Fuploads%2Fsites%2F20%2F2016%2F05%2F06%2Fprincess-diana-21.jpg", "https://imagesvc.meredithcorp.io/v3/mm/image?url=https%3A%2F%2Fstatic.onecms.io%2Fwp-content%2Fuploads%2Fsites%2F20%2F2017%2F10%2Flouis-tomlinson5.jpg", "https://imagesvc.meredithcorp.io/v3/mm/image?url=https%3A%2F%2Fstatic.onecms.io%2Fwp-content%2Fuploads%2Fsites%2F20%2F2017%2F10%2Fnick-carter-a-600x600.jpg", "https://imagesvc.meredithcorp.io/v3/mm/image?url=https%3A%2F%2Fstatic.onecms.io%2Fwp-content%2Fuploads%2Fsites%2F20%2F2017%2F10%2Fjustin-timberlake-435-131.jpg", "https://imagesvc.meredithcorp.io/v3/mm/image?url=https%3A%2F%2Fstatic.onecms.io%2Fwp-content%2Fuploads%2Fsites%2F20%2F2018%2F05%2Fliam-payne1.jpg", "https://imagesvc.meredithcorp.io/v3/mm/image?url=https%3A%2F%2Fstatic.onecms.io%2Fwp-content%2Fuploads%2Fsites%2F20%2F2020%2F07%2F23%2Ftout.jpg", "https://imagesvc.meredithcorp.io/v3/mm/image?url=https%3A%2F%2Fstatic.onecms.io%2Fwp-content%2Fuploads%2Fsites%2F20%2F2020%2F11%2F12%2Fcat-phone.jpg", "https://imagesvc.meredithcorp.io/v3/mm/image?url=https%3A%2F%2Fstatic.onecms.io%2Fwp-content%2Fuploads%2Fsites%2F20%2F2017%2F10%2Fbrian-littrell.jpg"], "top_img": "https://people.com/img/misc/og-default.png", "keywords": [], "authors": ["Grace Gavilanes"], "canonical_link": "https://people.com/parents/boy-band-dad-kids/", "title": "Baby on Board! 13 Boy Band Members Who Are Reporting for Daddy Duty", "meta_data": {"viewport": "width=device-width, initial-scale=1", "keywords": "Babies,Babies Photos,Chris Kirkpatrick,Liam Payne,News,Nick Lachey,Photos", "news_keywords": "Babies,Babies Photos,Chris Kirkpatrick,Liam Payne,News,Nick Lachey,Photos", "description": "See which boy band members are also dads", "og": {"title": "Baby on Board! 13 Boy Band Members Who Are Reporting for Daddy Duty", "type": "article", "site_name": "PEOPLE.com", "url": "https://people.com/parents/boy-band-dad-kids/", "description": "See which boy band members are also dads", "image": "https://people.com/img/misc/og-default.png"}, "pinterest": {"url": "https://people.com/parents/boy-band-dad-kids/", "description": "See which boy band members are also dads", "media": "https://people.com/img/misc/og-default.png"}, "twitter": {"card": "summary_large_image", "url": "https://people.com/parents/boy-band-dad-kids/", "title": "Baby on Board! 13 Boy Band Members Who Are Reporting for Daddy Duty", "description": "See which boy band members are also dads", "site": "@people", "image": "https://people.com/img/misc/og-default.png"}, "robots": "max-image-preview:large", "fb": {"app_id": 610948219662029, "pages": 95926963131}, "article": {"opinion": "false"}, "p": {"domain_verify": "755183be01bfc739a9cac6673f1f2c1b"}, "url": "https://people.com/parents/boy-band-dad-kids/"}, "movies": [], "publish_date": null, "source": "https://people.com", "summary": ""}