{"url": "https://web.archive.org/web/20140715194931/http://blogs.rollcall.com:80/218/immigration-news-congress-changes-to-trafficking-law/?dcz=", "text": "GOP Task Force, Lone Democrat Eye Trafficking Law\n\nBy Emma Dumain\n\nThe House GOP task force charged with making recommendations to colleagues on the influx of unaccompanied, undocumented immigrant children at the U.S.-Mexico border might suggest controversial changes to a 2008 trafficking law \u2014 and at least one Democrat wants to go that route as well.\n\nRep. Henry Cuellar of Texas, a fiscally conservative Blue Dog Democrat who made headlines on Wednesday for blasting President Barack Obama\u2019s failure to visit the border during a fundraising trip to the area, said he would soon introduce legislation to allow all children apprehended at the southwest border to qualify for \u201cvoluntary return\u201d to their home countries.\n\nA law known as the \u201cWilliam Wilberforce Trafficking Victims Protection Reauthorization Act\u201d gave that right only to children from counties \u201ccontiguous\u201d to the United States, namely Mexico and Canada. Given the droves of unaccompanied minors trying to enter the country illegally from Honduras, Guatemala and El Salvador \u2014 among other parts of Central America \u2014 Cuellar said tweaking the 2008 act would ease conditions at the border, with fewer children having to wait long periods for deportation hearings at overcrowded detention centers if they would just as soon return to their homes on their own terms.\n\n\u201cAll the protections under the law would be kept in, asylum, credible fear, victim of a sex crime,\u201d Cuellar told a group of reporters. \u201dThe only thing we change is that aspect of it, that allows them to [be deported] on a voluntary basis.\u201d\n\nMembers of the Republican task force also said in a statement late Wednesday that revisiting the act is one of their recommendations to remedy the border crisis.\n\n\u201cWe agree with the President that [children] must be returned to their home countries in the most humane way possible,\u201d they wrote, \u201cand that will require a revision of the 2008 Trafficking Victims Protection Reauthorization Act.\u201d\n\nCuellar said that he had not yet begun to make the rounds to colleagues to garner co-sponsors for his bill, but that a certain senator from Texas with \u201ca little bit of experience\u201d \u2014 a nod to senior Texas Sen. John Cornyn, a Republican \u2014 would be moving forward with companion legislation on his side of the Capitol.\n\nObama has also said there should be some re-evaluation of the law, enacted in the waning days of the George W. Bush administration to protect children against sex trafficking.\n\nBut most Democrats are likely to bristle at the prospect of touching the law, fearful that any tinkering would leave young people vulnerable.\n\n\u201cI think there\u2019s ample evidence that children who are potential victims are being returned without adequate inquiry,\u201d said Rep. Zoe Lofgren, D-Calif. \u201cI think [Cuellar] has very few people in the Democratic caucus who would agree with him.\u201d\n\nRep. Ra\u00fal M. Grijalva, D-Ariz., said that he and 10 other members of the Congressional Hispanic Caucus immigration task force met earlier on Wednesday \u2014 and dispersed with the resolve to be oppose any revisions to the trafficking law.\n\nHe said he had \u201csuspected all along\u201d that Cuellar might be cooking something up on his own. But the CHC task force meeting focused on the issue in the context of what changes Republicans might want to pursue, either in standalone legislation or more likely as a policy rider in Obama\u2019s pending request for Congress to appropriate $3.8 billion to bolster resources at the southwest border.\n\n\u201cWe need to take a position that protects children,\u201d Grijalva said, \u201cand a Republican effort \u2026 to undo the 2008 law, that would be something we would fight.\u201d\n\nRelated stories:\n\nPresident\u2019s Party Asks Why He\u2019s Avoiding the Border\n\nObama \u2018Happy to Consider\u2019 Sending National Guard to Border to get Votes on Supplemental\n\nA Tale of Two Congressional Visits to the Southwest Border\n\nObama\u2019s Bill for Border Surge Gets Frosty Reception on the Right\n\nObama Asking Congress for $4.3 Billion for Border Crisis, Wildfires\n\nOn Climate Change, Landrieu Stands With Coal, Against Obama\n\nRoll Call Election Map: Race Ratings for Every Seat\n\nGet breaking news alerts and more from Roll Call in your inbox or on your iPhone.", "images": ["https://web.archive.org/web/20140715194931im_/http://blogs.rollcall.com/wp-content/themes/rollcall-blog-regular/images/comments-balloon-icon-mini.png", "https://web.archive.org/web/20140715194931im_/http://blogs.rollcall.com/218/wp-content/uploads/sites/2/2014/07/immigration005_070714-445x304.jpg", "https://web.archive.org/web/20140715194931im_/http://blogs.rollcall.com/218/wp-content/uploads/sites/2/2014/02/218_FinalThreeBloggers.png", "https://web.archive.org/web/20140715194931im_/http://i1.wp.com/blogs.rollcall.com/218/wp-content/uploads/sites/2/2014/07/immigration005_070714.jpg?resize=445%2C304", "https://web.archive.org/web/20140715194931im_/http://blogs.rollcall.com/218/wp-content/themes/rollcall-blog-regular/images/comments-balloon-icon-mini.png", "https://web.archive.org/web/20140715194931im_/http://blogs.rollcall.com/218/wp-content/themes/rollcall-blog-regular/images/RC_logo-200px_horz.png", "https://web.archive.org/web/20140715194931im_/http://b.scorecardresearch.com/p?c1=2&c2=6036424&cv=2.0&cj=1", "https://web.archive.org/web/20140715194931im_/http://cdn.rollcall.com/media/ui/pwLogoOverlay.jpg"], "top_img": "https://web.archive.org/web/20140715194931im_/http://blogs.rollcall.com/218/wp-content/uploads/sites/2/2014/07/immigration005_070714-445x304.jpg", "keywords": [], "authors": ["Brenda Huddleston", "Charlene Weshley"], "canonical_link": "https://web.archive.org/web/20140715194931/http://blogs.rollcall.com/218/immigration-news-congress-changes-to-trafficking-law/", "title": "Immigration News: Congress Eyes Changes to Trafficking Law", "meta_data": {"apple-itunes-app": "app-id=433753469", "description": "A Republican task force responding to immigration news amid the child migrant crisis is recommending Congress revisit a 2008 trafficking law.", "twitter": {"card": "summary", "site": "@", "image": "https://web.archive.org/web/20140715194931im_/http://blogs.rollcall.com/goppers/wp-content/uploads/sites/2/2013/05/goppers-header-logo-faceless.png", "description": "A Republican task force responding to immigration news amid the child migrant crisis is recommending Congress revisit a 2008 trafficking law."}, "og": {"locale": "en_US", "title": "Immigration News: Congress Eyes Changes to Trafficking Law", "description": "A Republican task force responding to immigration news amid the child migrant crisis is recommending Congress revisit a 2008 trafficking law.", "url": "https://web.archive.org/web/20140715194931/http://blogs.rollcall.com/218/immigration-news-congress-changes-to-trafficking-law/", "site_name": 218, "type": "article", "image": "https://web.archive.org/web/20140715194931im_/http://blogs.rollcall.com/218/wp-content/uploads/sites/2/2014/07/immigration005_070714-445x304.jpg"}}, "movies": [], "publish_date": null, "source": "https://web.archive.org", "summary": ""}