{"url": "https://variety.com/2017/tv/news/harry-styles-james-corden-late-late-show-residency-1202394901/", "text": "Harry Styles will appear in a week-long residency on \u201cThe Late Late Show with James Corden\u201d in May, CBS announced Tuesday.\n\nFrom May 15-May 18, Styles will appear in each episode of the late-night series, during which he will perform a new song off his self-titled debut album each night and join Corden for various segments. Styles returns to \u201cThe Late Late Show\u201d with a tattoo of the show\u2019s logo on his arm that he received during his Dec. 3, 2015 appearance, when he lost a game of \u201cTattoo Roulette.\u201d\n\nStyles is a former member of One Direction, but recently ventured out as a solo artist. Earlier this month, he appeared on \u201cSaturday Night Live,\u201d where he performed in multiple sketches and played his new songs \u201cSign of the Times\u201d and \u201cEver Since New York.\u201d He has also ventured into dramatic acting, and will make his feature film debut in the Christopher Nolan World War II film \u201cDunkirk\u201d in July.\n\nHis self-titled debut album will be released globally on May 12. The 10-track album features the lead single \u201cSign of the Times,\u201d which topped the charts in over 84 countries upon release day. The album was executive produced by Jeff Bhasker, with additional production from Alex Salibian, Tyler Johnson and Kid Harpoon.\n\nWatch Corden and Styles announce the residency below.", "images": ["https://variety.com/wp-content/themes/pmc-variety-2020/assets/public/lazyload-fallback.gif", "https://www.facebook.com/tr?id=315552255725686&ev=PageView&noscript=1", "https://variety.com/wp-content/uploads/2013/06/one-direction.jpg?w=1000", "https://px.ads.linkedin.com/collect/?pid=1429113&fmt=gif", "https://sb.scorecardresearch.com/p?c1=2&c2=6035310&c3=&c4=&c5=&c6=&c15=&cv=2.0&cj=1", "https://pixel.quantserve.com/pixel?a.1=&a.2=p-31f3D02tYU8zY", "https://www.facebook.com/tr?id=586935388485447&ev=PageView&noscript=1"], "top_img": "https://variety.com/wp-content/uploads/2013/06/one-direction.jpg?w=1000", "keywords": [], "authors": ["Joe Otterson"], "canonical_link": "https://variety.com/2017/tv/news/harry-styles-james-corden-late-late-show-residency-1202394901/", "title": "Harry Styles to Perform Week-Long Residency on \u2018Late Late Show\u2019", "meta_data": {"theme-color": "#fff", "viewport": "width=device-width, initial-scale=1.0", "apple-mobile-web-app-status-bar-style": "black-translucent", "msapplication-config": "https://variety.com/wp-content/themes/pmc-variety-2020/assets/app/browserconfig.xml", "msapplication-TileImage": "https://variety.com/wp-content/uploads/2018/06/variety-favicon.png?w=128", "msapplication-TileColor": "#eff4ff", "description": "Harry Styles will appear in a week-long residency on \"The Late Late Show with James Corden\" in May", "alexaVerifyID": "4IBqfMBcohHTnitnTLanYijElhs", "fb": {"admins": 697514199}, "cXenseParse": {"pmc-lob": "variety", "pmc-page_type": "article", "articleid": 1202394901, "author": "Joe Otterson", "pmc-category": "News", "pmc-over_1_year": "yes", "pmc-post_type": "post", "recs": {"publishtime": "2017-04-25T09:20:59"}, "pmc-tag": "Harry Styles,The Late Late Show With James Corden", "title": "Harry Styles to Perform Week-Long Residency on \u2018Late Late Show\u2019", "pageclass": "article", "pmc-vertical": "music,tv", "pmc-primary-category": "News", "pmc-primary-vertical": "tv", "pmc-is_vyvip_article": "no"}, "apple-itunes-app": "app-id=416179538", "generator": "WordPress 5.5.2", "author": "Joe Otterson", "apple-mobile-web-app-capable": "yes", "mobile-web-app-capable": "yes", "apple-touch-fullscreen": "YES", "apple-mobile-web-app-title": "Variety", "application-name": "Variety", "robots": "max-image-preview:large", "content_type": "Article", "post_id": 1202394901, "title": "Harry Styles to Perform Week-Long Residency on 'Late Late Show'", "published_at": "2017-04-25 09:20:59", "image": "https://variety.com/wp-content/uploads/2013/06/one-direction.jpg?w=1000", "comment_count": 3, "tags": "The Late Late Show With James Corden", "topics": "News", "appeared_in_print": "No", "body": "Harry Styles will appear in a week-long residency on \"The Late Late Show with James Corden\" in May, CBS announced Tuesday.\r\n\r\nFrom May 15-May 18, Styles will appear in each episode of the late-night series, during which he will perform a new song off his self-titled debut album each night and join Corden for various segments. Styles returns to \"The Late Late Show\"\u00a0with a tattoo of the show\u2019s logo on his arm that he received during his Dec. 3, 2015 appearance, when he lost a game of \u201cTattoo Roulette.\u201d\r\n\r\nStyles is a former member of One Direction, but recently ventured out as a solo artist. Earlier this month, he appeared on \"Saturday Night Live,\" where he performed in multiple sketches and played his new songs \"Sign of the Times\" and \"Ever Since New York.\" He has also ventured into dramatic acting, and will make his feature film debut in the Christopher Nolan World War II film \"Dunkirk\" in July.\r\n\r\nHis\u00a0self-titled debut album will be released globally on May 12. The 10-track album features the lead single \u201cSign of the Times,\u201d which topped the charts in over 84 countries upon release day. The album was executive produced by Jeff Bhasker, with additional production from Alex Salibian, Tyler Johnson and Kid Harpoon.\r\n\r\nWatch Corden and Styles announce the residency below.\r\n\r\nhttps://youtu.be/H7ZjRna4ZK4", "onesignal": "wordpress-plugin", "fragment": "!", "og": {"type": "article", "title": "Harry Styles to Perform Week-Long Residency on \u2018Late Late Show\u2019", "url": "https://variety.com/2017/tv/news/harry-styles-james-corden-late-late-show-residency-1202394901/", "description": "Harry Styles will appear in a week-long residency on \u201cThe Late Late Show with James Corden\u201d in May, CBS announced Tuesday. From May 15-May 18, Styles will appear in each episode of the \u2026", "site_name": "Variety", "image": {"identifier": "https://variety.com/wp-content/uploads/2013/06/one-direction.jpg?w=1000", "width": 1000, "height": 563, "alt": "One Direction Harry Styles AMAs"}, "locale": "en_US"}, "article": {"published_time": "2017-04-25T16:20:59+00:00", "modified_time": "2017-04-25T16:25:59+00:00"}, "twitter": {"site": "@variety", "text": {"title": "Harry Styles to Perform Week-Long Residency on \u2018Late Late Show\u2019"}, "image": {"identifier": "https://variety.com/wp-content/uploads/2013/06/one-direction.jpg?w=1000", "alt": "One Direction Harry Styles AMAs"}, "card": "summary_large_image", "creator": "@joeotterson", "title": "Harry Styles to Perform Week-Long Residency on \u2018Late Late Show\u2019", "description": "Harry Styles will appear in a week-long residency on \"The Late Late Show with James Corden\" in May"}}, "movies": ["https://www.youtube.com/embed/H7ZjRna4ZK4?version=3&rel=1&showsearch=0&showinfo=1&iv_load_policy=1&fs=1&hl=en-US&autohide=2&wmode=transparent"], "publish_date": 1493137259.0, "source": "https://variety.com", "summary": ""}