{"url": "http://legis.wisconsin.gov/2011/data/JR1SB-11.pdf", "text": "", "images": ["http://legis.wisconsin.gov/favicon.ico", "http://legis.wisconsin.gov/content/images/title.png"], "top_img": "http://legis.wisconsin.gov/favicon.ico", "keywords": [], "authors": [], "canonical_link": "", "title": "2011-2012 Wisconsin Legislature Documents", "meta_data": {"viewport": "width=device-width, initial-scale=1.0", "Description": "Documents from the 2011-2012 Wisconsin Legislature"}, "movies": [], "publish_date": null, "source": "http://legis.wisconsin.gov", "summary": ""}