{"url": "https://goop.com/travel/guides/the-goop-fast-food-guide/", "text": "THE BEST BET: The Power Mediterranean Chicken Salad (the half-size is actually really generous), which is loaded with grilled chicken, feta, and a blend of quinoa, chickpeas, white beans, roasted veggies, and sundried tomatoes. Skip the hummus/sauce that comes with it, and just get the balsamic vinaigrette packet.\n\n\n\nPRO TIP: Get their standard beef patty lettuce-wrapped, which comes with tomato and onion\u2014sans cheese and mayo. If you\u2019re craving French fries, go for an OG baked potato (leave the sour cream, take the chives).", "images": ["https://goop.com/wp-content/uploads/2017/04/fastfood-img5.jpg", "https://goop.com/wp-content/uploads/2017/04/fastfood-img10.jpg", "https://goop.com/wp-content/uploads/2017/04/fastfood-img12.jpg", "https://goop.com/wp-content/uploads/2017/04/fastfood-img13.jpg", "https://goop.com/wp-content/uploads/2017/04/fastfood-img9.jpg", "https://goop.com/wp-content/uploads/2017/04/fastfood-img4.jpg", "https://goop.com/wp-content/uploads/2017/04/fastfood-img8.jpg", "https://goop.com/wp-content/uploads/2017/04/fast-food-GS1141426-1.jpg", "https://goop.com/wp-content/uploads/2017/04/fastfood-img1.jpg", "https://goop.com/wp-content/uploads/2017/04/fastfood-img2.jpg", "https://goop.com/wp-content/uploads/2017/04/fastfood-img11.jpg", "https://goop.com/app/uploads/2017/04/fast-food-GS1141426-1.jpg", "https://goop.com/wp-content/uploads/2017/04/fastfood-img7.jpg", "https://goop.com/wp-content/uploads/2017/04/fastfood-img3.jpg"], "top_img": "https://goop.com/app/uploads/2017/04/fast-food-GS1141426-1.jpg", "keywords": [], "authors": [], "canonical_link": "https://goop.com/travel/experiences/the-goop-fast-food-guide/", "title": "The goop Fast Food Guide", "meta_data": {"description": "Summer\u2019s (almost) here, which means the next family trip is just around the corner. And while here at goop, we do our best to keep things clean and healthy, we\u2019re also realists who know that sometimes\u2014especially when it's airline-terminal-adjacent, right off the next highway exit, or at your kid's all-day competition (shout out to all the #dancemoms out there)\u2014we\u2019re going to eat fast food. Here's a compilation of our go-to orders, goop menu hacks, and when you should just go straight for the French fries.", "og": {"locale": "en_US", "type": "article", "title": "The goop Fast Food Guide | Goop", "description": "Summer\u2019s (almost) here, which means the next family trip is just around the corner. And while here at goop, we do our best to keep things clean and healthy, we\u2019re also realists who know that sometimes\u2014especially when it's airline-terminal-adjacent, right off the next highway exit, or at your kid's all-day competition (shout out to all the #dancemoms out there)\u2014we\u2019re going to eat fast food. Here's a compilation of our go-to orders, goop menu hacks, and when you should just go straight for the French fries.", "url": "https://goop.com/travel/experiences/the-goop-fast-food-guide/", "site_name": "Goop", "updated_time": "2019-06-20T00:33:31+00:00", "image": {"identifier": "https://goop.com/app/uploads/2017/04/fast-food-GS1141426-1.jpg", "secure_url": "https://goop.com/app/uploads/2017/04/fast-food-GS1141426-1.jpg", "width": 1640, "height": 1250}}, "article": {"publisher": "https://www.facebook.com/Goop", "tag": "the best healthy meal delivery companies", "section": "Make", "published_time": "2017-04-13T17:00:56+00:00", "modified_time": "2019-06-20T00:33:31+00:00"}, "pubexchange": {"headline": "The goop Fast Food Guide", "description": "Summer\u2019s (almost) here, which means the next family trip is just around the corner. And while here at goop, we do our best to keep things clean and healthy, we\u2019re also realists who know that sometimes\u2014especially when it's airline-terminal-adjacent, right off the next highway exit, or at your kid's all-day competition (shout out to all the #dancemoms out there)\u2014we\u2019re going to eat fast food. Here's a compilation of our go-to orders, goop menu hacks, and when you should just go straight for the French fries.", "image": "https://goop.com/app/uploads/2017/04/fast-food-GS1141426-1.jpg"}, "twitter": {"card": "summary_large_image", "description": "Summer\u2019s (almost) here, which means the next family trip is just around the corner. And while here at goop, we do our best to keep things clean and healthy, we\u2019re also realists who know that sometimes\u2014especially when it's airline-terminal-adjacent, right off the next highway exit, or at your kid's all-day competition (shout out to all the #dancemoms out there)\u2014we\u2019re going to eat fast food. Here's a compilation of our go-to orders, goop menu hacks, and when you should just go straight for the French fries.", "title": "The goop Fast Food Guide | Goop", "site": "@goop", "image": "https://goop.com/app/uploads/2017/04/fast-food-GS1141426-1.jpg", "creator": "@goop"}, "viewport": "width=device-width, initial-scale=1.0, user-scalable=1, minimum-scale=1.0, maximum-scale=1.5", "HandheldFriendly": "True", "MobileOptimized": "width", "apple-itunes-app": "app-id=484566289"}, "movies": [], "publish_date": 1492102856.0, "source": "https://goop.com", "summary": ""}