{"url": "www.wonderwall.com/celebrity/justin-timberlake-dropping-prince-tribute-from-concert-tour-3012962.article", "text": "A story about Justin Timberlake dropping a planned tribute to Prince from his upcoming concert tour is completely made-up. Gossip Cop can exclusively debunk this bogus story. We're told it's simply not true.\n\nPG / Splash News\n\nLast month, Prince fans criticized Timberlake on social media for incorporating the late singer into his Super Bowl halftime show. During the set, Timberlake created a duet with Prince by performing his song \"I Would Die 4 U\" alongside a giant projection of the late artist. Many fans of Prince believed the use of his image was in poor taste and not something the late musician would have appreciated.\n\nThe National Enquirer is now capitalizing on the controversy by claiming that Timberlake was planning to pay homage to Prince during his 2018 Man of the Woods tour, but scrapped the idea following the Super Bowl backlash. A so-called \"source\" tells the magazine, \"Since the devastating reviews of his Super Bowl performance, all Prince references have been removed.\"\n\nBut Gossip Cop checked in with a source close to Timberlake, who exclusively assures us the tabloid's story is completely false. We're told the singer never planned to include a Prince tribute in his tour. It should be noted, the main reason that Timberlake acknowledged the late singer at the Super Bowl is because the game was played in Prince's hometown of Minneapolis.\n\nDuring an appearance on a special post-Super Bowl edition of \"The Tonight Show,\" Timberlake explained to Jimmy Fallon that he honored Prince \"to do something for this city and something for him that would just be the ultimate homage to what I consider the GOAT of musicians.\" Despite Timberlake's admiration for the late artist, the homage was specifically designed for the Super Bowl in Minneapolis, and he never intended to bring the tribute on the road.\n\nIt's also worth noting, the Enquirer seems to know very little about Timberlake's career. Gossip Cop previously busted the untrustworthy magazine for wrongly reporting that the singer would be hosting the Oscars. The publication is no better when it comes to covering his personal life, as we've also debunked the outlet's many false articles surrounding Timberlake's marriage to Jessica Biel. This latest story claiming Prince was supposed to play a part in the singer's Man of the Woods tour is equally bogus.\n\nMore on Gossip Cop:\n\nJennifer Aniston did NOT throw Justin Theroux's things in trash despite report\n\nRihanna thinking babies with Hassan Jameel is made-up\n\nDo Katy Perry's friends want her to dump Orlando Bloom for Jake Gyllenhaal?", "images": ["https://i0.wp.com/www.wonderwall.com/wp-content/uploads/sites/2/2020/11/155822_3001.jpg?crop=9px%2C155px%2C2069px%2C2069px&resize=200%2C200&quality=90&ssl=1", "https://www.wonderwall.com/wp-content/uploads/sites/2/2018/02/1020465-justin-timberlake-performs-on-the-pepsi-super-bowl-halft.jpg?w=1000", "https://i1.wp.com/www.wonderwall.com/wp-content/uploads/sites/2/2020/08/pjimage-4-2.jpg?crop=0px%2C0px%2C1000px%2C1000px&resize=200%2C200&quality=90&ssl=1", "https://www.wonderwall.com/wp-content/uploads/sites/2/2020/04/ww-logo.svg", "https://www.wonderwall.com/wp-content/uploads/sites/2/2020/04/whalerock-logo.svg", "https://i0.wp.com/www.wonderwall.com/wp-content/uploads/sites/2/2018/02/1020465-justin-timberlake-performs-on-the-pepsi-super-bowl-halft.jpg?crop=0px%2C0px%2C3000px%2C1575px&resize=1200%2C630&ssl=1", "https://i2.wp.com/www.wonderwall.com/wp-content/uploads/sites/2/2020/11/gettyimages-1285378079.jpg?crop=0px%2C0px%2C2800px%2C2800px&resize=200%2C200&quality=90&ssl=1", "https://i2.wp.com/www.wonderwall.com/wp-content/uploads/sites/2/2018/10/1038986-george-clooney-afi-life-achievement-award-los-angeles-us.jpg?crop=2px%2C80px%2C2400px%2C2400px&resize=200%2C200&quality=90&ssl=1"], "top_img": "https://i0.wp.com/www.wonderwall.com/wp-content/uploads/sites/2/2018/02/1020465-justin-timberlake-performs-on-the-pepsi-super-bowl-halft.jpg?crop=0px%2C0px%2C3000px%2C1575px&resize=1200%2C630&ssl=1", "keywords": [], "authors": [], "canonical_link": "https://www.wonderwall.com/celebrity/justin-timberlake-dropping-prince-tribute-from-concert-tour-3012962.article", "title": "Justin Timberlake Dropping Prince Tribute From Concert Tour?", "meta_data": {"viewport": "width=device-width, initial-scale=1", "description": "A story about Justin Timberlake dropping a planned tribute to Prince from his upcoming concert tour is completely made-up...", "robots": "max-snippet:-1, max-image-preview:large, max-video-preview:-1", "og": {"locale": "en_US", "type": "article", "title": "Justin Timberlake Dropping Prince Tribute From Concert Tour? | Wonderwall.com", "description": "A story about Justin Timberlake dropping a planned tribute to Prince from his upcoming concert tour is completely made-up...", "url": "https://www.wonderwall.com/celebrity/justin-timberlake-dropping-prince-tribute-from-concert-tour-3012962.article", "site_name": "Wonderwall.com", "updated_time": "2020-04-26T14:50:05+00:00", "image": "https://i0.wp.com/www.wonderwall.com/wp-content/uploads/sites/2/2018/02/1020465-justin-timberlake-performs-on-the-pepsi-super-bowl-halft.jpg?crop=0px%2C0px%2C3000px%2C1575px&resize=1200%2C630&ssl=1"}, "article": {"publisher": "https://facebook.com/Wonderwall", "tag": "Justin Timberlake", "section": "Celebs", "published_time": "2018-03-02T17:26:00+00:00", "modified_time": "2020-04-26T14:50:05+00:00"}, "twitter": {"card": "summary_large_image", "description": "A story about Justin Timberlake dropping a planned tribute to Prince from his upcoming concert tour is completely made-up...", "title": "Justin Timberlake Dropping Prince Tribute From Concert Tour? | Wonderwall.com", "site": "@Wonderwall", "image": "https://www.wonderwall.com/wp-content/uploads/sites/2/2018/02/1020465-justin-timberlake-performs-on-the-pepsi-super-bowl-halft.jpg?crop=0px,0px,3000px,1575px&resize=1200,630", "creator": "@Wonderwall"}, "generator": "WordPress 5.5.2", "msapplication-TileImage": "https://www.wonderwall.com/wp-content/uploads/sites/2/2020/04/cropped-favicon-96x96-1-192x192-1.png?w=192"}, "movies": [], "publish_date": 1520011560.0, "source": "http://www.wonderwall.com", "summary": ""}