{"url": "https://webcache.googleusercontent.com/search?q=cache:iAHFXMsO0xwJ:https://www.whitehousehistory.org/questions/did-slaves-build-the-white-house+&cd=1&hl=en&ct=clnk&gl=us&client=safari", "text": "Construction on the President's House began in 1792 in Washington, D.C., a new capital situated in sparsely settled region far from a major population center. The decision to place the capital on land ceded by two pro-slavery states-Virginia and Maryland-ultimately influenced the acquisition of laborers to construct its public buildings. The D.C. commissioners, charged by Congress with building the new city under the direction of the president, initially planned to import workers from Europe to meet their labor needs. However, response to recruitment was dismal and soon they turned to African Americans\u2014both enslaved and free\u2014to provide the bulk of labor that built the White House, the United States Capitol, and other early government buildings.\n\nLearn More about our Slavery in the President's Neighborhood Initiative.", "images": ["https://d1y822qhq55g6.cloudfront.net/thumbnails/_largeThumb/nav-coll-holiday-cheer-thumb.jpg", "https://webcache.googleusercontent.com/assets/images/qa-seal-91bb574fa2.svg", "https://d1y822qhq55g6.cloudfront.net/thumbnails/_largeThumb/nav-coll-Gingerbread-thumb.jpg", "https://d1y822qhq55g6.cloudfront.net/default/Complexities-Slavery-DC-SPN-LARGE-center.jpg", "https://d1y822qhq55g6.cloudfront.net/thumbnails/_largeThumb/nav-coll-2020-ornament-thumb.jpg", "https://d1y822qhq55g6.cloudfront.net/thumbnails/_largeThumb/WHTOURTHUMBnav-coll-thumb.jpg", "data:image/gif;base64,R0lGODlhAQABAAAAACH5BAEKAAEALAAAAAABAAEAAAICTAEAOw==", "https://webcache.googleusercontent.com/assets/images/text-logo-5eefd15693.svg"], "top_img": "https://d1y822qhq55g6.cloudfront.net/default/Complexities-Slavery-DC-SPN-LARGE-center.jpg", "keywords": [], "authors": [], "canonical_link": "https://www.whitehousehistory.org/questions/did-slaves-build-the-white-house", "title": "Q&A: Did slaves build the White House?", "meta_data": {"viewport": "width=device-width, initial-scale=1, shrink-to-fit=no", "description": "Construction on the President's House began in 1792 in Washington, D.C., a new capital situated in sparsely settled region far from a major population center. T...", "twitter": {"card": "summary", "site": "@WhiteHouseHstry", "title": "Q&A: Did slaves build the White House?", "description": "Construction on the President's House began in 1792 in Washington, D.C., a new capital situated in sparsely settled regi...", "image": "https://d1y822qhq55g6.cloudfront.net/default/_thumbSmall/Complexities-Slavery-DC-SPN-LARGE-center.jpg", "url": "https://www.whitehousehistory.org/questions/did-slaves-build-the-white-house", "domain": "https://www.whitehousehistory.org/"}, "og": {"title": "Q&A: Did slaves build the White House?", "url": "https://www.whitehousehistory.org/questions/did-slaves-build-the-white-house", "image": "https://d1y822qhq55g6.cloudfront.net/default/Complexities-Slavery-DC-SPN-LARGE-center.jpg", "description": "Construction on the President's House began in 1792 in Washington, D.C., a new capital situated in sparsely settled region far from a major population center. The decision to place the...", "site_name": "WHHA (en-US)", "type": "article"}, "p": {"domain_verify": "3bc6c672730fb87cc7bdaf825bd5b8f6"}}, "movies": [], "publish_date": null, "source": "https://webcache.googleusercontent.com", "summary": ""}