{"url": "hollywoodlife.com/2018/06/19/jennifer-lopez-alex-rodriguez-want-kids-baby-family-fathers-day/", "text": "Jennifer Lopez & Alex Rodriguez are more in love than ever, and after a perfect Father\u2019s Day, J.Lo has babies on the brain! HL learned she loves seeing A-Rod with his girls & her twins \u2014 but does she want kids NOW?\n\nAlthough Alex Rodriguez, 42, and Jennifer Lopez, 48, each have two kids of their own, J.Lo has apparently been thinking about having one more baby as a couple. This past Father\u2019s Day especially got her thinking about the future, as Alex\u2019s sweet relationship with his daughters made a major impact on her. Jennifer herself has 10-year-old twins Emme and Max, while Alex is the proud father of daughters Ella, 10, and Natasha, 13. And not only does Jennifer love Alex as a partner, she adores seeing him with the kids.\n\n\u201cJen and Alex are the real thing. They have found a love for each other that is very strong and very amazing for them both,\u201d a source close to Jennifer shared with HollywoodLife.com EXCLUSIVELY. \u201cDuring Father\u2019s Day she saw a certain side of Alex that impressed her, and seeing all along the father that Alex is has her thinking about maybe trying for one more with Alex.\u201d How sweet is that? At the same time though, Jennifer loves what she and the former MLB player currently have. For her, it\u2019s all about taking things one step at a time.\n\n\u201cAfter a little more thinking, she\u2019s realizing what they have together already is great, and she would be just as happy with the family she has now,\u201d our insider explained. \u201cShe is actually mostly looking forward to making Alex her future husband instead of her future baby daddy. That is her priority moving forward.\u201d So despite the singer\u2019s current bout of baby fever, it seems the two are not focused on growing their family at the moment. First things first, and J.Lo has her heart set on walking down that aisle!\n\nJennifer paid tribute to her man on Father\u2019s Day, June 17, via Instagram with a heartfelt message accompanied by a video of Alex opening gifts. \u201cAppreciating you and loving you today and everyday for being our fearless leader, our everyday hero, for making us all laugh and enjoy this adventure we are all on together in every moment\u2026\u201d Jen wrote. \u201cFor being the ringmaster to this traveling circus we call our life!! We love you today and everyday\u2026 Happy Fathers Day to the most loving daddy to Tashi and Ella!! And thank you my love for being so beautifully loving to Emme and Max. Your kindness and generosity is never taken for granted. We are all so lucky to have you in our lives\u2026\u201d", "images": ["https://hollywoodlife.com/wp-content/uploads/2020/11/lori-harvey-michael.b-jordan-spotted-ap-ftr-1.jpg?w=143&h=80&crop=1", "https://footwearnews.com/wp-content/uploads/2020/11/AP_20329096381069-e1606248495668.jpg?w=230&crop=1", "https://www.sheknows.com/wp-content/uploads/2020/08/oprah-favorite-spanx-leggings.jpg?w=230&crop=1", "https://hollywoodlife.com/wp-content/uploads/2020/11/Megan-Thee-Stallion-Admits-She-Has-\u2018Chemistry-With-DaBaby-ap-ftr.jpg?w=143&h=80&crop=1", "https://hollywoodlife.com/wp-content/uploads/2020/11/christina-milian-one-piece-swimsuit-splashnews-ftr.jpg?w=143&h=80&crop=1", "https://www.rollingstone.com/wp-content/uploads/2020/09/macys-parade-going-virtual.jpg?w=230&crop=1", "http://pixel.quantserve.com/pixel?a.1=p-6fKiDaopTGEQg&a.2=p-31f3D02tYU8zY", "https://tvline.com/wp-content/uploads/2020/11/the-prom-movie-trailer.jpg?w=230&crop=1", "https://hollywoodlife.com/wp-content/uploads/2017/06/kathleen-harper.jpg?w=43", "https://sb.scorecardresearch.com/p?c1=2&c2=6035310&c3=&c4=&c5=&c6=&c15=&cv=2.0&cj=1", "https://stylecaster.com/wp-content/uploads/2020/11/rothys-black-friday-collection-copy.jpg?w=230&crop=1", "data:image/gif;base64,R0lGODlhAQABAIAAAAAAAP///yH5BAEAAAAALAAAAAABAAEAAAIBRAA7", "https://hollywoodlife.com/wp-content/uploads/2018/06/jennifer-lopez-alex-rod-baby-fever-ftr.jpg", "https://hollywoodlife.com/wp-content/uploads/2018/06/jennifer-lopez-alex-rod-baby-fever-ftr.jpg?w=620"], "top_img": "https://hollywoodlife.com/wp-content/uploads/2018/06/jennifer-lopez-alex-rod-baby-fever-ftr.jpg", "keywords": [], "authors": ["Kathleen Harper", "Daisy Maldonado", "Bella Gerard", "Andy Swift", "Claire Shaffer", "Samantha Mcdonald", "Celebrity Baeditor"], "canonical_link": "https://hollywoodlife.com/2018/06/19/jennifer-lopez-alex-rodriguez-want-kids-baby-family-fathers-day/", "title": "Jennifer Lopez Getting Baby Fever With Alex Rodriguez After \u2018Amazing\u2019 Father\u2019s Day", "meta_data": {"description": "Jennifer Lopez &amp; Alex Rodriguez are more in love than ever, and after a perfect Father's Day, J.Lo has babies on the brain! But does she want more kids now?", "news_keywords": "Alex Rodriguez, Jennifer Lopez", "apple-itunes-app": "app-id=1400650284", "generator": "WordPress 5.5.2", "author": "Kathleen Harper", "theme-color": "#fff", "apple-mobile-web-app-capable": "yes", "mobile-web-app-capable": "yes", "apple-touch-fullscreen": "YES", "apple-mobile-web-app-title": "Hollywood Life", "application-name": "Hollywood Life", "fb": {"pages": 94724837471}, "ia": {"markup_url_dev": "https://hollywoodlife.com/2018/06/19/jennifer-lopez-alex-rodriguez-want-kids-baby-family-fathers-day/?ia_markup=1"}, "robots": "max-image-preview:large", "onesignal": "wordpress-plugin", "og": {"type": "article", "title": "Jennifer Lopez Getting Baby Fever With Alex Rodriguez After \u2018Amazing\u2019 Father\u2019s Day", "url": "https://hollywoodlife.com/2018/06/19/jennifer-lopez-alex-rodriguez-want-kids-baby-family-fathers-day/", "description": "Jennifer Lopez & Alex Rodriguez are more in love than ever, and after a perfect Father\u2019s Day, J.Lo has babies on the brain! HL learned she loves seeing A-Rod with his girls & her twin\u2026", "site_name": "Hollywood Life", "image": {"identifier": "https://hollywoodlife.com/wp-content/uploads/2018/06/jennifer-lopez-alex-rod-baby-fever-ftr.jpg", "width": 620, "height": 349, "alt": "Jennifer Lopez and Alex Rodriguez"}, "locale": "en_US"}, "article": {"published_time": "2018-06-19T14:22:22+00:00", "modified_time": "2018-06-19T14:25:10+00:00"}, "twitter": {"text": {"title": "Jennifer Lopez Getting Baby Fever With Alex Rodriguez After \u2018Amazing\u2019 Father\u2019s Day"}, "image": {"identifier": "https://hollywoodlife.com/wp-content/uploads/2018/06/jennifer-lopez-alex-rod-baby-fever-ftr.jpg?w=620", "alt": "Jennifer Lopez and Alex Rodriguez"}, "card": "summary_large_image", "site": "@HollywoodLife", "title": "Jennifer Lopez Getting Baby Fever With Alex Rodriguez After \u2018Amazing\u2019 Father\u2019s Day", "description": "Jennifer Lopez & Alex Rodriguez are more in love than ever, and after a perfect Father's Day, J.Lo has babies on the brain! But does she want more kids now?"}, "msapplication-TileImage": "https://hollywoodlife.com/wp-content/uploads/2018/06/hl_logo.png?w=128"}, "movies": [], "publish_date": 1529359200.0, "source": "http://hollywoodlife.com", "summary": ""}