{"url": "http://query.nytimes.com/gst/fullpage.html?res=9402E4D61E3FF93AA25753C1A961958260", "text": "The public had him pegged all wrong, he complained. Donna Hanover shared a painful memory several years ago in an interview with The New York Times. On the night of his defeat, Mr. Giuliani crumpled at the foot of their bed and asked, ''Do they really think I'm mean?''\n\nLooking toward a 1993 rematch, the candidate would find ways to become new and improved. He spent hundreds of hours in a self-designed seminar, inviting experts to tutor him on urban reforms. He also submitted to a political airbrushing by new strategists. Weight was lost, a tan was added. He danced a two-step at a hoedown in SoHo, greeting people with ''Howdy.''\n\nAt heart, however, Mr. Giuliani was still the scrappy prosecutor in a city where voters seemed willing to blame the incumbent for a staggering murder rate, homelessness and a general sense of disorder. He believed then -- as he does now -- ''that in New York, you have to be a fighter.''\n\nHe beat Mr. Dinkins by a margin of two percentage points, becoming the city's first Republican mayor in a generation. His campaign themes were true to his roots: part nostalgia, part law and order. He promised nothing less than to restore a better quality of life.\n\nHis inaugural speech seemed the dare of a new sheriff, busting through the saloon doors. ''The era of fear has had a long-enough reign,'' he said. ''As of this moment, the expressions of cynicism -- New York is not governable, New York is not manageable, New York is not worth it -- all of these I declare politically incorrect.''\n\nMr. Giuliani considered himself a warrior in the free-for-all between cops and robbers. He was the people's choice for top cop, and, therefore, to oppose him was to rob the public of its collective will.\n\nIn his third month as Mayor, the one-time political science major had occasion to describe his philosophy of government at a New York Post forum on crime. His passage from the liberal beliefs of his younger years was complete.", "images": ["https://static01.nyt.com/newsgraphics/images/icons/defaultPromoCrop.png?year=1997"], "top_img": "https://static01.nyt.com/newsgraphics/images/icons/defaultPromoCrop.png?year=1997", "keywords": [], "authors": ["Barry Bearak", "Ian Fisher"], "canonical_link": "https://www.nytimes.com/1997/10/19/nyregion/race-for-city-hall-republican-candidate-mercurial-mayor-s-confident-journey.html", "title": "RACE FOR CITY HALL: The Republican Candidate; A Mercurial Mayor's Confident Journey", "meta_data": {"article": {"published_time": "1997-10-19T05:00:00.000Z", "modified_time": "1997-10-19T05:00:00.000Z", "section": "New York", "author": "https://www.nytimes.com/by/ian-fisher", "tag": "Elections", "opinion": "false", "content_tier": "metered"}, "robots": "noarchive", "articleid": 1997101900000689378, "nyt_uri": "nyt://article/71834313-7d3d-54b1-b309-75c772008545", "pubp_event_id": "pubp://event/be8ea958572e4911b5c76b6b0a43cbda", "description": "Biographical sketch of New York City Mayor Rudolph W Giuliani traces his rise to City Hall from his childhood in East Flatbush, Brooklyn; notes that he was born on May 28, 1944, grandson of Italian immigrants, and was Federal prosecutor; photos (M)", "image": "https://static01.nyt.com/newsgraphics/images/icons/defaultPromoCrop.png?year=1997", "byl": "By Barry Bearak and Ian Fisher", "thumbnail": "https://static01.nyt.com/newsgraphics/images/icons/defaultCrop.png", "news_keywords": "NYC,Rudolph W Giuliani,Mayor,Biographical Information,Election", "pdate": 19971019, "og": {"url": "https://www.nytimes.com/1997/10/19/nyregion/race-for-city-hall-republican-candidate-mercurial-mayor-s-confident-journey.html", "type": "article", "title": "RACE FOR CITY HALL: The Republican Candidate; A Mercurial Mayor's Confident Journey (Published 1997)", "image": "https://static01.nyt.com/newsgraphics/images/icons/defaultPromoCrop.png?year=1997", "description": "Biographical sketch of New York City Mayor Rudolph W Giuliani traces his rise to City Hall from his childhood in East Flatbush, Brooklyn; notes that he was born on May 28, 1944, grandson of Italian immigrants, and was Federal prosecutor; photos (M)"}, "twitter": {"url": "https://www.nytimes.com/1997/10/19/nyregion/race-for-city-hall-republican-candidate-mercurial-mayor-s-confident-journey.html", "title": "RACE FOR CITY HALL: The Republican Candidate; A Mercurial Mayor's Confident Journey (Published 1997)", "description": "Biographical sketch of New York City Mayor Rudolph W Giuliani traces his rise to City Hall from his childhood in East Flatbush, Brooklyn; notes that he was born on May 28, 1944, grandson of Italian immigrants, and was Federal prosecutor; photos (M)", "image": "https://static01.nyt.com/newsgraphics/images/icons/defaultCrop.png?year=1997", "card": "summary_large_image", "app": {"name": {"googleplay": "NYTimes"}, "id": {"googleplay": "com.nytimes.android"}, "url": {"googleplay": "nyt://article/71834313-7d3d-54b1-b309-75c772008545"}}, "site": "@nytimes"}, "CG": "nyregion", "PT": "article", "PST": "Biography", "url": "https://www.nytimes.com/1997/10/19/nyregion/race-for-city-hall-republican-candidate-mercurial-mayor-s-confident-journey.html", "msapplication-starturl": "https://www.nytimes.com", "al": {"android": {"url": "nyt://article/71834313-7d3d-54b1-b309-75c772008545", "package": "com.nytimes.android", "app_name": "NYTimes"}, "iphone": {"url": "nytimes://www.nytimes.com/1997/10/19/nyregion/race-for-city-hall-republican-candidate-mercurial-mayor-s-confident-journey.html", "app_store_id": 284862083, "app_name": "NYTimes"}, "ipad": {"url": "nytimes://www.nytimes.com/1997/10/19/nyregion/race-for-city-hall-republican-candidate-mercurial-mayor-s-confident-journey.html", "app_store_id": 357066198, "app_name": "NYTimes"}}, "viewport": "width=device-width, initial-scale=1", "fb": {"app_id": 9869919170}}, "movies": [], "publish_date": 877237200.0, "source": "http://query.nytimes.com", "summary": ""}