{"url": "metro.co.uk/2018/08/22/nicole-kidman-is-unrecognisable-as-she-undergoes-gritty-makeover-for-destroyer-7869333/", "text": "Nicole has bagged another Best Actress award Picture: Chris Pizzello/Invision/AP)\n\nActress Nicole Kidman is barely recognisable as the first glimpse of her gritty makeover for upcoming film destroyer has been revealed.\n\nNormally sporting long blonde locks, the Moulin Rouge star is seen in a scene from her new film Destroyer, in which she plays LAPD detective Erin Bell.\n\nAnd it\u2019s quite the departure from the Kidman we\u2019re used to seeing on the red carpet.\n\nThe star is sat with a dark, choppy wig, no glamourous makeup and a plain top as she stares off into the distance.\n\nKidman\u2019s new role is bound to be compelling (Picture: Annapurna Pictures)\n\nShe\u2019s sporting weathered bags under her eyes, with a stern look of worry etched across her face.\n\nAdvertisement\n\nAdvertisement\n\nIn the upcoming movie, Nicole\u2019s character is traumatised after going undercover in a criminal gang, which might explain the vibe we\u2019re seeing here.\n\nFurthermore, Destroyer\u2019s director Karyn Kusama told Vanity Fair she wanted Kidman\u2019s character\u2019s trauma to be shown in her appearance, 20 years after initially going undercover.\n\n\u2018We always knew that what we wanted her to look like was a real middle-aged woman with a past that she wears on her face,\u2019 she said.\n\n\u2018With sun damage and sleep deprivation and stress and rage, just in her whole physical body.\u2019\n\nKusama added Kidman isn\u2019t the biggest fan of such drastic makeover, so they had to be quick with their work for her character.\n\nShe said: \u2018Ironically, she also hates being in the makeup chair. She just wants to be on set working. So we had to make it as short an application as possible.\u2019\n\nIt\u2019s not the first time Kidman has undertaken a massive makeover for a role, after she donned prosthetics to play tortured author Virginia Woolf in The Hours.\n\nThat role won her the Academy Award for Actress in a Leading Role, so who knows that doors this latest venture might open up.\n\nMeanwhile, Kidman has just wrapped filming on the second season of Big Little Lies.\n\nAddressing her 1.7million followers, she said: \u2018That\u2019s a wrap on #BigLittleLies Season 2 filming! What a beautiful journey this has been with my Monterey 5 sisters and our passionate dedicated crew.\n\n\u2018Thank you HBO for the amazing opportunity and thank you Andrea Arnold for being our fearless leader, and of course the one and only Meryl Streep for believing in us. I love you all. xx\u2019\n\nMost of the original cast is expected to return including Reese Witherspoon, Nicole, Shailene, Zoe Kravitz and Laura Dern. Adam Scott has also confirmed that he will return as Madeline\u2019s husband, Ed.\n\nAnd we cannot wait.\n\nGot a showbiz story? If you've got a celebrity story, video or pictures get in touch with the Metro.co.uk entertainment team by emailing us celebtips@metro.co.uk, calling 020 3615 2145 or by visiting our Submit Stuff page - we'd love to hear from you.\n\nMORE : Reese Witherspoon and Nicole Kidman reveal filming for Big Little Lies 2 has officially wrapped up\n\nMORE : Does Reese Witherspoon\u2019s \u2018twin\u2019 body double hint at Big Little Lies drama?", "images": ["https://d17fy28x8ov4h8.cloudfront.net/190x/images/v/virgin-media_9.png", "https://d17fy28x8ov4h8.cloudfront.net/190x/images/w/Wickes-Logo_9.png", "https://i0.wp.com/metro.co.uk/wp-content/uploads/2018/08/sec_26234835-d46f7.jpg?quality=90&strip=all&w=1200&h=630&crop=1&zoom=1&ssl=1", "https://d3tsytm1wtjqo2.cloudfront.net/images/media/72/n/nord_logo_square_1x_9.png", "https://metro.co.uk/wp-content/themes/metro-parent/img/fallback.png", "https://d17fy28x8ov4h8.cloudfront.net/190x/images/j/JL_Brandlines_Logo_Micro_Use_Blk_RGB-100px_9.png", "https://i0.wp.com/metro.co.uk/wp-content/uploads/2018/01/pri_65342881.jpg?quality=90&strip=all&zoom=1&resize=644%2C438&ssl=1", "https://d3tsytm1wtjqo2.cloudfront.net/180x/images/c/currys_9.png", "https://sb.scorecardresearch.com/p?c1=2&c2=6034964&cv=2.0&cj=1"], "top_img": "https://i0.wp.com/metro.co.uk/wp-content/uploads/2018/08/sec_26234835-d46f7.jpg?quality=90&strip=all&w=1200&h=630&crop=1&zoom=1&ssl=1", "keywords": [], "authors": ["Mel Evans"], "canonical_link": "https://metro.co.uk/2018/08/22/nicole-kidman-is-unrecognisable-as-she-undergoes-gritty-makeover-for-destroyer-7869333/", "title": "Nicole Kidman is unrecognisable as she undergoes gritty makeover for Destroyer", "meta_data": {"viewport": "width=device-width, initial-scale=1, minimum-scale=1, maximum-scale=1", "HandheldFriendly": "True", "MobileOptimized": 320, "format-detection": "telephone=no", "robots": "max-image-preview:large", "google-site-verification": "NRfCb8mBNAy5_f17NpvLZYoY38EzM2dgpcOh_Am9yps", "twitter": {"widgets": {"csp": "on"}, "image": {"src": "https://metro.co.uk/wp-content/uploads/2018/08/sec_26234835-d46f.jpg?quality=90&strip=all&crop=0px%2C0px%2C1200px%2C630px&resize=1200%2C630"}, "title": "Nicole Kidman is unrecognisable as she undergoes gritty makeover for Destroyer", "description": "Wow.", "card": "summary_large_image", "site": "@MetroUK", "account_id": 138749160}, "ir-site-verification-token": 422605026, "description": "Actress Nicole Kidman is barely recognisable as the first glimpse of her gritty makeover for upcoming film destroyer has been revealed. Normally sporting long blonde locks, the Moulin Rouge star...", "news_keywords": "nicole kidman, nicole kidman films, nicole kidman movies, nicole kidman married, nicole kidman children, nicole kidman tom cruise, destroyer, destroyer cast, nicole kidman big little lies, big little lies season 3,", "msvalidate.01": "11110DC8D42E74E13F24B3A18E7CFB8A", "pocket-site-verification": "8aec208948f7b2f9092ac4ce91dac7", "generator": "WordPress 5.5.2", "fb": {"pages": 117118184990145, "app_id": 176908729004638}, "ia": {"markup_url": "https://metro.co.uk/2018/08/22/nicole-kidman-is-unrecognisable-as-she-undergoes-gritty-makeover-for-destroyer-7869333/?ia_markup=1"}, "theme-color": "#000000", "apple-mobile-web-app-title": "Metro", "sailthru.date": "2018-08-22 10:24:25", "sailthru.title": "Nicole Kidman is unrecognisable as she undergoes gritty makeover for Destroyer", "sailthru.tags": "laura dern, nicole kidman", "sailthru.description": "Wow.", "sailthru.image.full": "https://metro.co.uk/wp-content/uploads/2018/08/sec_26234835-d46f.jpg?quality=90&strip=all&crop=673px%2C38px%2C494px%2C494px&resize=150%2C150", "sailthru.image.thumb": "https://metro.co.uk/wp-content/uploads/2018/08/sec_26234835-d46f.jpg?quality=90&strip=all&crop=673px%2C38px%2C494px%2C494px&resize=150%2C150&w=50", "og": {"locale": "en_GB", "title": "Nicole Kidman is unrecognisable as she undergoes gritty makeover for Destroyer", "type": "article", "url": "https://metro.co.uk/2018/08/22/nicole-kidman-is-unrecognisable-as-she-undergoes-gritty-makeover-for-destroyer-7869333/", "description": "Wow.", "site_name": "Metro", "image": {"identifier": "https://i0.wp.com/metro.co.uk/wp-content/uploads/2018/08/sec_26234835-d46f7.jpg?quality=90&strip=all&w=1200&h=630&crop=1&zoom=1&ssl=1", "secure_url": "https://i0.wp.com/metro.co.uk/wp-content/uploads/2018/08/sec_26234835-d46f7.jpg?quality=90&strip=all&w=1200&h=630&crop=1&zoom=1&ssl=1", "width": 1200, "height": 630}}, "article": {"publisher": "https://www.facebook.com/MetroUK", "section": "Entertainment", "tag": "Nicole Kidman", "published_time": "2018-08-22T10:24:25+0000", "modified_time": "2018-08-22T11:06:20+0100"}, "msapplication-TileImage": "https://metro.co.uk/wp-content/uploads/2020/03/cropped-m-icon-black-9693.png?w=270"}, "movies": [], "publish_date": 1534888800.0, "source": "http://metro.co.uk", "summary": ""}