{"url": "https://web.archive.org/web/20171229070402/https://twitter.com/BarackObama/status/347057653089988608", "text": "Tweet with a location\n\nYou can add location information to your Tweets, such as your city or precise location, from the web and via third-party applications. You always have the option to delete your Tweet location history. Learn more", "images": ["https://web.archive.org/web/20171229070402im_/https://pbs.twimg.com/profile_images/833356286716678144/Jhlce12E_bigger.jpg", "https://web.archive.org/web/20171229070402im_/https://pbs.twimg.com/profile_images/866008806077091840/ilwEqI2K_bigger.jpg", "https://web.archive.org/web/20171229070402im_/https://pbs.twimg.com/profile_images/916684163184345088/NS34XJfZ_normal.jpg", "https://web.archive.org/web/20171229070402im_/https://abs.twimg.com/a/1513886749/img/search/ic_places_foursquare_logo.png", "https://web.archive.org/web/20171229070402im_/https://pbs.twimg.com/profile_images/890769017824083972/Tki5H8Pm_bigger.jpg", "https://web.archive.org/web/20171229070402im_/https://pbs.twimg.com/profile_images/628034098032816128/JaLc3aTy_normal.jpg", "https://web.archive.org/web/20171229070402im_/https://pbs.twimg.com/profile_images/822547732376207360/5g0FC8XX_normal.jpg", "https://web.archive.org/web/20171229070402im_/https://pbs.twimg.com/profile_images/3347773126/4e469c51fa9c13b19cb1a9b939282d38_bigger.jpeg", "https://web.archive.org/web/20171229070402im_/https://abs.twimg.com/sticky/default_profile_images/default_profile_bigger.png", "https://web.archive.org/web/20171229070402im_/https://pbs.twimg.com/profile_images/889532059567480833/7GjddUvk_bigger.jpg", "https://web.archive.org/web/20171229070402im_/https://pbs.twimg.com/profile_images/946191162213306368/37QpMeji_normal.jpg", "https://web.archive.org/web/20171229070402im_/https://pbs.twimg.com/profile_images/910839139595104256/7RhKi3AO_normal.jpg", "https://web.archive.org/web/20171229070402im_/https://pbs.twimg.com/profile_images/900371344566734848/Tw13EV5I_bigger.jpg", "https://web.archive.org/web/20171229070402im_/https://pbs.twimg.com/profile_images/662095944268324864/L03aa82j_bigger.jpg", "https://web.archive.org/web/20171229070402im_/https://abs.twimg.com/a/1513886749/img/search/ic_places_yelp_logo.png", "https://web.archive.org/web/20171229070402im_/https://pbs.twimg.com/profile_images/829159519267614720/2QjENjBn_bigger.jpg", "https://web.archive.org/web/20171229070402im_/https://pbs.twimg.com/profile_images/448831596947587072/ldymdwYM_normal.jpeg", "https://web.archive.org/web/20171229070402im_/https://abs.twimg.com/sticky/default_profile_images/default_profile_normal.png", "https://web.archive.org/web/20171229070402im_/https://pbs.twimg.com/profile_images/822547732376207360/5g0FC8XX_400x400.jpg", "https://web.archive.org/web/20171229070402im_/https://pbs.twimg.com/profile_images/3528998054/dd0983eda0554e5be18f5dae21286c40_bigger.jpeg", "https://web.archive.org/web/20171229070402im_/https://pbs.twimg.com/profile_images/809203771712688133/FdN6MgCk_normal.jpg", "https://web.archive.org/web/20171229070402im_/https://pbs.twimg.com/profile_images/903100353876553728/ZKfTQEq6_bigger.jpg", "https://web.archive.org/web/20171229070402im_/https://pbs.twimg.com/profile_images/859784138701901824/_5lWTtjQ_normal.jpg", "https://web.archive.org/web/20171229070402im_/https://pbs.twimg.com/profile_images/378800000162293002/f7d6cb96814c3674f5e8b87d60bc7cba_normal.jpeg", "https://web.archive.org/web/20171229070402im_/https://pbs.twimg.com/profile_images/3166415275/542f32b868265dabefc73ff7f861b3ca_bigger.jpeg", "https://web.archive.org/web/20171229070402im_/https://pbs.twimg.com/profile_images/746582523094900736/hB_wRS5A_bigger.jpg", "https://web.archive.org/web/20171229070402im_/https://pbs.twimg.com/profile_banners/813286/1502508746/1500x500", "https://web.archive.org/web/20171229070402im_/https://pbs.twimg.com/profile_images/822547732376207360/5g0FC8XX_bigger.jpg"], "top_img": "https://web.archive.org/web/20171229070402im_/https://pbs.twimg.com/profile_images/822547732376207360/5g0FC8XX_400x400.jpg", "keywords": [], "authors": ["Replying To"], "canonical_link": "https://web.archive.org/web/20171229070402/https://twitter.com/barackobama/status/347057653089988608", "title": "Barack Obama on Twitter", "meta_data": {"robots": "NOODP", "msapplication-TileImage": "//abs.twimg.com/favicons/win8-tile-144.png", "msapplication-TileColor": "#00aced", "swift-page-name": "permalink", "swift-page-section": "permalink", "al": {"ios": {"url": "twitter://status?id=347057653089988608", "app_store_id": 333903271, "app_name": "Twitter"}, "android": {"url": "twitter://status?status_id=347057653089988608", "package": "com.twitter.android", "app_name": "Twitter"}}, "og": {"type": "article", "url": "https://web.archive.org/web/20171229070402/https://twitter.com/BarackObama/status/347057653089988608", "title": "Barack Obama on Twitter", "image": "https://web.archive.org/web/20171229070402im_/https://pbs.twimg.com/profile_images/822547732376207360/5g0FC8XX_400x400.jpg", "description": "\u201c\"Since Newtown, more people have died at the end of a gun than we have lost in Afghanistan.\"\u2014VP Joe Biden\u201d", "site_name": "Twitter"}, "fb": {"app_id": 2231777543}}, "movies": [], "publish_date": null, "source": "https://web.archive.org", "summary": ""}