{"url": "people.com/celebrity/katie-holmes-jamie-foxx-dating-inside-their-secret-relationship/", "text": "Sources confirm the two are spending time together \u2013 but it's not a serious romance\n\nAs rumors swirl of a secret romance between Katie Holmes and Jamie Foxx, sources close to the stars tell PEOPLE what exactly is going on with their relationship. Subscribe now for the truth about Holmes and Foxx, only in PEOPLE!\n\nThere have long been rumors that Katie Holmes and Jamie Foxx are linked romantically \u2026 so are they actually an item?\n\nGet push notifications with news, features and more.\n\nIn this week\u2019s issue of PEOPLE, multiple sources confirm the pair have been spending time together for well over a year \u2013 but it\u2019s nothing serious.\n\n\u201cThis is not some intense romance,\u201d a source with knowledge of the situation tells PEOPLE. \u201cJamie and Katie are friends and have been for a long time. They are two adults who are attractive and single, and so apparently conclusions will be drawn.\u201d\n\nAdds the source: \u201cBut contrary to those conclusions, they\u2019re not about to run off and make some serious commitment.\u201d\n\nThe actress, whose new drama Mania Days premiered at SXSW over the weekend, bought an L.A.-area home in August and moved there with daughter Suri, 8.\n\nAn insider tells PEOPLE Holmes, 36, has been spotted visiting Foxx, 47, \u201coften\u201d at his nearby home and that \u201cthey spend hours together\u201d at a time.\n\nWhile sources don\u2019t expect Holmes to take things to the next level with Foxx, she\u2019s open to another serious relationship one day.\n\nIn her November cover story, she told PEOPLE she \u201cabsolutely\u201d still believes in love, adding: \u201cI\u2019m a very loving person. Of course I\u2019m open to finding love again.\u201d\n\nFor more on Katie Holmes and Jamie Foxx, pick up the new issue of PEOPLE, on newsstands Friday\n\n\u2022 With reporting by PERNILLA CEDENHEIM\n\nAre Katie Holmes and Jamie Foxx Dating?", "images": ["https://imagesvc.meredithcorp.io/v3/mm/image?url=https%3A%2F%2Fstatic.onecms.io%2Fwp-content%2Fuploads%2Fsites%2F20%2F2020%2F11%2F12%2Fthanksgiving-covid-150x150.jpg", "https://imagesvc.meredithcorp.io/v3/mm/image?url=https%3A%2F%2Fstatic.onecms.io%2Fwp-content%2Fuploads%2Fsites%2F20%2F2016%2F05%2F06%2Fprincess-diana-21.jpg", "https://imagesvc.meredithcorp.io/v3/mm/image?url=https%3A%2F%2Fstatic.onecms.io%2Fwp-content%2Fuploads%2Fsites%2F20%2F2020%2F07%2F23%2Ftout.jpg", "https://imagesvc.meredithcorp.io/v3/mm/image?q=85&c=sc&poi=face&w=1024&h=536&url=https%3A%2F%2Fstatic.onecms.io%2Fwp-content%2Fuploads%2Fsites%2F20%2F2016%2F03%2Fkatie-holmes-1024-1.jpg", "https://peopledotcom.files.wordpress.com/2018/09/thumbnail_generic.png", "https://imagesvc.meredithcorp.io/v3/mm/image?url=https%3A%2F%2Fstatic.onecms.io%2Fwp-content%2Fuploads%2Fsites%2F20%2F2016%2F03%2Fkatie-holmes-1024-1.jpg", "data:image/svg+xml,%3Csvg%20xmlns='http://www.w3.org/2000/svg'%20viewBox='0%200%20100%20100'%3E%3C/svg%3E", "data:image/svg+xml,%3Csvg%20xmlns='http://www.w3.org/2000/svg'%20viewBox='0%200%20100%2067'%3E%3C/svg%3E", "https://imagesvc.meredithcorp.io/v3/mm/image?url=https%3A%2F%2Fstatic.onecms.io%2Fwp-content%2Fuploads%2Fsites%2F20%2F2020%2F08%2F04%2Fcoyote-ugly-2000.jpg", "https://imagesvc.meredithcorp.io/v3/mm/image?url=https%3A%2F%2Fstatic.onecms.io%2Fwp-content%2Fuploads%2Fsites%2F20%2F2020%2F07%2F19%2Ftiaras-2.jpg", "https://imagesvc.meredithcorp.io/v3/mm/image?url=https%3A%2F%2Fstatic.onecms.io%2Fwp-content%2Fuploads%2Fsites%2F20%2F2020%2F11%2F12%2Fcat-phone.jpg"], "top_img": "https://imagesvc.meredithcorp.io/v3/mm/image?q=85&c=sc&poi=face&w=1024&h=536&url=https%3A%2F%2Fstatic.onecms.io%2Fwp-content%2Fuploads%2Fsites%2F20%2F2016%2F03%2Fkatie-holmes-1024-1.jpg", "keywords": [], "authors": ["Jeff Nelson"], "canonical_link": "https://people.com/celebrity/katie-holmes-jamie-foxx-dating-inside-their-secret-relationship/", "title": "Katie Holmes & Jamie Foxx Dating? Inside Their Secret Relationship", "meta_data": {"viewport": "width=device-width, initial-scale=1", "keywords": "Jamie Foxx,Katie Holmes,Suri Cruise", "news_keywords": "Jamie Foxx,Katie Holmes,Suri Cruise", "description": "Sources confirm the two are spending time together \u2013 but it's not a serious romance", "og": {"title": "Katie Holmes & Jamie Foxx Dating? Inside Their Secret Relationship", "type": "article", "site_name": "PEOPLE.com", "url": "https://people.com/celebrity/katie-holmes-jamie-foxx-dating-inside-their-secret-relationship/", "description": "Sources confirm the two are spending time together \u2013 but it's not a serious romance", "image": {"identifier": "https://imagesvc.meredithcorp.io/v3/mm/image?q=85&c=sc&poi=face&w=1024&h=536&url=https%3A%2F%2Fstatic.onecms.io%2Fwp-content%2Fuploads%2Fsites%2F20%2F2016%2F03%2Fkatie-holmes-1024-1.jpg", "width": 1024, "height": 536}}, "pinterest": {"url": "https://people.com/celebrity/katie-holmes-jamie-foxx-dating-inside-their-secret-relationship/", "description": "Sources confirm the two are spending time together \u2013 but it's not a serious romance", "media": "https://imagesvc.meredithcorp.io/v3/mm/image?url=https%3A%2F%2Fstatic.onecms.io%2Fwp-content%2Fuploads%2Fsites%2F20%2F2016%2F03%2Fkatie-holmes-1024-1.jpg"}, "twitter": {"card": "summary_large_image", "url": "https://people.com/celebrity/katie-holmes-jamie-foxx-dating-inside-their-secret-relationship/", "title": "Katie Holmes & Jamie Foxx Dating? Inside Their Secret Relationship", "description": "Sources confirm the two are spending time together \u2013 but it's not a serious romance", "site": "@people", "image": "https://imagesvc.meredithcorp.io/v3/mm/image?q=85&c=sc&poi=face&w=1024&h=536&url=https%3A%2F%2Fstatic.onecms.io%2Fwp-content%2Fuploads%2Fsites%2F20%2F2016%2F03%2Fkatie-holmes-1024-1.jpg"}, "robots": "max-image-preview:large", "fb": {"app_id": 610948219662029, "pages": 95926963131}, "article": {"opinion": "false"}, "p": {"domain_verify": "755183be01bfc739a9cac6673f1f2c1b"}}, "movies": [], "publish_date": null, "source": "http://people.com", "summary": ""}