{"url": "https://www.news24.com/You/Archive/shakira-recalls-first-time-she-met-gerard-pique-in-new-song-20170728", "text": "Shakira has recalled the moment she fell for boyfriend Gerard Pique in her new song Me Enamore.\n\nThe Hips Don't Lie singer recently released her new song, which translates to I Fell in Love, with the lyrics giving fans an insight into how she met her soccer star partner when he appeared in the music video for her official World Cup song Waka Waka (This Time for Africa) back in 2010.\n\nThe song begins with Shakira singing, \"Life began to change me, The night I met you, Had little to lose,\" and revealing she was wearing a striped bra and her hair wasn't fully done at the time so didn't think he would notice her.\n\nRead more: Shakira doesn\u2019t want to get married\n\nShe also reveals she immediately considered their 10-year age gap with the lines, \"I thought, 'This is still a boy', But what am I going to do?\"\n\nThe 40-year-old details how she had consumed a couple of mojitos and they danced until she was tired but she decided to \"stay another minute\" after looking into his \"pretty eyes\".\n\nThe couple now has two sons; Milan, four, and Sasha, two, and in the song she makes it clear she wants a much bigger family in the future.\n\nRead more: Shakira shares Sasha picture\n\n\"With you, I'd have 10 children. Let's start with a pair,\" she sings.\n\nShe calls him a \"beautiful thing\" and notes how much she likes his mouth and beard, before concluding the song by crooning, \"He's for me or no one else.\"\n\nIllustrations of Gerard, 30, and Shakira also appear alongside the words in the official lyric video.\n\nThe Colombian star publicised the song by sending postcards to her fans with the name of the track and an image of her hugging a tree. In the card, she wrote, \"Very happy to share with all of you my new single 'Me enamore.' This song narrates a moment in my life when I was so in love that I was literally climbing trees.\"\n\nThe track is the second single from her upcoming album, her follow-up to 2014 record Shakira.\n\n\u00a9 Cover Media", "images": ["https://cdn.24.co.za/files/Cms/General/d/10123/4fc7a3b8a3e74e24ae1f0c6136fa8798.svg", "https://cdn.24.co.za/files/Cms/General/d/8407/23a1b651dcf346928ef353e5c2eff539.svg", "https://cdn.24.co.za/files/cms/general/d/5192/a61675c8de004b1283526da936749ee0.png", "https://cdn.24.co.za/files/Cms/General/d/10123/a9ccd29b773a47189cceb983c10e7b33.svg", "https://cdn.24.co.za/files/Cms/General/d/10123/64a9a98f116d474d9b5e2ba40527cafc.svg", "https://cdn.24.co.za/files/Cms/General/d/3060/5978e93355d14b71b9e711817e02066b.svg", "https://cdn.24.co.za/files/Cms/General/d/10095/5690ba4019c4401987c3e8d0c26d4041.svg", "https://cdn.24.co.za/files/Cms/General/d/10095/1e5d1bfb48cb4c40919790041ca5889a.svg", "https://cdn.24.co.za/files/Cms/General/d/10123/ec82f0859c584d5ca0b1f775dab8112f.svg", "https://cdn.24.co.za/files/Cms/General/d/3060/eced4235f21b4eec81f74513a302a94e.svg", "https://cdn.24.co.za/files/Cms/General/d/9825/d1fa14861d7848cd9a153c585af57ff7.svg", "https://cdn.24.co.za/files/Cms/General/d/3060/0a3ba4e7e62f4541982ed00f1e8abd42.svg", "https://cdn.24.co.za/files/Cms/General/d/10123/1e13f5c8099846f8b7c52069816f1cd0.svg", "https://cdn.24.co.za/files/Cms/General/d/5888/5e53e377d4c1423cb9fd36ba7c1da527.jpg", "https://cdn.24.co.za/files/Cms/General/d/10095/162bc878db9b47d1bed7dca554e5574c.svg"], "top_img": "https://cdn.24.co.za/files/Cms/General/d/5888/5e53e377d4c1423cb9fd36ba7c1da527.jpg", "keywords": [], "authors": [], "canonical_link": "https://www.news24.com/You/Archive/shakira-recalls-first-time-she-met-gerard-pique-in-new-song-20170728", "title": "Shakira recalls first time she met Gerard Pique in new song", "meta_data": {"mobile-web-app-capable": "yes", "apple-mobile-web-app-title": "News24", "apple-mobile-web-app-capable": "yes", "apple-mobile-web-app-status-bar-style": "default", "msapplication-navbutton-color": "red", "msapplication-TileColor": "red", "msapplication-TileImage": "~/images/pwa/mstile-150x150.png", "msapplication-config": "browserconfig.xml", "application-name": "News24", "msapplication-tooltip": "News24. Breaking News First", "msapplication-starturl": "/", "msapplication-tap-highlight": "no", "theme-color": "#ffffff", "articleid": "4041f141-024e-41c6-b106-0945945b4cff", "ad": {"name": "/8900/24.com/web/", "zone": "archive", "keyword": {"artid": "4041f141-024e-41c6-b106-0945945b4cff", "accreditation": "you"}}, "description": "The Hips Don't Lie singer recently released her new song, Me Enamore, which translates to 'I Fell in Love'.", "accreditation": "YOU", "author": "YOU", "articletitle": "Shakira recalls first time she met Gerard Pique in new song", "permatitle": "shakira-recalls-first-time-she-met-gerard-pique-in-new-song-20170728", "sophiaccess": "free access", "creditline": "YOU", "byline": "YOU", "publisheddate": "2017-07-28T17:23:48.063Z", "datemodified": "2017-07-28T17:23:48.1Z", "pageviewtype": "article_view", "pagetype": "article", "visitortype": "Anonymous", "isloggedin": "false", "sitename": "You", "version": "1.1.20330.4", "env": "prod", "og": {"site_name": "You", "type": "article", "article": {"section": "You"}, "image": {"identifier": "https://cdn.24.co.za/files/Cms/General/d/5888/5e53e377d4c1423cb9fd36ba7c1da527.jpg", "secure_url": "https://cdn.24.co.za/files/Cms/General/d/5888/5e53e377d4c1423cb9fd36ba7c1da527.jpg", "height": 450, "width": 600}, "title": "Shakira recalls first time she met Gerard Pique in new song | You", "description": "The Hips Don't Lie singer recently released her new song, Me Enamore, which translates to 'I Fell in Love'."}, "fb": {"app_id": 2363277980, "page_id": 10227041841}, "twitter": {"widgets": {"csp": "on"}, "card": "summary_large_image", "site": "you"}, "breadcrumb": "You/Archive", "commit": "3258e53bbcc5d5a9e84f852ea339c73701f8d0ad", "platform": "web", "viewport": "width=device-width,initial-scale=1,minimum-scale=1,maximum-scale=5", "locked": "false", "access": "true"}, "movies": [], "publish_date": null, "source": "https://www.news24.com", "summary": ""}