{"url": "hollywoodlife.com/2018/08/14/tristan-thompson-khloe-kardashian-getting-married-soon/", "text": "After giving birth to True Thompson, is marriage next for Khloe Kardashian and Tristan Thompson? Actually, as we\u2019ve EXCLUSIVELY learned, there are reasons why she\u2019s in no rush to get hitched.\n\nEver since Khloe Kardashian, 34, and Tristan Thompson, 27, welcomed True into the world, fans have been eagerly waiting to see if a diamond ring would appear on her finger. Fans better keep waiting, because as a source close to Khloe EXCLUSIVELY tells HollywoodLife.com that she \u201cis in no rush to get engaged to Tristan right now. Even though it is her dream to marry the father of her baby, she is also happy with the way things are.\u201d\n\n\u201cTrue has given her so much satisfaction,\u201d the source adds. \u201c[Khloe] loves finally being a mom after her tough journey.\u201d However, if Tristan were to get down on one knee, Khloe \u201cwould not say no to a proposal, but it\u2019s not something she\u2019s pushing for anymore. She decided to stop putting pressure on things and just let it happen naturally. Now that she has True in her life, and Tristan has stepped up as an amazing father, Khloe feels like everything is going to be OK no matter what happens between them.\u201d\n\nThere was a time when she wasn\u2019t feeling so optimistic about her relationship. Remember, while she was just days away from giving birth, Tristan got caught two-timing Khloe. That cheating may have sunk the chances of these two getting married any time soon. \u201cKhloe was so ready to be engaged and married to Tristan,\u201d a second insider EXCLUSIVELY tells HollywoodLife.com, \u201cand then the cheating happened. That threw all her thoughts about the situation out the window. She is now much more guarded and wants to make 1000% sure that Tristan has changed for the better.\u201d The second source says that Khloe wants proof that he will never cheat again before she accepts any proposals.\n\nTristan \u201chad it all but now has to work for it if he wants to be married to her,\u201d the source tells HollywoodLife.com. \u201cHe is still proving himself to her and any engagement or marriage discussions is still a little more down the line to happen if at all.\u201d\n\nIt seems that Khloe and Tristan\u2019s relationship is complicated AF\u2026or is it? Some fans called Koko out when she got caught drinking from a green cup at Kylie Jenner\u2019s 21st birthday party. The color-coordinated drinking system had it that a green cup meant your relationship was \u201ccomplicated,\u201d but Khloe clarified things later. \u201cIt\u2019s not that deep,\u201d she explained. \u201cI\u2019m sure I drank out of every colored cup that night.\u201d", "images": ["https://www.rollingstone.com/wp-content/uploads/2019/11/Surface-Pro-7.jpg?w=230&crop=1", "https://hollywoodlife.com/wp-content/uploads/2020/11/matthew-morrison-as-the-grinch-nbc-ftr.jpg?w=143&h=80&crop=1", "https://hollywoodlife.com/wp-content/uploads/2020/11/sport-bra-ftr.jpg?w=143&h=80&crop=1", "https://hollywoodlife.com/wp-content/uploads/2017/06/jason_brow.jpg?w=48", "https://hollywoodlife.com/wp-content/uploads/2018/08/khloe-not-pushing-for-marriage-with-tristan-ftr.jpg", "https://hollywoodlife.com/wp-content/uploads/2020/11/kourtney-kardashian-velvet-bikini-splashnews-ftr.jpg?w=143&h=80&crop=1", "http://pixel.quantserve.com/pixel?a.1=p-6fKiDaopTGEQg&a.2=p-31f3D02tYU8zY", "https://tvline.com/wp-content/uploads/2020/11/national-dog-show-2020-winner.jpg?w=230&crop=1", "https://www.sheknows.com/wp-content/uploads/2020/10/what-a-free-thanksgiving-dinner-really-means-to-a-family-like-mine.jpg?w=230&crop=1", "https://sb.scorecardresearch.com/p?c1=2&c2=6035310&c3=&c4=&c5=&c6=&c15=&cv=2.0&cj=1", "https://stylecaster.com/wp-content/uploads/2020/11/rothys-black-friday-collection-copy.jpg?w=230&crop=1", "https://footwearnews.com/wp-content/uploads/2020/11/vanessa-hudgens-crop-top-jeans.jpg?w=230&crop=1", "data:image/gif;base64,R0lGODlhAQABAIAAAAAAAP///yH5BAEAAAAALAAAAAABAAEAAAIBRAA7"], "top_img": "https://hollywoodlife.com/wp-content/uploads/2018/08/khloe-not-pushing-for-marriage-with-tristan-ftr.jpg", "keywords": [], "authors": ["Jason Brow", "Kimberly Zapata", "Bella Gerard", "Andy Swift", "Tim Chan", "Brandt Ranj", "Claudia Miller", "Music", "Sports Editor"], "canonical_link": "https://hollywoodlife.com/2018/08/14/tristan-thompson-khloe-kardashian-getting-married-soon/", "title": "Khloe Kardashian Eager To Get Married To Tristan Thompson? \u2014 Why She\u2019s \u2018Not Pushing\u2019 For It", "meta_data": {"description": "Khloe Kardashian's in no rush to get hitched to Tristan Thompson, but as we've learned, there are reasons for that.", "news_keywords": "Khloe Kardashian, Tristan Thompson", "apple-itunes-app": "app-id=1400650284", "generator": "WordPress 5.5.2", "author": "Jason Brow", "theme-color": "#fff", "apple-mobile-web-app-capable": "yes", "mobile-web-app-capable": "yes", "apple-touch-fullscreen": "YES", "apple-mobile-web-app-title": "Hollywood Life", "application-name": "Hollywood Life", "fb": {"pages": 94724837471}, "ia": {"markup_url_dev": "https://hollywoodlife.com/2018/08/14/tristan-thompson-khloe-kardashian-getting-married-soon/?ia_markup=1"}, "robots": "max-image-preview:large", "onesignal": "wordpress-plugin", "og": {"type": "article", "title": "Khloe Kardashian Eager To Get Married To Tristan Thompson? \u2014 Why She\u2019s \u2018Not Pushing\u2019 For It", "url": "https://hollywoodlife.com/2018/08/14/tristan-thompson-khloe-kardashian-getting-married-soon/", "description": "After giving birth to True Thompson, is marriage next for Khloe Kardashian and Tristan Thompson? Actually, as we\u2019ve EXCLUSIVELY learned, there are reasons why she\u2019s in no rush to get hitched.", "site_name": "Hollywood Life", "image": {"identifier": "https://hollywoodlife.com/wp-content/uploads/2018/08/khloe-not-pushing-for-marriage-with-tristan-ftr.jpg", "width": 620, "height": 349}, "locale": "en_US"}, "article": {"published_time": "2018-08-14T20:39:03+00:00", "modified_time": "2018-08-14T20:39:03+00:00"}, "twitter": {"text": {"title": "Khloe Kardashian Eager To Get Married To Tristan Thompson? \u2014 Why She\u2019s \u2018Not Pushing\u2019 For It"}, "image": "https://hollywoodlife.com/wp-content/uploads/2018/08/khloe-not-pushing-for-marriage-with-tristan-ftr.jpg?w=620", "card": "summary_large_image", "site": "@HollywoodLife", "title": "Khloe Kardashian Eager To Get Married To Tristan Thompson? \u2014 Why She\u2019s \u2018Not Pushing\u2019 For It", "description": "Khloe Kardashian's in no rush to get hitched to Tristan Thompson, but as we've learned, there are reasons for that."}, "msapplication-TileImage": "https://hollywoodlife.com/wp-content/uploads/2018/06/hl_logo.png?w=128"}, "movies": [], "publish_date": 1534197600.0, "source": "http://hollywoodlife.com", "summary": ""}