{"url": "http://toofab.com/2017/04/05/chris-pratt-raps-whats-my-snack-and-its-the-best-thing-youll-watch-today-video/", "text": "Instagram\n\nEveryone has a cheat day, including Chris Pratt!\n\nThe 37-year-old actor was on the set of Universal Pictures' upcoming \u201cJurassic World\u201d sequel, where he took a very deserved carrot cake muffin break and filmed his enjoyment with a hilarious rap called \u201cWhat's My Snack\u201d posted to his Facebook page.\n\n\u201cWhat's up? It's you boy Chris Pratt/Coming back with an episode of What's My Snack? Last chapter/You ain't seen nothin'/What's my snack? It's a carrot cake muffin/I'll be stuffin' this muff up in my grill/Look at the carrot cake crumbs I spill/I don't even like it, but I'm eatin' it still/'Cause I'm sitting her within' away to nothin'/Uh-oh, eating carrot cake muffin.\u201d\n\nPratt is currently on a strict diet for filming so when he finally took a bite of his snack he said: \u201cOoh, it's so good! More like What's My Crack? That's good!\u201d\n\nThen his guilty smile appeared.\n\n\u201cCan I be honest with you,\u201d Pratt asked the camera. \u201cThis is my snack for tomorrow.\u201d\n\nPratt kept his humor alive in his caption that went with his video: \u201cIt is said that when you fast you have visions. It goes back to the Bible and probably before. It's a spiritual experience to say the least. I'm not fasting per se, but I am definitely at the point in this diet where I've began metabolizing my own brain for energy. Not to brag. If your body gets so hungry you start eating your own brain matter for energy, keep going! You're almost there! It means the love handles are next! And then you will be complete. You will have arrived at the destination. And forever you will be happy. Just kidding.\u201d\n\nAnd then things got serious. \u201cDon't do it. Not worth it. Go get some Doritos or skittles. Both of which have Starlord's face on them right now!!!\u201d", "images": ["https://images.toofab.com/image/d8/2by3/2020/11/20/d825b01a354d4a3ea082beae3d1854ea_xs.jpg", "https://images.toofab.com/image/04/4by3/2020/11/26/0447019c17e946278440c5bedf82881f_sm.jpg", "https://images.toofab.com/image/28/2by3/2020/11/26/286dc52a04cd492c9a8bb84c70c428f6_xs.jpg", "https://images.toofab.com/image/cc/4by3/2020/11/25/cc6aca0be3904a068718a7a61a1745a6_sm.jpg", "https://images.toofab.com/image/5d/5by4/2017/01/03/5dae7549c49a5ee9b2119cdfd132ec9d_xs.jpg", "https://static.toofab.com/toofab-web/img/toofab-logo-white.svg", "https://images.toofab.com/image/26/3by2/2020/11/25/26eab9bfb431449795b5d841eddfb1bf_md.jpg", "https://images.toofab.com/image/60/2by3/2020/11/23/604143149e394b679b8e853eacf19d2c_xs.jpg", "https://images.toofab.com/image/0c/2by3/2020/11/24/0c70ff73e34d4f558aad10f2d0e2076a_xs.jpg", "https://images.toofab.com/image/89/2by3/2020/11/26/89c6ce64e3504fa38b99b7626ba559df_xs.jpg", "https://images.toofab.com/image/56/5by6/2020/11/23/56ca9a5df2c844d692ef79ea0d5eb2f2_md.jpg", "https://images.toofab.com/image/9f/o/2017/04/05/9f5719513cf45e5da9bf49e2858f08a3_md.jpg", "https://images.toofab.com/image/a6/16by9/2017/04/05/a6291d5437b65cfaa566bf5f8ae453e1_xl.jpg", "https://images.toofab.com/image/b3/4by3/2020/11/25/b3c0fb67fc8e44c1855dceeee04e2c8e_sm.jpg", "https://images.toofab.com/image/fa/2by3/2020/11/24/fae4ceae91fb4d73869bfa1b40ef62bf_xs.jpg", "https://images.toofab.com/image/40/2by3/2020/11/23/40d43960bb594fa2aa4158cc8b2fcadf_xs.jpg", "https://images.toofab.com/image/38/4by3/2020/11/26/38453620788b47f39b4b2961f377311f_sm.jpg", "https://images.toofab.com/image/28/3by2/2020/11/26/286dc52a04cd492c9a8bb84c70c428f6_md.jpg", "https://images.toofab.com/image/04/2by3/2020/11/26/0447019c17e946278440c5bedf82881f_xs.jpg", "https://images.toofab.com/image/d5/2by3/2020/11/19/d5c7cc6856f34435a02dbd457d2e838f_xs.jpg", "https://images.toofab.com/image/80/2by3/2020/11/23/80b534addd1247f7a258e60d93bc2963_xs.jpg", "https://images.toofab.com/image/74/2by3/2020/11/23/740b6cf373ab452e8e44292e7e8a877c_xs.jpg", "https://images.toofab.com/image/90/2by3/2020/11/23/9040ac17671848beae6daf2bbae9c055_xs.jpg", "https://images.toofab.com/image/ed/5by6/2020/11/26/ed169ed2f4024630a1e9cc33490be8f7_md.jpg"], "top_img": "https://images.toofab.com/image/a6/16by9/2017/04/05/a6291d5437b65cfaa566bf5f8ae453e1_xl.jpg", "keywords": [], "authors": ["Toofab Staff"], "canonical_link": "https://toofab.com/2017/04/05/chris-pratt-raps-whats-my-snack-and-its-the-best-thing-youll-watch-today-video/", "title": "Chris Pratt Raps 'What's My Snack?' And It's the Best Thing You'll Watch Today (Video)", "meta_data": {"viewport": "width=device-width,initial-scale=1", "referrer": "unsafe-url", "google-site-verification": "JHSxtKhEsTL_hpvIJB7Z_rx6B--w25QC-LHhSPPDFbc", "verify-v1": "Wtpd0N6FufoE2XqopQJoTjWV6Co/Mny9BTaswPJbPPA=", "msvalidate.01": "AFEB17971BCF30779AEA662782EF26F4", "y_key": "14cb04e4656b0c58", "robots": "index,follow", "description": "Everyone has a cheat day, including Chris Pratt!", "article": {"publisher": "https://www.facebook.com/toofab"}, "og": {"site_name": "Toofab", "type": "article", "url": "https://toofab.com/2017/04/05/chris-pratt-raps-whats-my-snack-and-its-the-best-thing-youll-watch-today-video/", "title": "Chris Pratt Raps 'What's My Snack?' And It's the Best Thing You'll Watch Today (Video)", "description": "Everyone has a cheat day, including Chris Pratt!", "image": "https://images.toofab.com/image/a6/16by9/2017/04/05/a6291d5437b65cfaa566bf5f8ae453e1_xl.jpg"}, "twitter": {"site": "@Toofab", "card": "summary_large_image", "title": "Chris Pratt Raps 'What's My Snack?' And It's the Best Thing You'll Watch Today (Video)", "description": "Everyone has a cheat day, including Chris Pratt!", "image": "https://images.toofab.com/image/a6/16by9/2017/04/05/a6291d5437b65cfaa566bf5f8ae453e1_xl.jpg"}, "application-name": "Toofab.com", "mobile-web-app-capable": "yes", "theme-color": "#f3f3f3", "apple-mobile-web-app-capable": "yes", "apple-mobile-web-app-status-bar-style": "#f3f3f3", "apple-mobile-web-app-title": "Toofab.com", "msapplication-TileImage": "https://static.toofab.com/toofab-web/icons/msapplication-tile-image-270x270-v1.png", "msapplication-TileColor": "#282828", "msapplication-starturl": "https://toofab.com/?adid=IE9pin", "msapplication-navbutton-color": "#282828", "msapplication-window": "width=1024;height=768", "msapplication-tooltip": "Toofab.com", "msapplication-task": "name=Photos;action-uri=https://toofab.com/photos/;icon-uri=https://static.toofab.com/toofab-web/icons/favicon-32x32-v1.png"}, "movies": [], "publish_date": 1491343200.0, "source": "http://toofab.com", "summary": ""}