{"url": "www.magzter.com/article/Entertainment/Globe/New-Dad-George-Raises-Stink-Over-Dirty-Diaper-Duty", "text": "But fed-up Amal won\u2019t let him avoid changing their twins.\n\nTHE thrill of being first-time parents after the birth of their twins is over for movie hunk George Clooney and his wife Amal \u00d1 who are now bickering over the stinky job of changing diapers, sources say.\n\nShortly after welcoming daughter Ella and son Alexander on June 6, the power couple began trying to dodge diaper duty, an insider claims.", "images": ["http://www.magzter.com/static/images/tryGold/tryGold_noComit.png", "http://www.magzter.com/static/images/tryGold/tryGold_fs.png", "http://www.magzter.com/static/icons/chevron__left--white.svg", "http://www.magzter.com/static/icons/chevron-right-liteblue.svg", "http://www.magzter.com/static/icons/article.svg", "http://www.magzter.com/static/images/other-images/1px.png", "http://www.magzter.com/static/images/tryGold/tryGold_stories.png", "http://www.magzter.com/static/icons/chevron__right--white.svg", "http://magztertemp.s3.amazonaws.com/1368738884/1497254748/articles/5947a00d73c4d/crp_New-Dad-George-Raises-Stink-Over-Dirty-Diaper-Duty.jpg", "http://www.magzter.com/static/images/magzgolddarklogo/magoldlogodark-md.png", "https://magarticles.magzter.com/articles/3409/227558/5947a00d73c4d/New-Dad-George-Raises-Stink-Over-Dirty-Diaper-Duty.jpg", "http://www.magzter.com/static/images/tryGold/tryGold_magazine.png"], "top_img": "http://magztertemp.s3.amazonaws.com/1368738884/1497254748/articles/5947a00d73c4d/crp_New-Dad-George-Raises-Stink-Over-Dirty-Diaper-Duty.jpg", "keywords": [], "authors": [], "canonical_link": "https://www.magzter.com/article/Entertainment/Globe/New-Dad-George-Raises-Stink-Over-Dirty-Diaper-Duty", "title": "New Dad George Raises Stink Over Dirty Diaper Duty!", "meta_data": {"msvalidate.01": "9AA51D7150283755143924410A43D8E5", "viewport": "initial-scale=1.0, width=device-width", "theme-color": "#000000", "description": "Read this exciting story from Globe June 26 2017. <p>But fed-up&nbsp;Amal&nbsp;won&rsquo;t let him avoid&nbsp;changing their twins.", "keywords": "George,George Clooney", "referrer": "always", "og": {"title": "New Dad George Raises Stink Over Dirty Diaper Duty!", "description": "Read this exciting story from Globe June 26 2017. <p>But fed-up&nbsp;Amal&nbsp;won&rsquo;t let him avoid&nbsp;changing their twins.", "image": "http://magztertemp.s3.amazonaws.com/1368738884/1497254748/articles/5947a00d73c4d/crp_New-Dad-George-Raises-Stink-Over-Dirty-Diaper-Duty.jpg", "type": "article", "url": "https://www.magzter.com/article/Entertainment/Globe/New-Dad-George-Raises-Stink-Over-Dirty-Diaper-Duty"}, "fb": {"admins": 1148919556, "app_id": 179098192144677}, "twitter": {"card": "summary", "site": "@mobilemagzter", "title": "New Dad George Raises Stink Over Dirty Diaper Duty!", "description": "Read this exciting story from Globe June 26 2017. <p>But fed-up&nbsp;Amal&nbsp;won&rsquo;t let him avoid&nbsp;changing their twins.", "image": "http://magztertemp.s3.amazonaws.com/1368738884/1497254748/articles/5947a00d73c4d/crp_New-Dad-George-Raises-Stink-Over-Dirty-Diaper-Duty.jpg"}, "apple-itunes-app": "app-id=412163953, app-argument=https://www.magzter.com/articles/119/355364/5d12f3768cbb3", "al": {"android": {"app_name": "Magzter", "package": "com.dci.magzter", "url": "https://www.magzter.com/article/Entertainment/Globe/New-Dad-George-Raises-Stink-Over-Dirty-Diaper-Duty"}, "ios": {"app_name": "Magzter", "app_store_id": 412163953, "url": "fb179689808731959://articles/119/355364/5d12f3768cbb3"}}}, "movies": [], "publish_date": null, "source": "http://www.magzter.com", "summary": ""}