{"url": "hollywoodlife.com/2018/05/24/gwen-stefani-pregnant-blake-shelton-baby-clues/", "text": "Hoping that Gwen Stefani gives birth to Blake Shelton\u2019s baby some day!? Then you need to check out these new EXCLUSIVE details!\n\nNothing would make us happier than seeing Gwen Stefani, 48, and Blake Shelton, 41, welcome a child together. Seriously, how incredible would that be?! Now we\u2019re learning that this dream might be coming true! \u201cGwen\u2019s body has changed very subtly this month and those close to her suspect she could be pregnant,\u201d a source tells HollywoodLife.com EXCLUSIVELY. \u201cHer friends have not seen her touch a glass of wine or any alcohol in weeks and they think Gwen has been glowing lately.\u201d OMG! So exciting!\n\nThe source added that her clothes have also gotten baggier in recent days as well, leading to more heated speculation. \u201cThose that see her daily are convinced she might finally be pregnant with Blake\u2019s baby,\u201d they added. \u201cShe has always wanted a girl and it\u2019s clear to everyone Gwen really loves Blake a lot and they have always talked about having their own family together. She has been also wearing baggier clothing lately and friends feel like she must be keeping a secret. At 48, her friends feel it would be a miracle baby but they can only guess what\u2019s really going on and hope for her to break the news soon!\u201d So do we!\n\nAs we previously reported, Blake had a hard time on Mother\u2019s Day because he hasn\u2019t had any children. \u201cHe loves being close to Gwen and the bond he shares with her kids, but the day is a sad reminder to him that he never had kids of his own,\u201d a source close to Blake told HollywoodLife.com EXCLUSIVELY. \u201cHe loved celebrating with Gwen and her kids, but it is not the same for him, there\u2019s is still a big piece missing in his life.\u201d Perhaps not for long!", "images": ["https://www.rollingstone.com/wp-content/uploads/2019/11/Surface-Pro-7.jpg?w=230&crop=1", "https://hollywoodlife.com/wp-content/uploads/2020/11/sport-bra-ftr.jpg?w=143&h=80&crop=1", "http://pixel.quantserve.com/pixel?a.1=p-6fKiDaopTGEQg&a.2=p-31f3D02tYU8zY", "https://hollywoodlife.com/wp-content/uploads/2018/05/gwe_blake-baby-ftr-1.jpg?w=620", "https://hollywoodlife.com/wp-content/uploads/2018/05/gwe_blake-baby-ftr-1.jpg", "https://stylecaster.com/wp-content/uploads/2020/11/rothys-black-friday-collection-copy.jpg?w=230&crop=1", "https://tvline.com/wp-content/uploads/2020/11/national-dog-show-2020-winner.jpg?w=230&crop=1", "https://www.sheknows.com/wp-content/uploads/2020/10/what-a-free-thanksgiving-dinner-really-means-to-a-family-like-mine.jpg?w=230&crop=1", "https://sb.scorecardresearch.com/p?c1=2&c2=6035310&c3=&c4=&c5=&c6=&c15=&cv=2.0&cj=1", "https://hollywoodlife.com/wp-content/uploads/2020/07/kelsey-nicole-5-things-to-know-ap-images-ftr.jpg?w=143&h=80&crop=1", "https://footwearnews.com/wp-content/uploads/2020/11/vanessa-hudgens-crop-top-jeans.jpg?w=230&crop=1", "https://hollywoodlife.com/wp-content/uploads/2020/11/kourtney-kardashian-and-kylie-jenner-wasted-meme-ap-images-ftr.jpg?w=143&h=80&crop=1", "data:image/gif;base64,R0lGODlhAQABAIAAAAAAAP///yH5BAEAAAAALAAAAAABAAEAAAIBRAA7"], "top_img": "https://hollywoodlife.com/wp-content/uploads/2018/05/gwe_blake-baby-ftr-1.jpg", "keywords": [], "authors": ["Scott Baumgartner", "Kimberly Zapata", "Bella Gerard", "Andy Swift", "Tim Chan", "Brandt Ranj", "Claudia Miller"], "canonical_link": "https://hollywoodlife.com/2018/05/24/gwen-stefani-pregnant-blake-shelton-baby-clues/", "title": "Gwen Stefani Pregnant With Blake Shelton\u2019s Baby? Why Friends Think She\u2019s Got A Secret", "meta_data": {"description": "Is Gwen Stefani expecting Blake Shelton's baby?! Here's what we're hearing!", "news_keywords": "Blake Shelton, Gwen Stefani", "apple-itunes-app": "app-id=1400650284", "generator": "WordPress 5.5.2", "author": "Scott Baumgartner", "theme-color": "#fff", "apple-mobile-web-app-capable": "yes", "mobile-web-app-capable": "yes", "apple-touch-fullscreen": "YES", "apple-mobile-web-app-title": "Hollywood Life", "application-name": "Hollywood Life", "fb": {"pages": 94724837471}, "robots": "max-image-preview:large", "onesignal": "wordpress-plugin", "og": {"type": "article", "title": "Gwen Stefani Pregnant With Blake Shelton\u2019s Baby? Why Friends Think She\u2019s Got A Secret", "url": "https://hollywoodlife.com/2018/05/24/gwen-stefani-pregnant-blake-shelton-baby-clues/", "description": "Hoping that Gwen Stefani gives birth to Blake Shelton\u2019s baby some day!? Then you need to check out these new EXCLUSIVE details!", "site_name": "Hollywood Life", "image": {"identifier": "https://hollywoodlife.com/wp-content/uploads/2018/05/gwe_blake-baby-ftr-1.jpg", "width": 620, "height": 350, "alt": "Gwen Stefani Blake Shelton"}, "locale": "en_US"}, "article": {"published_time": "2018-05-25T02:45:15+00:00", "modified_time": "2018-05-25T02:52:03+00:00"}, "twitter": {"text": {"title": "Gwen Stefani Pregnant With Blake Shelton\u2019s Baby? Why Friends Think She\u2019s Got A Secret"}, "image": {"identifier": "https://hollywoodlife.com/wp-content/uploads/2018/05/gwe_blake-baby-ftr-1.jpg?w=620", "alt": "Gwen Stefani Blake Shelton"}, "card": "summary_large_image", "site": "@HollywoodLife", "title": "Gwen Stefani Pregnant With Blake Shelton\u2019s Baby? Why Friends Think She\u2019s Got A Secret", "description": "Is Gwen Stefani expecting Blake Shelton's baby?! Here's what we're hearing!"}, "msapplication-TileImage": "https://hollywoodlife.com/wp-content/uploads/2018/06/hl_logo.png?w=128"}, "movies": [], "publish_date": 1527112800.0, "source": "http://hollywoodlife.com", "summary": ""}