{"url": "www.mercurynews.com/2018/04/12/alex-rodriguez-slams-report-hes-threatening-to-cut-child-support-payments/", "text": "Alex Rodriguez flatly denied a report that claimed he was threatening to cut child-support payments for his two daughters over a legal dispute with his ex-wife\u2019s brother.\n\n\u201cI have always paid far more than the maximum in child support and that will never change,\u201d the former New York Yankees star said in a statement to Page Six.\n\n\u201cIt\u2019s highly offensive to me that my former brother-in-law, who has been trying to pursue a frivolous case against me for four years and has gotten absolutely nowhere with it in court, is misrepresenting my relationship with my daughters to manipulate the public\u2019s opinion,\u201d he added.\n\nThe report Wednesday in the New York Daily News came soon after it was learned that A-Rod had just purchased a $15 million Manhattan apartment with girlfriend Jennifer Lopez.\n\nAccording to the Daily News report, Rodriguez told his ex-wife Cynthia that he would cut his support payments for daughters Natasha, 13, and Ella, 9, over a legal dispute with her brother, Constantine Scurtis.\n\nA-Rod\u2019s alleged threat was meant to send a message to Scurtis, the Daily News added.\n\nCynthia had texted her brother, explaining: \u201cI\u2019m just trying to defend my child support situation \u2026 and it\u2019s terrible.\u201d\n\nShe continued, \u201cI have an email from (Rodriguez) telling me that he\u2019s basically making me pay for not stopping you and telling you that I hate you.\u201d\n\nThe tension Cynthia is referring to is a four-year legal battle between Rodriguez and her brother.\n\nScurtis sued his ex brother-in-law in 2014, claiming he was pushed out of the real estate company they founded together when his sister\u2019s marriage began to fail, the Daily News said. The lawsuit accuses Rodriguez of mortgage and insurance fraud, among other things.\n\n\u201cHe\u2019s totally out of control,\u201d Cynthia said in another text, \u201cbut I share 2 kids with him so I try to keep e (sic) everything good for them.\u201d\n\n\u201cI hope it all ends soon. It\u2019s revolting,\u201d Cynthia added.\n\nRodriguez and Cynthia divorced in 2008 after six years of marriage. The Daily News pointed out that Rodriguez definitely isn\u2019t hurting for cash. He was paid $21 million by the Yankees in 2016 \u2014 the final year of his 10-year, $275 million contract \u2014 without having to play. He currently has a gig as part of ESPN\u2019s \u201cSunday Night Baseball\u201d team.\n\nIt\u2019s unclear how much money Rodriguez is required to pay each month for child support, the Daily News said.\n\nHe and Lopez started dating in February 2017, and the two have been high-profile about their coupledom. They sometimes post photos of their newly blended family which consists of his kids and hers; she has 10-year-old twins Max and Emme with her ex-husband Marc Anthony.\n\nRodriguez expressed disgust at the way his former brother-in-law was using his daughters in an effort to turn the media against him for his own gain. Related Articles Ah, Bennifer! Ben Affleck and Jennifer Lopez still like to vent about their infamous tabloid romance\n\nJennifer Lopez pledges $1 million to help Puerto Rico recover from Hurricane Maria\n\nJennifer Lopez hired private detective to check out Alex Rodriguez cheating allegations, report says\n\nAlex Rodriguez was nice but not \u2018intellectual,\u2019 Anne Wojcicki\u2019s mom says in interview\n\nJennifer Lopez and Alex Rodriguez on romantic getaway\n\nHe told the Post: \u201cI may have not been perfect in the past, but I am very proud of who I am, and how I live my life now and it is important to me that my daughters feel the same way.\u201d\n\nHe said he wouldn\u2019t have even responded to such \u201cfalse\u201d accusations were it not for his daughters. \u201cI would never want them to think this is true,\u201d he said. \u201cUnfortunately, however, there are some people who would do anything for money, except work.\u201d", "images": ["https://www.mercurynews.com/wp-content/uploads/2018/04/rodriguezlopez.jpg?w=1024&h=683", "https://www.mercurynews.com/wp-content/uploads/2020/09/mn-logo.svg", "https://www.mercurynews.com/wp-content/plugins/dfm-trust-indicators/static/images/Trust-Logo-Horizontal.svg", "https://www.mercurynews.com/wp-content/mu-plugins/jetpack-9.1/modules/sharedaddy/images/loading.gif"], "top_img": "https://www.mercurynews.com/wp-content/uploads/2018/04/rodriguezlopez.jpg?w=1024&h=683", "keywords": [], "authors": ["Martha Ross", "Features Writer", "Martha Ross Is A Features Writer Who Covers Everything", "Anything Related To Popular Culture", "Society", "Health", "Women S Issues", "Families. A Native Of The East Bay", "A Graduate Of Northwestern University", "Mills College"], "canonical_link": "https://www.mercurynews.com/2018/04/12/alex-rodriguez-slams-report-hes-threatening-to-cut-child-support-payments/", "title": "Alex Rodriguez slams report he\u2019s threatening to cut child support payments", "meta_data": {"application-name": "themercurynews", "viewport": "width=device-width, initial-scale=1", "msvalidate.01": "4B535F7EB2971D1FCBA5D1D3E3E292C3", "description": "Alex Rodriguez, who recently purchased a $15 million apartment with Jennifer Lopez, slammed report he's trying to cut child support for his two daughters.", "generator": "WordPress 5.5.2", "wp-parsely_version": "1.14", "fb": {"pages": 63095136336}, "google-site-verification": "jvnaFa4kq5tUDhFMQZ84bDI74A2qnu0gfhxZjZXlkko", "vf": {"container_id": 5164290}, "og": {"type": "article", "title": "Alex Rodriguez slams report he\u2019s threatening to cut child support payments", "url": "https://www.mercurynews.com/2018/04/12/alex-rodriguez-slams-report-hes-threatening-to-cut-child-support-payments/", "description": "Alex Rodriguez, who is dating Jennifer Lopez, said his two daughters are his no. 1 priority.", "site_name": "The Mercury News", "image": {"identifier": "https://www.mercurynews.com/wp-content/uploads/2018/04/rodriguezlopez.jpg?w=1024&h=683", "width": 1024, "height": 683}, "locale": "en_US"}, "article": {"published_time": "2018-04-12T13:37:14+00:00", "modified_time": "2018-04-12T17:15:10+00:00"}, "twitter": {"site": "@mercnews", "text": {"title": "Alex Rodriguez slams report he\u2019s threatening to cut child support payments"}, "image": "https://www.mercurynews.com/wp-content/uploads/2018/04/rodriguezlopez.jpg?w=640", "card": "summary_large_image"}, "msapplication-TileImage": "https://www.mercurynews.com/wp-content/uploads/2016/10/32x32-mercury-news-white.png?w=32"}, "movies": [], "publish_date": 1523484000.0, "source": "http://www.mercurynews.com", "summary": ""}