{"url": "www.lifeandstylemag.com/posts/kate-middleton-prince-william-fight-baby-no-3-137664", "text": "The royal family is as prim and proper as can be but they\u2019re not immune to public fights! Sources exclusively reveal to Life & Style that Kate Middleton and Prince William couldn\u2019t help but have it out on July 17 after an event in Warsaw, Poland where Kate made a joke about having baby No. 3!\n\nDuring her trip, the 35-year-old was gifted with a stuffed animal that was designed for newborns. Since her children \u2014 four-year-old Prince George and two-year-old Princess Charlotte \u2014 are already too old for the toy, she reportedly told her hubby, \u201cWe will just have to have more babies.\u201d\n\n(Photo Credit: Getty Images)\n\nMORE: This New HBO Special on Princess Diana Might Make You Shed a Tear or Two\n\nBut William did not think her joke was funny and later that day, they were spotted having a very tense argument because they disagree on expanding their family. \u201cTension has been simmering for some time,\u201d says a royal insider, \u201cand it came to the surface under the pressure of a royal tour.\u201d\n\nKate has her heart set on having at least one more baby, because, \u201cComing from a family of three herself, she thinks it\u2019s the perfect number,\u201d says the insider, but William is not on the same page. \u201cHe\u2019s quite happy with a boy and a girl.\u201d\n\nMORE: See New Photos of Prince George in Honor of His Fourth Birthday!\n\nAt the moment, George and Charlotte are \u201care both at ages where they can\u2019t sit still so they run around all over the place,\u201d says a source. And even though the couple can afford nannies to help care for their children, they \u201care determined to be hands-on parents\u201d which can be an overwhelming experience.\n\nKate opened up about her own struggles with adjusting to motherhood back in March during a speech she gave in order to raise awareness of mental health issues in mothers. \u201cPersonally, becoming a mother has been such a rewarding and wonderful experience,\u201d she said at the time, according to the Huffington Post. \u201cHowever, at times it has also been a huge challenge, even for me who has support at home that most mothers do not.\u201d\n\nFor more updates on the Royal family, pick up the latest issue of Life & Style, on newsstands now!", "images": ["https://www.lifeandstylemag.com/wp-content/uploads/2020/11/chris-harrison-teases-clare-crawley-tayshia-adams-men-tell-all.jpg?crop=0px%2C25px%2C2000px%2C1133px&resize=120%2C68", "https://www.lifeandstylemag.com/wp-content/uploads/2020/01/Khloe-Kardashian-Gives-a-Little-Tour-of-True-Thompson-Sweet-Bedroom-01.jpg?crop=149px%2C47px%2C701px%2C702px&resize=90%2C90", "https://www.lifeandstylemag.com/wp-content/uploads/2020/11/LTG_HOL_AMI_11.24.20_300x490.jpg?fit=300%2C490", "https://www.lifeandstylemag.com/wp-content/uploads/2020/11/Heather-Rae-Young-Reveals-the-Special-Roles-Tarek-El-Moussa-Kids-Will-Play-in-Their-Wedding.jpg?crop=0px%2C384px%2C980px%2C555px&resize=120%2C68", "https://www.lifeandstylemag.com/wp-content/uploads/2019/12/Chrishell-Stause-Felt-Blindsided-After-Justin-Hartley-Filed-for-Divorce-Promo.jpg?crop=0px%2C0px%2C2000px%2C1133px&resize=120%2C68", "https://www.lifeandstylemag.com/wp-content/uploads/2019/09/The-Bachelor-Meet-the-Women_PP.jpg?resize=90%2C90", "https://www.lifeandstylemag.com/wp-content/uploads/2020/11/chris-exclusive-dale-clare.jpg?crop=0px%2C82px%2C3000px%2C1699px&resize=120%2C68", "https://www.lifeandstylemag.com/wp-content/uploads/2020/11/Chris-Harrison-Says-There-Was-No-Backup-Bachelorette-for-Clare.jpg?crop=0px%2C0px%2C3223px%2C1826px&resize=120%2C68", "https://www.lifeandstylemag.com/wp-content/uploads/2017/07/princess-charlotte-curtsy.jpg?resize=120%2C68", "https://www.lifeandstylemag.com/wp-content/uploads/2020/11/Chris-Harrison-Reacts-to-Becca-and-Blake-Reconciliation-Rumors.jpg?crop=0px%2C0px%2C3220px%2C1824px&resize=120%2C68", "https://www.lifeandstylemag.com/wp-content/uploads/2017/07/kate-middleton-prince-william-fight-baby-no-2.jpg?resize=1200%2C630", "https://www.lifeandstylemag.com/wp-content/uploads/2020/11/155822_3012.jpg?crop=0px%2C123px%2C3000px%2C1699px&resize=120%2C68", "https://www.lifeandstylemag.com/wp-content/uploads/2020/07/realtristan13_106118224_633649180674297_5607094312589396881_n.jpg?crop=0px%2C310px%2C1080px%2C612px&resize=120%2C68", "https://www.lifeandstylemag.com/wp-content/uploads/2020/10/LS4420_cover_final.jpg?w=300", "https://www.lifeandstylemag.com/wp-content/uploads/2020/06/True-Thompson-Cutest-Photos-Feature.jpg?crop=51px%2C35px%2C1896px%2C1897px&resize=90%2C90", "https://www.lifeandstylemag.com/wp-content/uploads/2020/01/thenikkibella_84078405_2731228150290245_7074942051047440765_n.jpg?crop=0px%2C68px%2C818px%2C817px&resize=90%2C90", "https://www.lifeandstylemag.com/wp-content/uploads/2017/07/gettyimages-818692598.jpg?w=750&h=575&crop=1&resize=1180%2C885", "https://www.lifeandstylemag.com/wp-content/uploads/2017/07/meghan-markle-compared-to-kate-middleton.jpg?resize=120%2C68", "https://www.lifeandstylemag.com/wp-content/uploads/2020/11/Todd-Chrisley-Kids-Defend-Clapbacks-Feature-Inline.jpg?crop=104px%2C86px%2C2880px%2C1632px&resize=120%2C68", "https://www.lifeandstylemag.com/wp-content/uploads/2016/04/kate-middleton-princess-diana-taj-mahal.jpg?resize=120%2C68", "https://www.lifeandstylemag.com/wp-content/uploads/2017/07/kate-middleton-prince-william-fight-baby-no-2.jpg?resize=120%2C68", "https://www.lifeandstylemag.com/wp-content/uploads/2020/01/Cardi-B-Flaunts-Curves-and-Leaves-Little-to-the-Imagination-in-See-Through-Outfit-featured.jpg?crop=0px%2C0px%2C2000px%2C2000px&resize=90%2C90"], "top_img": "https://www.lifeandstylemag.com/wp-content/uploads/2017/07/kate-middleton-prince-william-fight-baby-no-2.jpg?resize=1200%2C630", "keywords": [], "authors": ["Life", "Style Magazine"], "canonical_link": "https://www.lifeandstylemag.com/posts/kate-middleton-prince-william-fight-baby-no-3-137664/", "title": "Kate Middleton and Prince William Fight Over Baby No. 3 (EXCLUSIVE)", "meta_data": {"viewport": "width=device-width, initial-scale=1.0", "theme-color": "#ffffff", "msvalidate.01": "097DBAAF43A9B61E9E4259AA7D75B069", "description": "The royal family is as prim and proper as can be but they're not immune to public fights! Sources exclusively reveal to Life & Style that Kate", "robots": "index, follow, max-snippet:-1, max-image-preview:large, max-video-preview:-1", "og": {"locale": "en_US", "type": "article", "title": "Kate Middleton and Prince William Fight Over Baby No. 3 (EXCLUSIVE)", "description": "The royal family is as prim and proper as can be but they\u2019re not immune to public fights! Sources exclusively reveal to Life & Style that Kate Middleton and Prince William couldn\u2019t help...", "url": "https://www.lifeandstylemag.com/posts/kate-middleton-prince-william-fight-baby-no-3-137664/", "site_name": "Life & Style", "updated_time": "2017-07-26T14:29:30+00:00", "image": {"identifier": "https://www.lifeandstylemag.com/wp-content/uploads/2017/07/kate-middleton-prince-william-fight-baby-no-2.jpg?resize=1200%2C630", "secure_url": "https://www.lifeandstylemag.com/wp-content/uploads/2017/07/kate-middleton-prince-william-fight-baby-no-2.jpg?resize=1200%2C630", "width": 1200, "height": 630}}, "article": {"publisher": "https://www.facebook.com/LifeStyleWeekly", "published_time": "2017-07-26T14:26:00+00:00", "modified_time": "2017-07-26T14:29:30+00:00"}, "fb": {"app_id": 741277405933843, "admins": 593583017, "pages": 229184533343}, "twitter": {"card": "summary_large_image", "title": "Kate Middleton and Prince William Fight Over Baby No. 3 (EXCLUSIVE)", "description": "The royal family is as prim and proper as can be but they\u2019re not immune to public fights! Sources exclusively reveal to Life & Style that Kate Middleton and Prince William couldn\u2019t help...", "image": "https://www.lifeandstylemag.com/wp-content/uploads/2017/07/kate-middleton-prince-william-fight-baby-no-2.jpg?resize=1200%2C630", "creator": "@Life_and_Style", "site": "@Life_and_Style"}, "generator": "WordPress 5.5.2", "msapplication-TileImage": "https://www.lifeandstylemag.com/wp-content/uploads/2020/11/android-chrome-384x384-1.png?fit=270%2C270"}, "movies": [], "publish_date": 1501079160.0, "source": "http://www.lifeandstylemag.com", "summary": ""}