{"url": "https://www.cupcakevineyards.com/buzz/make-coachella-instagrams-pop/", "text": "Music festival season is right around the corner! A few smart festival attendees are brainstorming on how their Instagrams, Snapchats and other social media posts will pop and grab the attention of friends who sadly can\u2019t come.\n\nAs the official wine sponsor of Coachella, Cupcake Vineyards has created a refreshing drink (and great photo accessory) that will be sold on the festival grounds. Poptails are described as a popsicle with a glass of wine and we want one ASAP.\n\nRead more at E!News \u00bb\n\nApril 10, 2017\n\nJanuary 2, 2019\n\nCupcake Vineyards, Livermore, CA\n\nCupcake Vineyards, Livermore, CA\n\nShare", "images": ["https://www.cupcakevineyards.com/wp-content/themes/cupcake-theme/assets/images/icon-instagram.svg", "https://www.cupcakevineyards.com/wp-content/themes/cupcake-theme/assets/images/icon-facebook.png", "https://www.cupcakevineyards.com/wp-content/themes/cupcake-theme/assets/images/icon-twitter.png", "https://www.cupcakevineyards.com/wp-content/themes/cupcake-theme/assets/images/icon-facebook.svg", "https://www.cupcakevineyards.com/wp-content/themes/cupcake-theme/assets/images/choose-joy-footer.png", "https://www.cupcakevineyards.com/wp-content/themes/cupcake-theme/assets/images/icon-pinterest.svg", "https://www.cupcakevineyards.com/wp-content/uploads/2017/04/cupcake-festival-new-1.jpg", "https://www.cupcakevineyards.com/wp-content/themes/cupcake-theme/assets/images/icon-pinterest.png", "https://www.cupcakevineyards.com/wp-content/themes/cupcake-theme/assets/images/logo.jpg", "https://www.cupcakevineyards.com/wp-content/themes/cupcake-theme/assets/images/cupcake-logo.svg"], "top_img": "https://www.cupcakevineyards.com/wp-content/uploads/2017/04/cupcake-festival-new-1.jpg", "keywords": [], "authors": ["Cupcake Vineyards", "Livermore"], "canonical_link": "https://www.cupcakevineyards.com/buzz/make-coachella-instagrams-pop/", "title": "How to Make Your Coachella Instagram Pop", "meta_data": {"viewport": "width=device-width, initial-scale=1.0", "msapplication-TileColor": "#f01d4f", "msapplication-TileImage": "https://www.cupcakevineyards.com/wp-content/themes/cupcake-theme/assets/images/win8-tile-icon.png", "theme-color": "#121212", "description": "As the official wine sponsor of Coachella, Cupcake Vineyards created a refreshing drink that will be sold on the festival grounds, Poptails.", "robots": "index, follow, max-snippet:-1, max-image-preview:large, max-video-preview:-1", "og": {"locale": "en_US", "type": "article", "title": "How to Make Your Coachella Instagram Pop | Cupcake Vineyards", "description": "As the official wine sponsor of Coachella, Cupcake Vineyards created a refreshing drink that will be sold on the festival grounds, Poptails.", "url": "https://www.cupcakevineyards.com/buzz/make-coachella-instagrams-pop/", "site_name": "Cupcake Vineyards", "image": {"identifier": "https://www.cupcakevineyards.com/wp-content/uploads/2017/04/cupcake-festival-new-1.jpg", "width": 645, "height": 645}}, "article": {"publisher": "https://www.facebook.com/cupcakevineyards/", "published_time": "2017-04-10T10:52:18+00:00", "modified_time": "2019-01-02T17:59:04+00:00"}, "twitter": {"card": "summary", "creator": "@CupcakeVineyard", "site": "@CupcakeVineyard", "label1": "Written by", "data1": "Corey Canada", "label2": "Est. reading time", "data2": "0 minutes"}, "generator": "MasterSlider 3.4.5 - Responsive Touch Image Slider"}, "movies": [], "publish_date": 1491821538.0, "source": "https://www.cupcakevineyards.com", "summary": ""}