{"url": "https://www.nydailynews.com/entertainment/gossip/serena-williams-pens-moving-post-unborn-baby-article-1.3094618", "text": "Unfortunately, our website is currently unavailable in most European countries. We are engaged on the issue and committed to looking at options that support our full range of digital offerings to the EU market. We continue to identify technical compliance solutions that will provide all readers with our award-winning journalism.", "images": ["https://www.nydailynews.com/entertainment/gossip/favicon.ico"], "top_img": "https://www.nydailynews.com/entertainment/gossip/favicon.ico", "keywords": [], "authors": [], "canonical_link": "", "title": "We are currently unavailable in your region", "meta_data": {"viewport": "width=device-width, initial-scale=1.0, maximum-scale=1.0, minimum-scale=1.0, user-scalable=no", "robots": "noindex, nofollow"}, "movies": [], "publish_date": null, "source": "https://www.nydailynews.com", "summary": ""}