{"url": "stylecaster.com/beyonce-pregnant-fourth-child-video/", "text": "It\u2019s only been a year since Beyonc\u00e9 broke the internet when she gave birth to not one but two babies with her husband, Jay-Z. But is she already ready for another one? The BeyHive sure think so after the 36-year-old singer was photographed with what fans claim to be a very obvious baby bump.\n\nTo prove their theory, many fans are referencing a video from a recent concert on Beyonc\u00e9\u2019s On the Run Tour II with Jay-Z. The video shows Beyonc\u00e9 in a sparkly white outfit with what fans are confident is a small baby bump sticking out of her midsection.\n\nIn addition to Star magazine (a not-so-reliable tabloid, if we\u2019re being honest) reporting that the singer is \u201cover the moon\u201d with her pregnancy, fans are also referencing a tour outfit that they believe is a secret message from Beyonc\u00e9 herself, proving that she\u2019s pregnant. The outfit, a skin-tight gold dress that Beyonc\u00e9 pairs with a giant cape, features a heart on her midsection, which many fans believe represents her baby\u2019s heartbeat.Given Bey and Jay-Z\u2019s love for the number four (4:44 is the title of Jay-Z\u2019s last album and their wedding anniversary is on April 4), it makes sense that the couple is expecting their fourth child, as fans have noted. Needless to say, the BeyHive is alive with speculation (and worry that Bey might cancel the rest of her tour to go on maternity leave.)\n\nAs excited as we would be for another Beyonc\u00e9 pregnancy, it\u2019s important to note that neither she nor Jay-Z have confirmed anything. And until they do, all rumors are speculation. Likewise, as Lili Reinhart, Drew Barrymore, Blac Chyna, and dozens of other celebrities who have fought off pregnancy rumors have proven, bloating is a real thing and assuming that someone is pregnant based on how much their stomach resembles a \u201cbaby bump\u201d is dangerous and a form of body-shaming.\n\nWe get it. A Beyonc\u00e9 pregnancy would make 2018. But let\u2019s not get ahead of ourselves.", "images": ["https://www.facebook.com/tr?id=1130306277008218&ev=PageView&noscript=1", "https://stylecaster.com/wp-content/uploads/2020/08/khloe-kardashian-tristan-thompson-1.jpg?w=120&h=120&crop=1", "https://stylecaster.com/wp-content/uploads/2017/05/5814f0acb4e987d10d263e3e6210e2a8.jpeg?resize=%2C", "https://stylecaster.com/wp-content/uploads/2020/11/Kourtney-Kardashian-1.jpg?w=120&h=120&crop=1", "https://stylecaster.com/wp-content/uploads/2020/11/Lisa-Rinna-Amelia-Hamlin.jpg?w=120&h=120&crop=1", "https://stylecaster.com/wp-content/uploads/2020/11/Miley-Cyrus-Dua-Lipa-Prisoner.png?w=120&h=120&crop=1", "https://stylecaster.com/wp-content/uploads/2020/05/the-mandalorian-season-2.jpeg?w=120&h=120&crop=1", "https://sb.scorecardresearch.com/p?c1=2&c2=6035310&c3=&c4=&c5=&c6=&c15=&cv=2.0&cj=1", "https://stylecaster.com/wp-content/uploads/2018/06/beyonce1.jpg"], "top_img": "https://stylecaster.com/wp-content/uploads/2018/06/beyonce1.jpg", "keywords": [], "authors": ["Jason Pham"], "canonical_link": "https://stylecaster.com/beyonce-pregnant-fourth-child-video/", "title": "This Video Is Making Fans Think Beyonc\u00e9 Is Pregnant with Her Fourth Child", "meta_data": {"description": "Beyonce is pregnant with her fourth child, according to fans who predict that the \"Formation\" singer is expecting due to a concert video that shows her with an apparent baby bump. See pictures of Bey, who is married to Jay-Z, ahead and decide for yourself.", "msvalidate.01": "7A34A1C1904BAFB83691E8B3718CA9A2", "article": {"publisher": "https://www.facebook.com/stylecaster", "published_time": "2018-06-14T13:23:37+00:00", "modified_time": "2018-11-04T23:17:35+00:00", "author": "Jason Pham", "section": "Celebrity News", "tag": "celebrity rumors"}, "google-site-verification": "yB_5UwT5pPNnn93Mba5HIaFkNtbrafDQWP_Rj34Iw08", "news_keywords": "beyonce, celebrity moms, celebrity rumors", "viewport": "width=device-width, initial-scale=1, maximum-scale=1", "generator": "WordPress 5.5.2", "author": "Jason Pham", "theme-color": "#fff", "apple-mobile-web-app-capable": "yes", "mobile-web-app-capable": "yes", "apple-touch-fullscreen": "YES", "apple-mobile-web-app-title": "StyleCaster", "application-name": "StyleCaster", "robots": "max-image-preview:large", "onesignal": "wordpress-plugin", "og": {"site_name": "StyleCaster", "type": "article", "locale": "en_US", "url": "https://stylecaster.com/beyonce-pregnant-fourth-child-video/", "title": "This Video Is Making Fans Think Beyonc\u00e9 Is Pregnant with Her Fourth Child", "description": "The BeyHive is buzzing.", "image": {"identifier": "https://stylecaster.com/wp-content/uploads/2018/06/beyonce1.jpg", "width": 1024, "height": 576}}, "fb": {"app_id": 134683123322801, "pages": 48566051011, "article_style": "scdefault"}, "twitter": {"card": "summary_large_image", "site": "@stylecaster", "creator": "@stylecaster", "title": "This Video Is Making Fans Think Beyonc\u00e9 Is Pregnant with Her Fourth Child", "description": "The BeyHive is buzzing.", "image": "https://stylecaster.com/wp-content/uploads/2018/06/beyonce1.jpg", "account_id": 55678606}}, "movies": [], "publish_date": 1528982617.0, "source": "http://stylecaster.com", "summary": ""}