{"url": "www.elle.com/culture/celebrities/a19695888/taylor-swift-searching-for-house-in-london-near-joe-alwyn-report/", "text": "Update, 4/6, 7:40 a.m.: It turns out The Sun's report truly is just a wild rumor with no truth to it. Gossip Cop reports that an insider close to Swift confirmed she is not house-searching in England at all\u2014especially as she's about to set off on her Reputation world tour this spring.\n\nOriginal, 4/5, 5:35 p.m.: Taylor Swift, the pop star and very secretive girlfriend of British actor Joe Alwyn, is ready to commit! To England full-time, that is. The Sun's Dan Wootton\u2014the guy who broke the news the two were secretly dating last May\u2014reports that Swift is looking for a North London house to make her home base. Alwyn and his family live in North London's Crouch End; Swift would like to be near that and the countryside near Soho Farmhouse in Oxfordshire, outside of the city. (Soho Farmhouse, by the way, is where Meghan Markle had her swanky bridal shower.)\n\n\u201cTaylor loves the UK and how she can live a relatively normal life without being disturbed,\" the source said. The Sun previously reported that Swift went undetected in disguises around the city. \u201cSetting down roots is something she\u2019s thought long and hard about. She\u2019s set aside \u00a330 million ($42 million) to find the house of her dreams, which she hopes to one day settle down in with Joe if their relationship continues to grow.\"\n\n\n\nThe leading requirement for this house is that it has multiple kitchens. \u201cTwo mega kitchens are an absolute requirement as she wants one near her entertaining area to be kept clean,\" the source continued. This is because Swift loves cooking oh-so much. Her passion for it is so intense, Alwyn reportedly calls her his \"feeder,\" per The Sun.\n\nThis isn't Swift's only property, of course. Swift has a penthouse apartment in New York City, a Beverly Hills house that's also a historic landmark, the Rhode Island beach house where she throws her Fourth of July parties, and a penthouse apartment in Nashville (plus a house there, too).\n\nPreviously, Swift rented a home in London, then started staying at Alwyn's so much that his friends joked \"it\u2019s as if she\u2019s moved in with him,\" a source told The Sun earlier this year.\n\nAlyssa Bailey News and Strategy Editor Alyssa Bailey is the news and strategy editor at ELLE.com, where she oversees coverage of celebrities and royals (particularly Meghan Markle and Kate Middleton).\n\nThis content is created and maintained by a third party, and imported onto this page to help users provide their email addresses. You may be able to find more information about this and similar content at piano.io", "images": ["https://hips.hearstapps.com/hmg-prod.s3.amazonaws.com/images/taylor-joe-1521038845.jpg?crop=1.00xw:1.00xh;0,0&resize=1200:*", "data:image/gif;base64,R0lGODlhAQABAIAAAAAAAP///yH5BAEAAAAALAAAAAABAAEAAAIBRAA7"], "top_img": "https://hips.hearstapps.com/hmg-prod.s3.amazonaws.com/images/taylor-joe-1521038845.jpg?crop=1.00xw:1.00xh;0,0&resize=1200:*", "keywords": [], "authors": ["Alyssa Bailey", "News", "Strategy Editor", "Alyssa Bailey Is The News", "Strategy Editor At Elle.Com", "Where She Oversees Coverage Of Celebrities", "Royals", "Particularly Meghan Markle", "Kate Middleton ."], "canonical_link": "https://www.elle.com/culture/celebrities/a19695888/taylor-swift-searching-for-house-in-london-near-joe-alwyn-report/", "title": "Taylor Swift Wants to 'Set Down Roots' With Joe Alwyn in England", "meta_data": {"x-ua-compatible": "IE=edge,chrome=1", "viewport": "width=device-width,initial-scale=1,maximum-scale=6", "msapplication-tap-highlight": "no", "theme-color": "#EC008C", "og": {"type": "article", "site_name": "ELLE", "title": "Taylor Swift Wants to 'Set Down Roots' and Buy a $42M House Near Joe Alwyn in North London", "description": "Taymerica no more?", "url": "https://www.elle.com/culture/celebrities/a19695888/taylor-swift-searching-for-house-in-london-near-joe-alwyn-report/", "image": {"identifier": "https://hips.hearstapps.com/hmg-prod.s3.amazonaws.com/images/taylor-joe-1521038845.jpg?crop=1.00xw:1.00xh;0,0&resize=1200:*", "width": 1200, "height": 600}}, "fb": {"app_id": 364664413547847, "pages": 31911516300}, "article": {"publisher": "https://www.facebook.com/ellemagazine", "modified_time": "2018-04-06 12:03:40", "published_time": "2018-04-05 09:35:00", "section": "Celebrity News 2020", "opinion": "false"}, "twitter": {"site": "@ELLEmagazine", "card": "summary_large_image", "image": "https://hips.hearstapps.com/hmg-prod.s3.amazonaws.com/images/taylor-joe-1521038845.jpg?crop=1.00xw:1.00xh;0,0&resize=640:*"}, "google-site-verification": "W6SOBCzCmb2sA5l3z9YK1yO7I7bPYArVQCP09_e2zck", "title": "Taylor Swift Wants to 'Set Down Roots' With Joe Alwyn in England - Taylor Home Searching in North London Report", "description": "\u200bTaylor Swift, the very secretive girlfriend of British actor Joe Alwyn\u200b for the last year, is ready to commit! To England full-time, that is. \u200bThe Sun\u200b's\u200b Dan Wootton\u2014the guy who broke the news the two were secretly dating last May\u200b\u2014reports that Swift is looking for a North London house\u200b to make her home base.", "keywords": "taylor swift, joe alwyn, taylor swift boyfriend, taylor swift house, taylor swift joe alwyn, taylor swift moving to london, taylor swift north london house", "auto-publish": "timely", "thumbnail": "https://hips.hearstapps.com/hmg-prod.s3.amazonaws.com/images/taylor-joe-1521038845.jpg?crop=0.502xw:1.00xh;0,0&resize=320:*", "sailthru.contenttype": "standard-article", "sailthru.tags": "Culture,culture,celebrities,taylor swift moving to london,taylor swift boyfriend,taylor swift joe alwyn,taylor swift house,taylor swift north london house,joe alwyn,Taylor Swift", "sailthru.date": "2018-04-05T21:35:00Z", "sailthru.image.full": "https://hips.hearstapps.com/hmg-prod.s3.amazonaws.com/images/taylor-joe-1521038845.jpg?crop=1.00xw:1.00xh;0,0", "sailthru.image.thumb": "https://hips.hearstapps.com/hmg-prod.s3.amazonaws.com/images/taylor-joe-1521038845.jpg?crop=0.502xw:1.00xh;0,0", "sailthru.socialtitle": "Taylor Swift Wants to 'Set Down Roots' and Buy a $42M House Near Joe Alwyn in North London", "m1": ".content-hed", "m2": ".content-dek p"}, "movies": [], "publish_date": 1522913700.0, "source": "http://www.elle.com", "summary": ""}