{"url": "www.inquisitr.com/4790273/blake-shelton-jokes-gwen-stefani-gave-birth-to-twins-yesterday-video/", "text": "Blake Shelton and Gwen Stefani are taking aim at the constant tabloid rumors claiming that they\u2019re having children. The country star poked fun at the seemingly never-ending speculation that Gwen may be pregnant with the couple\u2019s child (or children) during a recent performance in Oklahoma, where he joked that his girlfriend of over two years had just given birth to twins.\n\nShelton made the joke about his girlfriend \u2013 who has three children with ex-husband Gavin Rossdale \u2013 while introducing her on stage to perform with him during a recent concert in his home state last week.\n\nA video captured by concert goers, and obtained by PopCulture.com this week, shows the two teaming up to perform their 2016 duet \u201cGo Ahead And Break My Heart\u201d as they both stopped by Shelton\u2019s restaurant and events space Ole Red in Tishomingo, Oklahoma, last week.\n\nAfter Blake took the stage to perform a few of his hits, the crowd could then be heard chanting \u201cGwen! Gwen! Gwen!\u201d as they encouraged the No Doubt singer to join her man on stage.\n\nThat\u2019s when Blake invited Stefani to join him as he performed for fans, introducing her by joking to the crowd that they were all \u201clucky\u201d to have her perform because she\u2019d only just given birth to their twins the day before.\n\n\u201cYou guys are very lucky that [she\u2019s here],\u201d Blake told the very excited crowd as he spoke about Gwen.\n\n\u201cShe actually gave birth to twins yesterday,\u201d the country star then joked of how they\u2019re hounded by pregnancy rumors, \u201cand she\u2019s here tonight to sing with me.\u201d\n\nGwen then joined her boyfriend on stage wearing a long grey shirt and thigh-high red boots as the couple, who first met when they were both coaches on NBC\u2019s The Voice in 2014, performed their duet together.\n\n#summer2017 \u2764\ufe0flove u guys gx A post shared by Gwen Stefani (@gwenstefani) on Jul 7, 2017 at 1:24pm PDT\n\nThe twosome then sweetly clapped for one another after finishing their performance, before sharing a quick kiss on the lips as the crowd looked on.\n\nShelton, who was clearly in a playful mood as he performed for fans in his home state, then jokingly wiped his mouth and stared at his hand after sharing a kiss on the lips with Gwen as he poked a little fun at the star for the amount of lipstick she was wearing.\n\nOf course, the star was only joking when he told the crowd that Stefani had given birth to twins one day earlier, though it was just a few days later that the couple proudly put their romance on display once again.\n\nThough it appeared that they were separated for Valentine\u2019s Day \u2013 likely due to Shelton\u2019s busy touring schedule \u2013 Stefani gave fans a good look at how her boyfriend surprised her on February 14.\n\nGwen \u2013 who\u2019s mom to three boys, 11-year-old Kingston, 9-year-old Zuma, and 3-year-old Apollo \u2013 shared various videos and photos on her Snapchat account of the stunning bouquet of pink flowers her boyfriend had delivered to her home in Los Angeles.\n\nStefani even gave fans a look at the message Blake wrote to her in his Valentine\u2019s Day card, sharing a photo of the inside of the card she received from her fellow musician which read, \u201cHappy Valentine\u2019s Day. I love you! Blake.\u201d", "images": ["data:image/svg+xml,%3Csvg%20xmlns%3D'http%3A%2F%2Fwww.w3.org%2F2000%2Fsvg'%20width%3D'300'%20height%3D'170'%20viewbox%3D'0%200%20300%20170'%3E%3C%2Fsvg%3E", "https://www.inquisitr.com/wp-content/uploads/2018/02/Blake-Shelton-jokes-during-concert-that-Gwen-Stefani-gave-birth-to-twins-yesterday-467x700.jpg", "http://www.inquisitr.com/assets/272f0a/dist/images/logos/favicon.png", "http://www.inquisitr.com/assets/272f0a/dist/images/logos/logo_footer.png", "http://www.inquisitr.com/assets/272f0a/dist/images/logos/logo_header_no_tagline.png", "https://secure.gravatar.com/avatar/04740ca59ff3a7ed6178872d42206b16?s=250&d=mm&r=g", "data:image/svg+xml,%3Csvg%20xmlns%3D'http%3A%2F%2Fwww.w3.org%2F2000%2Fsvg'%20width%3D'138'%20height%3D'70'%20viewbox%3D'0%200%20138%2070'%3E%3C%2Fsvg%3E", "https://certify.alexametrics.com/atrk.gif?account=Tllhu1DlQy20Y8"], "top_img": "http://www.inquisitr.com/assets/272f0a/dist/images/logos/favicon.png", "keywords": [], "authors": ["Emily Hutchinson"], "canonical_link": "https://www.inquisitr.com/4790273/blake-shelton-jokes-gwen-stefani-gave-birth-to-twins-yesterday-video/", "title": "Blake Shelton Jokes Gwen Stefani \u2018Gave Birth To Twins Yesterday\u2019 [Video]", "meta_data": {"msapplication-TileImage": "//www.inquisitr.com/assets/272f0a/dist/images/logos/inq-win.png", "msapplication-TileColor": "#ed1c24", "fb": {"pages": 71179904752, "app_id": 164157850314499}, "y_key": "f282393706a5fd85", "viewport": "width=980", "og": {"type": "article", "locale": "en_US", "title": "Blake Shelton Jokes Gwen Stefani \u2018Gave Birth To Twins Yesterday\u2019 [Video]", "url": "https://www.inquisitr.com/4790273/blake-shelton-jokes-gwen-stefani-gave-birth-to-twins-yesterday-video/", "site_name": "The Inquisitr", "description": "Blake told the crowd during a performance in Oklahoma that Gwen had \u201cgiven birth to twins\u201d a day earlier.", "image": {"width": "null", "height": "null"}}, "article": {"published_time": "2018-02-17T10:44:42+00:00"}, "twitter": {"card": "summary_large_image", "site": "@theinquisitr", "image": {"width": "null", "height": "null"}, "description": "Blake told the crowd during a performance in Oklahoma that Gwen had \u201cgiven birth to twins\u201d a day earlier.", "creator": "@PinkPinkEmily"}, "msvalidate.01": "1C6368F835120934051BE08C50A93BA3", "p": {"domain_verify": "27de048ce20584ff72683f9a7e89cbc1"}, "yandex-verification": "01101353387c3168"}, "movies": ["https://www.youtube.com/embed/2mM4ZrkGoHs?feature=oembed"], "publish_date": 1518864282.0, "source": "http://www.inquisitr.com", "summary": ""}