{"url": "www.pressreader.com/australia/nw/20180305/284112091871560", "text": "", "images": ["https://r.prcdn.co/res/en-us/g3416/t343983971/2/images/favicon.ico"], "top_img": "https://r.prcdn.co/res/en-us/g3416/t343983971/2/images/favicon.ico", "keywords": [], "authors": [], "canonical_link": "", "title": "Your favorite newspapers and magazines.", "meta_data": {"application-name": "PressReader", "msapplication-tooltip": "PressReader", "branch": {"deeplink": {"content-sponsor-id": 0}}, "description": "Connecting People through News. All-you-can-read digital newsstand with thousands of the world\u2019s most popular newspapers and magazines. Vast selection of top stories in full-content format available for free.", "keywords": "magazines, newspapers, digital news, reading, news, breaking news, newspaper online", "viewport": "width=device-width, height=device-height, initial-scale=1, maximum-scale=1, user-scalable=no", "google": "notranslate", "apple-mobile-web-app-capable": "yes", "apple-touch-fullscreen": "yes", "apple-mobile-web-app-status-bar-style": "black", "msapplication-tap-highlight": "no", "msapplication-TileColor": "#63a70a", "msapplication-navbutton-color": "#ffffff", "msapplication-TileImage": "https://r.prcdn.co/res/en-us/g3416/t343983971/2/images/sitetile-144.png", "msapplication-square70x70logo": "https://r.prcdn.co/res/en-us/g3416/t343983971/2/images/sitetile-tiny.png", "msapplication-square150x150logo": "https://r.prcdn.co/res/en-us/g3416/t343983971/2/images/sitetile-square.png", "msapplication-wide310x150logo": "https://r.prcdn.co/res/en-us/g3416/t343983971/2/images/sitetile-wide.png", "msapplication-square310x310logo": "https://r.prcdn.co/res/en-us/g3416/t343983971/2/images/sitetile-large.png%>"}, "movies": [], "publish_date": null, "source": "http://www.pressreader.com", "summary": ""}