{"url": "https://variety.com/2017/tv/news/the-walking-dead-season-8-series-regulars-1202032195/", "text": "\u201cThe Walking Dead\u201d Season 8 has promoted three actors to series regular status, Variety has confirmed.\n\nSteven Ogg, Katelyn Nacon, and Pollyanna McIntosh will all have expanded roles when the AMC zombie apocalypse series returns this fall. Ogg plays Simon, the right-hand man to Savior leader Negan. Nacon is Enid, a teenage resident of Alexandria who has shown a connection to Carl. McIntosh plays one of the newest characters on the show, Jadis, leader of the junk yard scavengers.\n\nSeason 7 of the series saw the departure of several main cast members, including Steven Yeun and Michael Cudlitz, whose characters, Glenn and Abraham, were killed in the season opener. Sonequa Martin-Green, who played Sasha, died in the season finale. She will next star in the CBS All Access series \u201cStar Trek: Discovery.\u201d\n\nSeason 8 will pick up amidst the war between Rick\u2019s alliance and The Saviors. Series showrunner Scott Gimple previously said that the season will see Rick and company battling to preserve the very fragile civilization they have established.\n\n\u201cIt\u2019s essentially for the whole world as far as their experience,\u201d Gimple told Variety when the season concluded. \u201cIt isn\u2019t just their little corner. It\u2019s the Kingdom and the Hilltop too. The Governor just wanted them dead. Negan would be happy if everyone was alive and well and working for him. There\u2019s a very basic political idea at play here. They want to live in a fair world instead of having it just be Negan\u2019s. To that end, that idea feels to me like the beginning of civilization is at stake, this new civilization they want to build rather than live this strange half-life serving a despot.\u201d\n\nTVLine first reported this news.", "images": ["https://variety.com/wp-content/themes/pmc-variety-2020/assets/public/lazyload-fallback.gif", "https://www.facebook.com/tr?id=315552255725686&ev=PageView&noscript=1", "https://variety.com/wp-content/uploads/2017/02/twd_710_gp_0830_0064-rt.jpg?w=1024", "https://px.ads.linkedin.com/collect/?pid=1429113&fmt=gif", "https://sb.scorecardresearch.com/p?c1=2&c2=6035310&c3=&c4=&c5=&c6=&c15=&cv=2.0&cj=1", "https://pixel.quantserve.com/pixel?a.1=&a.2=p-31f3D02tYU8zY", "https://www.facebook.com/tr?id=586935388485447&ev=PageView&noscript=1"], "top_img": "https://variety.com/wp-content/uploads/2017/02/twd_710_gp_0830_0064-rt.jpg?w=1024", "keywords": [], "authors": ["Joe Otterson"], "canonical_link": "https://variety.com/2017/tv/news/the-walking-dead-season-8-series-regulars-1202032195/", "title": "\u2018The Walking Dead\u2019 Season 8 Promotes Three Actors to Series Regulars", "meta_data": {"theme-color": "#fff", "viewport": "width=device-width, initial-scale=1.0", "apple-mobile-web-app-status-bar-style": "black-translucent", "msapplication-config": "https://variety.com/wp-content/themes/pmc-variety-2020/assets/app/browserconfig.xml", "msapplication-TileImage": "https://variety.com/wp-content/uploads/2018/06/variety-favicon.png?w=128", "msapplication-TileColor": "#eff4ff", "description": "\"The Walking Dead\" has promoted three actors to series regular status for the upcoming Season 8", "alexaVerifyID": "4IBqfMBcohHTnitnTLanYijElhs", "fb": {"admins": 697514199}, "cXenseParse": {"pmc-lob": "variety", "pmc-page_type": "article", "articleid": 1202032195, "author": "Joe Otterson", "pmc-category": "News", "pmc-over_1_year": "yes", "pmc-post_type": "post", "recs": {"publishtime": "2017-04-17T08:18:24"}, "pmc-tag": "AMC,The Walking Dead", "title": "\u2018The Walking Dead\u2019 Season 8 Promotes Three Actors to Series Regulars", "pageclass": "article", "pmc-vertical": "tv", "pmc-primary-category": "News", "pmc-primary-vertical": "tv", "pmc-is_vyvip_article": "no"}, "apple-itunes-app": "app-id=416179538", "generator": "WordPress 5.5.2", "author": "Joe Otterson", "apple-mobile-web-app-capable": "yes", "mobile-web-app-capable": "yes", "apple-touch-fullscreen": "YES", "apple-mobile-web-app-title": "Variety", "application-name": "Variety", "robots": "max-image-preview:large", "content_type": "Article", "post_id": 1202032195, "title": "'The Walking Dead' Season 8 Promotes Three Actors to Series Regulars", "published_at": "2017-04-17 08:18:24", "image": "https://variety.com/wp-content/uploads/2017/02/twd_710_gp_0830_0064-rt.jpg?w=1024", "comment_count": 51, "tags": "The Walking Dead", "topics": "News", "appeared_in_print": "No", "body": "\"The Walking Dead\" Season 8 has promoted three actors to series regular status,\u00a0Variety\u00a0has confirmed.\r\n\r\nSteven Ogg, Katelyn Nacon, and Pollyanna McIntosh will all have expanded roles when the AMC zombie apocalypse series returns this fall. Ogg plays Simon, the right-hand man to Savior leader Negan. Nacon is Enid, a teenage resident of Alexandria who has shown a connection to Carl. McIntosh plays one of the newest characters on the show, Jadis, leader of the junk yard scavengers.\r\n\r\nSeason 7 of the series saw the departure of several main cast members, including Steven Yeun and Michael Cudlitz, whose characters, Glenn and Abraham, were killed in the season opener. Sonequa Martin-Green, who played Sasha, died in the season finale. She will next star in the CBS All Access series \"Star Trek: Discovery.\"\r\n\r\n\r\n\r\nSeason 8 will pick up amidst the war between Rick's alliance and The Saviors. Series showrunner Scott Gimple previously said that the season will see Rick and company battling to preserve the very fragile civilization they have established.\r\n\r\n\"It's essentially for the whole world as far as their experience,\" Gimple told Variety when the season concluded. \"It isn't just their little corner. It's the Kingdom and the Hilltop too. The Governor just wanted them dead. Negan would be happy if everyone was alive and well and working for him. There's a very basic political idea at play here. They want to live in a fair world instead of having it just be Negan's. To that end, that idea feels to me like the beginning of civilization is at stake, this new civilization they want to build rather than live this strange half-life serving a despot.\"\r\n\r\nTVLine first reported this news.", "onesignal": "wordpress-plugin", "fragment": "!", "og": {"type": "article", "title": "\u2018The Walking Dead\u2019 Season 8 Promotes Three Actors to Series Regulars", "url": "https://variety.com/2017/tv/news/the-walking-dead-season-8-series-regulars-1202032195/", "description": "\u201cThe Walking Dead\u201d Season 8 has promoted three actors to series regular status,\u00a0Variety\u00a0has confirmed. Steven Ogg, Katelyn Nacon, and Pollyanna McIntosh will all have expanded roles whe\u2026", "site_name": "Variety", "image": {"identifier": "https://variety.com/wp-content/uploads/2017/02/twd_710_gp_0830_0064-rt.jpg?w=1024", "width": 1024, "height": 683, "alt": "Pollyanna McIntosh Walking Dead"}, "locale": "en_US"}, "article": {"published_time": "2017-04-17T15:18:24+00:00", "modified_time": "2017-04-17T19:27:20+00:00"}, "twitter": {"site": "@variety", "text": {"title": "\u2018The Walking Dead\u2019 Season 8 Promotes Three Actors to Series Regulars"}, "image": {"identifier": "https://variety.com/wp-content/uploads/2017/02/twd_710_gp_0830_0064-rt.jpg?w=1024", "alt": "Pollyanna McIntosh Walking Dead"}, "card": "summary_large_image", "creator": "@joeotterson", "title": "\u2018The Walking Dead\u2019 Season 8 Promotes Three Actors to Series Regulars", "description": "\"The Walking Dead\" has promoted three actors to series regular status for the upcoming Season 8"}}, "movies": [], "publish_date": 1492442304.0, "source": "https://variety.com", "summary": ""}