{"url": "https://www.billboard.com/articles/columns/pop/7767704/prince-deliverance-ep-unreleased-material-removed", "text": "Prince's new collection of unreleased material may, in fact, stay unreleased.\n\nThe Deliverance EP that was announced Tuesday with the title track available for early streaming has was removed from iTunes, Apple Music, Amazon Music and Google Play on Wednesday (April 19).\n\nThe action comes following a legal challenge on Wednesday from Prince's estate requesting a judge to block the album's release in conjunction with a lawsuit it filed against the EP's producer, sound engineer George Ian Boxill for control of the Deliverance tracks.", "images": ["https://static.billboard.com/files/2020/11/15cover_JaQuelKnight_LORES-1604610389-compressed.jpg", "http://b.scorecardresearch.com/p?c1=2&c2=7395269&cv=2.0&cj=1", "data:image/gif;base64,R0lGODlhAQABAIAAAAAAAP///yH5BAEAAAAALAAAAAABAAEAAAIBRAA7", "https://static.billboard.com/files/media/prince-paddock-performance-2011-billboard-650-1548-compressed.jpg"], "top_img": "https://static.billboard.com/files/media/prince-paddock-performance-2011-billboard-650-1548-compressed.jpg", "keywords": [], "authors": ["Colin Stutz"], "canonical_link": "https://www.billboard.com/articles/columns/pop/7767704/prince-deliverance-ep-unreleased-material-removed", "title": "Prince's 'Deliverance' EP Removed From Streaming Services", "meta_data": {"viewport": "width=device-width, initial-scale=1", "theme-color": "#344072", "twitter": {"site": "@billboard", "description": "Prince's new collection of unreleased material may, in fact, stay unreleased. The Deliverance EP that was announced Tuesday with the title track available for early streaming has was removed from iTunes and Apple Music on Wednesday.", "title": "Prince's 'Deliverance' EP Removed From Streaming Services", "card": "summary_large_image"}, "og": {"site_name": "Billboard", "url": "https://www.billboard.com/articles/columns/pop/7767704/prince-deliverance-ep-unreleased-material-removed", "description": "Prince's new collection of unreleased material may, in fact, stay unreleased. The Deliverance EP that was announced Tuesday with the title track available for early streaming has was removed from iTunes and Apple Music on Wednesday.", "image": {"identifier": "https://static.billboard.com/files/media/prince-paddock-performance-2011-billboard-650-1548-compressed.jpg", "width": 1548, "height": 1024}, "title": "Prince's 'Deliverance' EP Removed From Streaming Services", "type": "article"}, "description": "Prince's new collection of unreleased material may, in fact, stay unreleased. The Deliverance EP that was announced Tuesday with the title track available for early streaming has was removed from iTunes and Apple Music on Wednesday."}, "movies": [], "publish_date": null, "source": "https://www.billboard.com", "summary": ""}