{"url": "www.intouchweekly.com/posts/khloe-kardashian-tristan-thompson-affair-another-woman-158321", "text": "The latest on Khlo\u00e9 Kardashian is heartbreaking. As the mother-of-one reels from news of Tristan Thompson\u2019s cheating scandal, In Touch has uncovered exclusive new details \u2014 and secret footage \u2014 of another betrayal.\n\nIn Touch has obtained a video showing that the devastating situation is even worse than Khlo\u00e9 knows. An insider reveals the shocking details from Tristan\u2019s hookups with a curvy stunner last November and again in February.\n\nTristan hit on the woman at an NYC club following a November game against the New York Knicks. And while the woman \u2014 who the source says is a big fan of the Kardashians \u2014 \u201cknew that he was with Khlo\u00e9,\u201d Tristan didn\u2019t mention his pregnant girlfriend when he brought her back to the Four Seasons in an SUV. He got out first and had her circle the block a few times before coming up to his room, where they had unprotected sex.\n\n\u201cShe slept with him because he\u2019s an NBA star, but she thinks he\u2019s hot, too,\u201d the insider says. \u201cShe said that the sex was good.\u201d So good, the woman stayed the night and took a short video of Tristan \u2014 identifiable by his distinctive chest tattoos \u2014 asleep in bed afterward, which the source shared exclusively with In Touch.\n\n\u201cHe was definitely not careful at all about making sure that nobody knew who she was or that she didn\u2019t have her phone,\u201d adds the source. In the video, two phones are visible on the nightstand. The source says they\u2019re both Tristan\u2019s, adding, \u201cIt\u2019s so sketchy.\u201d\n\nIn the morning, they swapped numbers for a potential round two. And the woman heard from Tristan right away \u2014 but he wasn\u2019t looking for another hookup. He wanted to make sure she didn\u2019t get pregnant! \u201cHe texted her, \u2018Do you have Plan B?\u2019\u201d says the source, referencing the so-called morning-after pill.\n\nThree months passed before they hooked up again. Out of the blue, Tristan texted the woman and invited her to see his team play in another city in February. \u201cHe paid for her flight,\u201d says the source. \u201cAnd she slept over again.\u201d\n\nFor more on this exclusive story, pick up the new issue of In Touch magazine, on newsstands now!", "images": ["https://www.intouchweekly.com/wp-content/uploads/2018/04/Jamie-and-Doug-Season-1-MAFS.jpg?crop=0px%2C0px%2C750px%2C750px&resize=90%2C90", "https://www.intouchweekly.com/wp-content/uploads/2020/11/Mama-June-Reveals-70-Pound-Weight-Gain-Amid-Quarantine-002.jpg?crop=0px%2C18px%2C1454px%2C824px&resize=120%2C68", "https://www.intouchweekly.com/wp-content/uploads/2020/10/IT4420_cover_final.jpg?w=300", "https://www.intouchweekly.com/wp-content/uploads/2018/04/khloe-healing.jpg?resize=120%2C68", "https://www.intouchweekly.com/wp-content/uploads/2018/04/khloe-kardashian-tristan-thompson-affair-3.jpeg?resize=120%2C68", "https://www.intouchweekly.com/wp-content/uploads/2020/11/Shanti-Zohra-Shades-90-Day-Fiance-Star-Stacey-Silva-Marriage-Florian.jpg?crop=0px%2C0px%2C1337px%2C757px&resize=120%2C68", "https://www.intouchweekly.com/wp-content/uploads/2018/04/screen-shot-2018-04-13-at-2-56-54-pm.png?resize=120%2C68", "https://www.intouchweekly.com/wp-content/uploads/2020/01/Who-Are-Kobe-Bryants-Wife-and-Kids.jpg?crop=0px%2C69px%2C3150px%2C3150px&resize=90%2C90", "https://www.intouchweekly.com/wp-content/uploads/2020/11/Inside-Prince-Harry-Meghan-Markle-Thanksgiving-Plans-IT.jpg?crop=0px%2C0px%2C2072px%2C1174px&resize=120%2C68", "https://www.intouchweekly.com/wp-content/uploads/2020/11/90-day-fiance-thanksgiving-darcey-deavan-paola.jpg?crop=0px%2C0px%2C2048px%2C1160px&resize=120%2C68", "https://www.intouchweekly.com/wp-content/uploads/2018/05/Duggar-Girls-Wearing-Pants-and-Jeans.jpg?resize=90%2C90", "https://www.intouchweekly.com/wp-content/uploads/2020/11/Jon-Hopes-Collin-and-Hannah-See-Siblings-on-Thanksgiving.jpg?crop=0px%2C243px%2C1080px%2C611px&resize=120%2C68", "https://www.intouchweekly.com/wp-content/uploads/2020/11/Mama-June-Reveals-Her-Diet-and-Fitness-Changes-to-Shed-70-Pounds.jpg?crop=0px%2C31px%2C1500px%2C850px&resize=120%2C68", "https://www.intouchweekly.com/wp-content/uploads/2018/04/khloe-kardashian-tristan-thompson-affair-3.jpeg?resize=746%2C399", "https://www.intouchweekly.com/wp-content/uploads/2020/11/LTG_HOL_AMI_11.24.20_300x490.jpg?fit=300%2C490", "https://www.intouchweekly.com/wp-content/uploads/2020/01/Meghan-Markle-Hated-Royal-Dress-Code-Shes-Much-More-Comfortable-Wearing-Casual-Clothes.jpg?resize=90%2C90", "https://www.intouchweekly.com/wp-content/uploads/2020/01/Screen-Shot-2020-01-27-at-4.09.35-PM.png?resize=90%2C90", "https://www.intouchweekly.com/wp-content/uploads/2018/04/khloe-kardashian-tristan-thompson-7.jpg?w=750&h=1000&crop=1&resize=1163%2C1575", "https://www.intouchweekly.com/wp-content/uploads/2020/11/Kate-Gosselin-Will-Have-Bittersweet-Thanksgiving-at-Home.jpg?crop=0px%2C41px%2C2556px%2C1449px&resize=120%2C68", "https://www.intouchweekly.com/wp-content/uploads/2020/11/90-Day-Fiance-Star-Darcey-Silva-Confrontation-With-Shanti-Zohra-Was-Set-Up-By-Producers.jpg?crop=0px%2C0px%2C1468px%2C832px&resize=120%2C68", "https://www.intouchweekly.com/wp-content/uploads/2018/04/lamar-odom-khloe-kardashian-true-thompson.jpg?resize=120%2C68", "https://www.intouchweekly.com/wp-content/uploads/2020/08/Leah-Messer-Honestly-Grateful-Repaired-Relationship-With-Corey-Miranda.jpg?crop=0px%2C0px%2C1566px%2C887px&resize=120%2C68"], "top_img": "https://www.intouchweekly.com/wp-content/uploads/2018/04/khloe-kardashian-tristan-thompson-affair-3.jpeg?resize=746%2C399", "keywords": [], "authors": ["In Touch Staff"], "canonical_link": "https://www.intouchweekly.com/posts/khloe-kardashian-tristan-thompson-affair-another-woman-158321/", "title": "Tristan Thompson's Affair Is Worse Than Khlo\u00e9 Kardashian Knows", "meta_data": {"viewport": "width=device-width, initial-scale=1.0", "theme-color": "#ffffff", "msvalidate.01": "097DBAAF43A9B61E9E4259AA7D75B069", "description": "The latest on Khlo\u00e9 Kardashian is heartbreaking. As the mother-of-one reels from news of Tristan Thompson\u2019s cheating scandal, In Touch has uncovered", "robots": "index, follow, max-snippet:-1, max-image-preview:large, max-video-preview:-1", "og": {"locale": "en_US", "type": "article", "title": "Tristan Thompson's Affair Is Worse Than Khlo\u00e9 Kardashian Knows", "description": "The latest on Khlo\u00e9 Kardashian is heartbreaking. As the mother-of-one reels from news of Tristan Thompson\u2019s cheating scandal, In Touch has uncovered exclusive new details \u2014 and secret footage \u2014 of another betrayal....", "url": "https://www.intouchweekly.com/posts/khloe-kardashian-tristan-thompson-affair-another-woman-158321/", "site_name": "In Touch Weekly", "updated_time": "2018-05-03T16:50:49+00:00", "image": {"identifier": "https://www.intouchweekly.com/wp-content/uploads/2018/04/khloe-kardashian-tristan-thompson-affair-3.jpeg?resize=746%2C399", "secure_url": "https://www.intouchweekly.com/wp-content/uploads/2018/04/khloe-kardashian-tristan-thompson-affair-3.jpeg?resize=746%2C399", "width": 1200, "height": 630}}, "article": {"publisher": "http://www.facebook.com/InTouchWeekly", "published_time": "2018-04-18T11:30:00+00:00", "modified_time": "2018-05-03T16:50:49+00:00"}, "fb": {"app_id": 437388016401044, "admins": 593583017, "pages": 75932763901}, "twitter": {"card": "summary_large_image", "title": "Tristan Thompson's Affair Is Worse Than Khlo\u00e9 Kardashian Knows", "description": "The latest on Khlo\u00e9 Kardashian is heartbreaking. As the mother-of-one reels from news of Tristan Thompson\u2019s cheating scandal, In Touch has uncovered exclusive new details \u2014 and secret footage \u2014 of another betrayal....", "image": "https://www.intouchweekly.com/wp-content/uploads/2018/04/khloe-kardashian-tristan-thompson-affair-3.jpeg?resize=746%2C399", "creator": "@intouchweekly", "site": "@intouchweekly"}, "generator": "WordPress 5.5.2", "msapplication-TileImage": "https://www.intouchweekly.com/wp-content/uploads/2020/11/android-chrome-192x192-1.png?fit=192%2C192"}, "movies": [], "publish_date": 1524051000.0, "source": "http://www.intouchweekly.com", "summary": ""}