{"url": "www.etonline.com/james-brolin-reflects-20-years-marriage-barbra-streisand-exclusive-94300", "text": "Two decades strong! James Brolin and Barbra Streisand are nearing their 20th wedding anniversary this year.\n\nET\u2019s Katie Krause spoke with Brolin at the Hallmark Channel and Hallmark Movies & Mysteries winter Television Critics Association red carpet on Saturday, where he revealed that despite his decades-long romance, he still doesn't have all the answers.\n\n\u201cI don\u2019t know, because nobody trains you,\u201d he said of the secret to his and Streisand's marriage. \u201cThis is my third time -- third marriage. I picked difficult situations the first two times, but I think you learn with each one. I\u2019m a person that believes that if I\u2019m wrong, that\u2019s when I learn, and when I\u2019m right, I haven\u2019t learned a thing.\u201d\n\nNoting that he takes his relationship \u201cday to day,\u201d Brolin revealed that he\u2019s an advocate of marriage counseling.\n\n\u201cI do believe in counseling if anybody ever has a problem in their marriage. Bring in a referee, talk it over, and I swear to you, it will dispel by the end of the session, each time!\u201d he said. \u201cSometimes in a tough marriage, it\u2019s tough to talk, but if you do, it works!\u201d\n\nThe 77-year-old actor has also learned to maintain his marriage with Streisand by not interrupting her during hectic times.\n\n\u201cWhen she\u2019s busy, she\u2019s really focused, and part of our good relationship is that I understand that,\u201d he shared. \u201cAnd if I come to her with something important and she says, \u2018I don\u2019t have time right now,\u2019 she doesn\u2019t have time, period. That\u2019s the way the mind works. You gotta focus.\u201d\n\nAs for how Streisand, 75, makes him feel special, Brolin said, \u201cI\u2019m always welcome when I get home. I always get notes, \u2018Hurry home!\u2019 When I get there, there\u2019s always something kind of great waiting for me, some plan, and I try to reciprocate.\u201d\n\nRELATED CONTENT:\n\nBarbra Streisand Calls Out Golden Globes for Not Awarding More Female Directors\n\n\u2018Girls Trip' Star Tiffany Haddish Says She Taught Barbra Streisand All About Cardi B\n\nJosh Brolin on His Ripped Bod and How He Knew Wife Kathyrn Boyd Was the One (Exclusive)\n\nEXCLUSIVE! 'Life in Pieces': James Brolin Is in the Hospital for the Most Awkwardly Hilarious Reason! This video is unavailable because we were unable to load a message from our sponsors.\n\n\n\nIf you are using ad-blocking software, please disable it and reload the page. Embed Code Restart\n\nRelated Gallery", "images": ["https://www.etonline.com/sites/default/files/styles/max_1280x720/public/images/2018-01/barbra_streisand_james_brolin_gettyimages-451781154.jpg?h=c673cd1c&itok=idJQsUMf", "http://www.etonline.com/sites/default/files/styles/60x60/public/images/2020-10/gettyimages-620924887-1.jpg?h=bfe0b221&itok=bFM8TIHn", "http://www.etonline.com/sites/default/files/styles/60x60/public/images/2020-11/royalsvp2.jpg?h=6c83441f&itok=0IE_jvyT", "data:image/gif;base64,R0lGODlhAQABAAAAACwAAAAAAQABAAA=", "http://www.etonline.com/sites/default/files/styles/840x470/public/images/2018-01/1280_justin_timberlake_jessica_biel_getty902339960.jpg?h=c673cd1c&itok=hfQUo2-5"], "top_img": "https://www.etonline.com/sites/default/files/styles/max_1280x720/public/images/2018-01/barbra_streisand_james_brolin_gettyimages-451781154.jpg?h=c673cd1c&itok=idJQsUMf", "keywords": [], "authors": ["Rachel Mcrady"], "canonical_link": "https://www.etonline.com/james-brolin-reflects-20-years-marriage-barbra-streisand-exclusive-94300", "title": "James Brolin Reflects on 20 Years of Marriage With Barbra Streisand (Exclusive)", "meta_data": {"article": {"opinion": "false"}, "title": "James Brolin Reflects on 20 Years of Marriage With Barbra Streisand (Exclusive) | Entertainment Tonight", "og": {"site_name": "Entertainment Tonight", "type": "Article", "url": "https://www.etonline.com/james-brolin-reflects-20-years-marriage-barbra-streisand-exclusive-94300", "title": "James Brolin Reflects on 20 Years of Marriage With Barbra Streisand (Exclusive)", "description": "The 77-year-old actor got candid about the keys to his long-lasting relationship.", "image": {"identifier": "https://www.etonline.com/sites/default/files/styles/max_1280x720/public/images/2018-01/barbra_streisand_james_brolin_gettyimages-451781154.jpg?h=c673cd1c&itok=idJQsUMf", "width": 1280, "height": 720}}, "fb": {"pages": 106843036179, "admins": 3111204, "app_id": 145337045558621}, "robots": "index", "apple-mobile-web-app-capable": "yes", "twitter": {"card": "summary_large_image", "description": "The 77-year-old actor got candid about the keys to his long-lasting relationship.", "site": {"identifier": "@etnow", "id": 23603092}, "title": "James Brolin Reflects on 20 Years of Marriage With Barbra Streisand (Exclusive)", "creator": "Rachel McRady\u200d", "url": "https://www.etonline.com/james-brolin-reflects-20-years-marriage-barbra-streisand-exclusive-94300", "image": "https://www.etonline.com/sites/default/files/styles/max_1280x720/public/images/2018-01/barbra_streisand_james_brolin_gettyimages-451781154.jpg?h=c673cd1c&itok=idJQsUMf"}, "description": "The 77-year-old actor got candid about the keys to his long-lasting relationship.", "msvalidate.01": "DC10472F438B55F3A58638BC31271706", "google-site-verification": "hKpIt34FKZ_qMU81xUdLUw2YzuyZY1pS76p0622Hc7w", "keywords": "News, Barbra Streisand, Couples", "Generator": "Drupal 8 (https://www.drupal.org)", "MobileOptimized": "width", "HandheldFriendly": "true", "viewport": "width=device-width, initial-scale=1.0, minimum-scale=1.0"}, "movies": [], "publish_date": null, "source": "http://www.etonline.com", "summary": ""}