{"url": "https://web.archive.org/web/20120125094542/https://twitter.com/VernBuchanan/status/16939986215", "text": "Think Wimbledon tickets are expensive? Our National Debt has gone up by $1,729,000,000 during the Isner v. Mahut match #USA", "images": ["https://web.archive.org/web/20120125094542im_/https://si0.twimg.com/profile_images/1734256376/headshot_bigger.jpg", "https://web.archive.org/web/20120125094542im_/https://si0.twimg.com/a/1327379192/images/twitter_57.png", "https://web.archive.org/web/20120125094542im_/https://si0.twimg.com/a/1327379192/images/loader.gif", "https://web.archive.org/web/20120125094542im_/https://si0.twimg.com/a/1327379192/images/twitter_logo_header.png"], "top_img": "https://web.archive.org/web/20120125094542im_/https://si0.twimg.com/a/1327379192/images/twitter_57.png", "keywords": [], "authors": [], "canonical_link": "", "title": "Rep. Vern Buchanan: Think Wimbledon tickets ar ...", "meta_data": {"viewport": "width = 780", "verify-v1": "4FTTxY4uvo0RZTMQqIyhh18HsepyJOctQ+XTOu1zsfE=", "page": 1, "robots": "NOODP", "session-loggedin": "n", "description": "Think Wimbledon tickets are expensive? Our National Debt has gone up by $1,729,000,000 during the Isner v. Mahut match #USA", "page-user-screen_name": "VernBuchanan"}, "movies": [], "publish_date": null, "source": "https://web.archive.org", "summary": ""}