{"url": "www.aceshowbiz.com/news/view/00106556.html", "text": "Celebrity\n\nThe 36-year-old reality TV star allegedly 'wants to do a cookbook and pose naked with all the recipes.'\n\nMar 6, 2017\n\nAceShowbiz - Kim Kardashian was reported \"considering a cookbook\" in mid last year. And now she is allegedly planning to become a \"naked chef.\" As claimed by National Enquirer, the 36-year-old \"Keeping Up with the Kardashians\" star is currently \"doing a nude cookbook.\"\n\nThe wife of Kanye West has \"found a new way to line her pockets, even when she doesn't have any,\" claims the news outlet. It goes on alleging that Kim is \"pitching publishers on the idea of a cookbook in which she poses nude next to her favorite recipes.\"\n\nCiting a so-called source, the tabloid says that the mother of North and Saint West has \"came across a copy of David Thorpe's book 'Rude Food', among some of her dad's old things,\" and now she \"wants to do a cookbook and pose naked with all the recipes.\"\n\nHer mom Kris Jenner's cookbook allegedly wasn't well-received, but the publication claims, \"Kim feels her concept will succeed.\" It further alleges Kim is certain her nude cookbook will \"inspire her fans to watch their own bottom line and stick to the diet-friendly recipes, even if the pictures are of Kim's generous cupcakes.\"\n\nHowever, the report above turns out to be not true. Gossip Cop can confirm that Kim is neither considering a nude cookbook nor having any desire to become a \"naked chef.\" Citing a rep for the stunning socialite, the site reveals the story made by National Enquirer is entirely \"false.\"", "images": ["http://www.aceshowbiz.com/display/images/160x117/2020/11/24/00162957.jpg", "http://www.aceshowbiz.com/display/images/90x60/2020/11/23/00162898.jpg", "http://www.aceshowbiz.com/display/images/160x117/2020/11/26/00163024.jpg", "http://www.aceshowbiz.com/images/news/kim-kardashian-to-do-nude-cookbook.jpg", "http://www.aceshowbiz.com/display/images/160x117/2020/11/24/00162939.jpg", "http://www.aceshowbiz.com/display/images/160x117/2020/11/25/00162986.jpg", "https://www.aceshowbiz.com/images/news/kim-kardashian-to-do-nude-cookbook.jpg", "http://www.aceshowbiz.com/display/images/160x117/2020/11/25/00162982.jpg", "http://www.aceshowbiz.com/display/images/90x60/2020/11/13/00162466.jpg", "http://www.aceshowbiz.com/display/images/160x117/2020/11/26/00163015.jpg", "http://www.aceshowbiz.com/display/images/160x117/2020/11/25/00162990.jpg", "http://www.aceshowbiz.com/display/images/160x117/2020/11/25/00162960.jpg", "http://www.aceshowbiz.com/display/images/90x60/2020/11/25/00162960.jpg", "http://www.aceshowbiz.com/display/images/300x400/2020/11/24/00162933.jpg", "http://www.aceshowbiz.com/display/images/90x60/2020/11/11/00162389.jpg", "http://www.aceshowbiz.com/display/images/160x117/2020/11/26/00163012.jpg", "http://www.aceshowbiz.com/display/images/160x117/2020/11/24/00162922.jpg", "http://www.aceshowbiz.com/display/images/160x117/2020/11/26/00163030.jpg", "http://www.aceshowbiz.com/assets/img/logo.png", "http://www.aceshowbiz.com/display/images/160x117/2020/11/24/00162945.jpg"], "top_img": "https://www.aceshowbiz.com/images/news/kim-kardashian-to-do-nude-cookbook.jpg", "keywords": [], "authors": [], "canonical_link": "https://www.aceshowbiz.com/news/view/00106556.html", "title": "Report: Kim Kardashian to Do Nude Cookbook", "meta_data": {"description": "The 36-year-old reality TV star allegedly 'wants to do a cookbook and pose naked with all the recipes.'", "viewport": "width=device-width, initial-scale=1", "fb": {"app_id": 320088948016615}, "og": {"title": "Report: Kim Kardashian to Do Nude Cookbook", "type": "article", "url": "https://www.aceshowbiz.com/news/view/00106556.html", "image": {"identifier": "https://www.aceshowbiz.com/images/news/kim-kardashian-to-do-nude-cookbook.jpg", "alt": "Report: Kim Kardashian to Do Nude Cookbook"}, "site_name": "AceShowbiz", "description": "The 36-year-old reality TV star allegedly 'wants to do a cookbook and pose naked with all the recipes.'"}, "twitter": {"title": "Report: Kim Kardashian to Do Nude Cookbook", "description": "The 36-year-old reality TV star allegedly 'wants to do a cookbook and pose naked with all the recipes.'", "image": "https://www.aceshowbiz.com/images/news/kim-kardashian-to-do-nude-cookbook.jpg", "card": "summary_large_image", "site": "@aceshowbiz", "creator": "@aceshowbiz", "domain": "aceshowbiz.com"}, "robots": "index, follow", "Googlebot-news": "index, follow", "apple-mobile-web-app-capable": "yes", "apple-mobile-web-app-status-bar-style": "black", "theme-color": "#5F256F"}, "movies": [], "publish_date": null, "source": "http://www.aceshowbiz.com", "summary": ""}