{"url": "www.hindustantimes.com/hollywood/when-an-all-star-cast-isn-t-fun-ocean-s-eight-makers-hire-shrink-to-prevent-fights/story-PQeWgf4CLGNk3X1HIuA7ZN.html", "text": "hollywood\n\nUpdated: Mar 19, 2017, 17:12 IST\n\nProducers of the film Ocean\u2019s Eight are said to have hired a therapist to prevent any fights between its all-female cast members, which includes Sandra Bullock, Cate Blanchett, Rihanna and Anne Hathaway.\n\nAccording to OK! Magazine, the producers have a counsellor on call to make sure the women get along, reports aceshowbiz.com. \u201cThere have been a few arguments, and certain people haven\u2019t gotten on as well as they\u2019d hoped,\u201d a source claims. They want to make sure the cast and crew have someone to vent any frustrations to, so nothing gets taken out on another actor,\u201d a source said.\n\nThe source added: \u201cThe aim is to wrap the movie on a good note and set the stage for later promotion.\u201d\n\nDirected by Gary Ross from a script written by Ross and co-writer Olivia Milch, \u201cOcean\u2019s Eight\u201d is set to hit theatres in the United States on June 8, 2018.\n\nFollow @htshowbiz for more.", "images": ["https://www.hindustantimes.com/rf/image_size_960x540/HT/p2/2017/03/19/Pictures/_72ce3b28-0c98-11e7-ad00-2dd402d181d7.jpg", "https://www.hindustantimes.com/rf/image_size_90x90/HT/p2/2017/03/19/Pictures/_74f7660e-0c98-11e7-ad00-2dd402d181d7.jpg?impolicy=ht-20200907&width=60&height=60&ar=fill", "https://www.hindustantimes.com/images/app-images/ht2020/footer-1.png", "https://www.hindustantimes.com/rf/image_size_90x90/HT/p2/2020/11/22/Pictures/_a0b5502a-2cc0-11eb-b5c7-b29fb991c478.png?impolicy=ht-20200907&width=60&height=60&ar=fill", "https://www.hindustantimes.com/res/img/ht2020/444x250_1.png?impolicy=ht-20200907&width=216", "https://www.hindustantimes.com/images/app-images/2019/7/Placeholder_90x90.png", "https://www.hindustantimes.com/rf/image_size_90x90/HT/p2/2020/11/26/Pictures/_99967dd6-2f96-11eb-9f6e-b84f2c2b8c49.jpg?impolicy=ht-20200907&width=60&height=60&ar=fill", "https://www.hindustantimes.com/images/app-images/ht2020/desktop.svg", "https://www.hindustantimes.com/images/app-images/2020/10/game-icon.svg", "https://www.hindustantimes.com/images/app-images/cricket/world-cup/USA.svg", "https://www.hindustantimes.com/res/img/app-images/HomePageV1/zero.gif", "https://www.hindustantimes.com/images/app-images/ht2020/default_author.png", "https://www.hindustantimes.com/rf/image_size_90x90/HT/p2/2020/11/26/Pictures/_1241b4e8-2f9d-11eb-9f6e-b84f2c2b8c49.png?impolicy=ht-20200907&width=60&height=60&ar=fill", "https://www.hindustantimes.com/res/img/ht2020/epaper-mobile-1.png", "https://www.hindustantimes.com/images/app-images/cricket/world-cup/IND.svg", "https://sb.scorecardresearch.com/p?c1=2&c2=6035286&cv=2.0&cj=1", "https://www.hindustantimes.com/rf/image_size_90x90/HT/p2/2020/11/25/Pictures/_376c44fa-2ee8-11eb-8f16-7e4c5fb0d4fd.jpg?impolicy=ht-20200907&width=60&height=60&ar=fill", "https://www.hindustantimes.com/images/app-images/ht2020/sticky-1.png", "https://www.hindustantimes.com/images/app-images/2019/4/authors/source_weather-cm.png"], "top_img": "https://www.hindustantimes.com/rf/image_size_960x540/HT/p2/2017/03/19/Pictures/_72ce3b28-0c98-11e7-ad00-2dd402d181d7.jpg", "keywords": [], "authors": ["Indo Asian News Service"], "canonical_link": "https://www.hindustantimes.com/hollywood/when-an-all-star-cast-isn-t-fun-ocean-s-eight-makers-hire-shrink-to-prevent-fights/story-PQeWgf4CLGNk3X1HIuA7ZN.html", "title": "Ocean\u2019s Eight makers hire therapist to prevent fights among actors on sets", "meta_data": {"google-site-verification": "U3xIlrlaetYrU7V1lNSFthKZzBFJ_S6qVzdn_gpMNjc", "keywords": "Sandra Bullock, Anne Hathaway, Cate Blanchett, Rihanna, Ocean\u2019s Eight fights", "news_keywords": "Sandra Bullock, Anne Hathaway, Cate Blanchett, Rihanna, Ocean\u2019s Eight fights", "description": "Producers of the movie Ocean\u2019s Eight have a therapist on call to make sure the female co-stars, which include Sandra Bullock, Cate Blanchett, Rihanna and Anne Hathaway, get along.", "og": {"locale": "en_us", "type": "article", "title": "Ocean\u2019s Eight makers hire therapist to prevent fights among actors on sets", "description": "Producers of the movie Ocean\u2019s Eight have a therapist on call to make sure the female co-stars, which include Sandra Bullock, Cate Blanchett, Rihanna and Anne Hathaway, get along.", "url": "https://www.hindustantimes.com/hollywood/when-an-all-star-cast-isn-t-fun-ocean-s-eight-makers-hire-shrink-to-prevent-fights/story-PQeWgf4CLGNk3X1HIuA7ZN.html", "image": {"identifier": "https://www.hindustantimes.com/rf/image_size_960x540/HT/p2/2017/03/19/Pictures/_72ce3b28-0c98-11e7-ad00-2dd402d181d7.jpg", "width": 960, "height": 640}, "site_name": "Hindustan Times"}, "tweetmeme-title": "Ocean\u2019s Eight makers hire therapist to prevent fights among actors on sets", "twitter": {"card": "summary_large_image", "site": "@httweets", "creator": "@httweets", "url": "https://www.hindustantimes.com/hollywood/when-an-all-star-cast-isn-t-fun-ocean-s-eight-makers-hire-shrink-to-prevent-fights/story-PQeWgf4CLGNk3X1HIuA7ZN.html", "title": "Ocean\u2019s Eight makers hire therapist to prevent fights among actors on sets - hollywood - Hindustan Times", "description": "Producers of the movie Ocean\u2019s Eight have a therapist on call to make sure the female co-stars, which include Sandra Bullock, Cate Blanchett, Rihanna and Anne Hathaway, get along.", "image": "https://www.hindustantimes.com/rf/image_size_960x540/HT/p2/2017/03/19/Pictures/_72ce3b28-0c98-11e7-ad00-2dd402d181d7.jpg"}, "article": {"published_time": "2017-03-19T17:09:56+05:30", "modified_time": "2017-03-19T17:12:17+05:30"}, "section": "hollywood", "storyid": "b8e46b76-0c95-11e7-ad00-2dd402d181d7", "last-updated": "2017-03-19T17:12:17+05:30", "fb": {"pages": 111445058579, "app_id": 387606842082586, "admins": 100006810078735}, "Last-Modified": "2017-03-19T17:12:17+05:30", "theme-color": "#ffffff", "viewport": "width=device-width, initial-scale=1"}, "movies": [], "publish_date": 1489923596.0, "source": "http://www.hindustantimes.com", "summary": ""}