{"url": "www.popsugar.com/celebrity/Gigi-Hadid-Bella-Hadid-Cutest-Pictures-37475557", "text": "You may not have much in common with It models Gigi Hadid and Bella Hadid when it comes to their fame and fashion careers, but they've had more than a few supersweet sister moments that are totally relatable. The pair seems to be everywhere lately, recently sharing the runway during Paris Fashion Week and regularly sharing their fun adventures on Instagram. Meanwhile, fans have also seen some of their lives play out on the small screen thanks to The Real Housewives of Beverly Hills, since their mom, Yolanda Foster, is one of the stars. Keep reading to see Gigi and Bella's cute moments as sisters, then find out how their family is connected to the Kardashians.", "images": ["http://sb.scorecardresearch.com/p?c1=2&c2=6035900&cv=2.0&cj=1&cs_ucfr=1", "https://media1.popsugar-assets.com/files/thumbor/fMsRjQ1OJgsxYfMgor1ug5xNTBc/0x0:1884x1884/fit-in/550x550/filters:format_auto-!!-:strip_icc-!!-/2020/11/21/959/n/1922153/9d3eee345fb98e67624627.99054766_/i/bella-hadid-shag-haircut.jpg", "https://media1.popsugar-assets.com/files/thumbor/b-Kc8RCHqTr-72XlaVm1qkmZaTw/fit-in/1024x1024/filters:format_auto-!!-:strip_icc-!!-/2015/05/13/879/n/1922398/71a0c321da7934fa_458014156_master/i/When-Bella-Got-Smooch-From-Her-Big-Sister.jpg", "https://media1.popsugar-assets.com/files/thumbor/hAlMW6WO_ETth9XQeW_eTE1N9MM/0x70:2000x2070/fit-in/550x550/filters:format_auto-!!-:strip_icc-!!-/2020/11/24/785/n/1922153/81150b185fbd4817892d25.88927211_/i/gigi-hadid-tattoo-meaning.jpg", "https://media1.popsugar-assets.com/files/thumbor/n7Nq1jD30DtUTDkkGx0mZel5eTc/0x53:3000x3053/fit-in/550x550/filters:format_auto-!!-:strip_icc-!!-/2020/10/26/633/n/1922564/b01a394f5f96d939bbda31.04786552_/i/gigi-hadid-vote-t-shirt.jpg", "https://media1.popsugar-assets.com/v4628/static/imgs/Download_on_the_App_Store_Badge_US-UK_135x40.svg", "https://media1.popsugar-assets.com/v4628/themes/onsugar_themes/lightspeed/imgs/push_notification_icon.png", "https://media1.popsugar-assets.com/files/thumbor/uItdT-ylOsfRmuxS3WRuO4V2_Eg/150x150/filters:format_auto-!!-:strip_icc-!!-:sharpen-!1,0,true!-/2017/10/27/004/n/1922398/74a22b5e59f3bbcbc6cc66.42433295_FullSizeRender/i/Laura-Marie-Meyers-avatar.jpg", "https://ts.popsugar.com/b/ss/popsugarglobalprod/1/H.26--NS/?v1=pop%3Aus:nojs", "https://media1.popsugar-assets.com/files/thumbor/7ZLwTXRvD10FOBtXrsIrqZtNamg/0x281:2678x2959/fit-in/550x550/filters:format_auto-!!-:strip_icc-!!-/2020/11/22/143/n/1922153/e107fc655fbb1df5987f37.58730317_/i/bella-hadid-script-arm-tattoo.jpg", "https://media1.popsugar-assets.com/files/docs/exit_2020_celeb.jpg", "https://media1.popsugar-assets.com/files/thumbor/GGf16NW_hL74EqPVw2BEbVQb6iY/0x499:3092x1773/fit-in/550x550/filters:format_auto-!!-:strip_icc-!!-/2020/11/17/885/n/38761221/06ecbdbb5fb42f3f47e475.87534873_/i/how-to-honor-native-americans-on-thanksgiving.jpg", "https://media1.popsugar-assets.com/files/thumbor/6y51zEFVoghRhap_ibx0VoGx5ho/288x278:2170x2160/fit-in/550x550/filters:format_auto-!!-:strip_icc-!!-/2020/11/01/959/n/1922398/8d1a81f45f9f305ac968a2.39716185_/i/gigi-hadid-zayn-malik-halloween-family-photo.jpg", "https://www.popsugar.com/static/ck.php?nids[]=37475557&p=&u=0", "https://www.facebook.com/tr?id=258101201039378&ev=PageView&noscript=1", "https://media1.popsugar-assets.com/files/thumbor/UndMIOBNMNa1QzzNFtnDEMTfMo0/fit-in/1200x630/filters:format_auto-!!-:strip_icc-!!-:fill-!white!-/2015/09/14/756/n/1922398/6d3aa423_edit_img_facebook_post_image_file_2070144_1432578300_Gigi-Bella-FB.jpg", "https://media1.popsugar-assets.com/files/thumbor/H6kNaZ0bA3HwNw0DXFIA3JcXbzo/fit-in/550x550/filters:format_auto-!!-:strip_icc-!!-/2020/10/11/814/n/1922564/415722f25f834fd53c1929.44679675_/i/bella-hadid-outfit-for-24th-birthday-dinner.jpg"], "top_img": "https://media1.popsugar-assets.com/files/thumbor/UndMIOBNMNa1QzzNFtnDEMTfMo0/fit-in/1200x630/filters:format_auto-!!-:strip_icc-!!-:fill-!white!-/2015/09/14/756/n/1922398/6d3aa423_edit_img_facebook_post_image_file_2070144_1432578300_Gigi-Bella-FB.jpg", "keywords": [], "authors": ["Laura Marie Meyers"], "canonical_link": "https://www.popsugar.com/celebrity/Gigi-Hadid-Bella-Hadid-Cutest-Pictures-37475557", "title": "22 Times You Totally Related to Gigi and Bella Hadid's Sweet Sisterhood", "meta_data": {"viewport": "width=1120, maximum-scale=1.0", "article": {"author": "Laura Marie Meyers", "published_time": "2016-01-29T12:00:00-08:00"}, "author": "Laura Marie Meyers", "description": "You may not have much in common with It models Gigi Hadid and Bella Hadid when it comes to their fame and fashion careers, but they've had more than a few", "fb": {"app_id": 175338224756, "pages": 112402358796244}, "og": {"article": {"modified_time": "2016-06-08T14:52:37-07:00", "published_time": "2016-01-29T12:00:00-08:00"}, "description": "You may not have much in common with It models Gigi Hadid and Bella Hadid when it comes to their fame and fashion careers, but they've had more than a few", "image": {"identifier": "https://media1.popsugar-assets.com/files/thumbor/UndMIOBNMNa1QzzNFtnDEMTfMo0/fit-in/1200x630/filters:format_auto-!!-:strip_icc-!!-:fill-!white!-/2015/09/14/756/n/1922398/6d3aa423_edit_img_facebook_post_image_file_2070144_1432578300_Gigi-Bella-FB.jpg", "alt": "22 Times You Totally Related to Gigi and Bella Hadid's Sweet Sisterhood", "height": 628, "width": 1200}, "locale": "en_US", "site_name": "POPSUGAR Celebrity", "title": "22 Times You Totally Related to Gigi and Bella Hadid's Sweet Sisterhood", "type": "article", "url": "http://www.popsugar.com/celebrity/Gigi-Hadid-Bella-Hadid-Cutest-Pictures-37475557"}, "pin": {"description": "Gigi Hadid and Bella Hadid's Cutest Pictures", "media": "https://media1.popsugar-assets.com/files/thumbor/1AsknbFHB1DOKNDgnOviWWwWF5o/fit-in/728xorig/filters:format_auto-!!-:strip_icc-!!-/2016/01/21/950/n/1922398/a75fe1fd_edit_img_tall_fashion_image_file_37475557_1444314600_tall.jpg", "url": "http://www.popsugar.com/celebrity/Gigi-Hadid-Bella-Hadid-Cutest-Pictures-37475557"}, "publish_date": "Fri, 29 Jan 2016 12:00:00 PST", "twitter": {"card": "summary_large_image", "creator": "@POPSUGAR", "description": "You may not have much in common with It models Gigi Hadid and Bella Hadid when it comes to their fame and fashion careers, but they've had more than a few", "domain": "POPSUGAR Celebrity", "image": {"identifier": "https://media1.popsugar-assets.com/files/thumbor/DWa31TbFGRV6bcq49WBgb-pw5XQ/fit-in/728xorig/filters:format_auto-!!-:strip_icc-!!-/2015/09/14/756/n/1922398/6d3aa423_edit_img_facebook_post_image_file_2070144_1432578300_Gigi-Bella-FB.jpg", "height": 380, "width": 728}, "site": "@POPSUGAR", "title": "22 Times You Totally Related to Gigi and Bella Hadid's Sweet Sisterhood"}, "theme-color": "#002FA7", "msapplication-TileColor": "#002FA7", "msapplication-TileImage": "https://media1.popsugar-assets.com/v4628/static/imgs/apple/apple-touch-icon-180x180.png"}, "movies": [], "publish_date": 1454097600.0, "source": "http://www.popsugar.com", "summary": ""}