{"url": "http://thehill.com/homenews/house/286795-pelosi-urges-minimum-wage-hike", "text": "House Minority Leader Nancy Pelosi on Thursday urged Congress to hike the hourly minimum wage dramatically.\n\n\n\nNoting that Wall Street this week is trading at record-high levels, the California Democrat said those gains have done nothing to benefit middle-class workers, and called on Congress to close the gap.\n\n\n\n\"This week, we saw something quite remarkable, the stock market soaring to record heights. At the same time, we see productivity keeping pace,\" Pelosi told reporters in the Capitol. \"But we don't see income for America's middle class rising. In fact, it's been about the same as since the end of the Clinton years.\"\n\n\n\nADVERTISEMENT\n\nPelosi said the negative effects of wage stagnation on the middle class have been compounded by the bursting of the housing bubble and the recession that followed. She urged Congress to take up legislation \u2014 sponsored by Sen.(D-Iowa) and Rep. George Miller (D-Calif.) \u2014 to hike the minimum wage from $7.25 to $10.10 over three years, while indexing future increases to inflation.\"If we are going to honor our commitment to the middle class,\" she said, \"we have to reflect that intention in our public policy.\"The Democrats' bill goes much further than President Obama advocated in his February State of the Union address, in which he urged an increase to $9 per hour. Harkin said recently that Obama \"missed the mark\" with the lower figure.Pelosi's comments came in a week when the Dow Jones Industrial Average topped 14,200 for the first time in history even as wages, as a percentage of the economy, are at an historic low (43.5 percent of GDP last year) and the nation's unemployment rate has hung stubbornly near 8 percent for roughly six months.Economists say several factors can explain why corporate profits are not trickling down to benefit the working class, including the ever-rising productivity of the nation's workforce and a reluctance among companies to hire in a still-volatile economy.Congress last approved a minimum-wage hike in 2007 as a rider to a must-pass bill providing funds to the troops in the Iraq War. The wage hike was conditioned on the inclusion of $5 billion in business tax breaks. The package was signed into law by then-President George W. Bush.With the business lobby warning that a minimum-wage hike wold cripple hiring amid a jobs crisis, the Harkin-Miller bill has little chance of moving through the GOP-controlled House. But Pelosi and the Democrats are hoping the combination of soaring Wall Street gains and middle-class wage stagnation will resonate with voters.\"When we increased it in 2007 ... it was the first time it had been increased in 11 years,\" Pelosi said. \"It's time for it to be increased again.\"", "images": ["https://thehill.com/sites/default/files/styles/leading_video/public/purduepharma_040219getty.jpg?itok=DkE3Mjwn", "https://thehill.com/sites/default/files/styles/leading_video/public/ca_bloomfrisk_nodategetty.jpg?itok=MkMfjzJn", "https://thehill.com/sites/default/files/styles/leading_video/public/ca_extremesports_nodategetty.jpg?itok=AMD04cIp", "http://thehill.com/sites/default/files/styles/thumb_100/public/harkintom_043014gn.jpg?itok=KKoNRg8L", "https://thehill.com/sites/default/files/thehill_logo_200.jpg", "http://thehill.com/sites/all/themes/thehill/images/redesign/thehill-logo-footer.png", "https://sb.scorecardresearch.com/p?c1=2&c2=10314615&c3=&c4=https%3A//thehill.com/homenews/house/286795-pelosi-urges-minimum-wage-hike&c5=&c6=&c15=&cv=2.0&cj=1", "http://thehill.com/sites/all/themes/thehill/images/redesign/thehill-logo-big.png", "https://thehill.com/sites/default/files/styles/leading_video/public/scholtenjd_youtube.png?itok=IS12fG1_"], "top_img": "https://thehill.com/sites/default/files/thehill_logo_200.jpg", "keywords": [], "authors": [], "canonical_link": "https://thehill.com/homenews/house/286795-pelosi-urges-minimum-wage-hike", "title": "Pelosi urges minimum-wage hike", "meta_data": {"author": "Mike Lillis", "description": "The House minority leader's comments came in a week when the Dow topped 14,200 for the first time in history.", "keywords": ",Tom Harkin,", "generator": "Drupal 7 (http://drupal.org)", "fb": {"admins": 1531470032, "app_id": 566538590082898, "pages": "7533944086, 2064147433830888"}, "og": {"site_name": "TheHill", "type": "article", "title": "Pelosi urges minimum-wage hike", "url": "https://thehill.com/homenews/house/286795-pelosi-urges-minimum-wage-hike", "description": "The House minority leader's comments came in a week when the Dow topped 14,200 for the first time in history.", "image": "https://thehill.com/sites/default/files/thehill_logo_200.jpg", "updated_time": "2016-02-03T02:16:23-05:00"}, "twitter": {"card": "summary_large_image", "title": "Pelosi urges minimum-wage hike", "url": "https://thehill.com/homenews/house/286795-pelosi-urges-minimum-wage-hike", "description": "The House minority leader's comments came in a week when the Dow topped 14,200 for the first time in history.", "widgets": {"csp": "on"}}, "article": {"published_time": "2013-03-07T17:01:00-05:00", "modified_time": "2016-02-03T02:16:23-05:00"}, "dcterms.title": "Pelosi urges minimum-wage hike", "dcterms.creator": "Cathi Kulat", "dcterms.description": "The House minority leader's comments came in a week when the Dow topped 14,200 for the first time in history.", "dcterms.date": "2013-03-07T17:01-05:00", "dcterms.type": "Text", "dcterms.format": "text/html", "dcterms.identifier": "https://thehill.com/homenews/house/286795-pelosi-urges-minimum-wage-hike", "apple-itunes-app": "app-id=396640962"}, "movies": [], "publish_date": 1362693660.0, "source": "http://thehill.com", "summary": ""}