{"url": "www.ibtimes.co.in/nicole-kidman-taking-pole-dancing-class-boost-her-sex-life-keith-urban-749819", "text": "What! Is Nicole Kidman really learning pole dancing to spice up her daily routine between the sheets? A recent report by Star magazine claimed so.\n\nAccording to the report, the Big Little Lies star, who allegedly has some marriage problems with husband Keith Urban, is taking pole dancing lessons from a female dancer in Nashville.\n\nAlso read: Is Tesla CEO Elon Musk dating model Jessica Hart after split with Amber Heard?\n\nA source close to the actress told Star, \"After a few drinks, one of Nicole's girlfriends confessed that she'd been taking exotic dance classes to spice up her workout and her bedroom routine. She convinced Nicole to give it a try and now she's hooked.\"\n\nThe insider went on, \"Keith's eyes almost popped out of his head the first time Nicole showed off her new skills. Suddenly, he's become very insistent about getting home early.\"\n\nAs usual, Gossip Cop investigated the report and found out that the story has been completely fabricated. Neither the actress is taking any pole dancing class nor her sex life with Urban is in a bad state.\n\nPreviously, the website also busted some inaccurate stories about the actress and her married life such as Star once claimed that Kidman and Urban had 'separated' after he was caught hugging a \"sexy redhead\" at a concert.", "images": ["https://graphic1.ibtimes.co.in/www/img/logo-stack.png", "https://data1.ibtimes.co.in/en/full/746562/ibt-default-image.jpg?w=220&h=135", "https://data1.ibtimes.co.in/en/full/746562/ibt-default-image.jpg?h=450&l=50&t=40", "https://graphic1.ibtimes.co.in/www/responsive/latest/home.png", "https://data1.ibtimes.co.in/en/full/669270/keith-urban-nicole-kidman.jpg", "https://data1.ibtimes.co.in/en/full/746562/ibt-default-image.jpg?w=220&h=138"], "top_img": "https://data1.ibtimes.co.in/en/full/669270/keith-urban-nicole-kidman.jpg", "keywords": [], "authors": ["Asmita Kundu"], "canonical_link": "https://www.ibtimes.co.in/nicole-kidman-taking-pole-dancing-class-boost-her-sex-life-keith-urban-749819", "title": "Is Nicole Kidman taking pole dancing class to boost her sex life with Keith Urban?", "meta_data": {"viewport": "width=device-width, initial-scale=1.0", "language": "english", "author": "Asmita Kundu", "copyright": "2020 IBTimes", "subject": "Is Nicole Kidman taking pole dancing class to boost her sex life with Keith Urban?", "description": "A Star magazine report claimed that Nicole Kidman is taking pole-dancing lessons from a female dancer in Nashville.", "keywords": "Nicole Kidman,Keith Urban,Keith Urban Nicole Kidman,Nicole kidman keith urban romance,Nicole Kidman pole dancing,Nicole Kidman keith urban sex life,Nicole Kidman Keith Urban married life,pole dance", "article": {"published_time": "2017-11-17T18:00:15+05:30", "modified_time": "2017-11-17T18:00:15+05:30", "section": "Celebrity", "tag": "Pole dance", "publisher": "https://www.facebook.com/ibtimes.india"}, "DC.title": "Is Nicole Kidman taking pole dancing class to boost her sex life with Keith Urban?", "DC.description": "A Star magazine report claimed that Nicole Kidman is taking pole-dancing lessons from a female dancer in Nashville.", "DC.subject": "Nicole Kidman,Keith Urban,Keith Urban Nicole Kidman,Nicole kidman keith urban romance,Nicole Kidman pole dancing,Nicole Kidman keith urban sex life,Nicole Kidman Keith Urban married life,pole dance", "og": {"title": "Is Nicole Kidman taking pole dancing class to boost her sex life with Keith Urban?", "url": "https://www.ibtimes.co.in/nicole-kidman-taking-pole-dancing-class-boost-her-sex-life-keith-urban-749819", "image": "https://data1.ibtimes.co.in/en/full/669270/keith-urban-nicole-kidman.jpg", "site_name": "IBTimes India", "type": "article", "description": "A Star magazine report claimed that Nicole Kidman is taking pole-dancing lessons from a female dancer in Nashville."}, "news_keywords": "Celebrity,Nicole Kidman,Keith Urban,Keith Urban Nicole Kidman,Nicole kidman keith urban romance,Nicole Kidman pole dancing,Nicole Kidman keith urban sex life,Nicole Kidman Keith Urban married life,Pole dance", "syndication-source": "https://www.ibtimes.co.in/nicole-kidman-taking-pole-dancing-class-boost-her-sex-life-keith-urban-749819", "Googlebot-news": "index, follow", "robots": "index, follow", "twitter": {"title": "Is Nicole Kidman taking pole dancing class to boost her sex life with Keith Urban?", "description": "A Star magazine report claimed that Nicole Kidman is taking pole-dancing lessons from a female dancer in Nashville.", "image": "https://data1.ibtimes.co.in/en/full/669270/keith-urban-nicole-kidman.jpg", "card": "summary_large_image", "site": "@ibtimes_india", "domain": "www.ibtimes.co.in", "url": "https://www.ibtimes.co.in/nicole-kidman-taking-pole-dancing-class-boost-her-sex-life-keith-urban-749819"}, "theme-color": "#000000", "fb": {"pages": 134755750024728, "app_id": 1386147698272496}}, "movies": [], "publish_date": 1510921815.0, "source": "http://www.ibtimes.co.in", "summary": ""}