{"url": "https://thegrapevine.theroot.com/french-montana-gets-dragged-for-calling-black-woman-cru-1794066631", "text": "French Montana, who by all means could be considered a horrible rapper who has a fondness for appropriation and dating culture-vulture white women, apparently spends time on Twitter searching for his name. Because how else would he come across this tweet:\n\nAdvertisement\n\nSo, instead of texting Iggy Azalea and whining to her about being a subpar rapper and going about his own business, he decided to put on his big-boy pants and respond to the young woman in the most obnoxious and disgusting way ever:\n\nAdvertisement\n\nOf course, people were quick to point out that the rapper isn\u2019t anything but trash:\n\nG/O Media may get a commission AirPods Pro $170 at Amazon\n\nAdvertisement\n\nAdvertisement\n\nThe sad thing is that there are tons of black men defending the rapper, but don\u2019t color me surprised or shocked. We all know those types. But I do wonder if he ever used those words as pillow talk with his ex Khlo\u00e9 Kardashian or current girlfriend, Azalea. Something tells me that\u2019s a no.\n\nAlso, as a point of reference, you\u2019ll be hard-pressed to find anything \u201cdusty or musty\u201d about this woman:", "images": ["https://i.kinja-img.com/gawker-media/image/upload/c_fill,f_auto,fl_progressive,g_center,h_675,pg_1,q_80,w_1200/trsd9hu1sunuo0mawe8q.png", "data:image/gif;base64,R0lGODlhAQABAAAAACH5BAEKAAEALAAAAAABAAEAAAICTAEAOw=="], "top_img": "https://i.kinja-img.com/gawker-media/image/upload/c_fill,f_auto,fl_progressive,g_center,h_675,pg_1,q_80,w_1200/trsd9hu1sunuo0mawe8q.png", "keywords": [], "authors": [], "canonical_link": "https://thegrapevine.theroot.com/french-montana-gets-dragged-for-calling-black-woman-cru-1794066631", "title": "French Montana Gets Dragged for Calling Black Woman \u2018Dusty Rusty Ass Hoe\u2019 With Nappy Hair", "meta_data": {"google-site-verification": "0h5mbA9rkZ-QI-vGJ0j8rPKcttrKWOTw-gtBoyuO-_k", "ir-site-verification-token": "-1270174611", "viewport": "width=device-width, initial-scale=1.0, minimum-scale=1.0,maximum-scale=10.0", "ROBOTS": "NOINDEX,NOFOLLOW", "msapplication-square70x70logo": "https://i.kinja-img.com/gawker-media/image/upload/c_fill,f_auto,fl_progressive,g_center,h_80,q_80,w_80/efwyyktzi0a3tvjdgowk.png", "msapplication-square150x150logo": "https://i.kinja-img.com/gawker-media/image/upload/c_fill,f_auto,fl_progressive,g_center,h_200,q_80,w_200/efwyyktzi0a3tvjdgowk.png", "keywords": "French Montana, Twitter, black women, misogynoir, misogyny, rappers, beef, The Grapevine", "news_keywords": "French Montana, Twitter, black women, misogynoir, misogyny, rappers, beef, The Grapevine", "twitter": {"url": "https://thegrapevine.theroot.com/french-montana-gets-dragged-for-calling-black-woman-cru-1794066631", "card": "summary_large_image", "site": "TheRoot", "title": "French Montana Gets Dragged for Calling Black Woman \u2018Dusty Rusty Ass Hoe\u2019 With Nappy Hair", "description": "French Montana, who by all means could be considered a horrible rapper who has a fondness for appropriation and dating culture-vulture white women, apparently spends time on Twitter searching for his name. Because how else would he come across this tweet:", "image": "https://i.kinja-img.com/gawker-media/image/upload/c_fill,f_auto,fl_progressive,g_center,h_675,pg_1,q_80,w_1200/trsd9hu1sunuo0mawe8q.png"}, "publish-date": "2017-04-06T10:16:00.631Z", "description": "French Montana, who by all means could be considered a horrible rapper who has a fondness for appropriation and dating culture-vulture white women, apparently spends time on Twitter searching for his name. Because how else would he come across this tweet:", "og": {"title": "French Montana Gets Dragged for Calling Black Woman \u2018Dusty Rusty Ass Hoe\u2019 With Nappy Hair", "type": "article", "url": "https://thegrapevine.theroot.com/french-montana-gets-dragged-for-calling-black-woman-cru-1794066631", "description": "French Montana, who by all means could be considered a horrible rapper who has a fondness for appropriation and dating culture-vulture white women, apparently spends time on Twitter searching for his name. Because how else would he come across this tweet:", "locale": "en_US", "site_name": "The Grapevine", "image": "https://i.kinja-img.com/gawker-media/image/upload/c_fill,f_auto,fl_progressive,g_center,h_675,pg_1,q_80,w_1200/trsd9hu1sunuo0mawe8q.png"}, "fb": {"app_id": 280492615405243}}, "movies": [], "publish_date": null, "source": "https://thegrapevine.theroot.com", "summary": ""}