{"url": "www.intouchweekly.com/posts/tristan-thompson-feels-dumped-khloe-kardashian-162092", "text": "Khlo\u00e9 Kardashian has forgiven Tristan Thompson after his shocking cheating scandal, but she\u2019s not exactly ready to play house with her baby daddy just yet. Even though the reality star and NBA baller have officially returned to Los Angeles with their precious daughter, Tristan feels \u201cdumped\u201d since she\u2019s not letting him move in with them. \u201cShe still wants him in her life, and she wants True to have a father,\u201d a source tells In Touch exclusively. \u201cHe may not be the best boyfriend, but he\u2019s a good father.\u201d\n\n\u201cShe\u2019d been planning to ask him to move in when she returned home from Cleveland with True,\u201d our source explained. \u201cBut then the cheating scandal happened, and she had to rethink everything. There obviously are trust issues now. But Khlo\u00e9 still hasn\u2019t kicked him to the curb. She found it in her heart to forgive him. She just doesn\u2019t think it\u2019s the right time for them to be moving in together.\u201d\n\nIt looks like Khlo\u00e9 is trying to put the drama behind her once and for all, as she was spotted out with the Cavaliers star on June 18. The new parents stopped by the celebrity hotspot Nobu before making their way to The Peppermint Club. Khlo\u00e9 appears to be putting on a brave face after welcoming baby True in April, days after the cheating scandal came to light. As they work on their relationship issues, Khlo\u00e9 will stay at her house while Tristan will reside nearby at his Los Angeles-based home.\n\nKhlo\u00e9 has faced no shortage of drama after Tristan\u2019s infidelities. A video surfaced in April of her baby daddy kissing one woman while being groped by another in Washington, D.C., while Khlo\u00e9 was reportedly three months pregnant. Making matters even worse, Tristan was also spotted making out with Instagram model Lani Blair at an NYC nightclub days before Khlo\u00e9 gave birth to their first child together. Time will tell if they can work through their differences!\n\nRead more about Khlo\u00e9 and Tristan in the latest issue of In Touch on newsstands now!", "images": ["https://www.intouchweekly.com/wp-content/uploads/2018/04/Jamie-and-Doug-Season-1-MAFS.jpg?crop=0px%2C0px%2C750px%2C750px&resize=90%2C90", "https://www.intouchweekly.com/wp-content/uploads/2020/11/Mama-June-Reveals-70-Pound-Weight-Gain-Amid-Quarantine-002.jpg?crop=0px%2C18px%2C1454px%2C824px&resize=120%2C68", "https://www.intouchweekly.com/wp-content/uploads/2020/10/IT4420_cover_final.jpg?w=300", "https://www.intouchweekly.com/wp-content/uploads/2018/06/khloe-mag.jpg?w=750&h=1000&crop=1&resize=1163%2C1575", "https://www.intouchweekly.com/wp-content/uploads/2018/05/tristan-thompsn-rob-kardashian.jpg?resize=120%2C68", "https://www.intouchweekly.com/wp-content/uploads/2020/11/Shanti-Zohra-Shades-90-Day-Fiance-Star-Stacey-Silva-Marriage-Florian.jpg?crop=0px%2C0px%2C1337px%2C757px&resize=120%2C68", "https://www.intouchweekly.com/wp-content/uploads/2020/01/Who-Are-Kobe-Bryants-Wife-and-Kids.jpg?crop=0px%2C69px%2C3150px%2C3150px&resize=90%2C90", "https://www.intouchweekly.com/wp-content/uploads/2020/11/Inside-Prince-Harry-Meghan-Markle-Thanksgiving-Plans-IT.jpg?crop=0px%2C0px%2C2072px%2C1174px&resize=120%2C68", "https://www.intouchweekly.com/wp-content/uploads/2018/06/33727838-849152021936277-486169437251043328-n.jpg?resize=120%2C68", "https://www.intouchweekly.com/wp-content/uploads/2020/11/90-day-fiance-thanksgiving-darcey-deavan-paola.jpg?crop=0px%2C0px%2C2048px%2C1160px&resize=120%2C68", "https://www.intouchweekly.com/wp-content/uploads/2018/06/khloe-tristan.jpg?resize=120%2C68", "https://www.intouchweekly.com/wp-content/uploads/2018/05/Duggar-Girls-Wearing-Pants-and-Jeans.jpg?resize=90%2C90", "https://www.intouchweekly.com/wp-content/uploads/2020/11/Jon-Hopes-Collin-and-Hannah-See-Siblings-on-Thanksgiving.jpg?crop=0px%2C243px%2C1080px%2C611px&resize=120%2C68", "https://www.intouchweekly.com/wp-content/uploads/2020/11/Mama-June-Reveals-Her-Diet-and-Fitness-Changes-to-Shed-70-Pounds.jpg?crop=0px%2C31px%2C1500px%2C850px&resize=120%2C68", "https://www.intouchweekly.com/wp-content/uploads/2020/11/LTG_HOL_AMI_11.24.20_300x490.jpg?fit=300%2C490", "https://www.intouchweekly.com/wp-content/uploads/2018/05/khloe-kardashian-baby-weight-teaser-image.png?resize=120%2C68", "https://www.intouchweekly.com/wp-content/uploads/2020/01/Meghan-Markle-Hated-Royal-Dress-Code-Shes-Much-More-Comfortable-Wearing-Casual-Clothes.jpg?resize=90%2C90", "https://www.intouchweekly.com/wp-content/uploads/2020/01/Screen-Shot-2020-01-27-at-4.09.35-PM.png?resize=90%2C90", "https://www.intouchweekly.com/wp-content/uploads/2018/06/khloe-tristan.jpg?resize=1200%2C630", "https://www.intouchweekly.com/wp-content/uploads/2020/11/Kate-Gosselin-Will-Have-Bittersweet-Thanksgiving-at-Home.jpg?crop=0px%2C41px%2C2556px%2C1449px&resize=120%2C68", "https://www.intouchweekly.com/wp-content/uploads/2020/11/90-Day-Fiance-Star-Darcey-Silva-Confrontation-With-Shanti-Zohra-Was-Set-Up-By-Producers.jpg?crop=0px%2C0px%2C1468px%2C832px&resize=120%2C68", "https://www.intouchweekly.com/wp-content/uploads/2020/08/Leah-Messer-Honestly-Grateful-Repaired-Relationship-With-Corey-Miranda.jpg?crop=0px%2C0px%2C1566px%2C887px&resize=120%2C68"], "top_img": "https://www.intouchweekly.com/wp-content/uploads/2018/06/khloe-tristan.jpg?resize=1200%2C630", "keywords": [], "authors": ["Samantha Benitz"], "canonical_link": "https://www.intouchweekly.com/posts/tristan-thompson-feels-dumped-khloe-kardashian-162092/", "title": "Tristan Thompson Feels Dumped by Khloe Kardashian Since She Won't Let Him Move in", "meta_data": {"viewport": "width=device-width, initial-scale=1.0", "theme-color": "#ffffff", "msvalidate.01": "097DBAAF43A9B61E9E4259AA7D75B069", "description": "Khlo\u00e9 Kardashian has forgiven Tristan Thompson after his shocking cheating scandal, but she's not exactly ready to play house with her baby daddy just", "robots": "index, follow, max-snippet:-1, max-image-preview:large, max-video-preview:-1", "og": {"locale": "en_US", "type": "article", "title": "Tristan Thompson Feels Dumped by Khloe Kardashian Since She Won't Let Him Move in", "description": "Khlo\u00e9 Kardashian has forgiven Tristan Thompson after his shocking cheating scandal, but she\u2019s not exactly ready to play house with her baby daddy just yet. Even though the reality star and NBA baller...", "url": "https://www.intouchweekly.com/posts/tristan-thompson-feels-dumped-khloe-kardashian-162092/", "site_name": "In Touch Weekly", "updated_time": "2018-06-20T14:08:39+00:00", "image": {"identifier": "https://www.intouchweekly.com/wp-content/uploads/2018/06/khloe-tristan.jpg?resize=1200%2C630", "secure_url": "https://www.intouchweekly.com/wp-content/uploads/2018/06/khloe-tristan.jpg?resize=1200%2C630", "width": 1200, "height": 630}}, "article": {"publisher": "http://www.facebook.com/InTouchWeekly", "published_time": "2018-06-20T12:30:00+00:00", "modified_time": "2018-06-20T14:08:39+00:00"}, "fb": {"app_id": 437388016401044, "admins": 593583017, "pages": 75932763901}, "twitter": {"card": "summary_large_image", "title": "Tristan Thompson Feels Dumped by Khloe Kardashian Since She Won't Let Him Move in", "description": "Khlo\u00e9 Kardashian has forgiven Tristan Thompson after his shocking cheating scandal, but she\u2019s not exactly ready to play house with her baby daddy just yet. Even though the reality star and NBA baller...", "image": "https://www.intouchweekly.com/wp-content/uploads/2018/06/khloe-tristan.jpg?resize=1200%2C630", "creator": "@intouchweekly", "site": "@intouchweekly"}, "generator": "WordPress 5.5.2", "msapplication-TileImage": "https://www.intouchweekly.com/wp-content/uploads/2020/11/android-chrome-192x192-1.png?fit=192%2C192"}, "movies": [], "publish_date": 1529497800.0, "source": "http://www.intouchweekly.com", "summary": ""}