{"url": "https://www.usmagazine.com/celebrity-news/news/emma-stone-responds-to-teens-viral-la-la-land-promposal-w475658/", "text": "https://twitter.com/upsettrout/status/849379709804847104\n\nHard work pays off! Just three days after 17-year-old Jacob Staudenmaier posted his viral La La Land-inspired promposal on Twitter, his celebrity crush, Emma Stone, responded with a heartfelt reply.\n\nStaudenmaier, a Phoenix, Arizona, native, read Stone\u2019s message on ABC\u2019s Good Morning America on Friday, April 7. The Oscar winner wrote: \u201cJacob, thanks for making the greatest proposal I have ever received. I can\u2019t tell you what an honor that was and how much I smiled through that entire beautifully orchestrated video. I\u2019m in London working, but I hope you have the best time at prom, and I\u2019m grateful you thought of me. Thank you. P.S. I do see Gosling around the eyes. Love, Emma.\u201d\n\nDespite being turned down by Stone, he assured the GMA hosts that he\u2019s looking forward to attending prom. \u201cI\u2019m going to have a great time still with all my friends,\u201d Staudenmaier told them.\n\nThe teen also spoke with ABC on Wednesday, April 5, explaining that he was originally inspired by a former student from his high school, who asked Miley Cyrus to prom back in 2013. \u201cShe didn\u2019t actually go to prom with him, but he was invited to one of her concerts and he got to go up on stage with her so I think it worked out,\u201d Staudenmaier said.\n\nAs previously reported, the young Ryan Gosling look-alike posted his creative promposal to Twitter on Tuesday, April 4. \u201cIM ASKING EMMA STONE TO PROM,\u201d the 17-year-old wrote in all caps, \u201cand decided to recreate the opening scene from la la land.\u201d\n\nThe video, which is set to the tune of La La Land\u2019s opening number, \u201cAnother Day of Sun,\u201d has over 20,000 retweets and 44,000 likes on Twitter as of Friday, April 7, and took the ambitious teen two weeks to create from start to finish.", "images": ["https://www.usmagazine.com/wp-content/themes/us-weekly/assets/img/svg-icons/logo-tag-registered-green.svg", "https://www.usmagazine.com/wp-content/themes/us-weekly/assets/img/placeholders/default-usweekly.svg", "https://www.usmagazine.com/wp-content/uploads/2020/06/Watch-Moms-Like-Us.jpg?w=60&h=60&crop=1&quality=86&strip=all", "https://www.usmagazine.com/wp-content/themes/us-weekly/assets/img/svg-icons/logo-tag-registered.svg", "https://www.usmagazine.com/wp-content/themes/us-weekly/assets/img/svg-icons/icon-download.svg", "https://www.usmagazine.com/wp-content/themes/us-weekly/assets/img/bg-subscribe.png", "https://i2.wp.com/www.usmagazine.com/wp-content/uploads/emma-stone-jacob-staudenmaier2-cef1b5a9-d39e-4a46-8aad-ad88185d2768.jpg?crop=1px%2C31px%2C1999px%2C1049px&resize=1200%2C630&ssl=1&quality=86&strip=all"], "top_img": "https://i2.wp.com/www.usmagazine.com/wp-content/uploads/emma-stone-jacob-staudenmaier2-cef1b5a9-d39e-4a46-8aad-ad88185d2768.jpg?crop=1px%2C31px%2C1999px%2C1049px&resize=1200%2C630&ssl=1&quality=86&strip=all", "keywords": [], "authors": ["Ali Booth"], "canonical_link": "https://www.usmagazine.com/celebrity-news/news/emma-stone-responds-to-teens-viral-la-la-land-promposal-w475658/", "title": "Emma Stone Responds to Teen\u2019s Viral \u2018La La Land\u2019 Promposal", "meta_data": {"viewport": "width=device-width, initial-scale=1", "ir-site-verification-token": "-206090124", "fo-verify": "49e6fc6a-c68d-447f-9978-70e3eac455ac", "theme-color": "#fff", "description": "Just three days after 17-year-old Jacob Staudenmaier posted his \u2018La La Land\u2019-inspired promposal on Twitter, his celebrity crush, Emma Stone responded with a heartfelt reply \u2014 see what she said", "robots": "index, follow, max-snippet:-1, max-image-preview:large, max-video-preview:-1", "og": {"locale": "en_US", "type": "article", "title": "Emma Stone Responds to Teen\u2019s Promposal", "description": "Just three days after 17-year-old Jacob Staudenmaier posted his \u2018La La Land\u2019-inspired promposal on Twitter, his celebrity crush, Emma Stone responded with a heartfelt reply \u2014 see what she said", "url": "https://www.usmagazine.com/celebrity-news/news/emma-stone-responds-to-teens-viral-la-la-land-promposal-w475658/", "site_name": "Us Weekly", "updated_time": "2018-02-08T22:19:04+00:00", "image": {"identifier": "https://i2.wp.com/www.usmagazine.com/wp-content/uploads/emma-stone-jacob-staudenmaier2-cef1b5a9-d39e-4a46-8aad-ad88185d2768.jpg?crop=1px%2C31px%2C1999px%2C1049px&resize=1200%2C630&ssl=1&quality=86&strip=all", "secure_url": "https://i2.wp.com/www.usmagazine.com/wp-content/uploads/emma-stone-jacob-staudenmaier2-cef1b5a9-d39e-4a46-8aad-ad88185d2768.jpg?crop=1px%2C31px%2C1999px%2C1049px&resize=1200%2C630&ssl=1&quality=86&strip=all", "width": 1200, "height": 630}}, "article": {"publisher": "https://www.facebook.com/UsWeekly", "published_time": "2017-04-07T17:00:00+00:00", "modified_time": "2018-02-08T22:19:04+00:00"}, "fb": {"app_id": 1785612128341436}, "twitter": {"card": "summary_large_image", "title": "Emma Stone Responds to Teen\u2019s Promposal", "description": "Just three days after 17-year-old Jacob Staudenmaier posted his \u2018La La Land\u2019-inspired promposal on Twitter, his celebrity crush, Emma Stone responded with a heartfelt reply \u2014 see what she said", "image": "https://i2.wp.com/www.usmagazine.com/wp-content/uploads/emma-stone-jacob-staudenmaier2-cef1b5a9-d39e-4a46-8aad-ad88185d2768.jpg?crop=1px%2C31px%2C1999px%2C1049px&resize=1200%2C630&ssl=1&quality=86&strip=all", "creator": "@usweekly", "site": "@usweekly"}, "tragedy": "off", "generator": "WordPress 5.5.2", "msapplication-TileImage": "https://www.usmagazine.com/wp-content/uploads/2020/05/cropped-us-logo.png?w=270&quality=86&strip=all"}, "movies": [], "publish_date": 1491584400.0, "source": "https://www.usmagazine.com", "summary": ""}