{"url": "http://www.youtube.com/watch?v=wyoZJUKL3wA&feature=youtu.be", "text": "", "images": ["https://i.ytimg.com/vi/wyoZJUKL3wA/hqdefault.jpg"], "top_img": "https://i.ytimg.com/vi/wyoZJUKL3wA/hqdefault.jpg", "keywords": [], "authors": [], "canonical_link": "https://www.youtube.com/watch?v=wyoZJUKL3wA", "title": "Palin-Huey", "meta_data": {"theme-color": "rgba(255, 255, 255, 0.98)", "title": "Palin-Huey", "description": "We don't need Craig Huey's extremist right wing agenda.Janice Hahn will fight for our agenda -- common sense solutions,create green jobs, and cut Washington'...", "keywords": "Janice Hahn, Craig Huey, Sarah Palin, Extremist, green jobs, california, congress, democrat, special election", "og": {"site_name": "YouTube", "url": "https://www.youtube.com/watch?v=wyoZJUKL3wA", "title": "Palin-Huey", "image": {"identifier": "https://i.ytimg.com/vi/wyoZJUKL3wA/hqdefault.jpg", "width": 480, "height": 360}, "description": "We don't need Craig Huey's extremist right wing agenda.Janice Hahn will fight for our agenda -- common sense solutions,create green jobs, and cut Washington'...", "type": "video.other", "video": {"url": "https://www.youtube.com/embed/wyoZJUKL3wA", "secure_url": "https://www.youtube.com/embed/wyoZJUKL3wA", "type": "text/html", "width": 480, "height": 360, "tag": "special election"}}, "al": {"ios": {"app_store_id": 544007664, "app_name": "YouTube", "url": "vnd.youtube://www.youtube.com/watch?v=wyoZJUKL3wA&feature=youtu.be&feature=applinks"}, "android": {"url": "vnd.youtube://www.youtube.com/watch?v=wyoZJUKL3wA&feature=youtu.be&feature=applinks", "app_name": "YouTube", "package": "com.google.android.youtube"}, "web": {"url": "http://www.youtube.com/watch?v=wyoZJUKL3wA&feature=youtu.be&feature=applinks"}}, "fb": {"app_id": 87741124305}, "twitter": {"card": "player", "site": "@youtube", "url": "https://www.youtube.com/watch?v=wyoZJUKL3wA", "title": "Palin-Huey", "description": "We don't need Craig Huey's extremist right wing agenda.Janice Hahn will fight for our agenda -- common sense solutions,create green jobs, and cut Washington'...", "image": "https://i.ytimg.com/vi/wyoZJUKL3wA/hqdefault.jpg", "app": {"name": {"iphone": "YouTube", "ipad": "YouTube", "googleplay": "YouTube"}, "id": {"iphone": 544007664, "ipad": 544007664, "googleplay": "com.google.android.youtube"}, "url": {"iphone": "vnd.youtube://www.youtube.com/watch?v=wyoZJUKL3wA&feature=youtu.be&feature=applinks", "ipad": "vnd.youtube://www.youtube.com/watch?v=wyoZJUKL3wA&feature=youtu.be&feature=applinks", "googleplay": "https://www.youtube.com/watch?v=wyoZJUKL3wA"}}, "player": {"identifier": "https://www.youtube.com/embed/wyoZJUKL3wA", "width": 480, "height": 360}}}, "movies": [], "publish_date": null, "source": "http://www.youtube.com", "summary": ""}