{"url": "https://www.instyle.com/news/chrissy-teigen-kris-jenner-luna-birthday-presents-cars", "text": "The beginning of the new year comes with the irresistible urge to start over fresh, which means it's a great time to get a haircut. This decade's first big hair trends include looks at every length that can be tailored to your hair texture and personal style. For anyone with a blunt bob \u2014 the most popular haircut of the past few years \u2014 you probably already guessed that the cut will still be going strong into the next decade. But there will be a few tweaks. As seen on Kerry Washington, 2020's bob has textured, softer edges, and looks amazing whether you part it down the middle or off to the side. RELATED: The 10 Hairstyles You'll See Everywhere This Winter But if you swear that 2020 is going to be the year you finally grow out your hair, let Jennifer Lopez and Kim Kardashian's extra-long lengths be your inspiration. Or, you can get the look instantly with the help of some clip in extensions. To help you figure out how to wear your hair in the new year, we've rounded up the five biggest haircut trends of 2020, so you'll be sure of what you want before you head to the salon in January. VIDEO: The Five Biggest Haircut Trends of 2020", "images": ["https://imagesvc.meredithcorp.io/v3/mm/image?url=https%3A%2F%2Fstatic.onecms.io%2Fwp-content%2Fuploads%2Fsites%2F14%2F2020%2F08%2F18%2Fcapsule-wardrobe-2000.jpg", "https://imagesvc.meredithcorp.io/v3/mm/image?url=https%3A%2F%2Fstatic.onecms.io%2Fwp-content%2Fuploads%2Fsites%2F14%2F2020%2F05%2F14%2F051420_mask_acne_lead-2000.jpg", "https://imagesvc.meredithcorp.io/v3/mm/image?url=https%3A%2F%2Fstatic.onecms.io%2Fwp-content%2Fuploads%2Fsites%2F14%2F2020%2F11%2F03%2F110320-laura-brown-podcast-instyle-tout-2000.jpg", "https://imagesvc.meredithcorp.io/v3/mm/image?url=https%3A%2F%2Fstatic.onecms.io%2Fwp-content%2Fuploads%2Fsites%2F14%2F2016%2F03%2F08%2F123119_Fashion_Skin_Tone_Lead-2000.jpg", "https://imagesvc.meredithcorp.io/v3/mm/image?q=85&c=sc&poi=%5B1000%2C833%5D&w=2000&h=1047&url=https%3A%2F%2Fstatic.onecms.io%2Fwp-content%2Fuploads%2Fsites%2F14%2F2017%2F04%2F17%2F041717-kris-jenner-chrissy-teigen-lead-2000.jpg", "https://imagesvc.meredithcorp.io/v3/mm/image?url=https%3A%2F%2Fstatic.onecms.io%2Fwp-content%2Fuploads%2Fsites%2F14%2F2020%2F09%2F25%2F092520_hair_lead-2000.jpg", "data:image/svg+xml,%3Csvg%20xmlns='http://www.w3.org/2000/svg'%20viewBox='0%200%20100%20100'%3E%3C/svg%3E", "https://imagesvc.meredithcorp.io/v3/mm/image?url=https%3A%2F%2Fstatic.onecms.io%2Fwp-content%2Fuploads%2Fsites%2F14%2F2019%2F01%2F31%2FSEO-Keto-grocery-list-Lead-2000.jpg", "https://imagesvc.meredithcorp.io/v3/mm/image?url=https%3A%2F%2Fstatic.onecms.io%2Fwp-content%2Fuploads%2Fsites%2F14%2F2019%2F12%2F19%2F122019_Winter_Haircut_Lead.jpg", "https://imagesvc.meredithcorp.io/v3/mm/image?url=https%3A%2F%2Fstatic.onecms.io%2Fwp-content%2Fuploads%2Fsites%2F14%2F2017%2F02%2F23%2Fgettyimages-1124237444-2000.jpg", "https://imagesvc.meredithcorp.io/v3/mm/image?url=https%3A%2F%2Fstatic.onecms.io%2Fwp-content%2Fuploads%2Fsites%2F14%2F2019%2F09%2F06%2F090519-shapewear-spanx-lead.jpg", "https://imagesvc.meredithcorp.io/v3/mm/image?url=https%3A%2F%2Fstatic.onecms.io%2Fwp-content%2Fuploads%2Fsites%2F14%2F2020%2F08%2F17%2FBiden_VP_Static-150x150.jpg", "https://imagesvc.meredithcorp.io/v3/mm/image?url=https%3A%2F%2Fstatic.onecms.io%2Fwp-content%2Fuploads%2Fsites%2F14%2F2016%2F07%2F01%2F022420_breakouts_lead-2000.jpg"], "top_img": "https://imagesvc.meredithcorp.io/v3/mm/image?q=85&c=sc&poi=%5B1000%2C833%5D&w=2000&h=1047&url=https%3A%2F%2Fstatic.onecms.io%2Fwp-content%2Fuploads%2Fsites%2F14%2F2017%2F04%2F17%2F041717-kris-jenner-chrissy-teigen-lead-2000.jpg", "keywords": [], "authors": ["Kelsey Glein"], "canonical_link": "https://www.instyle.com/news/chrissy-teigen-kris-jenner-luna-birthday-presents-cars", "title": "Chrissy Teigen Blown Away by Luna's \"Bonkers\" Birthday Present from Kris Jenner", "meta_data": {"viewport": "width=device-width, initial-scale=1", "keywords": "Celebrity", "news_keywords": "Celebrity", "description": "Chrissy Teigen and John Legend are going to need a bigger garage. See the gifts here.", "og": {"title": "Chrissy Teigen Blown Away by Luna's \"Bonkers\" Birthday Present from Kris Jenner", "type": "article", "site_name": "InStyle", "url": "https://www.instyle.com/news/chrissy-teigen-kris-jenner-luna-birthday-presents-cars", "description": "Chrissy Teigen and John Legend are going to need a bigger garage. See the gifts here.", "image": {"identifier": "https://imagesvc.meredithcorp.io/v3/mm/image?q=85&c=sc&poi=%5B1000%2C833%5D&w=2000&h=1047&url=https%3A%2F%2Fstatic.onecms.io%2Fwp-content%2Fuploads%2Fsites%2F14%2F2017%2F04%2F17%2F041717-kris-jenner-chrissy-teigen-lead-2000.jpg", "width": 2000, "height": 1047}}, "pinterest": {"url": "https://www.instyle.com/news/chrissy-teigen-kris-jenner-luna-birthday-presents-cars", "description": "Chrissy Teigen and John Legend are going to need a bigger garage. See the gifts here.", "media": "https://imagesvc.meredithcorp.io/v3/mm/image?url=https%3A%2F%2Fstatic.onecms.io%2Fwp-content%2Fuploads%2Fsites%2F14%2F2017%2F04%2F17%2F041717-kris-jenner-chrissy-teigen-lead-2000.jpg"}, "twitter": {"card": "summary_large_image", "url": "https://www.instyle.com/news/chrissy-teigen-kris-jenner-luna-birthday-presents-cars", "title": "Chrissy Teigen Blown Away by Luna's \"Bonkers\" Birthday Present from Kris Jenner", "description": "Chrissy Teigen and John Legend are going to need a bigger garage. See the gifts here.", "image": "https://imagesvc.meredithcorp.io/v3/mm/image?q=85&c=sc&poi=%5B1000%2C833%5D&w=2000&h=1047&url=https%3A%2F%2Fstatic.onecms.io%2Fwp-content%2Fuploads%2Fsites%2F14%2F2017%2F04%2F17%2F041717-kris-jenner-chrissy-teigen-lead-2000.jpg"}, "robots": "max-image-preview:large", "fb": {"app_id": 1846286175658788, "pages": 18938064984}}, "movies": [], "publish_date": null, "source": "https://www.instyle.com", "summary": ""}