{"url": "https://people.com/tv/liza-weil-paul-adelstein-finalize-divorce/", "text": "Liza Weil and Paul Adelstein\u2019s divorce has been finalized.\n\nOn Wednesday, a judge signed off on the Gilmore Girls alum and Prison Break actor\u2019s divorce documents, which were filed in the Los Angeles County Superior Court and obtained by PEOPLE.\n\nGet push notifications with news, features and more.\n\nThe former couple, who both starred on ABC\u2019s Scandal (Weil as Amanda Tanner and Adelstein as Leo Bergen), wed in October 2006 and were married for over nine years before separating in January 2016.\n\nShe filed for divorce, citing irreconcilable differences, on March 25, 2016 in Los Angeles, according to previous documents obtained by PEOPLE.\n\nWeil, 40 \u2014 who currently stars on How to Get Away with Murder \u2014 and Adelstein, 48 \u2014 he stars in Girlfriends\u2019 Guide to Divorce \u2014 share 7-year-old daughter, Josephine.\n\n\u201cI enjoy it quite a bit,\u201d Weber, 39,said on the Allegedly with Theo Von & Matthew Cole Weiss podcast in July.", "images": ["https://imagesvc.meredithcorp.io/v3/mm/image?q=85&c=sc&poi=face&w=1200&h=628&url=https%3A%2F%2Fstatic.onecms.io%2Fwp-content%2Fuploads%2Fsites%2F20%2F2017%2F11%2Fliza-weil-paul-adelstein.jpg", "https://imagesvc.meredithcorp.io/v3/mm/image?url=https%3A%2F%2Fstatic.onecms.io%2Fwp-content%2Fuploads%2Fsites%2F20%2F2017%2F11%2Fliza-weil-paul-adelstein.jpg", "https://imagesvc.meredithcorp.io/v3/mm/image?url=https%3A%2F%2Fstatic.onecms.io%2Fwp-content%2Fuploads%2Fsites%2F20%2F2020%2F11%2F12%2Fthanksgiving-covid-150x150.jpg", "https://imagesvc.meredithcorp.io/v3/mm/image?url=https%3A%2F%2Fstatic.onecms.io%2Fwp-content%2Fuploads%2Fsites%2F20%2F2016%2F05%2F06%2Fprincess-diana-21.jpg", "https://imagesvc.meredithcorp.io/v3/mm/image?url=https%3A%2F%2Fstatic.onecms.io%2Fwp-content%2Fuploads%2Fsites%2F20%2F2020%2F07%2F23%2Ftout.jpg", "https://peopledotcom.files.wordpress.com/2018/09/thumbnail_generic.png", "data:image/svg+xml,%3Csvg%20xmlns='http://www.w3.org/2000/svg'%20viewBox='0%200%20100%20100'%3E%3C/svg%3E", "data:image/svg+xml,%3Csvg%20xmlns='http://www.w3.org/2000/svg'%20viewBox='0%200%20100%2067'%3E%3C/svg%3E", "https://imagesvc.meredithcorp.io/v3/mm/image?url=https%3A%2F%2Fstatic.onecms.io%2Fwp-content%2Fuploads%2Fsites%2F20%2F2020%2F08%2F04%2Fcoyote-ugly-2000.jpg", "https://imagesvc.meredithcorp.io/v3/mm/image?url=https%3A%2F%2Fstatic.onecms.io%2Fwp-content%2Fuploads%2Fsites%2F20%2F2020%2F07%2F19%2Ftiaras-2.jpg", "https://imagesvc.meredithcorp.io/v3/mm/image?url=https%3A%2F%2Fstatic.onecms.io%2Fwp-content%2Fuploads%2Fsites%2F20%2F2020%2F11%2F12%2Fcat-phone.jpg"], "top_img": "https://imagesvc.meredithcorp.io/v3/mm/image?q=85&c=sc&poi=face&w=1200&h=628&url=https%3A%2F%2Fstatic.onecms.io%2Fwp-content%2Fuploads%2Fsites%2F20%2F2017%2F11%2Fliza-weil-paul-adelstein.jpg", "keywords": [], "authors": ["Natalie Stone"], "canonical_link": "https://people.com/tv/liza-weil-paul-adelstein-finalize-divorce/", "title": "Liza Weil Finalizes Divorce from Paul Adelstein", "meta_data": {"viewport": "width=device-width, initial-scale=1", "keywords": "Divorce,News,TV", "news_keywords": "Divorce,News,TV", "description": "Liza Weil and Paul Adelstein wed in October 2006", "og": {"title": "Liza Weil Finalizes Divorce from Paul Adelstein", "type": "article", "site_name": "PEOPLE.com", "url": "https://people.com/tv/liza-weil-paul-adelstein-finalize-divorce/", "description": "Liza Weil and Paul Adelstein wed in October 2006", "image": {"identifier": "https://imagesvc.meredithcorp.io/v3/mm/image?q=85&c=sc&poi=face&w=1200&h=628&url=https%3A%2F%2Fstatic.onecms.io%2Fwp-content%2Fuploads%2Fsites%2F20%2F2017%2F11%2Fliza-weil-paul-adelstein.jpg", "width": 1200, "height": 628}}, "pinterest": {"url": "https://people.com/tv/liza-weil-paul-adelstein-finalize-divorce/", "description": "Liza Weil and Paul Adelstein wed in October 2006", "media": "https://imagesvc.meredithcorp.io/v3/mm/image?url=https%3A%2F%2Fstatic.onecms.io%2Fwp-content%2Fuploads%2Fsites%2F20%2F2017%2F11%2Fliza-weil-paul-adelstein.jpg"}, "twitter": {"card": "summary_large_image", "url": "https://people.com/tv/liza-weil-paul-adelstein-finalize-divorce/", "title": "Liza Weil Finalizes Divorce from Paul Adelstein", "description": "Liza Weil and Paul Adelstein wed in October 2006", "site": "@people", "image": "https://imagesvc.meredithcorp.io/v3/mm/image?q=85&c=sc&poi=face&w=1200&h=628&url=https%3A%2F%2Fstatic.onecms.io%2Fwp-content%2Fuploads%2Fsites%2F20%2F2017%2F11%2Fliza-weil-paul-adelstein.jpg"}, "robots": "max-image-preview:large", "fb": {"app_id": 610948219662029, "pages": 95926963131}, "article": {"opinion": "false"}, "p": {"domain_verify": "755183be01bfc739a9cac6673f1f2c1b"}}, "movies": [], "publish_date": null, "source": "https://people.com", "summary": ""}