{"url": "http://www.youtube.com/watch?v=THrGMfM3Nqs", "text": "", "images": ["https://i.ytimg.com/vi/THrGMfM3Nqs/maxresdefault.jpg"], "top_img": "https://i.ytimg.com/vi/THrGMfM3Nqs/maxresdefault.jpg", "keywords": [], "authors": [], "canonical_link": "https://www.youtube.com/watch?v=THrGMfM3Nqs", "title": "Say What", "meta_data": {"theme-color": "rgba(255, 255, 255, 0.98)", "title": "Say What", "keywords": "romneyquotes, rev, mix, H264, approval, 960x540", "robots": "noindex", "og": {"site_name": "YouTube", "url": "https://www.youtube.com/watch?v=THrGMfM3Nqs", "title": "Say What", "image": {"identifier": "https://i.ytimg.com/vi/THrGMfM3Nqs/maxresdefault.jpg", "width": 1280, "height": 720}, "type": "video.other", "video": {"url": "https://www.youtube.com/embed/THrGMfM3Nqs", "secure_url": "https://www.youtube.com/embed/THrGMfM3Nqs", "type": "text/html", "width": 1280, "height": 720, "tag": "960x540"}}, "al": {"ios": {"app_store_id": 544007664, "app_name": "YouTube", "url": "vnd.youtube://www.youtube.com/watch?v=THrGMfM3Nqs&feature=applinks"}, "android": {"url": "vnd.youtube://www.youtube.com/watch?v=THrGMfM3Nqs&feature=applinks", "app_name": "YouTube", "package": "com.google.android.youtube"}, "web": {"url": "http://www.youtube.com/watch?v=THrGMfM3Nqs&feature=applinks"}}, "fb": {"app_id": 87741124305}, "twitter": {"card": "player", "site": "@youtube", "url": "https://www.youtube.com/watch?v=THrGMfM3Nqs", "title": "Say What", "image": "https://i.ytimg.com/vi/THrGMfM3Nqs/maxresdefault.jpg", "app": {"name": {"iphone": "YouTube", "ipad": "YouTube", "googleplay": "YouTube"}, "id": {"iphone": 544007664, "ipad": 544007664, "googleplay": "com.google.android.youtube"}, "url": {"iphone": "vnd.youtube://www.youtube.com/watch?v=THrGMfM3Nqs&feature=applinks", "ipad": "vnd.youtube://www.youtube.com/watch?v=THrGMfM3Nqs&feature=applinks", "googleplay": "https://www.youtube.com/watch?v=THrGMfM3Nqs"}}, "player": {"identifier": "https://www.youtube.com/embed/THrGMfM3Nqs", "width": 1280, "height": 720}}}, "movies": [], "publish_date": null, "source": "http://www.youtube.com", "summary": ""}