{"url": "www.glamour.com/story/fans-think-kylie-jenner-already-had-her-baby", "text": "Just when you think literally no stone has been left unturned when it comes to Kylie Jenner's reported pregnancy, another headline or five emerges. Today's, featuring a theory from her fans that's made some serious waves since it broke, is a big one. According to Twitter, Kylie hasn't been MIA lately because she's hiding a baby bump\u2014instead, fans believe she's been keeping out of the spotlight because she already had the baby. (Yep, you read that right.)\n\nOf course, let's remember that Kylie in no way is obligated to give us an explanation: It's completely up to her if and when she's comfortable sharing her own news. But Kylie is a public figure, and Twitter exists. Remember how on Monday everyone was super bummed when the Kardashian family's Christmas card did not, as many hoped, confirm Jenner's rumored pregnancy? And then some very dedicated fans unearthed a couple blurry photos that appear to show her with a baby bump\u2014dated from all the way back to September?\n\nNow twitterers are saying that, based on the size of her supposed bump in those photos from three months ago (which, BTW, is in no way \"proof\" of anything), the youngest Kardashian-Jenner sister must have had her baby by now. Another, auxiliary, theory: Jenner is for sure going to announce the birth on New Year's Eve, so we won't have to wait too much longer. And there's yet another theory about the Christmas card reveal.\n\nRelated Stories\n\n-Everyone Is Speculating About This New Photo of Kylie Jenner and Travis Scott\n\n-Kylie Jenner Is Still Missing from the Kardashian-Jenner Christmas Card, and Fans Are Suspicious\n\n-Kylie Jenner Claps Back at Paparazzi for Photoshopping a Baby Bump", "images": ["http://www.glamour.com/verso/static/glamour/assets/logo-header.aeb2e510354d524c42a87c5d0a97d0a73c5d7581.svg", "http://www.glamour.com/verso/static/glamour/assets/logo-reverse.b2ce20427c8d415381a18834c479e653848cc926.svg", "https://media.glamour.com/photos/5a4659cf1f875831ecb18fc3/16:9/w_2560%2Cc_limit/Kylie-Jenner.jpg", "https://media.glamour.com/photos/5a4659cf1f875831ecb18fc3/16:9/w_1280,c_limit/Kylie-Jenner.jpg"], "top_img": "https://media.glamour.com/photos/5a4659cf1f875831ecb18fc3/16:9/w_1280,c_limit/Kylie-Jenner.jpg", "keywords": [], "authors": ["Ashley Edwards Walker", "Ashley Edwards Walke"], "canonical_link": "https://www.glamour.com/story/fans-think-kylie-jenner-already-had-her-baby", "title": "Fans Think Kylie Jenner Already Had Her Baby", "meta_data": {"msapplication-tap-highlight": "no", "viewport": "width=device-width, initial-scale=1", "author": "Ashley Edwards Walker", "copyright": "Copyright (c) Cond\u00e9 Nast 2020", "description": "Fans on Twitter have unearthed a photo of Kylie Jenner's reported baby bump from September, making some think she's already had the baby.", "id": "5a464389c155cc26e2d93435", "keywords": "celebrity gossip,kylie jenner,web", "news_keywords": "celebrity gossip,kylie jenner,web", "robots": "index, follow, max-image-preview:large", "content-type": "article", "parsely-post-id": "5a464389c155cc26e2d93435", "parsely-metadata": "{\"description\":\"Fans on Twitter have unearthed a photo of Kylie Jenner's reported baby bump from September, making some think she's already had the baby.\",\"image-16-9\":\"https://media.glamour.com/photos/5a4659cf1f875831ecb18fc3/16:9/w_1000,c_limit/Kylie-Jenner.jpg\",\"image-1-1\":\"https://media.glamour.com/photos/5a4659cf1f875831ecb18fc3/1:1/w_1000,c_limit/Kylie-Jenner.jpg\"}", "og": {"description": "Fans also think they know when she'll announce it.", "image": "https://media.glamour.com/photos/5a4659cf1f875831ecb18fc3/16:9/w_1280,c_limit/Kylie-Jenner.jpg", "site_name": "Glamour", "title": "Here's Why Fans Think That Kylie Jenner Already Had Her Baby", "type": "article", "url": "https://www.glamour.com/story/fans-think-kylie-jenner-already-had-her-baby"}, "article": {"content_tier": "free", "opinion": "false"}, "twitter": {"card": "summary_large_image", "creator": "@glamourmag", "description": "Fans also think they know when she'll announce it.", "domain": "https://www.glamour.com", "image": {"src": "https://media.glamour.com/photos/5a4659cf1f875831ecb18fc3/16:9/w_1280,c_limit/Kylie-Jenner.jpg?mbid=social_retweet"}, "site": "@glamourmag", "title": "Here's Why Fans Think That Kylie Jenner Already Had Her Baby"}, "fb": {"app_id": 101358874221, "pages": 26815555478}, "monetization": "$spsp.coil.com/donate/condenast"}, "movies": [], "publish_date": null, "source": "http://www.glamour.com", "summary": ""}