{"url": "http://therightscoop.com/watch-full-ted-cruz-presser-on-new-deal-with-kasich/#ixzz46rOcQFys", "text": "\n\n\n\n\n\nTed Cruz gave a press conference a few minutes ago on the new deal announced last night between he and Kasich in allocating their resources in certain states. One thing that is clear now is this is only a deal about recourses, not about telling voters to vote for the other candidate in certain states.\n\nWatch the full press conference below:", "images": ["https://therightscoop.com/wp-content/themes/therightscoop/img/logo.svg", "https://therightscoop.com/wp-content/themes/therightscoop/img/rd-logo.svg", "https://therightscoop.com/wp-content/uploads/2020/02/cropped-trs-av-300x300-1-150x150.png", "http://pixel.quantserve.com/pixel/p-0KBPw3Lm2spj9.gif", "https://therightscoop.com/wp-content/uploads/2016/04/tedcruz-26.jpg"], "top_img": "https://therightscoop.com/wp-content/uploads/2016/04/tedcruz-26.jpg", "keywords": [], "authors": [], "canonical_link": "https://therightscoop.com/watch-full-ted-cruz-presser-on-new-deal-with-kasich/", "title": "WATCH FULL Ted Cruz presser on new deal with Kasich (UPDATE: PART TWO ADDED)", "meta_data": {"viewport": "width=device-width, minimum-scale=1.0, initial-scale=1.0", "og": {"locale": "en_US", "type": "article", "title": "WATCH FULL Ted Cruz presser on new deal with Kasich (UPDATE: PART TWO ADDED)", "description": "Ted Cruz gave a press conference a few minutes ago on the new deal announced last night between he and Kasich in allocating their resources in certain states. One thing that is", "url": "https://therightscoop.com/watch-full-ted-cruz-presser-on-new-deal-with-kasich/", "site_name": "The Right Scoop", "updated_time": "2016-04-25T11:38:46-04:00", "image": {"identifier": "https://therightscoop.com/wp-content/uploads/2016/04/tedcruz-26.jpg", "width": 720, "height": 291}}, "article": {"section": "Politics", "published_time": "2016-04-25T11:30:22-04:00", "modified_time": "2016-04-25T11:38:46-04:00"}, "generator": "WordPress 5.6", "twitter": {"card": "summary", "site": "@TheRightScoop", "title": "WATCH FULL Ted Cruz presser on new deal with Kasich (UPDATE: PART TWO ADDED)", "description": "Ted Cruz gave a press conference a few minutes ago on the new deal announced last night between he and Kasich in allocating their resources in certain states. One thing that is\u2026", "image": "https://therightscoop.com/wp-content/uploads/2016/04/tedcruz-26.jpg", "partner": "tfwp"}}, "movies": [], "publish_date": 1461598222.0, "source": "http://therightscoop.com", "summary": ""}