{"url": "http://data.bls.gov/PDQ/servlet/SurveyOutputServlet", "text": "The .gov means it's official. Federal government websites often end in .gov or .mil. Before sharing sensitive information, make sure you're on a federal government site.\n\nThe site is secure.\n\nThe https:// ensures that you are connecting to the official website and that any information you provide is encrypted and transmitted securely.", "images": ["http://data.bls.gov/images/icons/facebook.png", "http://data.bls.gov/images/bls_emblem_trans.png", "https://www.dol.gov/themes/opa_theme/img/icon-dot-gov.svg", "https://www.dol.gov/themes/opa_theme/img/flag-favicon-57.png", "http://data.bls.gov/images/icon_warn.gif", "https://www.dol.gov/themes/opa_theme/img/logo-primary.svg", "https://www.dol.gov/themes/opa_theme/img/icon-https.svg", "http://data.bls.gov/images/icons/linkedin.png", "http://data.bls.gov/images/icons/twitter.png", "https://www.bls.gov/images/bls_emblem.png"], "top_img": "https://www.bls.gov/images/bls_emblem.png", "keywords": [], "authors": [], "canonical_link": "", "title": "Notice: Data not available: U.S. Bureau of Labor Statistics", "meta_data": {"viewport": "width=device-width, initial-scale=1", "og": {"image": "https://www.bls.gov/images/bls_emblem.png"}, "theme-color": "#ffffff", "agency": "BLS", "audience": "general"}, "movies": [], "publish_date": null, "source": "http://data.bls.gov", "summary": ""}