{"url": "https://people.com/pets/kylie-jenner-chickens-snapchat-videos/", "text": "Kylie Jenner shared several videos of a fluffy chicken known as a Silkie on her Snapchat\n\nKylie Jenner Appears to Be the Proud New Mom of a Ridiculously Fluffy Chicken\n\nPet parent Kylie Jenner may have just added another to her brood.\n\nIt appears a chicken named Eddie is the makeup guru\u2019s newest fluffy friend, given that late Sunday, Jenner posted several Snapchat videos of a puffy, white chicken known as a Silkie Bantam, a popular breed in poultry shows.\n\nGet push notifications with news, features and more.\n\n\u201cI love you Eddie,\u201d you can hear Jenner coo off-camera in one of the clips, which features the bird pecking food out of a set of manicured hands.\n\nImage zoom\n\nAnother Snap shows Jenner carrying the pet like a prized clutch before planting a sweet kiss on the chicken\u2019s head.\n\nIf this bird is the newest permanent member of Jenner\u2019s pet gang \u2014 which includes Italian greyhounds Norman and Bambi and their puppies \u2014 she joins a select, growing club of celebrity chicken moms.\n\nImage zoom", "images": ["https://imagesvc.meredithcorp.io/v3/mm/image?q=85&c=sc&poi=face&w=1135&h=594&url=https%3A%2F%2Fstatic.onecms.io%2Fwp-content%2Fuploads%2Fsites%2F20%2F2017%2F04%2Fkylie-tout.jpg", "https://imagesvc.meredithcorp.io/v3/mm/image?url=https%3A%2F%2Fstatic.onecms.io%2Fwp-content%2Fuploads%2Fsites%2F20%2F2017%2F04%2Fkylie-3-1.jpg", "https://imagesvc.meredithcorp.io/v3/mm/image?url=https%3A%2F%2Fstatic.onecms.io%2Fwp-content%2Fuploads%2Fsites%2F20%2F2020%2F11%2F12%2Fthanksgiving-covid-150x150.jpg", "https://imagesvc.meredithcorp.io/v3/mm/image?url=https%3A%2F%2Fstatic.onecms.io%2Fwp-content%2Fuploads%2Fsites%2F20%2F2016%2F05%2F06%2Fprincess-diana-21.jpg", "https://imagesvc.meredithcorp.io/v3/mm/image?url=https%3A%2F%2Fstatic.onecms.io%2Fwp-content%2Fuploads%2Fsites%2F20%2F2020%2F07%2F23%2Ftout.jpg", "data:image/svg+xml,%3Csvg%20xmlns='http://www.w3.org/2000/svg'%20viewBox='0%200%20100%20133'%3E%3C/svg%3E", "https://peopledotcom.files.wordpress.com/2018/09/thumbnail_generic.png", "https://imagesvc.meredithcorp.io/v3/mm/image?url=https%3A%2F%2Fstatic.onecms.io%2Fwp-content%2Fuploads%2Fsites%2F20%2F2017%2F04%2Fkylie-1-1.jpg", "data:image/svg+xml,%3Csvg%20xmlns='http://www.w3.org/2000/svg'%20viewBox='0%200%20100%20100'%3E%3C/svg%3E", "https://imagesvc.meredithcorp.io/v3/mm/image?url=https%3A%2F%2Fstatic.onecms.io%2Fwp-content%2Fuploads%2Fsites%2F20%2F2020%2F08%2F04%2Fcoyote-ugly-2000.jpg", "https://imagesvc.meredithcorp.io/v3/mm/image?url=https%3A%2F%2Fstatic.onecms.io%2Fwp-content%2Fuploads%2Fsites%2F20%2F2020%2F07%2F19%2Ftiaras-2.jpg", "https://imagesvc.meredithcorp.io/v3/mm/image?url=https%3A%2F%2Fstatic.onecms.io%2Fwp-content%2Fuploads%2Fsites%2F20%2F2020%2F11%2F12%2Fcat-phone.jpg", "https://imagesvc.meredithcorp.io/v3/mm/image?url=https%3A%2F%2Fstatic.onecms.io%2Fwp-content%2Fuploads%2Fsites%2F20%2F2017%2F04%2Fkylie-2.jpg"], "top_img": "https://imagesvc.meredithcorp.io/v3/mm/image?q=85&c=sc&poi=face&w=1135&h=594&url=https%3A%2F%2Fstatic.onecms.io%2Fwp-content%2Fuploads%2Fsites%2F20%2F2017%2F04%2Fkylie-tout.jpg", "keywords": [], "authors": ["Kelli Bender"], "canonical_link": "https://people.com/pets/kylie-jenner-chickens-snapchat-videos/", "title": "Kylie Jenner Pet Chicken Snapchats", "meta_data": {"viewport": "width=device-width, initial-scale=1", "keywords": "Birds,Celeb Pets,News,Stars and Pets", "news_keywords": "Birds,Celeb Pets,News,Stars and Pets", "description": "Kylie Jenner shared several videos of a fluffy chicken known as a Silkie on her Snapchat", "og": {"title": "Kylie Jenner Pet Chicken Snapchats", "type": "article", "site_name": "PEOPLE.com", "url": "https://people.com/pets/kylie-jenner-chickens-snapchat-videos/", "description": "Kylie Jenner shared several videos of a fluffy chicken known as a Silkie on her Snapchat", "image": {"identifier": "https://imagesvc.meredithcorp.io/v3/mm/image?q=85&c=sc&poi=face&w=1135&h=594&url=https%3A%2F%2Fstatic.onecms.io%2Fwp-content%2Fuploads%2Fsites%2F20%2F2017%2F04%2Fkylie-tout.jpg", "width": 1135, "height": 594}}, "pinterest": {"url": "https://people.com/pets/kylie-jenner-chickens-snapchat-videos/", "description": "Kylie Jenner shared several videos of a fluffy chicken known as a Silkie on her Snapchat", "media": "https://imagesvc.meredithcorp.io/v3/mm/image?url=https%3A%2F%2Fstatic.onecms.io%2Fwp-content%2Fuploads%2Fsites%2F20%2F2017%2F04%2Fkylie-tout.jpg"}, "twitter": {"card": "summary_large_image", "url": "https://people.com/pets/kylie-jenner-chickens-snapchat-videos/", "title": "Kylie Jenner Pet Chicken Snapchats", "description": "Kylie Jenner shared several videos of a fluffy chicken known as a Silkie on her Snapchat", "site": "@people", "image": "https://imagesvc.meredithcorp.io/v3/mm/image?q=85&c=sc&poi=face&w=1135&h=594&url=https%3A%2F%2Fstatic.onecms.io%2Fwp-content%2Fuploads%2Fsites%2F20%2F2017%2F04%2Fkylie-tout.jpg"}, "robots": "max-image-preview:large", "fb": {"app_id": 610948219662029, "pages": 95926963131}, "article": {"opinion": "false"}, "p": {"domain_verify": "755183be01bfc739a9cac6673f1f2c1b"}}, "movies": ["https://www.youtube.com/embed/1QF-dejfExg"], "publish_date": null, "source": "https://people.com", "summary": ""}