{"url": "evoke.ie/2018/04/17/life-style/property/prince-harry-meghan-markles-lush-malibu-home", "text": "If you\u2019re set to marry royalty, like Meghan Markle you would expect to move into a palace, and live out your Disney Princess fantasy!\n\nJust us?\n\nWell, Meghan will be living on the grounds of Kensington Palace with her hubby to be, Harry after their wedding.\n\nBut in an attempt to make sure Meghan isn\u2019t too homesick, they will be spending some time in the States.\n\nAnd of course, they\u2019re royalty so they won\u2019t just be renting out an AirBnB when they spend time.\n\nAccording to New Idea, the couple will spend at least four months in the US and have \u2018fallen in love\u2019 with the Italian-style 8-bedroom property which has an ocean view.\n\nThe house is currently on sale on Sotheby\u2019s International Reality for a massive $16 million or around \u20ac13 million! So what comes with that price tag?\n\nThe house includes eight bedrooms, eight bathrooms, a swimming pool, a hot tub, a home cinema, koi ponds, waterfalls, oh, and it\u2019s very own private beach. Are you able?\n\n\u2018It\u2019s everything Harry and Meghan could want \u2013 and it\u2019s perfect for when they have kids,\u2019 a source told the publication.\n\nOh and not only are they splashing the cash by buying it, they also intend on spend an extra $1 million to decorate it to their own taste!\n\nThe couple want to spend time in Malibu because it means that Meghan can see her family and friends a lot. According to the source they want Meghan\u2019s mum to move into the guest house so she can have the run of the place when they\u2019re in the UK.\n\nTake a look at the house in the gallery below", "images": ["https://cdn1.evoke.ie/wp-content/uploads/2018/04/Meghan-harry-house3-400x289.jpg", "data:image/svg+xml,%3Csvg%20xmlns='http://www.w3.org/2000/svg'%20viewBox='0%200%20218%20150'%3E%3C/svg%3E", "https://cdn1.evoke.ie/wp-content/uploads/2018/04/Meghan-and-Harry.jpg", "data:image/svg+xml,%3Csvg%20xmlns='http://www.w3.org/2000/svg'%20viewBox='0%200%20400%20289'%3E%3C/svg%3E", "https://cdn1.evoke.ie/wp-content/uploads/2020/11/14d2d535f-9d10-48c4-a8e4-ce36dce6772a_x-1-218x150.jpg", "https://cdn1.evoke.ie/wp-content/uploads/2018/04/Meghan-harry-house8-400x289.jpg", "data:image/svg+xml,%3Csvg%20xmlns='http://www.w3.org/2000/svg'%20viewBox='0%200%20696%20503'%3E%3C/svg%3E", "https://cdn.evoke.ie/wp-content/uploads/2017/11/02114741/ev-nav-left-arrow-trans.png", "https://cdn1.evoke.ie/wp-content/uploads/2020/11/PA-55658436-218x150.jpg", "https://cdn.evoke.ie/wp-content/uploads/2017/11/02114742/ev-nav-right-arrow-trans.png", "https://cdn1.evoke.ie/wp-content/uploads/2020/11/rexfeatures_11052080em-1-218x150.jpg", "https://cdn1.evoke.ie/wp-content/uploads/2019/07/VIPIrelandPicture-Ref32764-copy-324x235.jpg", "https://cdn1.evoke.ie/wp-content/uploads/2018/04/Meghan-harry-house1-400x289.jpg", "https://cdn1.evoke.ie/wp-content/uploads/2018/04/Meghan-harry-house5-400x289.jpg", "https://cdn1.evoke.ie/wp-content/uploads/2018/04/Meghan-harry-house6-400x289.jpg", "https://cdn1.evoke.ie/wp-content/uploads/2020/11/Toy-Show-reveal-0044-218x150.jpg", "https://cdn1.evoke.ie/wp-content/uploads/2020/11/Screenshot-2020-11-21-at-09.18.54-324x235.jpg", "https://cdn1.evoke.ie/wp-content/uploads/2020/11/119719538_10157617808379352_4151110114026306126_n-324x235.jpg", "https://cdn1.evoke.ie/wp-content/uploads/2018/04/Meghan-harry-house1.jpg", "https://www.facebook.com/tr?id=554318864718267&ev=PageView&noscript=1", "https://cdn1.evoke.ie/wp-content/uploads/2018/04/Meghan-harry-house7-400x289.jpg", "https://cdn1.evoke.ie/wp-content/uploads/2018/04/Meghan-harry-house2-400x289.jpg", "https://cdn1.evoke.ie/wp-content/uploads/2020/02/evoke-logo-retina.png", "data:image/svg+xml,%3Csvg%20xmlns='http://www.w3.org/2000/svg'%20viewBox='0%200%200%200'%3E%3C/svg%3E", "https://cdn1.evoke.ie/wp-content/uploads/2020/05/shutterstock_editorial_10529226ap-324x235.jpg", "https://cdn1.evoke.ie/wp-content/uploads/2020/08/Ryan-Tubridy-toy-show-Collins-696x503-1-218x150.jpg", "data:image/svg+xml,%3Csvg%20xmlns='http://www.w3.org/2000/svg'%20viewBox='0%200%20324%20235'%3E%3C/svg%3E", "https://cdn1.evoke.ie/wp-content/themes/Newspaper/images/icons/ico-video-large.png", "https://cdn1.evoke.ie/wp-content/uploads/2018/04/Meghan-harry-house-400x289.jpg", "https://cdn1.evoke.ie/wp-content/uploads/2020/11/21540440-high_res-strictly-come-dancing-1-324x235.jpg", "https://cdn1.evoke.ie/wp-content/uploads/2018/04/Meghan-harry-house4-400x289.jpg", "https://cdn1.evoke.ie/wp-content/uploads/2018/03/meghan-markle-prince-harry-696x503.jpg", "https://cdn1.evoke.ie/wp-content/uploads/2020/11/download-39-1-218x150.jpg", "data:image/svg+xml,%3Csvg%20xmlns='http://www.w3.org/2000/svg'%20viewBox='0%200%20900%20650'%3E%3C/svg%3E", "https://cdn1.evoke.ie/wp-content/uploads/2018/03/meghan-markle-prince-harry.jpg", "https://cdn1.evoke.ie/wp-content/uploads/2018/04/Meghan-harry-house.jpg", "data:image/svg+xml,%3Csvg%20xmlns='http://www.w3.org/2000/svg'%20viewBox='0%200%2040%2040'%3E%3C/svg%3E"], "top_img": "https://cdn1.evoke.ie/wp-content/uploads/2018/03/meghan-markle-prince-harry.jpg", "keywords": [], "authors": [], "canonical_link": "https://evoke.ie/2018/04/17/life-style/property/prince-harry-meghan-markles-lush-malibu-home", "title": "Take a look inside Prince Harry and Meghan Markle\u2019s lush Malibu home", "meta_data": {"viewport": "width=device-width, initial-scale=1.0", "google-site-verification": "56Eu7xhVuy1QQe17t7XF2XuiCR2_3F7jk7sZZ1As_qk", "twitter": {"widgets": {"csp": "on"}, "title": "Take a look inside Prince Harry and Meghan Markle's lush Malibu home", "description": "If you're set to marry royalty, like Meghan Markle you would expect to move into a palace, and live out your Disney Princess fantasy! Just us?\u00a0 Well, Meghan will be living on the grounds of Kensington Palace with her hubby to be, Harry after their wedding. But in an attempt to make sure Meghan isn't too homesick, they will be spending some time in the States. And of course, they're royalty so they won't just be renting out an AirBnB when they spend time. According to New Idea, the couple will spend at least four months in the US and", "image": "https://cdn1.evoke.ie/wp-content/uploads/2018/03/meghan-markle-prince-harry.jpg", "site": "@Evoke", "creator": "@Evoke", "card": "summary_large_image"}, "fb": {"app_id": 1847139962276011}, "p": {"domain_verify": "865684210262f9bca048cbacee231699"}, "og": {"description": "If you're set to marry royalty, like Meghan Markle you would expect to move into a palace, and live out your Disney Princess fantasy!", "title": "Take A Look Inside Prince Harry And Meghan Markle's Lush Malibu Home", "image": {"identifier": "https://cdn1.evoke.ie/wp-content/uploads/2018/03/meghan-markle-prince-harry.jpg", "width": 900, "height": 650}, "type": "article", "url": "https://evoke.ie/2018/04/17/life-style/property/prince-harry-meghan-markles-lush-malibu-home", "site_name": "EVOKE.ie", "updated_time": "2018-04-17T16:33:55+01:00", "locale": "en_US"}, "article_publisher": "https://www.facebook.com/pages/Evokeie/705002559519262", "article": {"published_time": "2018-04-17T15:57:10+00:00", "modified_time": "2018-04-17T15:33:55+00:00", "publisher": "https://www.facebook.com/EVOKE.ie/"}, "description": "If you're set to marry royalty, like Meghan Markle you would expect to move into a palace, and live out your Disney Princess fantasy!", "robots": "index, follow", "googlebot": "index, follow, max-snippet:-1, max-image-preview:large, max-video-preview:-1", "bingbot": "index, follow, max-snippet:-1, max-image-preview:large, max-video-preview:-1"}, "movies": [], "publish_date": 1523916000.0, "source": "http://evoke.ie", "summary": ""}