{"url": "https://www.hellomagazine.com/celebrities/2017040737959/ryan-seacrest-shared-old-photo-simon-cowell/", "text": "Ryan Seacrest is going to be in trouble! The TV host shared a special throwback Thursday photo on Instagram this week showing him posing with fellow American Idol stars Simon Cowell and Randy Jackson back in the day. \"They're gonna kill me for posting this #tbt,\" the 42-year-old joked alongside the image, which shows Ryan with bleached blonde tips, and Simon looking a little sunburnt as he beams for the camera.\n\nCLICK TO VIEW GALLERY\n\nRyan Seacrest has shared a throwback photo of Simon Cowell and Randy Jackson\n\nFans were delighted, with close to 30,000 people liking the photo in just two hours \"@ryanseacrest loving the highlights. But Simon?!?! Ouch,\" one follower wrote. \"Omg! Simon's sunburn!! And the big smile!!\" another added. A third joked: \"Was that Simon's first trip to LA?! #sunburned.\" American Idol came to an end in April 2016 after 15 seasons. The programme launched the careers of Kelly Clarkson, Carrie Underwood, Jennifer Hudson and Jordin Sparks, and Ryan recently spoke about the wide-ranging appeal of the talent show.\n\nRyan and Simon worked side-by-side on American Idol\n\n\"There's something very simple about it,\" he told Entertainment Weekly. \"This is something that was designed for the whole family to watch together. It was a cool show for the family to watch together. Everything we did, we did through the lens of people sitting in their living rooms with their teenagers, or their kids, their husbands and their wives, watching this show together. And having a common thread of something to talk about it. And obviously it's done what it's done for music, but I think simply this was one of the greatest family events for so many years. And people grew up really connected to it because of that.\"", "images": ["https://www.hellomagazine.com/imagenes/celebrities/2017040737959/ryan-seacrest-shared-old-photo-simon-cowell/0-203-561/simon-cowell-a.jpg", "https://www.himgs.com/css/hello/img/logo.png", "https://www.facebook.com/tr?id=858230647564408&ev=PageView&noscript=1", "https://pixel.33across.com/ps/?pid=1157&cgn=17916&seg=47780", "https://certify.alexametrics.com/atrk.gif?account=HS7uq1SZw320l9", "https://www.hellomagazine.com/imagenes/celebrities/2017040737959/ryan-seacrest-shared-old-photo-simon-cowell/0-203-562/simon-cowell-seacrest-a.jpg", "https://www.himgs.com/imagenes/hello/common/hello-2008.png?v2", "https://www.himgs.com/imagenes/hello/common/subs-button-3.jpg", "https://www.hellomagazine.com/celebrities/2017040737959/ryan-seacrest-shared-old-photo-simon-cowell/\n            https:/www.facebook.com/tr?ev=6015416512498&cd[value]=0.00&cd[currency]=USD&noscript=1", "https://www.hellomagazine.com/imagenes/celebrities/2017040737959/ryan-seacrest-shared-old-photo-simon-cowell/0-203-568/simon-cowell-ryan-seacrest-t.jpg?filter=w600", "https://www.facebook.com/tr?id=1728383620790976&ev=PageView&noscript=1", "https://sb.scorecardresearch.com/p?c1=2&c2=6035866&cs_ucfr=1&cv=2.0&cj=1", "https://trc.taboola.com/1115066/log/3/unip?en=page_view", "https://www.hellomagazine.com/imagenes/celebrities/2017040737959/ryan-seacrest-shared-old-photo-simon-cowell/0-203-568/simon-cowell-ryan-seacrest-t.jpg", "https://www.hellomagazine.com/imagenes/comunes/1.gif?resize=5px:3px"], "top_img": "https://www.hellomagazine.com/imagenes/celebrities/2017040737959/ryan-seacrest-shared-old-photo-simon-cowell/0-203-568/simon-cowell-ryan-seacrest-t.jpg", "keywords": [], "authors": [], "canonical_link": "https://www.hellomagazine.com/celebrities/2017040737959/ryan-seacrest-shared-old-photo-simon-cowell/", "title": "Ryan Seacrest shares hilarious throwback photo of Simon Cowell", "meta_data": {"plantilla": "Plantilla de noticias (plantilla-noticias.html)", "title": "Ryan Seacrest shares hilarious throwback photo of Simon Cowell", "description": "Ryan Seacrest shares hilarious American Idol throwback photo of Simon Cowell and Randy Jackson: 'They're gonna kill me'", "keywords": "Ryan Seacrest, Simon Cowell, ryan seacrest instagram, ryan seacrest simon cowell, ryan seacrest american idol, simon cowell sunburnt, simon cowell throwback photo, ryan seacrest throwback photo simon cowell, randy jackson, ryan seacrest american idol throwback photo, ryan seacrest twitter, simon cowell american idol", "dc.title": "Ryan Seacrest shares hilarious throwback photo of Simon Cowell", "distribution": "global", "viewport": "width=device-width, initial-scale=1, maximum-scale=3, user-scalable=yes", "news_keywords": "Ryan Seacrest, Simon Cowell, ryan seacrest instagram, ryan seacrest simon cowell, ryan seacrest american idol, simon cowell sunburnt, simon cowell throwback photo, ryan seacrest throwback photo simon cowell, randy jackson, ryan seacrest american idol throwback photo, ryan seacrest twitter, simon cowell american idol", "og": {"title": "Ryan Seacrest shares hilarious throwback photo of Simon Cowell", "description": "Ryan Seacrest shares hilarious American Idol throwback photo of Simon Cowell and Randy Jackson: 'They're gonna kill me'", "image": "https://www.hellomagazine.com/imagenes/celebrities/2017040737959/ryan-seacrest-shared-old-photo-simon-cowell/0-203-568/simon-cowell-ryan-seacrest-t.jpg", "updated_time": "2017-04-07T09:32:53+01:00", "url": "https://www.hellomagazine.com/celebrities/2017040737959/ryan-seacrest-shared-old-photo-simon-cowell/", "type": "article", "site_name": "HELLO!"}, "fb": {"admins": 89982930077}, "article": {"published_time": "2017-04-07T09:32:53+01:00", "modified_time": "2017-04-07T09:32:53+01:00"}, "twitter": {"card": "summary_large_image", "site": "@hellomag", "creator": "@hellomag", "url": "https://www.hellomagazine.com/celebrities/2017040737959/ryan-seacrest-shared-old-photo-simon-cowell/", "title": "Ryan Seacrest shares hilarious throwback photo of Simon Cowell", "description": "Ryan Seacrest shares hilarious American Idol throwback photo of Simon Cowell and Randy Jackson: 'They're gonna kill me'.", "image": "https://www.hellomagazine.com/imagenes/celebrities/2017040737959/ryan-seacrest-shared-old-photo-simon-cowell/0-203-568/simon-cowell-ryan-seacrest-t.jpg"}, "hmn": "true", "botify-site-verification": "rAorMmkbfzd6yOwJ3PITFmdyCjOzGLug"}, "movies": [], "publish_date": 1491553973.0, "source": "https://www.hellomagazine.com", "summary": ""}