{"url": "en.wikipedia.org/wiki/List_of_songs_recorded_by_Adele", "text": "\u2260\n\nIndicates song included on an alternative version of the album", "images": ["http://upload.wikimedia.org/wikipedia/commons/thumb/c/c8/Ryan_Tedder_OneRepublic_Austria_3.jpg/170px-Ryan_Tedder_OneRepublic_Austria_3.jpg", "http://upload.wikimedia.org/wikipedia/en/thumb/4/48/Folder_Hexagonal_Icon.svg/16px-Folder_Hexagonal_Icon.svg.png", "http://upload.wikimedia.org/wikipedia/commons/f/f9/Double-dagger-14-plain.png", "http://upload.wikimedia.org/wikipedia/commons/thumb/b/bc/Linda_Perry_-_Flickr_-_nick_step_%281%29.jpg/170px-Linda_Perry_-_Flickr_-_nick_step_%281%29.jpg", "http://upload.wikimedia.org/wikipedia/en/thumb/e/e7/Cscr-featured.svg/20px-Cscr-featured.svg.png", "http://upload.wikimedia.org/wikipedia/commons/3/37/Dagger-14-plain.png", "http://upload.wikimedia.org/wikipedia/commons/thumb/8/89/Symbol_book_class2.svg/16px-Symbol_book_class2.svg.png", "http://upload.wikimedia.org/wikipedia/commons/thumb/5/5b/Dan_Wilson.jpg/170px-Dan_Wilson.jpg", "http://en.wikipedia.org/static/images/footer/wikimedia-button.png", "https://upload.wikimedia.org/wikipedia/commons/7/74/Adele_-_Live_2009_%284%29_cropped.jpg", "http://upload.wikimedia.org/wikipedia/commons/thumb/7/74/Adele_-_Live_2009_%284%29_cropped.jpg/170px-Adele_-_Live_2009_%284%29_cropped.jpg", "http://en.wikipedia.org/static/images/footer/poweredby_mediawiki_88x31.png", "http://upload.wikimedia.org/wikipedia/commons/thumb/3/31/Max_Martin.jpg/170px-Max_Martin.jpg", "http://upload.wikimedia.org/wikipedia/commons/thumb/f/fa/Bruno_Mars%2C_Las_Vegas_2010.jpg/170px-Bruno_Mars%2C_Las_Vegas_2010.jpg", "http://upload.wikimedia.org/wikipedia/commons/thumb/0/02/Bob_Dylan_-_Azkena_Rock_Festival_2010_2.jpg/170px-Bob_Dylan_-_Azkena_Rock_Festival_2010_2.jpg", "http://en.wikipedia.org/wiki/Special:CentralAutoLogin/start?type=1x1"], "top_img": "https://upload.wikimedia.org/wikipedia/commons/7/74/Adele_-_Live_2009_%284%29_cropped.jpg", "keywords": [], "authors": [], "canonical_link": "https://en.wikipedia.org/wiki/List_of_songs_recorded_by_Adele", "title": "List of songs recorded by Adele", "meta_data": {"generator": "MediaWiki 1.36.0-wmf.16", "referrer": "origin-when-cross-origin", "og": {"image": "https://upload.wikimedia.org/wikipedia/commons/7/74/Adele_-_Live_2009_%284%29_cropped.jpg"}}, "movies": [], "publish_date": null, "source": "http://en.wikipedia.org", "summary": ""}