{"url": "hollywoodlife.com/2018/03/22/angelina-jolie-jennifer-aniston-meeting-brad-pitt-friendship/", "text": "Did Angelina Jolie squash a truce with Jennifer Aniston? Angie reportedly rejected meeting with Jen, as she\u2019s livid that Brad Pitt and Jen are friends again!\n\nCan we ever have peace in our time? Jennifer Aniston, 49 reportedly \u201cextended an invitation\u201d to sit down with Angelina Jolie, 42, over dinner, sources tell In Touch magazine. \u201cJen thought it was finally time to resolve the past,\u201d an insider said, adding that since her marriage with Justin Theroux, 46, is over, Jen \u201cwants a fresh start on all fronts.\u201d However, Angelina supposedly turned the invite down! When Jen asked why Angie refused to meet her, the Girl, Interrupted star said \u201cshe didn\u2019t owe her an apology,\u201d per the source. \u201cThe whole idea to get together for dinner turned into a disaster.\u201d\n\nSo, why did Angie go all Maleficent on Jen\u2019s attempt to squash their beef? Well, Jen and Brad Pitt, 52, have reportedly rekindled their friendship following her spit from Justin. The two supposedly have these late night meetings, all set up by Brad\u2019s bud George Clooney, 56, and it\u2019s like old times again. Jen has reportedly found \u201cclosure\u201d with Brad over leaving her for Angie in 2004, and an insider says, \u201cthere may even be a future for the two of them.\u201d\n\nThe idea of Angie\u2019s ex chilling with his other ex doesn\u2019t sit well with her. \u201cIt\u2019s gotten back to her that Brad and Jen are in each other\u2019s lives again. She\u2019s furious about it,\u201d the insider tells In Touch. So much for these two burying whatever bad blood might be lingering between them. Angie once said that she would \u201cwelcome\u2026a real sit-down-and-talk kind of meeting,\u201d per Pop Sugar. That was back in 2006, and it seems that fans will have to wait a little bit longer before these two patch things up.\n\nIn the meantime, Jennifer may not linger too much on Angie\u2019s alleged snub. She\u2019s ready to move on past her split with Justin and into the next stage in her life. This, as it turns out, includes giving dating a whirl, and she\u2019s looking for a younger man to put some excitement back into her life. Jen\u2019s all about having fun \u201cwithout falling in love,\u201d a source close to Jennifer EXCLUSIVELY told HollywoodLife.com. Jennifer thinks she can achieve that by finding \u201ca younger guy [who] doesn\u2019t want to settle down.\u201d Get it, girl!", "images": ["https://www.rollingstone.com/wp-content/uploads/2019/11/Surface-Pro-7.jpg?w=230&crop=1", "https://hollywoodlife.com/wp-content/uploads/2020/11/sport-bra-ftr.jpg?w=143&h=80&crop=1", "https://hollywoodlife.com/wp-content/uploads/2017/06/jason_brow.jpg?w=48", "https://hollywoodlife.com/wp-content/uploads/2018/03/angelina-jolie-not-happy-about-jen-brad-friendship-ftr.jpg?w=620", "http://pixel.quantserve.com/pixel?a.1=p-6fKiDaopTGEQg&a.2=p-31f3D02tYU8zY", "https://stylecaster.com/wp-content/uploads/2020/11/rothys-black-friday-collection-copy.jpg?w=230&crop=1", "https://www.sheknows.com/wp-content/uploads/2020/10/what-a-free-thanksgiving-dinner-really-means-to-a-family-like-mine.jpg?w=230&crop=1", "https://tvline.com/wp-content/uploads/2020/11/seal-team-clay-jason-sonny.jpg?w=230&crop=1", "https://sb.scorecardresearch.com/p?c1=2&c2=6035310&c3=&c4=&c5=&c6=&c15=&cv=2.0&cj=1", "https://hollywoodlife.com/wp-content/uploads/2020/07/kelsey-nicole-5-things-to-know-ap-images-ftr.jpg?w=143&h=80&crop=1", "https://hollywoodlife.com/wp-content/uploads/2018/03/angelina-jolie-not-happy-about-jen-brad-friendship-ftr.jpg", "https://footwearnews.com/wp-content/uploads/2020/11/vanessa-hudgens-crop-top-jeans.jpg?w=230&crop=1", "https://hollywoodlife.com/wp-content/uploads/2020/11/kourtney-kardashian-and-kylie-jenner-wasted-meme-ap-images-ftr.jpg?w=143&h=80&crop=1", "data:image/gif;base64,R0lGODlhAQABAIAAAAAAAP///yH5BAEAAAAALAAAAAABAAEAAAIBRAA7"], "top_img": "https://hollywoodlife.com/wp-content/uploads/2018/03/angelina-jolie-not-happy-about-jen-brad-friendship-ftr.jpg", "keywords": [], "authors": ["Jason Brow", "Kimberly Zapata", "Bella Gerard", "Matt Webb Mitovich", "Tim Chan", "Brandt Ranj", "Claudia Miller", "Music", "Sports Editor"], "canonical_link": "https://hollywoodlife.com/2018/03/22/angelina-jolie-jennifer-aniston-meeting-brad-pitt-friendship/", "title": "Angelina Jolie Reportedly Shoots Down Meeting With Jen Aniston: She\u2019s \u2018Furious\u2019 Over Brad & Jen\u2019s Friendship", "meta_data": {"description": "Angelina Jolie reportedly rejected a chance to meet with Jennifer Aniston because she's 'furious' over Jen and Brad Pitt's friendship.", "news_keywords": "Angelina Jolie, Brad Pitt, Jennifer Aniston", "apple-itunes-app": "app-id=1400650284", "generator": "WordPress 5.5.2", "author": "Jason Brow", "theme-color": "#fff", "apple-mobile-web-app-capable": "yes", "mobile-web-app-capable": "yes", "apple-touch-fullscreen": "YES", "apple-mobile-web-app-title": "Hollywood Life", "application-name": "Hollywood Life", "fb": {"pages": 94724837471}, "ia": {"markup_url_dev": "https://hollywoodlife.com/2018/03/22/angelina-jolie-jennifer-aniston-meeting-brad-pitt-friendship/?ia_markup=1"}, "robots": "max-image-preview:large", "onesignal": "wordpress-plugin", "og": {"type": "article", "title": "Angelina Jolie Reportedly Shoots Down Meeting With Jen Aniston: She\u2019s \u2018Furious\u2019 Over Brad & Jen\u2019s Friendship", "url": "https://hollywoodlife.com/2018/03/22/angelina-jolie-jennifer-aniston-meeting-brad-pitt-friendship/", "description": "Did Angelina Jolie squash a truce with Jennifer Aniston? Angie reportedly rejected meeting with Jen, as she\u2019s livid that Brad Pitt and Jen are friends again!", "site_name": "Hollywood Life", "image": {"identifier": "https://hollywoodlife.com/wp-content/uploads/2018/03/angelina-jolie-not-happy-about-jen-brad-friendship-ftr.jpg", "width": 620, "height": 349}, "locale": "en_US"}, "article": {"published_time": "2018-03-22T17:59:09+00:00", "modified_time": "2018-03-22T17:59:30+00:00"}, "twitter": {"text": {"title": "Angelina Jolie Reportedly Shoots Down Meeting With Jen Aniston: She\u2019s \u2018Furious\u2019 Over Brad & Jen\u2019s Friendship"}, "image": "https://hollywoodlife.com/wp-content/uploads/2018/03/angelina-jolie-not-happy-about-jen-brad-friendship-ftr.jpg?w=620", "card": "summary_large_image", "site": "@HollywoodLife", "title": "Angelina Jolie Reportedly Shoots Down Meeting With Jen Aniston: She\u2019s \u2018Furious\u2019 Over Brad & Jen\u2019s Friendship", "description": "Angelina Jolie reportedly rejected a chance to meet with Jennifer Aniston because she's 'furious' over Jen and Brad Pitt's friendship."}, "msapplication-TileImage": "https://hollywoodlife.com/wp-content/uploads/2018/06/hl_logo.png?w=128"}, "movies": [], "publish_date": 1521673200.0, "source": "http://hollywoodlife.com", "summary": ""}