{"url": "http://www.mr-mag.com/seth-meyers-host-2017-cfda-fashion-awards/", "text": "Comedian and late night television host Seth Meyers will return to host the 2017 CFDA Fashion Awards in partnership with Swarovski on Monday, June 5 at The Manhattan Center\u2019s Hammerstein Ballroom.\n\nMeyers is the Emmy Award-winning host of NBC\u2019s \u201cLate Night with Seth Meyers.\u201d Meyers previously hosted the CFDA event in 2012.\n\n\u201cI am so happy that Seth agreed to be our host,\u201d said Diane von Furstenberg, chairwoman of the CFDA. \u201cHis charm, wit and intelligence will enhance an evening that we plan to be very festive!\u201d\n\nMeyers joins the evening\u2019s nominees and honorees as they celebrate the industry\u2019s achievements of the past year. For the complete list of nominees and honorees, click here.", "images": ["https://assets2.mr-mag.com/wp-content/plugins/simple-share-buttons-adder/buttons/somacro/facebook.png", "https://assets2.mr-mag.com/wp-content/plugins/simple-share-buttons-adder/buttons/somacro/print.png", "data:image/svg+xml,%3Csvg%20xmlns='http://www.w3.org/2000/svg'%20viewBox='0%200%20864%20647'%3E%3C/svg%3E", "https://assets2.mr-mag.com/wp-content/uploads/2019/10/Wainscot-Media_white-logo-black-footer-2019-v2.png", "https://assets2.mr-mag.com/wp-content/uploads/2018/12/cropped-logo-1.png", "data:image/svg+xml,%3Csvg%20xmlns='http://www.w3.org/2000/svg'%20viewBox='0%200%20260%20101'%3E%3C/svg%3E", "https://assets2.mr-mag.com/wp-content/plugins/simple-share-buttons-adder/buttons/somacro/twitter.png", "https://assets2.mr-mag.com/wp-content/plugins/simple-share-buttons-adder/buttons/somacro/linkedin.png", "https://assets2.mr-mag.com/wp-content/uploads/2017/04/nup_159097_0271_89338605-1024x767.jpg", "https://assets2.mr-mag.com/wp-content/plugins/simple-share-buttons-adder/buttons/somacro/pinterest.png", "data:image/svg+xml,%3Csvg%20xmlns='http://www.w3.org/2000/svg'%20viewBox='0%200%201200%20899'%3E%3C/svg%3E", "data:image/svg+xml,%3Csvg%20xmlns='http://www.w3.org/2000/svg'%20viewBox='0%200%20142%2047'%3E%3C/svg%3E", "https://assets2.mr-mag.com/wp-content/plugins/simple-share-buttons-adder/buttons/somacro/email.png", "https://assets2.mr-mag.com/wp-content/uploads/2020/01/Stephen-scaled.jpg", "https://assets2.mr-mag.com/wp-content/uploads/2017/04/nup_159097_0271_89338605-e1493135309571.jpg", "data:image/svg+xml,%3Csvg%20xmlns='http://www.w3.org/2000/svg'%20viewBox='0%200%200%200'%3E%3C/svg%3E"], "top_img": "https://assets2.mr-mag.com/wp-content/uploads/2017/04/nup_159097_0271_89338605-e1493135309571.jpg", "keywords": [], "authors": [], "canonical_link": "https://mr-mag.com/seth-meyers-host-2017-cfda-fashion-awards/", "title": "Seth meyers to host the 2017 cfda fashion awards", "meta_data": {"viewport": "width=device-width, initial-scale=1, minimum-scale=1, maximum-scale=1, user-scalable = no", "description": "Seth Meyers will return to host the 2017 CFDA Fashion Awards in partnership with Swarovski on Monday, June 5 at The Manhattan Center's Hammerstein Ballroom.", "robots": "index, follow, max-snippet:-1, max-image-preview:large, max-video-preview:-1", "og": {"locale": "en_US", "type": "article", "title": "SETH MEYERS TO HOST THE 2017 CFDA FASHION AWARDS", "description": "Seth Meyers will return to host the 2017 CFDA Fashion Awards in partnership with Swarovski on Monday, June 5 at The Manhattan Center's Hammerstein Ballroom.", "url": "https://mr-mag.com/seth-meyers-host-2017-cfda-fashion-awards/", "site_name": "MR Magazine", "image": {"identifier": "https://assets2.mr-mag.com/wp-content/uploads/2017/04/nup_159097_0271_89338605-e1493135309571.jpg", "width": 1200, "height": 899}}, "article": {"published_time": "2017-04-25T15:00:08+00:00", "modified_time": "2017-04-25T15:51:00+00:00"}, "twitter": {"card": "summary_large_image", "label1": "Written by", "data1": "Stephen Garner", "label2": "Est. reading time", "data2": "1 minute"}, "news_keywords": "cfda, cfda fashion awards, seth meyers", "original-source": "https://mr-mag.com/seth-meyers-host-2017-cfda-fashion-awards/", "generator": "WordPress 5.5.3", "BridPlugin": "oauth_token:01110011 01100101 01100011 01110010 01100101 01110100|ver:3.0.3|site:14030|widget:0|channels:Array|width:740|height:416|autoplay:0|aspect:1|user_id:14956|default_channel:18|ovr_def:1|async_embed:1|unit:10489|unit_width:480|unit_height:270|player:18014|video_image:https://mr-mag.com/wp-content/uploads/2019/06/SampleVideo_1280x720_5mb.mp4|google_seo:0", "tec-api-version": "v1", "tec-api-origin": "https://mr-mag.com", "msapplication-TileImage": "https://assets2.mr-mag.com/wp-content/uploads/2019/01/cropped-mrfav-270x270.png"}, "movies": [], "publish_date": 1493132408.0, "source": "http://www.mr-mag.com", "summary": ""}