{"url": "abcnews.go.com/GMA/Culture/video/kelly-osbourne-addiction-people-rehab-fix-56835399", "text": "Transcript for Kelly Osbourne on addiction: 'People need to know rehab doesn't fix you'\n\nThat are GMA cover story in the wake of limited the denim bottoms overdose her friend Kelly Osborne is sharing her own struggle with addiction and relapses Lindsay gave his back that's really. Good morning again George we are now seeing just how the new mothers transparency with her personal struggle. Is being celebrated on social media and beyond there. Is a certain sympathy and encouragement for her that we haven't always seen with other stars who perhaps. Privately struggled or tried to covered up a no other celebrities are coming forward to talk about just how difficult addiction can be. As glamorous as the flashing lights and red carpet events started can also come with serious pitfalls as well. The stark reminder this morning is pop star Demi Lovato is still recovering LA hospital after suspected drug overdose. Now her friend Kelly Osborne is speaking out about her own struggles with sobriety. I can't imagine what Dan is going through right now I think though I know what it's like to have the whole world talking about healing on this wonderful state. I think people just need to showed love and prayed for and trip he had had a the British talk show and swimming. The 33 year old opened up about addiction and recovery the sad part about addiction is it does not discriminate it doesn't matter who you off. Way you come from what you believe in. If it takes hold of anyone an epic one if it can Osborne has entered multiple rehab facilities to deal with drug and alcohol addiction in the past I reached a spiritual -- I was so. I'm believe it being measured I didn't can't find it anymore and I didn't have what happened to me I didn't cash. Who I went cut next you a distinct cat out. Anything Kelly the daughter of Sharon and rock legend Ozzy Osbourne has the treatment facilities can help. But can't cure an addict who NASA fixed. You spend your whole entire life doing everything you can. Genetically companies again Osborne now says every single day she has to make it conscious decision. To keep moving forward. Not that I wanted to live that life is worth living I have an incredible family and friends and why am I allowed myself to be some measure boom. Lots of outrage from fans and celebrities like wishing Lovato well her ex boyfriend actor Wilmer Valderrama. Was among those who Peter visited the hospital this week showing his support she just has the support of so many tours she does a lot of people rooting for her thanks you can thank you thanks do with it.\n\nThis transcript has been automatically generated and may not be 100% accurate.", "images": ["https://s.abcnews.com/images/GMA/180726_gma_kelly2_hpMain_16x9_992.jpg", "https://s.abcnews.com/images/GMA/201125_gma_digital_meals_on_heels_hpMain_16x9_384.jpg", "https://s.abcnews.com/images/Politics/201125_abcnl_prime_full_hpMain_16x9_384.jpg", "https://s.abcnews.com/images/theview/201125_view_seg5_hpMain_16x9_384.jpg", "https://s.abcnews.com/images/GMA/201125_gma_digital_christina_applegate_birthday_hpMain_16x9_384.jpg", "https://s.abcnews.com/images/Politics/201125_abcnl_prime_murray_hpMain_16x9_384.jpg", "https://s.abcnews.com/images/GMA/180726_gma_demi_lovato6_0731_hpMain_16x9_384.jpg", "https://s.abcnews.com/images/GMA/201126_gma_lifetime5_hpMain_16x9_384.jpg", "https://s.abcnews.com/images/Nightline/201125_ntl_mike_tyson_1252_hpMain_16x9_384.jpg", "https://s.abcnews.com/images/GMA/201125_gma_hartung_hpMain_16x9_384.jpg", "https://s.abcnews.com/images/Nightline/180725_ntl_demi_lovato_1240_hpMain_16x9_384.jpg", "https://s.abcnews.com/images/WNN/201125_wnn_sheahan_pic_hpMain_16x9_384.jpg", "https://s.abcnews.com/images/GMA/201126_gma_netflix1_hpMain_16x9_384.jpg", "https://s.abcnews.com/images/GMA/201126_gma_pinnock2_hpMain_16x9_384.jpg", "https://s.abcnews.com/images/GMA/201126_gma_bachelorette1_hpMain_16x9_384.jpg", "https://s.abcnews.com/images/GMA/180725_gma_ashton3_hpMain_16x9_384.jpg", "https://s.abcnews.com/images/GMA/201125_gma_taylor1_hpMain_16x9_384.jpg", "https://s.abcnews.com/images/WNN/201125_wnn_tevrizian_pic_hpMain_16x9_384.jpg", "https://s.abcnews.com/images/GMA/201125_gma_conners2_hpMain_16x9_384.jpg", "https://s.abcnews.com/images/Politics/201125_abcnl_prime_rundown_hpMain_16x9_384.jpg", "https://s.abcnews.com/images/GMA/201125_gma_digital_disney_holiday_singalong_hpMain_16x9_384.jpg"], "top_img": "https://s.abcnews.com/images/GMA/180726_gma_kelly2_hpMain_16x9_992.jpg", "keywords": [], "authors": ["Abc News"], "canonical_link": "https://www.goodmorningamerica.com/culture/video/kelly-osbourne-addiction-people-rehab-fix-56835399", "title": "Kelly Osbourne on addiction: 'People need to know rehab doesn't fix you' Video", "meta_data": {"robots": "index, follow", "author": "ABC News", "copyright": "Copyright (c) 2020 ABC News Internet Ventures", "viewport": "initial-scale=1.0, maximum-scale=1.0, user-scalable=no", "description": "In the wake of Demi Lovato's suspected overdose, her friend Kelly Osbourne opens up about what she thinks people should know about addiction and relapse.", "news_keywords": "Kelly Osbourne, addiction, rehab, Demi Lovato, drug overdose, Kelly Osbourne, relapse,good morning america, morning news, robin roberts, lara spencer, josh eliott, sam champion, gma", "fb": {"admins": 704409894, "app_id": 4942312939, "pages": 55845270277}, "fb_title": "Video: Kelly Osbourne on addiction: 'People need to know rehab doesn't fix you'", "og": {"site_name": "ABC News", "title": "Video: Kelly Osbourne on addiction: 'People need to know rehab doesn't fix you'", "description": "In the wake of Demi Lovato's suspected overdose, her friend Kelly Osbourne opens up about what she thinks people should know about addiction and relapse.", "url": "https://abcnews.go.com/GMA/Culture/video/kelly-osbourne-addiction-people-rehab-fix-56835399", "image": {"identifier": "https://s.abcnews.com/images/GMA/180726_gma_kelly2_hpMain_16x9_992.jpg", "type": "image/jpeg"}, "type": "video", "video": {"identifier": "https://abcnewsplayer-a.akamaihd.net/player/2.19.0.0004/amp.premier/AkamaiPremierPlayer.swf?settings_url=https://abcnewsplayer-a.akamaihd.net/player/2.19.0.0004/amp.premier/amp.premier.flashonly.xml?sec=1&params=%7B%22playerId%22%3A%22facebookHTTP%22%7D&data_feed_url=https://abcnews.go.com/video/itemfeed?id=56835399&auto_play=true&ad_control_enabled=false", "width": 470, "height": 265, "type": "application/x-shockwave-flash", "secure_url": "https://abcnewsplayer-a.akamaihd.net/player/2.19.0.0004/amp.premier/AkamaiPremierPlayer.swf?settings_url=https://abcnewsplayer-a.akamaihd.net/player/2.19.0.0004/amp.premier/amp.premier.flashonly.xml?sec=1&params=%7B%22playerId%22%3A%22facebookHTTPS%22%7D&data_feed_url=https://abcnews.go.com/video/itemfeed?id=56835399&auto_play=true&ad_control_enabled=false"}}, "twitter": {"image": "https://s.abcnews.com/images/GMA/180726_gma_kelly2_hpMain_16x9_992.jpg", "card": "player", "site": "@ABC", "player": {"identifier": "https://abcnews.go.com/video/twittercard?id=56835399", "stream": {"identifier": "http://once.unicornmedia.com/now/od/auto/98330877-5095-4ac9-9a8c-7cdcd3944274/15a750c8-e7be-4371-b5c3-dd911c0d8bb0/gma-56835399/content.once", "content_type": "video/mp4"}}, "app": {"name": {"iphone": "ABC News", "ipad": "ABC News"}, "id": {"iphone": 300255638, "ipad": 306934135}, "url": {"iphone": "abcnewsiphone://link/video,56835399", "ipad": "abcnewsipad://link/video,56835399"}}}, "video": {"duration": 143}, "al": {"iphone": {"url": "abcnewsiphone://link/video,56835399", "app_store_id": 300255638, "app_name": "ABC News - Breaking US & World News"}, "ipad": {"url": "abcnewsipad://link/video,56835399", "app_store_id": 380520716, "app_name": "ABC News for iPad"}}}, "movies": [], "publish_date": null, "source": "http://abcnews.go.com", "summary": ""}