{"url": "http://www.nbcnews.com/video/ted-cruz-full-meet-the-press-interview-643057731924", "text": "Republican presidential candidate Sen. Ted Cruz (R-TX) sat down with Chuck Todd to talk Trump, his pathway to the nomination and whether he will support any GOP nominee.", "images": ["https://media1.s-nbcnews.com/j/assets/nbc-news-color-square-dvt.nbcnews-fp-1200-630.png"], "top_img": "https://media1.s-nbcnews.com/j/assets/nbc-news-color-square-dvt.nbcnews-fp-1200-630.png", "keywords": [], "authors": ["March"], "canonical_link": "https://www.nbcnews.com/video/ted-cruz-full-meet-the-press-interview-643057731924", "title": "Ted Cruz' Full 'Meet the Press' Interview", "meta_data": {"msapplication-TileColor": "#FFFFFF", "msapplication-TileImage": "https://nodeassets.nbcnews.com/cdnassets/projects/ramen/favicon/nbcnews/all-other-sizes-PNG.ico/ms-icon-144x144.png", "msapplication-config": "https://nodeassets.nbcnews.com/cdnassets/projects/ramen/favicon/nbcnews/all-other-sizes-PNG.ico/browserconfig.xml", "fb": {"app_id": 10150138890205613, "pages": 1508175089456029}, "og": {"site_name": "NBC News", "locale": "en_US", "url": "https://www.nbcnews.com/video/ted-cruz-full-meet-the-press-interview-643057731924", "title": "Ted Cruz' Full 'Meet the Press' Interview", "description": "Republican presidential candidate Sen. Ted Cruz (R-TX) sat down with Chuck Todd to talk Trump, his pathway to the nomination and whether he will support any GOP nominee.", "image": {"identifier": "https://media1.s-nbcnews.com/j/assets/nbc-news-color-square-dvt.nbcnews-fp-1200-630.png", "secure_url": "https://media1.s-nbcnews.com/j/assets/nbc-news-color-square-dvt.nbcnews-fp-1200-630.png", "width": 1200, "height": 630}, "type": "article"}, "twitter": {"site": "@NBCNews", "creator": "NBCNews", "image": {"identifier": "https://media1.s-nbcnews.com/j/assets/nbc-news-color-square-dvt.nbcnews-fp-1024-512.png", "src": "https://media1.s-nbcnews.com/j/assets/nbc-news-color-square-dvt.nbcnews-fp-1024-512.png"}, "title": "Ted Cruz' Full 'Meet the Press' Interview", "description": "Republican presidential candidate Sen. Ted Cruz (R-TX) sat down with Chuck Todd to talk Trump, his pathway to the nomination and whether he will support any GOP nominee.", "card": "summary_large_image"}, "viewport": "width=device-width, initial-scale=1, user-scalable=yes", "description": "Republican presidential candidate Sen. Ted Cruz (R-TX) sat down with Chuck Todd to talk Trump, his pathway to the nomination and whether he will support any GOP nominee.", "thumbnail": "https://media1.s-nbcnews.com/j/assets/nbc-news-color-square-dvt.social_share_1024x768_scale.png", "next-head-count": 85}, "movies": [], "publish_date": null, "source": "http://www.nbcnews.com", "summary": ""}