{"url": "www.hotnewhiphop.com/jamie-foxx-and-katie-holmes-flaunt-their-5-year-romance-with-cute-beach-romp-news.56331.html", "text": "The public has been somewhat aware of the Jamie Foxx and Katie Holmes romantic link for a little while now. Though we've seen them spending time together, the pair hasn't offered any obvious public displays of affection until now.\n\nFoxx and Holmes were spotted having a romantic time at the beach. Onlookers watched them wrestle in the sand and share a bottle of champagne in between make-out sessions. One of the beachgoers dished about how happy they seemed:\n\n\"They were totally engaged with each other. They were never on their phones. She had this incredible smile on her face. She looked smitten.\"\n\nSources close to Holmes have commented on the lovers' connection. One spoke of their discretion.\n\n\u201cKatie and Jamie care about each other a lot and they tried to stay as quiet as possible because they didn\u2019t want to ruin that. They knew the second they stepped out together, it would open the gates for criticism.\u201d\n\nAnother spoke of Katie's friend's reservations concerning her romantic choice.\n\n\u201cNo one can understand why Katie loves a man who can\u2019t seem to commit. Everyone wants Katie to take care of herself.\u201d\n\nIn a way, this display doesn't come as much of a surprise considering the fact that their relationship has been ongoing for 5 years. Apparently, the secretive nature of their relationship was due to a clause in Katie's divorce agreement with Tom Cruise. She agreed to keep her next relationship under wraps for 5 years following the divorce. In exchange, she received $11.4 million for her discretion.", "images": ["https://ssla.ulximg.com/static/images/prev-next-arrow.svg?1606322593_p", "https://sslb.ulximg.com/image/104x104/cover/1533138578_fe440a1847a7cb3c068e42f7643ed034.jpg/b95a7ddae62518105d0a1d09b1a27f53/1533138578_b0872462767d4b046df6331f5a128947.jpg", "https://ssl.ulximg.com/image/1200x837/cover/1533139788_8742e2fb0f2b9f637502d1855d2cb5b8.jpg/330f9911e265685c5ee0f50beffb4a76/1533139788_72b181a34ee7c4db0faec3472c44079e.jpg", "https://sslc.ulximg.com/image/104x104/cover/1533140472_28e50788f20889f6089a4e6cf884688d.jpg/ca682bc101d7f135339239e952ea343c/1533140472_6a0577fe75a8801686518f55e1d2f091.jpg", "https://www.facebook.com/tr?id=164390474894222&ev=PageView&noscript=1", "https://www.hotnewhiphop.com/image/740x416/cover/1533139788_8742e2fb0f2b9f637502d1855d2cb5b8.jpg/88746fd42fcd62cb90b36fa3d64cf81d/1533139788_72b181a34ee7c4db0faec3472c44079e.jpg", "https://ssl.ulximg.com/static/images/logo-hnhh.svg?1606322593_p", "https://ssli.ulximg.com/static/images/camera-icon.svg?1606322593_p", "https://ssld.ulximg.com/static/images/logo-hnhh.svg?1606322593_p", "https://ssld.ulximg.com/image/50x50/avatar/1549948900_19c2f82f0c0f8abf642e18194a1c660b.jpg/2f502363e2bab4a0a027be7bb68435d8/1549948900_784b7d408d8ad0de1679ceae417a80db.jpg", "https://sslf.ulximg.com/image/38x38/avatar/1549948900_19c2f82f0c0f8abf642e18194a1c660b.jpg/4b7efea7016359aab0c3c9f59a0320ff/1549948900_784b7d408d8ad0de1679ceae417a80db.jpg"], "top_img": "https://www.hotnewhiphop.com/image/740x416/cover/1533139788_8742e2fb0f2b9f637502d1855d2cb5b8.jpg/88746fd42fcd62cb90b36fa3d64cf81d/1533139788_72b181a34ee7c4db0faec3472c44079e.jpg", "keywords": [], "authors": [], "canonical_link": "https://www.hotnewhiphop.com/jamie-foxx-and-katie-holmes-flaunt-their-5-year-romance-with-cute-beach-romp-news.56331.html", "title": "Jamie Foxx & Katie Holmes Flaunt Their 5-Year Romance With Cute Beach Romp", "meta_data": {"viewport": "width=device-width, initial-scale=1.0, maximum-scale=1, user-scalable=no", "msvalidate.01": "47CE3E1652426D2968B0850DD650564F", "pocket-site-verification": "bceff908db6f19bac786857f431b3e", "fb": {"pages": 123717350986797, "app_id": 115426081899012}, "facebook-domain-verification": "yu33zwxbyjtssixxezty4tqz4jzet8", "twitter": {"account_id": 24036264, "card": "summary_large_image", "site": "@HotNewHipHop", "title": "Jamie Foxx &  Katie Holmes Flaunt Their 5-Year Romance With Cute Beach Romp", "description": "The two aren't holding back anymore. The public has been somewhat aware of the Jamie Foxx and Katie Holmes romantic link for a little while now. Though we've seen them spending time together, the pair hasn't offered any obvious public displays of affection until now. Foxx and Holmes were spotted hav...", "image": "https://www.hotnewhiphop.com/image/740x416/cover/1533139788_8742e2fb0f2b9f637502d1855d2cb5b8.jpg/88746fd42fcd62cb90b36fa3d64cf81d/1533139788_72b181a34ee7c4db0faec3472c44079e.jpg"}, "og": {"site_name": "HotNewHipHop", "url": "https://www.hotnewhiphop.com/jamie-foxx-and-katie-holmes-flaunt-their-5-year-romance-with-cute-beach-romp-news.56331.html", "title": "Jamie Foxx &  Katie Holmes Flaunt Their 5-Year Romance With Cute Beach Romp", "image": {"identifier": "https://www.hotnewhiphop.com/image/740x416/cover/1533139788_8742e2fb0f2b9f637502d1855d2cb5b8.jpg/88746fd42fcd62cb90b36fa3d64cf81d/1533139788_72b181a34ee7c4db0faec3472c44079e.jpg", "type": "image/jpeg", "width": 740, "height": 416}, "type": "article", "description": "The two aren't holding back anymore. The public has been somewhat aware of the Jamie Foxx and Katie Holmes romantic link for a little while now. Though we've seen them spending time together, the pair hasn't offered any obvious public displays of affection until now. Foxx and Holmes were spotted hav...", "article": {"author": "https://www.hotnewhiphop.com/user/1741228", "published_time": "2018-08-01T16:16:52+00:00", "modified_time": "2018-08-02T01:12:49+00:00"}, "pubdate": "2018-08-01T16:16:52+00:00"}, "description": "The two aren't holding back anymore. The public has been somewhat aware of the Jamie Foxx and Katie Holmes romantic link for a little while now. Though we've...", "keywords": "Jamie Foxx &  Katie Holmes Flaunt Their 5-Year Romance With Cute Beach Romp, katie holmes, Jamie Foxx, romance, couple, gossip, pda, lovers, Entertainment, News, Breaking News, Reviews, Hot New Hip Hop", "theme-color": "#333333", "msapplication-config": "/browserconfig.xml", "news_keywords": "Jamie Foxx &  Katie Holmes Flaunt Their 5-Year Romance With Cute Beach Romp, katie holmes, Jamie Foxx, romance, couple, gossip, pda, lovers, Entertainment, News"}, "movies": [], "publish_date": 1533140212.0, "source": "http://www.hotnewhiphop.com", "summary": ""}