{"url": "people.com/movies/jennifer-aniston-justin-theroux-breakup-relationship-details", "text": "The couple was plagued by problems in their relationship well before they tied the knot \u2014 some of the same issues that ultimately led to their marriage\u2019s demise, an insider told PEOPLE.\n\nThe source close to the pair shared that Aniston and Theroux each preferred different coasts, a major source of continued discord for the pair. \"Ever since they became serious, the living issue often made them bicker. It was always hard for Jen to understand why Justin didn\u2019t like, or at least could learn to like L.A., when she was in L.A.,\u201d the source shared.\n\nFor a long time, the couple accommodated each other, with Theroux spending more and more time on his own in New York City. \u201cWith Jen feeling so strongly about living in L.A. and disliking N.Y.C. so much, she wanted Justin to be happy and that\u2019s why she agreed that he should spend so much time in N.Y.C.,\u201d said the insider.", "images": ["https://imagesvc.meredithcorp.io/v3/mm/image?url=https%3A%2F%2Fstatic.onecms.io%2Fwp-content%2Fuploads%2Fsites%2F20%2F2018%2F09%2Ftheroux-aniston-2-2000.jpg", "https://imagesvc.meredithcorp.io/v3/mm/image?url=https%3A%2F%2Fstatic.onecms.io%2Fwp-content%2Fuploads%2Fsites%2F20%2F2018%2F03%2Fjustin-theroux3-1.jpg", "https://imagesvc.meredithcorp.io/v3/mm/image?url=https%3A%2F%2Fstatic.onecms.io%2Fwp-content%2Fuploads%2Fsites%2F20%2F2018%2F12%2Ftheroux-aniston-4-2000.jpg", "https://imagesvc.meredithcorp.io/v3/mm/image?url=https%3A%2F%2Fstatic.onecms.io%2Fwp-content%2Fuploads%2Fsites%2F20%2F2018%2F03%2Ftheroux-aniston-1-2000.jpg", "https://imagesvc.meredithcorp.io/v3/mm/image?url=https%3A%2F%2Fstatic.onecms.io%2Fwp-content%2Fuploads%2Fsites%2F20%2F2020%2F08%2F04%2Fcoyote-ugly-2000.jpg", "https://imagesvc.meredithcorp.io/v3/mm/image?url=https%3A%2F%2Fstatic.onecms.io%2Fwp-content%2Fuploads%2Fsites%2F20%2F2020%2F07%2F19%2Ftiaras-2.jpg", "https://imagesvc.meredithcorp.io/v3/mm/image?url=https%3A%2F%2Fstatic.onecms.io%2Fwp-content%2Fuploads%2Fsites%2F20%2F2019%2F02%2Fjennifer-aniston-1.jpg", "https://imagesvc.meredithcorp.io/v3/mm/image?url=https%3A%2F%2Fstatic.onecms.io%2Fwp-content%2Fuploads%2Fsites%2F20%2F2020%2F11%2F12%2Fthanksgiving-covid-150x150.jpg", "https://imagesvc.meredithcorp.io/v3/mm/image?q=85&c=sc&poi=face&w=2000&h=1047&url=https%3A%2F%2Fstatic.onecms.io%2Fwp-content%2Fuploads%2Fsites%2F20%2F2018%2F09%2Ftheroux-aniston-2-2000.jpg", "data:image/svg+xml,%3Csvg%20xmlns='http://www.w3.org/2000/svg'%20viewBox='0%200%20100%20100'%3E%3C/svg%3E", "data:image/svg+xml,%3Csvg%20xmlns='http://www.w3.org/2000/svg'%20viewBox='0%200%20100%2067'%3E%3C/svg%3E", "https://imagesvc.meredithcorp.io/v3/mm/image?url=https%3A%2F%2Fstatic.onecms.io%2Fwp-content%2Fuploads%2Fsites%2F20%2F2018%2F03%2Ftheroux-aniston-5-2000.jpg", "https://imagesvc.meredithcorp.io/v3/mm/image?url=https%3A%2F%2Fstatic.onecms.io%2Fwp-content%2Fuploads%2Fsites%2F20%2F2018%2F01%2Fjennifer-aniston.jpg", "data:image/svg+xml,%3Csvg%20xmlns='http://www.w3.org/2000/svg'%20viewBox='0%200%20100%20133'%3E%3C/svg%3E", "https://imagesvc.meredithcorp.io/v3/mm/image?url=https%3A%2F%2Fstatic.onecms.io%2Fwp-content%2Fuploads%2Fsites%2F20%2F2016%2F05%2F06%2Fprincess-diana-21.jpg", "https://imagesvc.meredithcorp.io/v3/mm/image?url=https%3A%2F%2Fstatic.onecms.io%2Fwp-content%2Fuploads%2Fsites%2F20%2F2019%2F02%2Ftheroux-aniston-3-2000.jpg", "https://imagesvc.meredithcorp.io/v3/mm/image?url=https%3A%2F%2Fstatic.onecms.io%2Fwp-content%2Fuploads%2Fsites%2F20%2F2018%2F03%2Fjennifer-aniston1.jpg", "https://imagesvc.meredithcorp.io/v3/mm/image?url=https%3A%2F%2Fstatic.onecms.io%2Fwp-content%2Fuploads%2Fsites%2F20%2F2020%2F07%2F23%2Ftout.jpg", "https://imagesvc.meredithcorp.io/v3/mm/image?url=https%3A%2F%2Fstatic.onecms.io%2Fwp-content%2Fuploads%2Fsites%2F20%2F2020%2F11%2F12%2Fcat-phone.jpg", "https://imagesvc.meredithcorp.io/v3/mm/image?url=https%3A%2F%2Fstatic.onecms.io%2Fwp-content%2Fuploads%2Fsites%2F20%2F2018%2F03%2Fjennifer-aniston-2000.jpg"], "top_img": "https://imagesvc.meredithcorp.io/v3/mm/image?q=85&c=sc&poi=face&w=2000&h=1047&url=https%3A%2F%2Fstatic.onecms.io%2Fwp-content%2Fuploads%2Fsites%2F20%2F2018%2F09%2Ftheroux-aniston-2-2000.jpg", "keywords": [], "authors": ["People Staff"], "canonical_link": "https://people.com/movies/jennifer-aniston-justin-theroux-breakup-relationship-details/", "title": "Everything We Know About Jennifer Aniston & Justin Theroux's Split", "meta_data": {"viewport": "width=device-width, initial-scale=1", "keywords": "Jennifer Aniston,Justin Theroux,News,Photos", "news_keywords": "Jennifer Aniston,Justin Theroux,News,Photos", "description": "The couple was together for seven years (and married for two) before announcing their separation in February 2018", "og": {"title": "Everything We Know About Jennifer Aniston & Justin Theroux's Split", "type": "article", "site_name": "PEOPLE.com", "url": "https://people.com/movies/jennifer-aniston-justin-theroux-breakup-relationship-details/", "description": "The couple was together for seven years (and married for two) before announcing their separation in February 2018", "image": {"identifier": "https://imagesvc.meredithcorp.io/v3/mm/image?q=85&c=sc&poi=face&w=2000&h=1047&url=https%3A%2F%2Fstatic.onecms.io%2Fwp-content%2Fuploads%2Fsites%2F20%2F2018%2F09%2Ftheroux-aniston-2-2000.jpg", "width": 2000, "height": 1047}}, "pinterest": {"url": "https://people.com/movies/jennifer-aniston-justin-theroux-breakup-relationship-details/", "description": "The couple was together for seven years (and married for two) before announcing their separation in February 2018", "media": "https://imagesvc.meredithcorp.io/v3/mm/image?url=https%3A%2F%2Fstatic.onecms.io%2Fwp-content%2Fuploads%2Fsites%2F20%2F2018%2F09%2Ftheroux-aniston-2-2000.jpg"}, "twitter": {"card": "summary_large_image", "url": "https://people.com/movies/jennifer-aniston-justin-theroux-breakup-relationship-details/", "title": "Everything We Know About Jennifer Aniston & Justin Theroux's Split", "description": "The couple was together for seven years (and married for two) before announcing their separation in February 2018", "site": "@people", "image": "https://imagesvc.meredithcorp.io/v3/mm/image?q=85&c=sc&poi=face&w=2000&h=1047&url=https%3A%2F%2Fstatic.onecms.io%2Fwp-content%2Fuploads%2Fsites%2F20%2F2018%2F09%2Ftheroux-aniston-2-2000.jpg"}, "robots": "max-image-preview:large", "fb": {"app_id": 610948219662029, "pages": 95926963131}, "article": {"opinion": "false"}, "p": {"domain_verify": "755183be01bfc739a9cac6673f1f2c1b"}, "url": "https://people.com/movies/jennifer-aniston-justin-theroux-breakup-relationship-details/"}, "movies": [], "publish_date": null, "source": "http://people.com", "summary": ""}