{"url": "https://en.wikipedia.org/wiki/Twilight_fandom", "text": "Twilight fandom is the community of fans of the Twilight series of novels, movies and other related media. The fans are known as Twilighters or Fanpires while the especially dedicated fans are called Twihards and the mature women are Twi-Moms. Some fans are known as Twerds which is a portmanteau of the words \"Twilight\" and \"nerd\".\n\nThere has been conflict between the fans of Twilight and the fans of other series. At Comic-Con in 2008, large numbers of female Twilight fans came to see the panel of actors from the Twilight movies. This upset existing male fans of older genres who protested at this intrusion, \"Twilight Ruined Comic-Con\".\n\nThe fandom was publicly recognized by major news publications in 2010, by the Los Angeles Times, and in 2014, by The Wire, a publication owned by the Atlantic Monthly Group. Both articles discuss the fandom's growing influence as its population of followers grew over time. The impact of the vibrant Twilight fandom and its lasting legacy is explored in a book by Laurena Aker: Fan Phenomena: The Twilight Saga.\n\nSee also [ edit ]\n\nReferences [ edit ]\n\nCitations [ edit ]\n\nSources [ edit ]\n\n\n\n\n\n\n\n", "images": ["https://upload.wikimedia.org/wikipedia/en/thumb/4/48/Folder_Hexagonal_Icon.svg/16px-Folder_Hexagonal_Icon.svg.png", "https://en.wikipedia.org/static/images/footer/wikimedia-button.png", "https://upload.wikimedia.org/wikipedia/commons/a/aa/Robert_Pattinson_%288112090815%29.jpg", "https://upload.wikimedia.org/wikipedia/commons/thumb/9/9a/Masked_man.svg/20px-Masked_man.svg.png", "https://en.wikipedia.org/wiki/Special:CentralAutoLogin/start?type=1x1", "https://en.wikipedia.org/static/images/footer/poweredby_mediawiki_88x31.png", "https://upload.wikimedia.org/wikipedia/commons/thumb/a/aa/Robert_Pattinson_%288112090815%29.jpg/220px-Robert_Pattinson_%288112090815%29.jpg"], "top_img": "https://upload.wikimedia.org/wikipedia/commons/a/aa/Robert_Pattinson_%288112090815%29.jpg", "keywords": [], "authors": [], "canonical_link": "https://en.wikipedia.org/wiki/Twilight_fandom", "title": "Twilight fandom", "meta_data": {"generator": "MediaWiki 1.36.0-wmf.18", "referrer": "origin-when-cross-origin", "og": {"image": "https://upload.wikimedia.org/wikipedia/commons/a/aa/Robert_Pattinson_%288112090815%29.jpg"}}, "movies": [], "publish_date": null, "source": "https://en.wikipedia.org", "summary": ""}