{"url": "www.eonline.com/news/898058/inside-ben-affleck-and-matt-damon-s-enduring-friendship-how-they-survived-scandal-heartbreak-and-tabloid-fodder", "text": "20 years ago today, a small indie movie about an MIT janitor who just happens to be a math genius hit theaters. It would go on to be nominated for nine Academy Awards, winning two and kicking off the careers of its two young and fresh-faced screenwriters and stars.\n\nThat movie was, of course, Good Will Hunting and the stars were, of course, Matt Damon and Ben Affleck.\n\nTwo decades after its monumental release the movies' legacy is in question after the upsetting revelations about Harvey Weinstein's behavior and the effect it may have had on his company's films\u2014Good Will Hunting being one of its most decorated. But regardless of how fans should think about the flick that launched Damon and Affleck's careers, one thing is certain: It also launched one of Hollywood's longest and most fascinating friendships.", "images": ["https://akns-images.eonline.com/eol_images/Entire_Site/201771/rs_1024x683-170801104405-1024.good_will_hunting.cm.8117.jpg?fit=around%7C1024:auto&output-quality=90&crop=1024:auto;center,top", "https://akns-images.eonline.com/eol_images/Entire_Site/2017126/rs_600x600-170226204649-600.ben-affleck-matt-damon-academy-awards.jpg?fit=around%7C1080:1080&output-quality=90&crop=1080:1080;center,top"], "top_img": "https://akns-images.eonline.com/eol_images/Entire_Site/2017126/rs_600x600-170226204649-600.ben-affleck-matt-damon-academy-awards.jpg?fit=around%7C1080:1080&output-quality=90&crop=1080:1080;center,top", "keywords": [], "authors": [], "canonical_link": "https://www.eonline.com/news/898058/inside-ben-affleck-and-matt-damon-s-enduring-friendship-how-they-survived-scandal-heartbreak-and-tabloid-fodder", "title": "Inside Ben Affleck and Matt Damon\u2019s Enduring Friendship", "meta_data": {"viewport": "width=device-width, initial-scale=1, maximum-scale=1, user-scalable=0", "google-site-verification": "jOadQCDbZTkKw5sn27yXszjIb9c3PdMPHENN92uPWy8", "msvalidate.01": "564B986CE3CECCAE84779191BEC6B755", "fb": {"admins": 10101649, "pages": 1387539234854280, "app_id": 195662528604}, "og": {"title": "Inside Ben Affleck and Matt Damon\u2019s Enduring Friendship: How They Survived Scandal, Heartbreak and Tabloid Fodder - E! Online", "type": "article", "url": "https://www.eonline.com/news/898058/inside-ben-affleck-and-matt-damon-s-enduring-friendship-how-they-survived-scandal-heartbreak-and-tabloid-fodder", "site_name": "E! Online", "description": "It's been 20 years since the debut of Good Will Hunting.", "locale": "en_US", "image": {"identifier": "https://akns-images.eonline.com/eol_images/Entire_Site/2017126/rs_600x600-170226204649-600.ben-affleck-matt-damon-academy-awards.jpg?fit=around%7C1080:1080&output-quality=90&crop=1080:1080;center,top", "width": 1080, "height": 1080}}, "article": {"tag": "movies,matt_damon,ben_affleck,features,featured", "published_time": "Tue Dec 05 16:00:00 GMT+0 2017", "modified_time": "Tue Dec 05 05:11:48 GMT+0 2017", "content_tier": "free", "opinion": "false"}, "description": "It's been 20 years since the debut of Good Will Hunting.", "twitter": {"card": "summary_large_image", "site": "https://twitter.com/eonline", "title": "Inside Ben Affleck and Matt Damon\u2019s Enduring Friendship: How They Survived Scandal, Heartbreak and Tabloid Fodder - E! Online", "description": "It's been 20 years since the debut of Good Will Hunting.", "image": "https://akns-images.eonline.com/eol_images/Entire_Site/2017126/rs_600x600-170226204649-600.ben-affleck-matt-damon-academy-awards.jpg?fit=around%7C1080:540&output-quality=90&crop=1080:540;center,top", "url": "https://www.eonline.com/news/898058/inside-ben-affleck-and-matt-damon-s-enduring-friendship-how-they-survived-scandal-heartbreak-and-tabloid-fodder"}, "sailthru.contenttype": "news", "sailthru.cid": 898058, "sailthru.ed.cid": "us_898058", "sailthru.edition": "us", "sailthru.image.full": "https://akns-images.eonline.com/eol_images/Entire_Site/2017126/rs_600x600-170226204649-600.ben-affleck-matt-damon-academy-awards.jpg?fit=around%7C1080:1080&output-quality=90&crop=1080:1080;center,top", "sailthru.date": "2017 12 05 16:00:00", "sailthru.title": "Inside Ben Affleck and Matt Damon\u2019s Enduring Friendship: How They Survived Scandal, Heartbreak and Tabloid Fodder", "sailthru.tags": "movies,matt_damon,ben_affleck,features,featured", "robots": "max-image-preview:large"}, "movies": [], "publish_date": 1512489600.0, "source": "http://www.eonline.com", "summary": ""}