{"url": "https://web.archive.org/web/20180808000319/http://www.bravotv.com/personal-space/caitlyn-jenner-sophia-hutchins-dating", "text": "Caitlyn Jenner, 68, is nearly inseparable with Sophia Hutchins, a 22-year-old transgender woman who is the executive director of the Caitlyn Jenner Foundation, a transgender rights organization created in 2017. Caitlyn and Sophia frequently appear in each other's social media feeds, and Sophia accompanied Caitlyn to the ESPY Awards in July, though they weren't red carpet official.\n\nNaturally, people have been assuming that they are a couple, but Caitlyn and Sophia both denied that they're in a relationship when asked by Variety, which concluded they \"sound like a couple.\"\n\n\n\n\u201cWe are not going to get into that,\u201d Caitlyn told the publication. \u201cBut we are very close. We do a lot of things together. We\u2019re kind of inseparable. We\u2019re the best of friends.\u201d\n\nCaitlyn has been open about being isolated from her children \u2014 one of whom, Kendall Jenner, is the same age as Sophia.\n\n\"I spend a lot of time by myself here in the house,\" she revealed to Broadly. \"I have a lot of children, but sometimes just because of circumstances, maintaining a close relationship with your kids is very tough. They all have lives. They've all moved on.\"", "images": ["https://web.archive.org/web/20180808000319im_/http://www.bravotv.com/sites/nbcubravotv/files/styles/related-posts--computer/public/field_blog_image/2018/05/personal-space-caitlyn-jenner.jpg?itok=M2uLEHSX&timestamp=1527091006", "https://web.archive.org/web/20180808000319im_/http://www.bravotv.com/sites/all/modules/custom/common_site/images/transp-bg-60-black.png", "https://web.archive.org/web/20180808000319im_/http://www.bravotv.com/sites/nbcubravotv/files/styles/microsite-logo--mobile-1_5x/public/2018/06/personalspace-padding2x.png?itok=seQHTkDs&timestamp=1529946723", "https://web.archive.org/web/20180808000319im_/http://www.bravotv.com/sites/nbcubravotv/files/styles/scale--1800/public/2017/01/refresh_personalspace_3000x800.png?itok=p_hT2JOp&timestamp=1485473711", "https://web.archive.org/web/20180808000319im_/http://www.bravotv.com/sites/nbcubravotv/files/styles/related-posts--computer/public/field_blog_image/2018/07/personal-space-caitlyn-jenner-sophia-hutchens-espys.jpg?itok=kD9_jI-p&timestamp=1532023422", "https://web.archive.org/web/20180808000319im_/http://www.bravotv.com/sites/nbcubravotv/files/styles/blog-post--mobile/public/field_blog_image/2018/08/personal-space-caitlyn-jenner-sophia-hutchins.jpg?itok=PUVNwbVt&timestamp=1533667289", "https://web.archive.org/web/20180808000319im_/http://www.bravotv.com/sites/nbcubravotv/files/field_blog_image/2018/08/personal-space-caitlyn-jenner-sophia-hutchins.jpg"], "top_img": "https://web.archive.org/web/20180808000319im_/http://www.bravotv.com/sites/nbcubravotv/files/field_blog_image/2018/08/personal-space-caitlyn-jenner-sophia-hutchins.jpg", "keywords": [], "authors": ["Tamara Palmer"], "canonical_link": "https://web.archive.org/web/20180808000319/http://www.bravotv.com/personal-space/caitlyn-jenner-sophia-hutchins-dating", "title": "Caitlyn Jenner Finally Ends Her Silence About Sophia Hutchins, But Is This a Relationship Confirmation?", "meta_data": {"viewport": "width=device-width, initial-scale=1.0, maximum-scale=1.0, user-scalable=no", "vertical_name": "Personal Space", "fb": {"app_id": 1592250694320227}, "og": {"site_name": "Bravo TV Official Site", "type": "article", "title": "Caitlyn Jenner Finally Ends Her Silence About Sophia Hutchins, But Is This a Relationship Confirmation?", "url": "https://web.archive.org/web/20180808000319/http://www.bravotv.com/personal-space/caitlyn-jenner-sophia-hutchins-dating", "description": "Caitlyn Jenner, 68,\u00a0is nearly inseparable with Sophia Hutchins, a 22-year-old transgender woman who is the executive director of the Caitlyn Jenner Foundation, a transgender rights organization created in 2017.", "image": "https://web.archive.org/web/20180808000319im_/http://www.bravotv.com/sites/nbcubravotv/files/field_blog_image/2018/08/personal-space-caitlyn-jenner-sophia-hutchins.jpg"}, "twitter": {"card": "summary_large_image", "site": "@bravotv", "url": "https://web.archive.org/web/20180808000319im_/http://www.bravotv.com/personal-space/caitlyn-jenner-sophia-hutchins-dating", "title": "Caitlyn Jenner Finally Ends Her Silence About Sophia Hutchins, But Is This a Relationship Confirmation?", "description": "Caitlyn Jenner, 68,\u00a0is nearly inseparable with Sophia Hutchins, a 22-year-old transgender woman who is the executive director of the Caitlyn Jenner Foundation, a transgender rights organization created in 2017.", "image": "https://web.archive.org/web/20180808000319im_/http://www.bravotv.com/sites/nbcubravotv/files/field_blog_image/2018/08/personal-space-caitlyn-jenner-sophia-hutchins.jpg"}, "article": {"published_time": "2018-08-07T14:49:00-04:00", "modified_time": "2018-08-07T15:10:04-04:00"}}, "movies": [], "publish_date": 1533667740.0, "source": "https://web.archive.org", "summary": ""}