{"url": "https://www.msn.com/en-us/news/politics/ciara-showcases-baby-bump-in-polka-dot-dress/vp-BBAcSSQ", "text": "You are using an older browser version. Please use a supported version for the best MSN experience.", "images": ["https://static-entertainment-neu-s-msn-com.akamaized.net/sc/82/c22c7d.gif", "https://static-entertainment-neu-s-msn-com.akamaized.net/sc/57/a49b8d.gif", "https://sb.scorecardresearch.com/p?c1=2&c2=3000001&cs_ucfr=1&rn=637420611422783004&c7=https%253A%252F%252Fwww.msn.com%252Fen-us%252Fnews%252Fpolitics%252Fciara-showcases-baby-bump-in-polka-dot-dress%252Fvp-BBAcSSQ&c8=&c9=", "https://web.vortex.data.msn.com/collect/v1/t.gif?name=%27Ms.Webi.PageView%27&ver=%272.1%27&appId=%27JS%3AMSN%27&ext-app-env=%27prod%27&ext-javascript-libver=%274.0.0-beta-10%27&ext-user-localId=%27t%3A316C25CC8525642C10572A438459656C%27&*baseType=%27Ms.Content.PageView%27&*isJs=False&*title=%27%27&*isLoggedIn=False&*isManual=True&*serverImpressionGuid=%279f198ee5-c89e-4d26-b756-18a6d4a97c5e%27&-ver=%271.0%27&-impressionGuid=%279f198ee5-c89e-4d26-b756-18a6d4a97c5e%27&-pageName=%27channelplayerpage%27&-uri=%27https%253A%252F%252Fwww.msn.com%252Fen-us%252Fnews%252Fpolitics%252Fciara-showcases-baby-bump-in-polka-dot-dress%252Fvp-BBAcSSQ%27&-referrerUri=%27%27&-pageTags=%27{\"pg.t\"%3A\"video\"%2C\"pg.p\"%3A\"prime\"%2C\"pg.c\"%3A\"\"%2C\"ex\"%3A\"\"%2C\"rid\"%3A\"9f198ee5c89e4d26b75618a6d4a97c5e\"%2C\"clid\"%3A\"316C25CC8525642C10572A438459656C\"%2C\"clidType\"%3A\"muid\"%2C\"di\"%3A\"17930\"%2C\"partner\"%3A\"\"%2C\"publcat\"%3A\"\"%2C\"cvs\"%3A\"Browser\"%2C\"subcvs\"%3A\"news\"%2C\"entityId\"%3A\"BBAcSSQ\"%2C\"entitySrc\"%3A\"vp\"%2C\"provid\"%3A\"\"%2C\"dpt\"%3A\"newspolitics\"%2C\"sdpt\"%3A\"\"%2C\"ar\"%3A\"0\"%2C\"dgk\"%3A\"downlevel.pc\"%2C\"imd\"%3A\"0\"%2C\"parentId\"%3A\"\"%2C\"pgIdx\"%3A\"\"%2C\"pgTot\"%3A\"\"%2C\"anoncknm\"%3A\"\"%2C\"afd\"%3A\"\"%2C\"issso\"%3A\"0\"%2C\"aadState\"%3A\"0\"}%27&-behavior=0&-market=%27en-us%27", "https://c.msn.com/c.gif?udc=true&rid=9f198ee5c89e4d26b75618a6d4a97c5e&rnd=637420611422783004&rf=&tp=https%253A%252F%252Fwww.msn.com%252Fen-us%252Fnews%252Fpolitics%252Fciara-showcases-baby-bump-in-polka-dot-dress%252Fvp-BBAcSSQ&di=17930&lng=en-us&activityId=9f198ee5c89e4d26b75618a6d4a97c5e&d.dgk=downlevel.pc&d.imd=0&st.dpt=newspolitics&st.sdpt=&subcvs=news&pg.n=channelplayerpage&pg.t=video&pg.c=&pg.p=prime&anoncknm=&issso=0&aadState=0"], "top_img": "", "keywords": [], "authors": [], "canonical_link": "", "title": "", "meta_data": {"robots": "noindex, nofollow", "description": "The new MSN, Your customizable collection of the best in news, sports, entertainment, money, weather, travel, health, and lifestyle, combined with Outlook, Facebook, Twitter, Skype, and more.", "viewport": "width=device-width,initial-scale=1, maximum-scale=1"}, "movies": [], "publish_date": null, "source": "https://www.msn.com", "summary": ""}