{"url": "hollywoodlife.com/2017/08/30/brad-pitt-misses-kids-back-to-work-angelina-jolie-split/", "text": "So sad. Brad Pitt is returning to work in the wake of his split with Angelina Jolie but our insider says he\u2019s missing seeing his 6 kids terribly! Here\u2019s the details!\n\nAlthough it\u2019s been less than a year since Angelina Jolie, 42, filed for divorce from Brad Pitt, 53, it feels like a lifetime! Seriously, watching this picture-perfect family devolve into scandal after scandal has been the worst! Now, the leading man is headed back to work for the first time since the announcement and, according to our insider, it\u2019s a refreshing change for him! \u201cBrad has begun his first really big project since his marriage fell apart last year and the new experience is bittersweet,\u201d a source tells HollywoodLife.com EXCLUSIVELY. \u201cHe is so happy to be an independent actor again, collaborating with the other actors on set and meshing with the director. For many years he suffered Angelina\u2019s constant advice, notes, and often unsolicited opinions about his work.\u201d\n\n\u201cBrad may miss Angelina, a little bit, but now that he is back on set, he does not miss her constant criticism,\u201d the insider adds. \u201cNow that Brad is back to work and the daily grind of filming on set, he misses coming home to his family. Brad has been dealing with his breakup for over a year now and has put off going back to work. He has needed time and space to heal from the horrible separation from his family. Now that he has finally decided to return to work, he is reminded of how lonely his life has become.\u201d Aww. Poor Brad. Take a look back at photos of this former couple right here!\n\nAs we\u2019ve previously reported, another of our sources says Brad is struggles to forgive Angelina for dragging his name through the mud, including claims of domestic violence. \u201cBrad\u2019s over it and he believes Angelina crossed the line when she accused him of being abusive towards the kids \u2014 as far as Brad\u2019s concerned there\u2019s no way of going back from that,\u201d another insider shared with HollywoodLife.com EXCLUSIVELY. That sounds awfully final! Hopefully he can get back to see his brood of little ones very soon!\n\nHollywoodLifers, are you still hoping Brad and Angie somehow find a way to make it work? Let us know!", "images": ["https://hollywoodlife.com/wp-content/uploads/2017/08/brad-pitt-misses-seeing-his-kids-ftr.jpg", "https://hollywoodlife.com/wp-content/uploads/2017/08/brad-pitt-misses-seeing-his-kids-ftr.jpg?w=620", "https://tvline.com/wp-content/uploads/2020/11/virgin-river-season-1-recap-mel.jpg?w=230&crop=1", "https://www.rollingstone.com/wp-content/uploads/2019/11/Surface-Pro-7.jpg?w=230&crop=1", "https://hollywoodlife.com/wp-content/uploads/2020/11/sport-bra-ftr.jpg?w=143&h=80&crop=1", "http://pixel.quantserve.com/pixel?a.1=p-6fKiDaopTGEQg&a.2=p-31f3D02tYU8zY", "https://stylecaster.com/wp-content/uploads/2020/11/rothys-black-friday-collection-copy.jpg?w=230&crop=1", "https://www.sheknows.com/wp-content/uploads/2020/10/what-a-free-thanksgiving-dinner-really-means-to-a-family-like-mine.jpg?w=230&crop=1", "https://sb.scorecardresearch.com/p?c1=2&c2=6035310&c3=&c4=&c5=&c6=&c15=&cv=2.0&cj=1", "https://hollywoodlife.com/wp-content/uploads/2020/07/kelsey-nicole-5-things-to-know-ap-images-ftr.jpg?w=143&h=80&crop=1", "https://footwearnews.com/wp-content/uploads/2020/11/vanessa-hudgens-crop-top-jeans.jpg?w=230&crop=1", "https://hollywoodlife.com/wp-content/uploads/2020/11/kourtney-kardashian-and-kylie-jenner-wasted-meme-ap-images-ftr.jpg?w=143&h=80&crop=1", "data:image/gif;base64,R0lGODlhAQABAIAAAAAAAP///yH5BAEAAAAALAAAAAABAAEAAAIBRAA7"], "top_img": "https://hollywoodlife.com/wp-content/uploads/2017/08/brad-pitt-misses-seeing-his-kids-ftr.jpg", "keywords": [], "authors": ["Scott Baumgartner", "Kimberly Zapata", "Bella Gerard", "Andy Swift", "Tim Chan", "Brandt Ranj", "Claudia Miller"], "canonical_link": "https://hollywoodlife.com/2017/08/30/brad-pitt-misses-kids-back-to-work-angelina-jolie-split/", "title": "Brad Pitt Misses Seeing His Kids As He Goes Back To Work For First Time Since Angelina Jolie Split", "meta_data": {"description": "Brad Pitt is back on set filming \"Ad Astra\" but, according to our insiders, he's really missing seeing his kids. Here's what we know!", "news_keywords": "Angelina Jolie, Brad Pitt", "apple-itunes-app": "app-id=1400650284", "generator": "WordPress 5.5.2", "author": "Scott Baumgartner", "theme-color": "#fff", "apple-mobile-web-app-capable": "yes", "mobile-web-app-capable": "yes", "apple-touch-fullscreen": "YES", "apple-mobile-web-app-title": "Hollywood Life", "application-name": "Hollywood Life", "fb": {"pages": 94724837471}, "robots": "max-image-preview:large", "onesignal": "wordpress-plugin", "og": {"type": "article", "title": "Brad Pitt Misses Seeing His Kids As He Goes Back To Work For First Time Since Angelina Jolie Split", "url": "https://hollywoodlife.com/2017/08/30/brad-pitt-misses-kids-back-to-work-angelina-jolie-split/", "description": "So sad. Brad Pitt is returning to work in the wake of his split with Angelina Jolie but our insider says he\u2019s missing seeing his 6 kids terribly! Here\u2019s the details!", "site_name": "Hollywood Life", "image": {"identifier": "https://hollywoodlife.com/wp-content/uploads/2017/08/brad-pitt-misses-seeing-his-kids-ftr.jpg", "width": 620, "height": 352, "alt": "Brad Pitt"}, "locale": "en_US"}, "article": {"published_time": "2017-08-31T03:31:34+00:00", "modified_time": "2017-08-31T18:34:50+00:00"}, "twitter": {"text": {"title": "Brad Pitt Misses Seeing His Kids As He Goes Back To Work For First Time Since Angelina Jolie Split"}, "image": {"identifier": "https://hollywoodlife.com/wp-content/uploads/2017/08/brad-pitt-misses-seeing-his-kids-ftr.jpg?w=620", "alt": "Brad Pitt"}, "card": "summary_large_image", "site": "@HollywoodLife", "title": "Brad Pitt Misses Seeing His Kids As He Goes Back To Work For First Time Since Angelina Jolie Split", "description": "Brad Pitt is back on set filming \"Ad Astra\" but, according to our insiders, he's really missing seeing his kids. Here's what we know!"}, "msapplication-TileImage": "https://hollywoodlife.com/wp-content/uploads/2018/06/hl_logo.png?w=128"}, "movies": ["https://www.youtube.com/embed/FXAkxrrPe9w?version=3&rel=1&showsearch=0&showinfo=1&iv_load_policy=1&fs=1&hl=en-US&autohide=2&start=5&wmode=transparent"], "publish_date": 1504044000.0, "source": "http://hollywoodlife.com", "summary": ""}