{"url": "www.telegraph.co.uk/news/2016/05/23/eva-longoria-pranked-victoria-beckham-by-forcing-her-to-swap-hee/", "text": "What's the worst thing you can do to Victoria Beckham?\n\nThe queen of style is famed for spending painstaking amounts of time and effort on her appearance, facial expressions and, of course, shoes.\n\nYou realise putting Victoria Beckham in Uggs, arguably one of the least fashionable types of flats, is her version of hell when you cast your mind back to one of the great traumas of her life:", "images": ["http://www.telegraph.co.uk/content/dam/news/2020/11/25/TELEMMGLPICT000192108569-small_trans_NvBQzQNjv4BqqVzuuqpFlyLIwiB6NTmJweXVyxBvK2PFlSnNvurz4GQ.jpeg", "http://www.telegraph.co.uk/team/images/tristram-fane-saunders-small.png", "http://www.telegraph.co.uk/content/dam/politics/2020/11/26/261120_ZD_NEW_RULES_LOCKDOWN-03-1-small_trans_NvBQzQNjv4BqufPWexoDNO0wvV3FQMbBIDJHZ7jRKbA15p4Bvck6XLk.jpg", "http://www.telegraph.co.uk/content/dam/news/2020/11/26/TELEMMGLPICT000245369556-small_trans_NvBQzQNjv4BqNJaBmuqg0sus_TJVfiy82DL7FZGgyoZmy-EJMOD38MQ.jpeg", "http://www.telegraph.co.uk/content/dam/global-health/2020/11/26/TELEMMGLPICT000244825118-small_trans_NvBQzQNjv4BqNJjoeBT78QIaYdkJdEY4CnGTJFJS74MYhNY6w3GNbO8.jpeg", "http://www.telegraph.co.uk/content/dam/news/2020/09/01/TELEMMGLPICT000228995957-small_trans_NvBQzQNjv4Bqxx-aMjhNEyvNcPOg7e3c1Ikztr2GgwaPkPbaHxRda2w.jpeg", "http://www.telegraph.co.uk/content/dam/news/2020/11/23/2311_Tier1_LEAD-small_trans_NvBQzQNjv4BqqVzuuqpFlyLIwiB6NTmJwfSVWeZ_vEN7c6bHu2jJnT8.jpg", "http://www.telegraph.co.uk/content/dam/news/2016/05/23/victoriamain_trans_NvBQzQNjv4BqqVzuuqpFlyLIwiB6NTmJwfSVWeZ_vEN7c6bHu2jJnT8.jpg?imwidth=450", "http://www.telegraph.co.uk/content/dam/news/2020/11/26/GettyImages-543753872-small_trans_NvBQzQNjv4BqyjCZXk3xEOV718edyZKWiOJyXdH0kngI70q-b3rCYMg.jpg", "https://s-media-cache-ak0.pinimg.com/originals/88/e1/fc/88e1fc01bd9b41b90e7b0c0c8912f7b7.gif", "http://www.telegraph.co.uk/content/dam/theatre/2020/11/26/bridge-house-small_trans_NvBQzQNjv4Bqsy3ljDmKPYvHwR7gjpbrZP4_aXyw36dqAbAG_AJy1hw.jpg", "https://www.telegraph.co.uk/content/dam/news/2016/05/23/victoriamain_trans_NvBQzQNjv4BqqVzuuqpFlyLIwiB6NTmJwfSVWeZ_vEN7c6bHu2jJnT8.jpg?impolicy=logo-overlay", "http://www.telegraph.co.uk/content/dam/generic/Matt-cartoon-255x206px-small.png", "http://www.telegraph.co.uk/content/dam/news/2020/11/26/TELEMMGLPICT000144731161-small_trans_NvBQzQNjv4BqzMzojzwVX9SBGhgJ0n-GX0vhpzqr-KxpOXwOhGRScHo.jpeg", "https://i.ytimg.com/vi/CWPTIWgQfww/mqdefault_live.jpg", "http://www.telegraph.co.uk/content/dam/news/2020/11/26/TELEMMGLPICT000233401292_1-small_trans_NvBQzQNjv4BqpVlberWd9EgFPZtcLiMQfyf2A9a6I9YchsjMeADBa08.jpeg", "http://www.telegraph.co.uk/content/dam/news/2020/11/26/TELEMMGLPICT000245326672-small_trans_NvBQzQNjv4BqaRL1kC4G7DT9ZsZm6Pe3PUPXbRlaI4_qh_dM2Z5d688.jpeg", "http://www.telegraph.co.uk/content/dam/news/2020/11/26/2711-MATT-GALLERY-WEB-P1-small_trans_NvBQzQNjv4BqqVzuuqpFlyLIwiB6NTmJwfSVWeZ_vEN7c6bHu2jJnT8.png", "http://www.telegraph.co.uk/content/dam/Author%20photos/Jemima%20Lewis-S-small.png", "http://www.telegraph.co.uk/content/dam/TheTelegraph_portal_white-320-small.png", "http://www.telegraph.co.uk/content/dam/news/2020/10/27/TELEMMGLPICT000242617180-small_trans_NvBQzQNjv4BqBrLFYIpvrVkg-3i7G5QYcR1Sd9C6GjBHiUqy-iFL-LU.jpeg", "http://www.telegraph.co.uk/content/dam/news/2020/11/01/01-11-20-RM-SECOND-LOCKDOWN-LEAD-IMAGE-01-01-small_trans_NvBQzQNjv4BqqVzuuqpFlyLIwiB6NTmJwfp-Lnwb_Dq3Fonfr3-DT2I.jpg", "http://www.telegraph.co.uk/content/dam/news/2020/11/26/TELEMMGLPICT000245380371-small_trans_NvBQzQNjv4BqpVlberWd9EgFPZtcLiMQfyf2A9a6I9YchsjMeADBa08.jpeg", "http://www.telegraph.co.uk/content/dam/royal-family/2020/11/26/TELEMMGLPICT000220834681-small_trans_NvBQzQNjv4Bqwj4wOfSbCvCju4t9NhXhnpLhphAAc-ACHUiGP9w28j4.jpeg", "http://www.telegraph.co.uk/content/dam/news/2020/11/26/TELEMMGLPICT000244870366-small_trans_NvBQzQNjv4BqrpfQw2hJyG_yckwxPAr0go9KzD8cVu9iguqnaKUswZA.jpeg", "https://img.youtube.com/vi/t5zSeZAE_T4/mqdefault.jpg"], "top_img": "https://www.telegraph.co.uk/content/dam/news/2016/05/23/victoriamain_trans_NvBQzQNjv4BqqVzuuqpFlyLIwiB6NTmJwfSVWeZ_vEN7c6bHu2jJnT8.jpg?impolicy=logo-overlay", "keywords": [], "authors": ["Helena Horton", "Jemima Lewis", "Tristram Fane Saunders"], "canonical_link": "https://www.telegraph.co.uk/news/2016/05/23/eva-longoria-pranked-victoria-beckham-by-forcing-her-to-swap-hee/", "title": "Eva Longoria pranked Victoria Beckham by forcing her to swap heels for Ugg boots", "meta_data": {"msapplication-TileColor": "#2c769d", "msapplication-TileImage": "/etc/designs/telegraph/core/clientlibs/core/icons/mstile-144x144.png", "msapplication-tooltip": "The Telegraph", "msapplication-config": "/etc/designs/telegraph/core/clientlibs/core/icons/browserconfig.xml", "msapplication-square310x310logo": "/etc/designs/telegraph/core/clientlibs/core/icons/mstile-310x310.png", "msapplication-wide310x150logo": "/etc/designs/telegraph/core/clientlibs/core/icons/mstile-310x150.png", "msapplication-square150x150logo": "/etc/designs/telegraph/core/clientlibs/core/icons/mstile-150x150.png", "msapplication-square70x70logo": "/etc/designs/telegraph/core/clientlibs/core/icons/mstile-70x70.png", "viewport": "width=device-width, initial-scale=1, user-scalable=yes", "description": "What's the worst thing you can do to Victoria Beckham?", "keywords": "News,Instagram,Standard,Victoria Beckham", "tmgads.channel": "news", "tmgads.section": "news-2016", "tmgads.zone": "news.2016.05.23", "tmgads.articleid": "AmCCGvM0F0rR", "tmgads.pagetype": "story", "tmgads.level": 5, "tmgads.geo": "SE", "tmgads.keywords": "News,Instagram,Standard,Victoria Beckham", "DCSext.Channel": "news", "DCSext.Category": 2016, "DCSext.Genre": 5, "DCSext.MLC": "/news/2016/05/23", "DCSext.articleId": "AmCCGvM0F0rR", "DCSext.Content_Type": "story", "DCSext.Level": 5, "DCSext.author": "Helena Horton", "DCSext.articleFirstPublished": "2016-05-23 14:48", "DCSext.cf": 0, "DCSext.cd": 0, "DCSext.cn": 0, "DCSext.pd": 1, "og": {"title": "Eva Longoria pranked Victoria Beckham by forcing her to swap heels for Ugg boots", "description": "What's the worst thing you can do to Victoria Beckham?", "type": "article", "site_name": "The Telegraph", "url": "https://www.telegraph.co.uk/news/2016/05/23/eva-longoria-pranked-victoria-beckham-by-forcing-her-to-swap-hee/", "image": "https://www.telegraph.co.uk/content/dam/news/2016/05/23/victoriamain_trans_NvBQzQNjv4BqqVzuuqpFlyLIwiB6NTmJwfSVWeZ_vEN7c6bHu2jJnT8.jpg?impolicy=logo-overlay"}, "twitter": {"title": "Eva Longoria pranked Victoria Beckham by forcing her to swap heels for Ugg boots", "url": "https://www.telegraph.co.uk/news/2016/05/23/eva-longoria-pranked-victoria-beckham-by-forcing-her-to-swap-hee/", "image": "https://www.telegraph.co.uk/content/dam/news/2016/05/23/victoriamain_trans_NvBQzQNjv4BqqVzuuqpFlyLIwiB6NTmJwfSVWeZ_vEN7c6bHu2jJnT8.jpg?impolicy=logo-overlay", "site": "@TelegraphNews", "description": "What's the worst thing you can do to Victoria Beckham?", "card": "summary_large_image"}, "tmgads.businessSegment": "news", "tmg.premium.override": "true", "tmg.premium.state": "true", "premiumContentOnFirstPublish": "false", "article": {"content_tier": "locked", "opinion": "false"}, "fb": {"pages": 122346694516955}, "tmg.app": "false", "fbn-bypass": "false", "robots": "max-snippet:-1,max-image-preview:standard,max-video-preview:-1"}, "movies": [], "publish_date": 1463954400.0, "source": "http://www.telegraph.co.uk", "summary": ""}