{"url": "www.x17online.com/2018/07/lindsay_shookus_white_top_plaid_jacket_baby_bump_pregnant_ben_affleck_elope_hawaii_photos_video_070918", "text": "Her maybe baby bump just keeps getting bigger!Ben Affleck's girlfriend Lindsay Shookus left their shared Pacific Palisades mansion over the weekend with suitcases in hand, and we couldn't help but notice that her midsection looked noticeably fuller, and her boobs have gotten a lot bigger. To us, those are two huge signs that she's got a bun in the oven!The Oscar winner and the SNL producer have been busy crossing off some major milestones on their relationship checklist recently. Not only did they move in together, but the A-list actor has been spending time bonding with her daughter Madeline, and he recently spent the weekend with her parents when they came into town. The only things left are a wedding and a baby!In fact, rumors are swirling that the couple plan to tie the knot in Hawaii by the end of summer, adding fuel to the growing speculation that she's indeed pregnant with their first child!If she isn't preggo and they really wanted the gossip to stop, they would just issue a denial, but we think it's telling that they haven't...", "images": ["http://www.x17online.com/media/images//2018/07/affleck-shookus-eloping-pregnant-070918.jpg", "https://www.x17online.com/media/images//2020/09/jaileycells-thumb.jpg", "https://www.x17online.com/media/images//2020/09/dixieparty-thumb.jpg", "https://www.x17online.com/media/images//2020/09/mgkmegan-thumb.jpg", "https://www.x17online.com/media/images//2020/09/addisonraejeep-thumb.jpg", "https://www.x17online.com/gallery/galleries/X17_lindsay_shookus_blue_070718/thumb/X17_lindsay_shookus_blue_070718_02.jpg", "https://www.x17online.com/media/images//2020/09/alessandra-beach-thumb.jpg", "https://www.x17online.com/graphics/2014/top-logo-teal.png", "https://www.x17online.com/media/images//2020/10/ytsub-thumb.jpg", "http://pixel.quantserve.com/pixel/p-70R7d3i_Z5Dj2.gif", "https://www.x17online.com/media/images//2020/09/faze_daisy-thumb.jpg", "https://www.x17online.com/graphics/2014/footer-logo.png", "https://www.x17online.com/gallery/galleries/X17_lindsay_shookus_blue_070718/thumb/X17_lindsay_shookus_blue_070718_04.jpg", "https://www.x17online.com/media/images//2020/09/mgkpap-thumb.jpg", "http://www.x17online.com/media/images/2018/10/thescoop-inhouse-ad.jpg", "https://www.x17online.com/media/images//2020/09/sofiaoceanlunch-thumb.jpg", "http://www.x17online.com/media/images/2017/09/youtube-right-rail-ad.jpg", "https://www.x17online.com/media/images//2020/09/jaketanareun-thumb.jpg", "https://www.x17online.com/gallery/galleries/X17_lindsay_shookus_blue_070718/thumb/X17_lindsay_shookus_blue_070718_03.jpg", "https://www.x17online.com/media/images//2020/09/taylerholder_saddle_video-thumb.jpg", "https://www.x17online.com/gallery/galleries/X17_lindsay_shookus_blue_070718/thumb/X17_lindsay_shookus_blue_070718_01.jpg", "https://www.x17online.com/media/images//2020/09/dallasfrostedtips-thumb.jpg", "https://www.x17online.com/media/images//2020/09/addisonbryce-thumb.jpg", "https://www.x17online.com/graphics/2014/X17likeFB.jpg", "https://www.x17online.com/media/images//2020/09/noahbeckfans-thumb.jpg", "https://www.x17online.com/gallery/galleries/X17_lindsay_shookus_blue_070718/thumb/X17_lindsay_shookus_blue_070718_05.jpg", "http://www.x17online.com/media/images/2017/09/x17-tips-ad.jpg", "https://www.x17online.com/media/images//2020/09/hailey-baldwin-preg-thumb.jpg", "https://www.x17online.com/gallery/galleries/X17_lindsay_shookus_blue_070718/thumb/X17_lindsay_shookus_blue_070718_06.jpg", "https://www.x17online.com/media/images//2020/09/bieber-yellow-thumb.jpg"], "top_img": "http://www.x17online.com/media/images//2018/07/affleck-shookus-eloping-pregnant-070918.jpg", "keywords": [], "authors": [], "canonical_link": "https://www.x17online.com/2018/07/lindsay_shookus_white_top_plaid_jacket_baby_bump_pregnant_ben_affleck_elope_hawaii_photos_video_070918", "title": "We Really Think Ben Affleck's Girlfriend Lindsay Shookus Is Pregnant", "meta_data": {"description": "Her maybe baby bump just keeps getting bigger!\r\n\r\nBen Affleck's girlfriend Lindsay Shookus left their shared Pacific Palisades mansion over the...", "keywords": "Ben Affleck, Lindsay Shookus, pregnant, expecting, baby, child, baby bump, jeans, white top, elope, Hawaii, photos, video", "google-site-verification": "ORuZheMN4-baOSxMYKkWW1k7jUk8w-JjK6fFb2TB050", "MobileOptimized": "width", "HandheldFriendly": "true", "viewport": "width=device-width, initial-scale=1, maximum-scale=1, user-scalable=no", "og": {"title": "We Really Think Ben Affleck's Girlfriend Lindsay Shookus Is Pregnant  - X17 Online", "site_name": "X17Online.com", "url": "https://www.x17online.com/2018/07/lindsay_shookus_white_top_plaid_jacket_baby_bump_pregnant_ben_affleck_elope_hawaii_photos_video_070918", "type": "article", "image": "http://www.x17online.com/media/images//2018/07/affleck-shookus-eloping-pregnant-070918.jpg"}, "twitter": {"card": "summary", "site": "@x17online", "url": "https://www.x17online.com/2018/07/lindsay_shookus_white_top_plaid_jacket_baby_bump_pregnant_ben_affleck_elope_hawaii_photos_video_070918", "title": "We Really Think Ben Affleck's Girlfriend Lindsay Shookus Is Pregnant  - X17 Online", "description": "Her maybe baby bump just keeps getting bigger!\r\n\r\nBen Affleck's girlfriend Lindsay Shookus left their shared Pacific Palisades mansion over the...", "image": "http://www.x17online.com/media/images//2018/07/affleck-shookus-eloping-pregnant-070918.jpg"}, "yandex-verification": "430940b748012ffc"}, "movies": ["https://www.youtube.com/embed/f52Y77uZuTs?showinfo=0"], "publish_date": null, "source": "http://www.x17online.com", "summary": ""}