{"url": "http://www.buycelebrityclothes.com/fashion-news/these-spring-sandals-are-under-100-and-just-cute-gigi-hadids", "text": "Error message\n\nUser warning: The following module is missing from the file system: sparta. For information about how to fix this, see the documentation page . in _drupal_trigger_error_with_delayed_logging() (line 1143 of /home/buyceleb/public_html/includes/bootstrap.inc).", "images": ["http://www.buycelebrityclothes.com/sites/default/files/uploads/images/google-plus-mini.png", "http://feeds.feedburner.com/~ff/eonline/fashion?d=yIl2AUoC8zA", "http://feeds.feedburner.com/~ff/eonline/fashion?d=7Q72WNTAKBA", "http://www.avantlink.com/gbi/14093/550299/117311/190037/image.png", "http://www.avantlink.com/gbi/14097/550283/117311/190037/image.jpg", "http://www.buycelebrityclothes.com/sites/default/files/uploads/favicon_2.png", "http://feeds.feedburner.com/~ff/eonline/fashion?i=WFKDJ_8E-2Y:BLILqX9xIS4:V_sGLiPBpWU", "http://feeds.feedburner.com/~ff/eonline/fashion?d=qj6IDK7rITs", "http://www.buycelebrityclothes.com/sites/default/files/uploads/images/pinterest-mini.png", "http://www.americansuperstarmag.com/sites/default/files/celebnation.jpg", "http://feeds.feedburner.com/~r/eonline/fashion/~4/WFKDJ_8E-2Y", "http://images.eonline.com/resize/66/66//eol_images/Entire_Site/2017317//rs_600x600-170417151836-600.Gigi-Hadid-Summer-Sandals.jl.041717.jpg", "http://www.buycelebrityclothes.com/sites/default/files/uploads/images/twitter-mini.png", "http://www.avantlink.com/gbi/10917/89785/117311/190037/image.jpg", "http://www.buycelebrityclothes.com/sites/default/files/uploads/images/facebook-mini.png"], "top_img": "http://www.buycelebrityclothes.com/sites/default/files/uploads/favicon_2.png", "keywords": [], "authors": [], "canonical_link": "http://www.buycelebrityclothes.com/fashion-news/these-spring-sandals-are-under-100-and-just-cute-gigi-hadids", "title": "These Spring Sandals Are Under $100--and Just as Cute as Gigi Hadid's", "meta_data": {"Generator": "Drupal 7 (http://drupal.org)", "viewport": "width=device-width, initial-scale=1, maximum-scale=3, minimum-scale=1, user-scalable=yes"}, "movies": [], "publish_date": null, "source": "http://www.buycelebrityclothes.com", "summary": ""}