{"url": "https://www.youtube.com/watch?v=jC8F3gd5_XY", "text": "", "images": ["https://i.ytimg.com/vi/jC8F3gd5_XY/hqdefault.jpg"], "top_img": "https://i.ytimg.com/vi/jC8F3gd5_XY/hqdefault.jpg", "keywords": [], "authors": [], "canonical_link": "https://www.youtube.com/watch?v=jC8F3gd5_XY", "title": "WATCH LIVE: Tim Kaine and Corey Stewart meet for first U.S. Senate debate in Virginia", "meta_data": {"theme-color": "rgba(255, 255, 255, 0.98)", "title": "WATCH LIVE: Tim Kaine and Corey Stewart meet for first U.S. Senate debate in Virginia", "description": "The Virginia Bar Association hosts the first U.S. Senate debate Virginia's 2018 election. Sen. Tim Kaine (D) will face Corey Stewart (R) on July 21. Find mor...", "keywords": "video, dela, kameratelefon, videotelefon, gratis, ladda upp", "robots": "noindex", "og": {"site_name": "YouTube", "url": "https://www.youtube.com/watch?v=jC8F3gd5_XY", "title": "WATCH LIVE: Tim Kaine and Corey Stewart meet for first U.S. Senate debate in Virginia", "image": {"identifier": "https://i.ytimg.com/vi/jC8F3gd5_XY/hqdefault.jpg", "width": 480, "height": 360}, "description": "The Virginia Bar Association hosts the first U.S. Senate debate Virginia's 2018 election. Sen. Tim Kaine (D) will face Corey Stewart (R) on July 21. Find mor...", "type": "video.other", "video": {"url": "https://www.youtube.com/embed/jC8F3gd5_XY", "secure_url": "https://www.youtube.com/embed/jC8F3gd5_XY", "type": "text/html", "width": 1280, "height": 720}}, "al": {"ios": {"app_store_id": 544007664, "app_name": "YouTube", "url": "vnd.youtube://www.youtube.com/watch?v=jC8F3gd5_XY&feature=applinks"}, "android": {"url": "vnd.youtube://www.youtube.com/watch?v=jC8F3gd5_XY&feature=applinks", "app_name": "YouTube", "package": "com.google.android.youtube"}, "web": {"url": "http://www.youtube.com/watch?v=jC8F3gd5_XY&feature=applinks"}}, "fb": {"app_id": 87741124305}, "twitter": {"card": "player", "site": "@youtube", "url": "https://www.youtube.com/watch?v=jC8F3gd5_XY", "title": "WATCH LIVE: Tim Kaine and Corey Stewart meet for first U.S. Senate debate in Virginia", "description": "The Virginia Bar Association hosts the first U.S. Senate debate Virginia's 2018 election. Sen. Tim Kaine (D) will face Corey Stewart (R) on July 21. Find mor...", "image": "https://i.ytimg.com/vi/jC8F3gd5_XY/hqdefault.jpg", "app": {"name": {"iphone": "YouTube", "ipad": "YouTube", "googleplay": "YouTube"}, "id": {"iphone": 544007664, "ipad": 544007664, "googleplay": "com.google.android.youtube"}, "url": {"iphone": "vnd.youtube://www.youtube.com/watch?v=jC8F3gd5_XY&feature=applinks", "ipad": "vnd.youtube://www.youtube.com/watch?v=jC8F3gd5_XY&feature=applinks", "googleplay": "https://www.youtube.com/watch?v=jC8F3gd5_XY"}}, "player": {"identifier": "https://www.youtube.com/embed/jC8F3gd5_XY", "width": 1280, "height": 720}}}, "movies": [], "publish_date": null, "source": "https://www.youtube.com", "summary": ""}