{"url": "https://www.thesun.co.uk/tvandshowbiz/3312815/mtv-reality-star-clay-adler-dead-at-27-after-taking-his-own-life/", "text": "MTV reality star Clay Adler has died aged 27.\n\nClay who was the lead in Newport Harbour: The Real Orange County, passed away from a self-inflicted gunshot wound on March 26, reports TMZ.\n\n6 MTV star Clay Adler has died at 27 after taking his life Credit: Getty Images - FilmMagic\n\nPolice sources told TMZ that Clay was with friends on March 25 when he took his own life after the group had gone into the desert to fire guns, and Clay turned the weapon on himself.\n\nHe shot himself in the head and died the following day in hospital.\n\nPolice do not believe drugs or alcohol were involved, but told TMZ that he had suffered with mental health issues in the past.\n\nMOST READ IN TV & SHOWBIZ CHASED OFF The Chase\u2019s Anne is furious as her salary is slashed after new Chaser joins OH HONEY Jonathan Ross' daughter poses naked on Instagram saying 'f*** it - a full nude' HEAVY PRAYER Big Brother's Heavy D said 'I need all the blessings I can get' in final video Exclusive gangster's paradise I'm A Celeb's Shane Richie had a close friendship with Reggie Kray 'TOO SKINNY' Chloe Ferry slammed by fans for posting 'too skinny' picture of her ribs MEGA LOVE Inside Beverley Callard's wild marriage to 'megashag' fourth husband Jon Exclusive JOE'S WOES Emmerdale star moves out after rows with girlfriend over time with DOI's Vanessa COME AGAIN? Countdown\u2019s board spells out a VERY rude word - leaving viewers in hysterics READY FOR LOVE Celebs Go Dating Chloe Ferry and Curtis Pritchard join stars at \u00a330m mansion Exclusive 'it wasn't easy' BB's Heavy D was skint and 'struggling' in lockdown before his death\n\n6 Clay died in hospital following a self-inflicted gunshot wound Credit: Getty Images\n\n6 Tributes have poure din for Clay Adler Credit: Getty Images - WireImage\n\nOn Saturday his family and friends paid tribute the keen surfer with a traditional paddle out ceremony.\n\nAn MTV spokesperson told Digital Spy: \"We are saddened by the news of Clay Adler's passing. Our thoughts and prayers are with his family and friends at this time.\"\n\n6 Clay was close to Jennifer Lawrence Credit: Eyevine\n\n6 Jennifer Lawrence is reportedly \"heartbroken\" Credit: Getty Images\n\nClay was good friends with Hollywood actress Jennifer Lawrence, and she's been left \"heartbroken\".\n\n\"Clay brings Jennifer back to her humble beginnings and really has made Jennifer feel heartbroken,\" a source told HollywoodLife.\n\n\"It is really sad because she remembers him fondly and never wants to hear anything like this happen to anyone, especially to someone she once knew very well. It\u2019s a shame and she is really bummed out over it,\" they added.\n\n6 Clay passed away after committing suicide Credit: Facebook\n\nThe star's father Frank confirmed his son's death was suicide, and admitted Clay would be happy his organs had been donated to save more lives.\n\n\"[He's] already saved about four or five lives,\" he told People.\n\n\"Clay had requested that his organs - and he did this years ago when he applied for a driver\u2019s license - that his organs be donated to people.\"\n\nIf you are affected by any of the issues raised in this article, please call the Samaritans on (free) 116123 or 020 7734 2800.", "images": ["https://i0.wp.com/www.thesun.co.uk/wp-content/uploads/2017/04/nintchdbpict000315995685.jpg?crop=0px%2C240px%2C2080px%2C1386px&resize=1200%2C800&ssl=1", "data:image/gif;base64,R0lGODlhAQABAAAAACH5BAEKAAEALAAAAAABAAEAAAICTAEAOw==", "data:image/svg+xml,%3Csvg xmlns=\"http://www.w3.org/2000/svg\" viewBox=\"0 0 1 1\"%3E%3C/svg%3E", "data:image/svg+xml,%3Csvg xmlns=\"http://www.w3.org/2000/svg\" viewBox=\"0 0 0.7 1\"%3E%3C/svg%3E", "data:image/svg+xml,%3Csvg xmlns=\"http://www.w3.org/2000/svg\" viewBox=\"0 0 0.6 1\"%3E%3C/svg%3E", "https://www.thesun.co.uk/wp-content/uploads/2020/11/sunmasthead_mobile-1.png", "https://www.thesun.co.uk/wp-content/themes/thesun/images/sunmasthead.svg", "https://www.facebook.com/tr?id=752905198150451&ev=PageView&noscript=1"], "top_img": "https://i0.wp.com/www.thesun.co.uk/wp-content/uploads/2017/04/nintchdbpict000315995685.jpg?crop=0px%2C240px%2C2080px%2C1386px&resize=1200%2C800&ssl=1", "keywords": [], "authors": ["Lauren Franklin"], "canonical_link": "https://www.thesun.co.uk/tvandshowbiz/3312815/mtv-reality-star-clay-adler-dead-at-27-after-taking-his-own-life/", "title": "MTV reality star Clay Adler dead at 27 after taking his own life", "meta_data": {"twitter": {"text": {"title": "MTV reality star Clay Adler dead at 27 after taking his own life"}, "card": "summary_large_image", "site": "@thesun"}, "robots": "noarchive,noodp", "taboola": {"kicker": "REALITY TRAGEDY", "headline": "MTV reality star Clay Adler dead at 27 after taking his own life", "image": {"medium": "https://i0.wp.com/www.thesun.co.uk/wp-content/uploads/2017/04/nintchdbpict000315995685.jpg?crop=0px%2C217px%2C2080px%2C1385px&resize=300%2C192&ssl=1", "large": "https://i0.wp.com/www.thesun.co.uk/wp-content/uploads/2017/04/nintchdbpict000315995685.jpg?crop=0px%2C217px%2C2080px%2C1385px&resize=620%2C413&ssl=1"}}, "parsely-post-id": 3312815, "viewport": "initial-scale=1.0, maximum-scale=1.0, user-scalable=no, width=device-width, viewport-fit=cover", "apple-itunes-app": "app-id=373954290, affiliate-data=ct=Smart%20App%20Banner&pt=263124", "google-site-verification": "a576LGe3E0YA5QjAMY268jcuKWwPLIORxwlTMrjnfnE", "msvalidate.01": "E4359034FA254151A3AB2EFAC6D20D80", "p": {"domain_verify": "c061a8052bd9e93315b7f01447fa4124"}, "og": {"type": "article", "title": "MTV reality star Clay Adler dead at 27 after taking his own life", "url": "https://www.thesun.co.uk/tvandshowbiz/3312815/mtv-reality-star-clay-adler-dead-at-27-after-taking-his-own-life/", "description": "MTV reality star Clay Adler has died aged 27. Clay who was the lead in Newport Harbour: The Real Orange County, passed away from a self-inflicted gunshot wound on March 26, reports TMZ. Police sour\u2026", "site_name": "The Sun", "image": {"identifier": "https://i0.wp.com/www.thesun.co.uk/wp-content/uploads/2017/04/nintchdbpict000315995685.jpg?crop=0px%2C240px%2C2080px%2C1386px&resize=1200%2C800&ssl=1", "width": 1200, "height": 800}, "locale": "en_GB"}, "article": {"published_time": "2017-04-11T21:09:21+00:00", "modified_time": "2017-04-13T03:34:21+00:00", "publisher": 161385360554578, "author": "https://www.facebook.com/thesunshowbiz/", "content_tier": "free"}, "fb": {"app_id": 144647118961553, "pages": 161385360554578}, "description": "Clay who was the lead in Newport Harbour: The Real Orange County, passed away from a self-inflicted gunshot wound on March 26, reports TMZ.", "keywords": "clay adler, suicide, dead,", "news_keywords": "clay adler, suicide, dead,", "msapplication-TileImage": "https://www.thesun.co.uk/wp-content/uploads/2016/04/icon-e1459786005667.png?strip=all&w=270"}, "movies": [], "publish_date": 1491944961.0, "source": "https://www.thesun.co.uk", "summary": ""}