{"url": "http://www.nytimes.com/2016/07/21/us/politics/donald-trump-issues.html?_r=1", "text": "CLEVELAND \u2014 Donald J. Trump, on the eve of accepting the Republican nomination for president, explicitly raised new questions on Wednesday about his commitment to automatically defending NATO allies if they are attacked, saying he would first look at their contributions to the alliance.\n\nAsked about Russia\u2019s threatening activities, which have unnerved the small Baltic States that are among the more recent entrants into NATO, Mr. Trump said that if Russia attacked them, he would decide whether to come to their aid only after reviewing if those nations have \u201cfulfilled their obligations to us.\u201d\n\n\u201cIf they fulfill their obligations to us,\u201d he added, \u201cthe answer is yes.\u201d\n\nMr. Trump\u2019s statement appeared to be the first time that a major candidate for president had suggested conditioning the United States\u2019 defense of its major allies. It was consistent, however, with his previous threat to withdraw American forces from Europe and Asia if those allies fail to pay more for American protection.\n\nMr. Trump also said he would not pressure Turkey or other authoritarian allies about conducting purges of their political adversaries or cracking down on civil liberties. The United States, he said, has to \u201cfix our own mess\u201d before trying to alter the behavior of other nations.", "images": ["https://static01.nyt.com/images/2016/07/21/us/21trumppolicy-web/21trumppolicy-web-articleLarge.jpg?quality=75&auto=webp&disable=upscale", "https://static01.nyt.com/images/2016/07/20/us/20live-blog-refer2/20live-blog-refer2-videoLarge-v2.jpg", "https://static01.nyt.com/images/2016/07/20/us/20live-blog-refer2/20live-blog-refer2-videoSixteenByNine3000-v5.jpg", "https://static01.nyt.com/images/2016/07/21/us/21trumppolicy-web/21trumppolicy-web-facebookJumbo.jpg?year=2016&h=549&w=1050&sig=0x86ec716b9b246faf0352a112ec499bcb"], "top_img": "https://static01.nyt.com/images/2016/07/21/us/21trumppolicy-web/21trumppolicy-web-facebookJumbo.jpg?year=2016&h=549&w=1050&sig=0x86ec716b9b246faf0352a112ec499bcb", "keywords": [], "authors": ["David E. Sanger", "Maggie Haberman"], "canonical_link": "https://www.nytimes.com/2016/07/21/us/politics/donald-trump-issues.html", "title": "Donald Trump Sets Conditions for Defending NATO Allies Against Attack", "meta_data": {"article": {"published_time": "2016-07-21T02:12:10.000Z", "modified_time": "2016-07-21T15:26:07.000Z", "section": "U.S.", "author": "http://www.nytimes.com/by/maggie-haberman", "tag": "Republican National Convention", "opinion": "false", "content_tier": "metered"}, "robots": "noarchive", "articleid": 100000004542879, "nyt_uri": "nyt://article/034658f6-fb2d-55c1-8328-f59ec256f441", "pubp_event_id": "pubp://event/e0e642ff449445979fa6abd2640427f7", "description": "Reiterating a hard-line nationalist approach, Mr. Trump raised new questions about his commitment to automatically defend NATO allies.", "image": "https://static01.nyt.com/images/2016/07/21/us/21trumppolicy-web/21trumppolicy-web-facebookJumbo.jpg?year=2016&h=549&w=1050&sig=0x86ec716b9b246faf0352a112ec499bcb", "byl": "By David E. Sanger and Maggie Haberman", "thumbnail": "https://static01.nyt.com/images/2016/07/21/us/21trumppolicy-web/21trumppolicy-web-thumbStandard-v2.jpg", "news_keywords": "2016 Presidential Election,,,Donald Trump,US Foreign Policy,Turkey,NATO,Republican National Convention;RNC", "pdate": 20160720, "og": {"url": "https://www.nytimes.com/2016/07/21/us/politics/donald-trump-issues.html", "type": "article", "title": "Donald Trump Sets Conditions for Defending NATO Allies Against Attack (Published 2016)", "image": {"identifier": "https://static01.nyt.com/images/2016/07/21/us/21trumppolicy-web/21trumppolicy-web-facebookJumbo.jpg?year=2016&h=549&w=1050&sig=0x86ec716b9b246faf0352a112ec499bcb", "alt": "Donald J. Trump was greeted by his family when he arrived in Cleveland on Wednesday."}, "description": "Reiterating a hard-line nationalist approach, Mr. Trump raised new questions about his commitment to automatically defend NATO allies."}, "twitter": {"url": "https://www.nytimes.com/2016/07/21/us/politics/donald-trump-issues.html", "title": "Donald Trump Sets Conditions for Defending NATO Allies Against Attack (Published 2016)", "description": "Reiterating a hard-line nationalist approach, Mr. Trump raised new questions about his commitment to automatically defend NATO allies.", "image": {"identifier": "https://static01.nyt.com/images/2016/07/21/us/21trumppolicy-web/21trumppolicy-web-videoSixteenByNine3000.jpg?year=2016&h=1685&w=3000&sig=0x1bc40d6e29ce04cef2b008a647ce175d&tw=1", "alt": "Donald J. Trump was greeted by his family when he arrived in Cleveland on Wednesday."}, "card": "summary_large_image", "app": {"name": {"googleplay": "NYTimes"}, "id": {"googleplay": "com.nytimes.android"}, "url": {"googleplay": "nyt://article/034658f6-fb2d-55c1-8328-f59ec256f441"}}, "site": "@nytimes"}, "CG": "us", "SCG": "politics", "CN": "election-2016", "CT": "news-event", "PT": "article", "PST": "News", "url": "https://www.nytimes.com/2016/07/21/us/politics/donald-trump-issues.html", "msapplication-starturl": "https://www.nytimes.com", "al": {"android": {"url": "nyt://article/034658f6-fb2d-55c1-8328-f59ec256f441", "package": "com.nytimes.android", "app_name": "NYTimes"}, "iphone": {"url": "nytimes://www.nytimes.com/2016/07/21/us/politics/donald-trump-issues.html", "app_store_id": 284862083, "app_name": "NYTimes"}, "ipad": {"url": "nytimes://www.nytimes.com/2016/07/21/us/politics/donald-trump-issues.html", "app_store_id": 357066198, "app_name": "NYTimes"}}, "viewport": "width=device-width, initial-scale=1", "fb": {"app_id": 9869919170}}, "movies": [], "publish_date": 1469052000.0, "source": "http://www.nytimes.com", "summary": ""}