{"url": "hollywoodlife.com/2017/12/04/selena-gomez-misses-justin-bieber-trip-london/", "text": "Absence makes the heart grow fonder! We\u2019ve got EXCLUSIVE details on how Selena Gomez is missing Justin Bieber like crazy while she\u2019s away in Europe.\n\nSelena Gomez, 25, is an ocean away from sweetie Justin Bieber, 23, on a trip to London and this is the farthest they\u2019ve been apart since getting back together in late October. While there\u2019s always Facetime, nothing beats the real thing and the singer is missing her honey with all of this distance between them. \u201cSelena has been a bit bummed since her time out of the states and away from Justin. She misses him dearly and the time apart has helped her realize how important he is to her,\u201d a source close to Selena tells HollywoodLife.com EXCLUSIVELY.\n\n\u201cSelena felt the need to pull back a little but that has only made things more clear in her mind. Selena has a strong love and bond for Justin. She wanted alone time, got it, and it was what she needed. It has helped her learn about herself and how much Justin means to her. She genuinely misses him and is can\u2019t wait to get back to him,\u201d our insider adds.\n\nThe \u201cWolves\u201d singer is in London for the Fashion Awards 2017 on Dec. 4 where she rocked her blonde bob along with a very conservative long sleeved white dress with ruffles that looked like something out of the Old West. She finally admitted to getting back together with Justin in a cover story for Billboard magazine, which just named her Woman of the Year. \u201cI\u2019m 25. I\u2019m not 18, or 19, or 20,\u201d she told the magazine of reconnecting with her ex. \u201cI cherish people who have really impacted my life.\u201d\n\nAfter her dramatic health scare where she needed a kidney transplant over the summer after coming within two weeks of organ failure, no wonder she\u201ds done a ton of re-evaluating of what she wants now that she has a new lease on life. As her song says, \u201cThe Heart Wants What it Wants\u201d and that\u2019s Justin! They\u2019ve both grown so much in their years apart so hopefully this time around their romance will go the distance.\n\nHollywoodLifers, are you glad that Justin and Selena are back together? Or do you think he\u2019ll break her heart again?", "images": ["https://tvline.com/wp-content/uploads/2020/11/virgin-river-season-1-recap-mel.jpg?w=230&crop=1", "https://www.rollingstone.com/wp-content/uploads/2019/11/Surface-Pro-7.jpg?w=230&crop=1", "https://hollywoodlife.com/wp-content/uploads/2016/04/beth_shiliday.jpg?w=48", "https://hollywoodlife.com/wp-content/uploads/2020/11/sport-bra-ftr.jpg?w=143&h=80&crop=1", "http://pixel.quantserve.com/pixel?a.1=p-6fKiDaopTGEQg&a.2=p-31f3D02tYU8zY", "https://stylecaster.com/wp-content/uploads/2020/11/rothys-black-friday-collection-copy.jpg?w=230&crop=1", "https://www.sheknows.com/wp-content/uploads/2020/10/what-a-free-thanksgiving-dinner-really-means-to-a-family-like-mine.jpg?w=230&crop=1", "https://sb.scorecardresearch.com/p?c1=2&c2=6035310&c3=&c4=&c5=&c6=&c15=&cv=2.0&cj=1", "https://hollywoodlife.com/wp-content/uploads/2020/07/kelsey-nicole-5-things-to-know-ap-images-ftr.jpg?w=143&h=80&crop=1", "https://hollywoodlife.com/wp-content/uploads/2017/12/selena-misses-jb-dearly-ftr.jpg", "https://footwearnews.com/wp-content/uploads/2020/11/vanessa-hudgens-crop-top-jeans.jpg?w=230&crop=1", "https://hollywoodlife.com/wp-content/uploads/2020/11/kourtney-kardashian-and-kylie-jenner-wasted-meme-ap-images-ftr.jpg?w=143&h=80&crop=1", "data:image/gif;base64,R0lGODlhAQABAIAAAAAAAP///yH5BAEAAAAALAAAAAABAAEAAAIBRAA7"], "top_img": "https://hollywoodlife.com/wp-content/uploads/2017/12/selena-misses-jb-dearly-ftr.jpg", "keywords": [], "authors": ["Beth Shilliday", "Kimberly Zapata", "Bella Gerard", "Andy Swift", "Tim Chan", "Brandt Ranj", "Claudia Miller", "Senior Evening Writer"], "canonical_link": "https://hollywoodlife.com/2017/12/04/selena-gomez-misses-justin-bieber-trip-london/", "title": "Selena Gomez Missing Justin Bieber \u2018Dearly\u2019 While She\u2019s Away In Europe: They Have A \u2018Strong Love\u2019", "meta_data": {"description": "Selena Gomez is missing boyfriend Justin Bieber big time while she's away on a working trip to London", "news_keywords": "Justin Bieber, Selena Gomez", "apple-itunes-app": "app-id=1400650284", "generator": "WordPress 5.5.2", "author": "Beth Shilliday", "theme-color": "#fff", "apple-mobile-web-app-capable": "yes", "mobile-web-app-capable": "yes", "apple-touch-fullscreen": "YES", "apple-mobile-web-app-title": "Hollywood Life", "application-name": "Hollywood Life", "fb": {"pages": 94724837471}, "robots": "max-image-preview:large", "onesignal": "wordpress-plugin", "og": {"type": "article", "title": "Selena Gomez Missing Justin Bieber \u2018Dearly\u2019 While She\u2019s Away In Europe: They Have A \u2018Strong Love\u2019", "url": "https://hollywoodlife.com/2017/12/04/selena-gomez-misses-justin-bieber-trip-london/", "description": "Absence makes the heart grow fonder! We\u2019ve got EXCLUSIVE details on how Selena Gomez is missing Justin Bieber like crazy while she\u2019s away in Europe.", "site_name": "Hollywood Life", "image": {"identifier": "https://hollywoodlife.com/wp-content/uploads/2017/12/selena-misses-jb-dearly-ftr.jpg", "width": 620, "height": 349, "alt": "Justin Bieber And Selena Gomez"}, "locale": "en_US"}, "article": {"published_time": "2017-12-05T02:25:03+00:00", "modified_time": "2017-12-05T22:13:30+00:00"}, "twitter": {"text": {"title": "Selena Gomez Missing Justin Bieber \u2018Dearly\u2019 While She\u2019s Away In Europe: They Have A \u2018Strong Love\u2019"}, "image": {"identifier": "https://hollywoodlife.com/wp-content/uploads/2017/12/selena-misses-jb-dearly-ftr.jpg?w=620", "alt": "Justin Bieber And Selena Gomez"}, "card": "summary_large_image", "site": "@HollywoodLife", "title": "Selena Gomez Missing Justin Bieber \u2018Dearly\u2019 While She\u2019s Away In Europe: They Have A \u2018Strong Love\u2019", "description": "Selena Gomez is missing boyfriend Justin Bieber big time while she's away on a working trip to London"}, "msapplication-TileImage": "https://hollywoodlife.com/wp-content/uploads/2018/06/hl_logo.png?w=128"}, "movies": [], "publish_date": 1512342000.0, "source": "http://hollywoodlife.com", "summary": ""}