{"url": "https://web.archive.org/web/20170920005718/http://www.kvoo.com/shows/kristina-carlyle/why-did-blake-shelton-make-gwen-stefani-cry", "text": "Blake Shelton recently brought Gwen Stefani to tears with his new pastime. He has been teaching her two eldest sons, Kingston and Zuma how to play guitar! Blake loves music, so she is touched that he has chosen to share something with her sons that is so important to him. The bond between Blake and her sons seems to be growing every day, and he even gave them cameo in his new video for 'I'll Name The Dogs\". Who knows, if they keep up with their lessons they can all form a family band! More here.\n\nRumors are flying that Meghan Markle is set to move to the UK in January of next year to be with Prince Harry. Insiders say that she has already cut her car lease short, and her contract with the TV show Suits ends in December. Speculation is that she and Harry got secretly engaged during their recent vacation to Botswana. If they do indeed marry, it will be the first British royal to marry an American in 80 years. But Harry is fifth in line to the throne, so it's unlikely that Queen Elizabeth would object.\n\nBen Affleck and his new girlfriend Lindsay Shookus got a ton of media attention when they attended the Emmy Awards together on Sunday night. However, it turns out that her friends weren't very impressed with Ben. They are a tight knit group, and it takes a while for them to let in anyone new. Ben reportedly spent the whole night trying to get laughs by constantly cracking jokes. But, her pals didn't find him funny at all, and they wished he would just have relaxed and stayed a little quieter. They just aren't sure that Ben is the one for Lindsay and they think she could do better.", "images": ["https://web.archive.org/web/20170920005718im_/http://mediaassets.kvoo.com/photo/2017/09/19/GettyImages-623255522_1505849978691_66758763_ver1.0_640_480.jpg", "https://web.archive.org/web/20170920005718im_/http://www.wcpo.com/wcpo-digital-theme/images/custom/logo-scripps.png", "https://web.archive.org/web/20170920005718im_/http://mediaassets.kvoo.com/photo/2017/09/19/GettyImages-623255522_1505849978691_66758763_ver1.0_320_240.jpg"], "top_img": "https://web.archive.org/web/20170920005718im_/http://mediaassets.kvoo.com/photo/2017/09/19/GettyImages-623255522_1505849978691_66758763_ver1.0_640_480.jpg", "keywords": [], "authors": ["Kristina Carlyle", "Rachel Murray"], "canonical_link": "https://web.archive.org/web/20170920005718/http://www.kvoo.com/shows/kristina-carlyle/why-did-blake-shelton-make-gwen-stefani-cry", "title": "Why Did Blake Shelton Make Gwen Stefani Cry?", "meta_data": {"og": {"description": "Also in The 411: Why Ben Affleck isn't winning over his new girl friend's pals and is Meghan Markle moving in with Prince Harry soon?", "title": "Why Did Blake Shelton Make Gwen Stefani Cry?", "type": "article", "url": "https://web.archive.org/web/20170920005718/http://www.kvoo.com/shows/kristina-carlyle/why-did-blake-shelton-make-gwen-stefani-cry", "image": {"identifier": "https://web.archive.org/web/20170920005718im_/http://mediaassets.kvoo.com/photo/2017/09/19/GettyImages-623255522_1505849978691_66758763_ver1.0_640_480.jpg", "width": 640, "height": 480}, "locale": "en_US", "site_name": "KVOO"}, "fb": {"app_id": 142215452542251, "pages": 126662194044215}, "article": {"section": "Kristina Carlyle", "tag": "kvoo, kristina carlyle", "published_time": "2017-09-19T14:54:29-0500", "modified_time": "2017-09-19T14:54:29-0500", "expiration_time": "2037-06-06T19:54:00+0000", "author": "http://www.facebook.com/"}, "description": "Also in The 411: Why Ben Affleck isn&#39;t winning over his new girl friend&#39;s pals and is Meghan Markle moving in with Prince Harry soon?", "keywords": "kvoo,kristina carlyle,Kristina Carlyle,Shows", "news_keywords": "kvoo,kristina carlyle,Kristina Carlyle,Shows", "viewport": "width=device-width, target-densitydpi=device-dpi, initial-scale=1.0, maximum-scale=1.0", "isStory": "true", "isPremium": "false", "idio": {"isPremium": "false", "author": "Kristina Carlyle"}, "author": "Kristina Carlyle", "shortHeadline": "Why Did Blake Shelton Make Gwen Stefani Cry?"}, "movies": [], "publish_date": 1505850869.0, "source": "https://web.archive.org", "summary": ""}