{"url": "www.ellentube.com/video/french-canadian-mother-finds-a-weird-solution-to-save-ellen-degeneres-and-portia-de-rossi-marriage.html", "text": "", "images": ["https://warnerbros-h.assetsadobe.com/is/image/content/dam/ellen/videos/ugc/comedy/2015/1/1-tjw2zphu?qlt=95"], "top_img": "https://warnerbros-h.assetsadobe.com/is/image/content/dam/ellen/videos/ugc/comedy/2015/1/1-tjw2zphu?qlt=95", "keywords": [], "authors": [], "canonical_link": "https://www.ellentube.com/video/french-canadian-mother-finds-a-weird-solution-to-save-ellen-degeneres-and-portia-de-rossi-marriage.html", "title": "French-Canadian mother finds a weird solution to save Ellen Degeneres and Portia de Rossi marriage", "meta_data": {"viewport": "width=device-width, initial-scale=1, maximum-scale=1, user-scalable=no, viewport-fit=cover", "msapplication-TileColor": "#ffffff", "msapplication-TileImage": "/etc.clientlibs/ellen/clientlibs/clientlib-all/resources/assets/favicons/ms-icon-144x144.png", "theme-color": "#ffffff", "keywords": "ellen degeneres, thank you ellen, portia, incredible, inspiring, funny", "description": "After reading Ellen's book \"Seriously...I'm Kidding\", a french-canadian finds a weird (but clever!) way to solve one of Ellen's biggest problem she talks about having with Portia in her book.&nbsp;", "og": {"site_name": "ellentube.com", "title": "French-Canadian mother finds a weird solution to save Ellen Degeneres and Portia de Rossi marriage", "description": "After reading Ellen's book \"Seriously...I'm Kidding\", a french-canadian finds a weird (but clever!) way to solve one of Ellen's biggest problem she talks about having with Portia in her book.&nbsp;", "image": "https://warnerbros-h.assetsadobe.com/is/image/content/dam/ellen/videos/ugc/comedy/2015/1/1-tjw2zphu?qlt=95", "url": "https://www.ellentube.com/video/french-canadian-mother-finds-a-weird-solution-to-save-ellen-degeneres-and-portia-de-rossi-marriage.html", "type": "video.other"}, "article": {"author": "The Ellen Show", "published_time": "2015-01-10T21:48:58Z"}, "fb": {"app_id": 2016641921927641}, "twitter": {"site": "@TheEllenShow", "creator": "@TheEllenShow", "title": "French-Canadian mother finds a weird solution to save Ellen Degeneres and Portia de Rossi marriage", "description": "After reading Ellen's book \"Seriously...I'm Kidding\", a french-canadian finds a weird (but clever!) way to solve one of Ellen's biggest problem she talks about having with Portia in her book.&nbsp;", "image": "https://warnerbros-h.assetsadobe.com/is/image/content/dam/ellen/videos/ugc/comedy/2015/1/1-tjw2zphu?qlt=95", "card": "summary_large_image"}, "al": {"ios": {"url": "ellentube://video/french-canadian-mother-finds-a-weird-solution-to-save-ellen-degeneres-and-portia-de-rossi-marriage.html", "app_store_id": 925016244, "app_name": "ellentube"}, "android": {"url": "ellentube://video/french-canadian-mother-finds-a-weird-solution-to-save-ellen-degeneres-and-portia-de-rossi-marriage.html", "package": "com.wb.goog.ellentube", "app_name": "ellentube"}}, "apple-itunes-app": "app-id=925016244, app-argument=https://www.ellentube.com/video/french-canadian-mother-finds-a-weird-solution-to-save-ellen-degeneres-and-portia-de-rossi-marriage.html"}, "movies": [], "publish_date": 1420926538.0, "source": "http://www.ellentube.com", "summary": ""}