{"url": "http://findarticles.com/p/articles/mi_qn4155/is_20031113/ai_n12522821", "text": "FINDARTICLES is a CBS Interactive portal that lets you find articles about any topic, by searching in our network of news and technology sites, including CBS News, CNET, TV.com and others", "images": ["http://findarticles.com/favicon.ico", "http://findarticles.com/p/articles/mi_qn4155/is_20031113/img/brand.png", "http://findarticles.com/img/brand-footer.png", "http://findarticles.com/p/articles/mi_qn4155/is_20031113/img/search-icon.png"], "top_img": "http://findarticles.com/favicon.ico", "keywords": [], "authors": [], "canonical_link": "", "title": "FindArticles.com", "meta_data": {"viewport": "width=device-width, initial-scale=1"}, "movies": [], "publish_date": null, "source": "http://findarticles.com", "summary": ""}