{"url": "http://politicaladarchive.org/ad/polad_donaldtrump_k1mkc/", "text": "Clinton said, \"Trump Management was charged with discriminating against African-Americans and breaking federal law.\"\n\nThe government in 1973 accused Trump, his father and Trump Management of violating the Fair Housing Act, part of the Civil Rights Act of 1968. The case alleged Trump\u2019s realty company discriminated against non-white tenants and potential tenants at numerous apartment complexes.\n\nThe government settled the lawsuit, after Trump waged a years-long legal battle, so Trump never admitted guilt. But the company did agree to comply with extensive requirements intended to stop housing discrimination at its properties.\n\nClinton\u2019s claim is carefully phrased. For that, we rate her claim True.", "images": ["http://politicaladarchive.org/wp-content/themes/tvarchive-canonical_wordpress/img/brand_logo.png", "http://politicaladarchive.org/wp-content/themes/tvarchive-canonical_wordpress/img/mail.png", "http://politicaladarchive.org/wp-content/uploads/2016/01/POLITIFACT_logo_Pulitzer_tagline_rgb.jpg", "http://politicaladarchive.org/wp-content/themes/tvarchive-canonical_wordpress/img/twitter.png"], "top_img": "", "keywords": [], "authors": [], "canonical_link": "http://politicaladarchive.org/ad/polad_donaldtrump_k1mkc/", "title": "Political TV Ad Archive \u00bb PolAd", "meta_data": {"viewport": "width=device-width, initial-scale=1, maximum-scale=1, user-scalable=no", "generator": "WordPress 5.1.8"}, "movies": [], "publish_date": null, "source": "http://politicaladarchive.org", "summary": ""}