{"url": "www.ibtimes.co.in/selena-justin-spend-thanksgiving-apart-trouble-paradise-750830", "text": "All Jelena fans can now rest easy because Justin Bieber's whereabouts over Thanksgiving have been revealed, and even though he wasn't right by the side of his on-again flame Selena Gomez, news is just in that things are going smoothly between them.\n\nThe two had been inseparable even since Selena, 25, broke up with The weeknd, 27, and jumped right into the arms of her on-and-off guy, Justin Bieber, 23. But this Thanksgiving saw the Wolves singer in Texas, spending quality time with her family, without Justin.\n\nAlso read: Selena Gomez and Justin Bieber heating up their PDA game, share an intimate kiss\n\nSpeculations surfaced on the internet about things hitting a rough patch, but in recent news, photos of Justin playing hockey with several high-school kids have just been revealed. The Sorry singer was all smiles, even though Selena wasn't there to cheer him on, unlike previous times.\n\nJustin is known for his fondness for the game, and this time his entourage reportedly called up the coach to see if he could join the Canadian team for practice. Of course, Biebs didn't stop at just that as he also sported full gear, in an official Whistler 'A1' Winterhawks jersey.\n\nAs for Selena, she spent the time apart from her beau, with her family and closed ones in the Lone Star state on November 21. She kept fans and followers in the loop by posting adorable snaps and video clips on her Instagram story.\n\nPhotos of her and her little sister Gracie Elliot Teefey show the two having a blast while playing on swings, among other snapshots of the good ol' bonding time that the Same Old Love singer indulged in, over the holiday.\n\nSelena and Gracie! ? pic.twitter.com/AbsgjyJn5D \u2014 Selena Gomez News (@SelenaHQ) November 24, 2017\n\nNovember 23: Selena & her family celebrating Thanksgiving at her house in Texas. pic.twitter.com/FZlZQaK4OD \u2014 Selena Gomez News (@SelenaHQ) November 24, 2017\n\nThis has been a much-deserved break for Selena who has had quite the year so far, to say the least. From her kidney transplant to the Wolves performance on the American Music Awards 2017 \u2013 she has come a long way.\n\nAnd now, with Justin back in the game, sources confirm that everybody close to her is concerned about how things are going to turn out this time -- probably what led to the singers deciding to spend the holiday apart.\n\n\"There is a good amount of Selena's family that don't like Justin and are trying to figure everything out on their reconciliation,\" a source shared with Hollywood Life.com.\n\nNovember 23: Selena with family on Thanksgiving pic.twitter.com/ETc8w3shjj \u2014 Selena Gomez News (@SelenaHQ) November 24, 2017\n\n\"Justin decided to not ruffle any feathers and had Selena visit her family without him because he can see her a lot more than they do and he also didn't want to be the reason that people had a bad holiday.\n\n\"He is trying to make the right decisions and get back into her family's good graces and not showing up for Thanksgiving or taking her away to do their own thing was an important thing to do this year. It's all about baby steps with Justin this time around.\"\n\nAnother source confirmed that Selena's happiness is contagious. \"As much as people around her are worried that she'll end up heartbroken all over again, it's hard not to be happy for her,\" they said.\n\nbut we\u2019re delusional caught up in a dead relationship and all!:!/!:!/8/!!/$!/!/7/!:!;9/!/8# #jelena A post shared by selenagomez (@liveforjelena) on Nov 16, 2017 at 9:50am PST\n\n\"She tried her best to put things with him behind her and for a long time it seemed like she had. Now that she's back with Justin that weight has lifted, she just seems very light and joyful.\"", "images": ["https://graphic1.ibtimes.co.in/www/img/logo-stack.png", "https://data1.ibtimes.co.in/en/full/746562/ibt-default-image.jpg?w=220&h=135", "https://data1.ibtimes.co.in/en/full/667859/sel.jpg", "https://data1.ibtimes.co.in/en/full/746562/ibt-default-image.jpg?h=450&l=50&t=40", "https://graphic1.ibtimes.co.in/www/responsive/latest/home.png", "https://data1.ibtimes.co.in/en/full/746562/ibt-default-image.jpg?w=220&h=138"], "top_img": "https://data1.ibtimes.co.in/en/full/667859/sel.jpg", "keywords": [], "authors": ["Alakananda"], "canonical_link": "https://www.ibtimes.co.in/selena-justin-spend-thanksgiving-apart-trouble-paradise-750830", "title": "Selena and Justin spend Thanksgiving apart: Trouble in paradise?", "meta_data": {"viewport": "width=device-width, initial-scale=1.0", "language": "english", "author": "Alakananda  Bandyopadhyay", "copyright": "2020 IBTimes", "subject": "Selena and Justin spend Thanksgiving apart: Trouble in paradise?", "description": "Music's 'it' couple are back together but they weren't spotted spending this holiday together. Here's why", "keywords": "Selena Gomez,Justin Bieber,selena gomez thanksgiving,justin bieber thanksgiving,Selena gomez and Justin Bieber,selena gomez family,justin bieber hockey game,selena and justin back together", "article": {"published_time": "2017-11-26T11:41:44+05:30", "modified_time": "2017-11-26T11:41:44+05:30", "section": "Celebrity", "tag": "Selena and justin back together", "publisher": "https://www.facebook.com/ibtimes.india"}, "DC.title": "Selena and Justin spend Thanksgiving apart: Trouble in paradise?", "DC.description": "Music's 'it' couple are back together but they weren't spotted spending this holiday together. Here's why", "DC.subject": "Selena Gomez,Justin Bieber,selena gomez thanksgiving,justin bieber thanksgiving,Selena gomez and Justin Bieber,selena gomez family,justin bieber hockey game,selena and justin back together", "og": {"title": "Selena and Justin spend Thanksgiving apart: Trouble in paradise?", "url": "https://www.ibtimes.co.in/selena-justin-spend-thanksgiving-apart-trouble-paradise-750830", "image": "https://data1.ibtimes.co.in/en/full/667859/sel.jpg", "site_name": "IBTimes India", "type": "article", "description": "Music's 'it' couple are back together but they weren't spotted spending this holiday together. Here's why"}, "news_keywords": "Celebrity,Selena Gomez,Justin Bieber,Selena gomez thanksgiving,Justin bieber thanksgiving,Selena gomez and Justin Bieber,Selena gomez family,Justin bieber hockey game,Selena and justin back together", "syndication-source": "https://www.ibtimes.co.in/selena-justin-spend-thanksgiving-apart-trouble-paradise-750830", "Googlebot-news": "index, follow", "robots": "index, follow", "twitter": {"title": "Selena and Justin spend Thanksgiving apart: Trouble in paradise?", "description": "Music's 'it' couple are back together but they weren't spotted spending this holiday together. Here's why", "image": "https://data1.ibtimes.co.in/en/full/667859/sel.jpg", "card": "summary_large_image", "site": "@ibtimes_india", "domain": "www.ibtimes.co.in", "url": "https://www.ibtimes.co.in/selena-justin-spend-thanksgiving-apart-trouble-paradise-750830"}, "theme-color": "#000000", "fb": {"pages": 134755750024728, "app_id": 1386147698272496}}, "movies": [], "publish_date": 1511676704.0, "source": "http://www.ibtimes.co.in", "summary": ""}