{"url": "www.ipopla.com/cougar-angelina-jolie-sinks-her-claws-into-hottie-garrett-hedlund/", "text": "Angelina Jolie has her eye on a new guy \u2014 hottie Garrett Hedlund!\n\nSources close to the 42-year-old single mom told RadarOnline.com that friends think she and Hedlund, 33, are a perfect match!\n\n\u201cIt\u2019s gone from exchanging the odd email to texting several times a day and planning to meet up for dinner,\u201d revealed a source. \u201cIt\u2019s Garrett who\u2019s making all the moves!\u201d\n\nThe blue-eyed hunk dated actress Kirsten Dunst for four years after they met on the set of 2012\u2019s On the Road.\n\nPHOTOS: Angelina Jolie Takes Shiloh Christmas Shopping Amid Divorce Crisis\n\nIronically, Hedlund\u2019s first big-screen role was with Jolie\u2019s ex, Brad Pitt, in 2004\u2019s Troy.\n\nBut insiders said Hedlund and Jolie have shared an electric chemistry since she cast him in her 2014 drama Unbroken.\n\n\u201cAngie\u2019s incredibly flattered and enjoying Garrett\u2019s attention. He\u2019s like a younger, hotter Brad and she\u2019s confessed to a couple of girlfriends that she\u2019d be up for a fling with him,\u201d a source said. \u201cIt would be the ultimate revenge romance!\u201d\n\nWe pay for juicy info! Do you have a story for RadarOnline.com? Email us at tips@radaronline.com, or call us at 800-344-9598 any time, day or night.", "images": ["https://ipopla.com/wp-content/uploads/2020/07/ipop-insight-2-500x383.png", "https://ipopla.com/wp-content/uploads/2017/12/ipop_87x87_new.png", "data:image/gif;base64,R0lGODlhAQABAAAAACH5BAEKAAEALAAAAAABAAEAAAICTAEAOw==", "https://ipopla.com/wp-content/uploads/2020/05/24-2-500x383.png", "https://ipopla.com/wp-content/uploads/2020/09/ipop-insight-1-500x383.png", "https://ipopla.com/wp-content/uploads/2020/05/20-1-500x383.png", "data:image/svg+xml,%3Csvg%20xmlns%3D%27http%3A%2F%2Fwww.w3.org%2F2000%2Fsvg%27%20width%3D%27150%27%20height%3D%2761%27%20viewBox%3D%270%200%20150%2061%27%3E%3Crect%20width%3D%27150%27%20height%3D%27361%27%20fill-opacity%3D%220%22%2F%3E%3C%2Fsvg%3E", "https://ipopla.com/wp-content/uploads/2020/06/29-1-500x383.png", "https://ipopla.com/wp-content/uploads/2018/03/angelina-jolie-garrett-hedlund-fling-pp-1.jpg"], "top_img": "https://ipopla.com/wp-content/uploads/2018/03/angelina-jolie-garrett-hedlund-fling-pp-1.jpg", "keywords": [], "authors": [], "canonical_link": "https://ipopla.com/cougar-angelina-jolie-sinks-her-claws-into-hottie-garrett-hedlund/", "title": "Cougar Angelina Jolie Sinks Her Claws Into Hottie Garrett Hedlund", "meta_data": {"viewport": "width=device-width, initial-scale=1", "description": "iPop promotes emerging talent to leading agents, managers, casting directors, and music industry professionals.", "robots": "index, follow, max-snippet:-1, max-image-preview:large, max-video-preview:-1", "og": {"locale": "en_US", "type": "article", "title": "Cougar Angelina Jolie Sinks Her Claws Into Hottie Garrett Hedlund", "description": "Angelina Jolie has her eye on a new guy \u2014 hottie Garrett Hedlund!\nSources close to the 42-year-old single mom told RadarOnline.com that friends think she and Hedlund, 33, are a perfect match!\n\u201cIt\u2019s gone from exchanging the odd email to texting several times a day and planning to meet up", "url": "https://ipopla.com/cougar-angelina-jolie-sinks-her-claws-into-hottie-garrett-hedlund/", "site_name": "iPop", "image": "https://ipopla.com/wp-content/uploads/2018/03/angelina-jolie-garrett-hedlund-fling-pp-1.jpg"}, "article": {"publisher": "https://www.facebook.com/ipopla", "published_time": "2018-03-14T11:03:45+00:00", "modified_time": "2018-03-14T14:30:37+00:00"}, "twitter": {"card": "summary_large_image", "creator": "@ipop", "site": "@ipop", "label1": "Written by", "data1": "staff", "label2": "Est. reading time", "data2": "1 minute"}, "p": {"domain_verify": "208c84fec576c2e944ed422d0e1737a0\u201d/></head>\n<body class="}}, "movies": [], "publish_date": 1521025425.0, "source": "http://www.ipopla.com", "summary": ""}