{"url": "https://web.archive.org/web/20180624181927/https://hollywoodlife.com/2018/06/24/scott-disick-pinches-sofia-richie-butt-date-cheating-rumors/", "text": "Everything\u2019s fine between Sofia Richie and Scott Disick! The couple were spotted on a date just 3 weeks after cheating rumors floated around. Scott even got a bit handsy! See the pics!\n\nScott Disick, 35, and Sofia Richie, 19, just proved that their relationship is as strong as ever. The pair met up for a smoothie date, and were all smiles as they were photographed leaving Sun Life Organics in Calabasas. At one point, Kourtney Kardashian\u2018s ex-boyfriend even pinched the model\u2019s butt while she laughed at his antics. Cute! See the PDA pictures of Scott and Sofia here.\n\nThe affectionate outing comes just three weeks after the couple were enthralled in breakup rumors over an alleged cheating incident. On June 2, Us Weekly reported that the pair had broken up because Scott \u201ccheated on her in Miami and she found out.\u201d Shortly after the news broke, however, Scott and Sofia were spotted hanging out together again, and the Keeping Up With The Kardashians star denied they ever broke up.\n\nScott made the confusing reveal on his Instagram story. He screenshot a TMZ article that said \u201cSofia Richie & Scott Disick Still Together\u201d and added the note, \u201cWe had no idea we even broke up but thanks for thinking of us.\u201d Whatever drama may or may not have gone down between the couple, it\u2019s definitely in the past. They couldn\u2019t have looked happier while grabbing smoothies this weekend!\n\nThe pair also made it clear they were still together when they went out for dinner together with the father-of-three\u2019s children Mason, 8, Penelope, 5, and Reign, 3. The five-some dined at celebrity hotspot Nobu in Malibu on June 6 and Lionel Richie\u2018s daughter looked incredibly pleased to be spending time with her boyfriend and his kids. She could be seen smiling as she walked beside Scott\u2019s two eldest children as he carried his youngest in his arms beside them. Definitely no drama here!", "images": ["https://web.archive.org/web/20180624181927im_/https://pmchollywoodlife.files.wordpress.com/2018/06/khloe-k-heart-melted-seeing-true-and-prince-ftr.jpg?w=143&h=80&crop=1", "https://web.archive.org/web/20180624181927im_/https://pixel.quantserve.com/pixel?a.1=p-6fKiDaopTGEQg&a.2=p-31f3D02tYU8zY", "https://web.archive.org/web/20180624181927im_/https://sb.scorecardresearch.com/p?c1=2&c2=15476338&cv=2.0&cj=1", "https://web.archive.org/web/20180624181927im_/https://pmcdeadline2.files.wordpress.com/2018/06/davidlynch-david_lynch2881-1.jpg?resize=230%2C135", "https://web.archive.org/web/20180624181927im_/https://2.gravatar.com/avatar/260c1efde9e5f671381a52a12c2e3dc9?s=64&d=https%3A%2F%2Fs0.wp.com%2Fi%2Fmu.gif&r=G", "https://web.archive.org/web/20180624181927im_/https://pmchollywoodlife.files.wordpress.com/2018/06/hl_logo.png?w=128", "https://web.archive.org/web/20180624181927im_/https://s3.amazonaws.com/heartbeat.pmc.com/track?host=hollywoodlife.com&path=%2F2018%2F06%2F24%2Fscott-disick-pinches-sofia-richie-butt-date-cheating-rumors%2F&ct=article&lob=hollywoodlife&loc=us&env=desktop&post_id=3218525", "https://web.archive.org/web/20180624181927im_/https://pmchollywoodlife.files.wordpress.com/2018/06/scott-disick-pinches-sofia-richies-butt-ftr.jpg?w=620", "https://web.archive.org/web/20180624181927im_/https://pmctvline2.files.wordpress.com/2018/06/summers-1.jpg?w=200&resize=230%2C135", "https://web.archive.org/web/20180624181927im_/https://pmcfootwearnews.files.wordpress.com/2018/06/bootsy-bellows-bet-awards.jpg?resize=230%2C135", "https://web.archive.org/web/20180624181927im_/https://pixel.wp.com/b.gif?v=noscript", "https://web.archive.org/web/20180624181927im_/https://pmchollywoodlife.files.wordpress.com/2018/06/scott-disick-pinches-sofia-richies-butt-ftr.jpg", "https://web.archive.org/web/20180624181927im_/https://pmchollywoodlife.files.wordpress.com/2018/06/donald-trump-furious-over-melanias-e28098i-dont-care-e28098-jacket-she-wore-to-protest-him-mocking-her-be-best-campaign-ftr.jpg?w=143&h=80&crop=1", "https://web.archive.org/web/20180624181927im_/https://pmchollywoodlife.files.wordpress.com/2018/06/jared-says-he-was-idiot-ashley-i-ftr-1.jpg?w=143&h=80&crop=1", "data:image/gif;base64,R0lGODlhAQABAIAAAAAAAP///yH5BAEAAAAALAAAAAABAAEAAAIBRAA7", "https://web.archive.org/web/20180624181927im_/https://i0.wp.com/www.indiewire.com/wp-content/uploads/2017/06/df-10483_r-copy-2.jpg?resize=230%2C135&ssl=1"], "top_img": "https://web.archive.org/web/20180624181927im_/https://pmchollywoodlife.files.wordpress.com/2018/06/scott-disick-pinches-sofia-richies-butt-ftr.jpg", "keywords": [], "authors": ["Courteney Larocca"], "canonical_link": "https://web.archive.org/web/20180624181927/https://hollywoodlife.com/2018/06/24/scott-disick-pinches-sofia-richie-butt-date-cheating-rumors/", "title": "Scott Disick Pinches Sofia Richie\u2019s Butt As She Giggles During Date 3 Weeks After Cheating Rumors", "meta_data": {"description": "Scott Disick pinched Sofia Richie's butt while the couple grabbed smoothies just 3 weeks after a rumored split.", "news_keywords": "Scott Disick, Sofia Richie", "generator": "WordPress.com", "og": {"type": "article", "title": "Scott Disick Pinches Sofia Richie\u2019s Butt As She Giggles During Date 3 Weeks After Cheating Rumors", "url": "https://web.archive.org/web/20180624181927/https://hollywoodlife.com/2018/06/24/scott-disick-pinches-sofia-richie-butt-date-cheating-rumors/", "description": "Everything\u2019s fine between Sofia Richie and Scott Disick! The couple were spotted on a date just 3 weeks after cheating rumors floated around. Scott even got a bit handsy! See the pics!", "site_name": "Hollywood Life", "image": {"identifier": "https://web.archive.org/web/20180624181927im_/https://pmchollywoodlife.files.wordpress.com/2018/06/scott-disick-pinches-sofia-richies-butt-ftr.jpg", "width": 620, "height": 349}, "locale": "en_US"}, "article": {"published_time": "2018-06-24T15:18:39+00:00", "modified_time": "2018-06-24T15:18:39+00:00"}, "twitter": {"site": "@HollywoodLife", "text": {"title": "Scott Disick Pinches Sofia Richie\u2019s Butt As She Giggles During Date 3 Weeks After Cheating Rumors"}, "image": "https://web.archive.org/web/20180624181927im_/https://pmchollywoodlife.files.wordpress.com/2018/06/scott-disick-pinches-sofia-richies-butt-ftr.jpg", "card": "summary_large_image", "title": "Scott Disick Pinches Sofia Richie\u2019s Butt As She Giggles During Date 3 Weeks After Cheating Rumors", "description": "Scott Disick pinched Sofia Richie's butt while the couple grabbed smoothies just 3 weeks after a rumored split."}, "author": "Courteney Larocca", "fb": {"pages": 94724837471}, "application-name": "Hollywood Life", "msapplication-window": "width=device-width;height=device-height", "msapplication-tooltip": "Latest Hollywood Gossip, News & Celeb Pics", "msapplication-task": "name=Subscribe;action-uri=https://hollywoodlife.com/feed/;icon-uri=https://pmchollywoodlife.files.wordpress.com/2018/06/hl_logo.png?w=16", "msapplication-TileImage": "https://pmchollywoodlife.files.wordpress.com/2018/06/hl_logo.png?w=128"}, "movies": [], "publish_date": 1529791200.0, "source": "https://web.archive.org", "summary": ""}