{"url": "https://gossipbucket.com/e-online/1143254/moanas-aulii-cravalho-just-blessed-dwts-with-her-beautiful-voice/", "text": "A big swirling bucket of the latest rumors, celebrity news and Hollywood gossip. The premier celebrity gossip app. The only apps that gives you a comprehensive real time celeb news stream.\n\nGossip Bucket aggregates and streams the latest gossip news and headlines from the top sources in one place.", "images": ["https://www.thewrap.com/wp-content/uploads/2020/11/Rick-Schroeder.jpg", "https://gossipbucket.com/img/gwm-newsbudz-icon.png", "https://gossipbucket.com/img/siteicons/pop-sugar.png", "https://www.thewrap.com/wp-content/uploads/2020/10/GettyImages-1277628509.jpg", "https://gossipbucket.com/img/siteicons/page-six.png", "https://akns-images.eonline.com/eol_images/Entire_Site/2019105/rs_600x600-191105143013-600-chrissy-villa-me-11519.jpg?fit=around%7C1080:1080&output-quality=90&crop=1080:1080;center,top", "https://imagez.tmz.com/image/a9/16by9/2020/11/11/a9d0c804d2904ddca48368648dd50417_xl.jpg", "https://gossipbucket.com/img/gossip-bucket-celebrity-logo.png", "https://gossipbucket.com/img/gossipbucket-icon-144.png", "https://bossip.files.wordpress.com/2020/11/16052808345326.jpg?w=560&h=320&crop=1", "https://gossipbucket.com/img/siteicons/page-six@2x.png", "https://media1.popsugar-assets.com/files/thumbor/jPASladFsrDPN2XLM8CefogzaVs/1309x0:3751x2442/fit-in/160x160/filters:format_auto-!!-:strip_icc-!!-/2020/11/25/101/n/1922283/3fd0f4065fbf041d2b03f5.90465601_.jpg", "https://gossipbucket.com/img/gwm-apple-icon.png", "https://gossipbucket.com/img/gwm-technewstube-icon.png", "https://gossipbucket.com/img/siteicons/bossip.png", "https://img.buzzfeed.com/buzzfeed-static/static/2020-11/26/4/campaign_images/39c576428a65/megan-fox-has-filed-for-divorce-from-brian-austin-2-1329-1606366664-12_dblbig.jpg", "https://perezhilton.com/wp-content/uploads/2020/11/Chrissy-Teigen-Meghan-Markle-Miscarriage-Op-Ed-Defense-Twitter.jpg", "https://gossipbucket.com/img/siteicons/e-online.png", "https://pagesix.com/wp-content/uploads/sites/3/2020/08/GettyImages-1190080817.jpg?quality=90&strip=all&w=1200", "https://gossipbucket.com/img/gwm-machash-icon.png", "https://imagez.tmz.com/image/02/16by9/2020/11/26/0261f8d691724f9299f6781da4ade2a5_xl.jpg", "https://imagez.tmz.com/image/7d/16by9/2020/11/21/7d6909fcee21436c8a71b4329ed61099_xl.jpg", "https://gossipbucket.com/img/gossip-bucket-star-900.jpg", "https://www.thewrap.com/wp-content/uploads/2020/11/CleaDuvallhappiestseason.jpg", "https://gossipbucket.com/img/siteicons/perez-hilton.png", "https://gossipbucket.com/img/gwm-ecotopical-icon.png", "https://gossipbucket.com/img/burger-menu@2x.png", "https://gossipbucket.com/img/gwm-pcar-club-icon.png", "https://gossipbucket.com/img/siteicons/pop-sugar@2x.png", "https://gossipbucket.com/img/siteicons/the-wrap@2x.png", "https://perezhilton.com/wp-content/uploads/2020/11/taylor-swift-joe-alwyn-truth.jpg", "https://gossipbucket.com/img/siteicons/e-online@2x.png", "https://gossipbucket.com/img/gwm-gossipbucket-icon.png", "https://nypost.com/wp-content/uploads/sites/2/2020/11/hot.jpeg?quality=90&strip=all&w=1200", "https://gossipbucket.com/img/siteicons/tmz.png", "https://media1.popsugar-assets.com/files/thumbor/-M8bHVYEBKBXLCSK5ZEe6V97igw/1474x346:3143x2015/fit-in/160x160/filters:format_auto-!!-:strip_icc-!!-/2020/11/07/043/n/1922398/e332a6895fa735a85815e1.53807675_.jpg", "https://theblemish.com/images/2020/10/melania-trump-640x384.jpg", "http://akns-images.eonline.com/eol_images/Entire_Site/2017317/rs_600x600-170417192935-600x600.dancing-with-the-stars-aulii-cravalho-lp.41717.jpg?downsize=450:*&crop=450:350;left,top", "https://gossipbucket.com/img/gwm-politomix-icon.png", "https://media1.popsugar-assets.com/files/thumbor/ALbJ-Jd-L5cM7sKTp7Vv76-O8pM/0x776:2000x2776/fit-in/160x160/filters:format_auto-!!-:strip_icc-!!-/2020/11/21/991/n/24155406/89528fae5fb998ea590610.30518044_.jpg", "https://gossipbucket.com/img/gb-beach.jpg", "https://gossipbucket.com/img/siteicons/buzzfeed@2x.png", "https://gossipbucket.com/img/siteicons/perez-hilton@2x.png", "https://gossipbucket.com/img/siteicons/blemish.png", "https://gossipbucket.com/img/siteicons/the-wrap.png", "https://gossipbucket.com/img/gwm-glasswave-circle.png", "https://perezhilton.com/wp-content/uploads/2020/11/ivanka-trump-fraud-investigation-tweets.jpg", "https://gossipbucket.com/img/siteicons/tmz@2x.png"], "top_img": "http://akns-images.eonline.com/eol_images/Entire_Site/2017317/rs_600x600-170417192935-600x600.dancing-with-the-stars-aulii-cravalho-lp.41717.jpg?downsize=450:*&crop=450:350;left,top", "keywords": [], "authors": [], "canonical_link": "https://gossipbucket.com/e-online/1143254/moanas-aulii-cravalho-just-blessed-dwts-with-her-beautiful-voice/", "title": "Moana's Auli'i Cravalho Just Blessed DWTS With Her Beautiful Voice", "meta_data": {"description": "Disney night on Dancing with the Stars is always something to look forward to, but tonight the dance floor welcomed a very special guest. Moana herself, also known as Auli'i...", "og": {"site_name": "Gossip Bucket", "url": "https://gossipbucket.com/e-online/1143254/moanas-aulii-cravalho-just-blessed-dwts-with-her-beautiful-voice/", "title": "Moana's Auli'i Cravalho Just Blessed DWTS With Her Beautiful Voice", "description": "Disney night on Dancing with the Stars is always something to look forward to, but tonight the dance floor welcomed a very special guest. Moana herself, also known as Auli'i...", "image": "http://akns-images.eonline.com/eol_images/Entire_Site/2017317/rs_600x600-170417192935-600x600.dancing-with-the-stars-aulii-cravalho-lp.41717.jpg?downsize=450:*&crop=450:350;left,top", "type": "article"}, "article": {"publisher": "E! Online"}, "viewport": "width=device-width, initial-scale=1.0, viewport-fit=cover"}, "movies": [], "publish_date": null, "source": "https://gossipbucket.com", "summary": ""}