{"url": "www.ellentube.com/video/gwen-stefani-on-her-experience-in-the-la-fires.html", "text": "", "images": ["https://warnerbros-h.assetsadobe.com/is/image/content/dam/ellen/videos/episodes/season15/67/video--4005189188589762162?qlt=95"], "top_img": "https://warnerbros-h.assetsadobe.com/is/image/content/dam/ellen/videos/episodes/season15/67/video--4005189188589762162?qlt=95", "keywords": [], "authors": [], "canonical_link": "https://www.ellentube.com/video/gwen-stefani-on-her-experience-in-the-la-fires.html", "title": "Gwen Stefani on Her Experience in the L.A. Fires", "meta_data": {"viewport": "width=device-width, initial-scale=1, maximum-scale=1, user-scalable=no, viewport-fit=cover", "msapplication-TileColor": "#ffffff", "msapplication-TileImage": "/etc.clientlibs/ellen/clientlibs/clientlib-all/resources/assets/favicons/ms-icon-144x144.png", "theme-color": "#ffffff", "keywords": "Gwen, Stefani, Gwen Stefani, LA fire, los angeles, wildfires, Ellen, degeneres, ellen degeneres, the ellen show, ellen fans, ellen tickets, ellentube, ellen audience", "description": "Gwen Stefani told Ellen about her scary night home alone as the wildfires spread throughout Los Angeles.", "og": {"site_name": "ellentube.com", "title": "Gwen Stefani on Her Experience in the L.A. Fires", "description": "Gwen Stefani told Ellen about her scary night home alone as the wildfires spread throughout Los Angeles.", "image": "https://warnerbros-h.assetsadobe.com/is/image/content/dam/ellen/videos/episodes/season15/67/video--4005189188589762162?qlt=95", "url": "https://www.ellentube.com/video/gwen-stefani-on-her-experience-in-the-la-fires.html", "type": "video.other"}, "article": {"author": "The Ellen Show", "published_time": "2017-12-08T06:11:00-08:00"}, "fb": {"app_id": 2016641921927641}, "twitter": {"site": "@TheEllenShow", "creator": "@TheEllenShow", "title": "Gwen Stefani on Her Experience in the L.A. Fires", "description": "Gwen Stefani told Ellen about her scary night home alone as the wildfires spread throughout Los Angeles.", "image": "https://warnerbros-h.assetsadobe.com/is/image/content/dam/ellen/videos/episodes/season15/67/video--4005189188589762162?qlt=95", "card": "summary_large_image"}, "al": {"ios": {"url": "ellentube://video/gwen-stefani-on-her-experience-in-the-la-fires.html", "app_store_id": 925016244, "app_name": "ellentube"}, "android": {"url": "ellentube://video/gwen-stefani-on-her-experience-in-the-la-fires.html", "package": "com.wb.goog.ellentube", "app_name": "ellentube"}}, "apple-itunes-app": "app-id=925016244, app-argument=https://www.ellentube.com/video/gwen-stefani-on-her-experience-in-the-la-fires.html"}, "movies": [], "publish_date": 1512742260.0, "source": "http://www.ellentube.com", "summary": ""}