{"url": "https://www.amazon.com/Fine-Other-Lies-Whitney-Cummings/dp/0735212600", "text": "Enter the characters you see below\n\nSorry, we just need to make sure you're not a robot. For best results, please make sure your browser is accepting cookies.", "images": ["https://images-na.ssl-images-amazon.com/captcha/huyzhwry/Captcha_tjswytmifu.jpg", "https://fls-na.amazon.com/1/oc-csi/1/OP/requestId=RSRBPH7MWW30WBNYVB29&js=0"], "top_img": "", "keywords": [], "authors": [], "canonical_link": "", "title": "Amazon.com", "meta_data": {"viewport": "width=device-width"}, "movies": [], "publish_date": null, "source": "https://www.amazon.com", "summary": ""}