{"url": "www.usmagazine.com/celebrity-moms/news/rihanna-cradles-newborn-baby-niece-twitter-pictures-201496/", "text": "Proud Auntie \u201cWhat\u2019s My Name?\u201d! Babies and Rihanna don\u2019t always go together, but there\u2019s a new little one in Bad Gal RiRi\u2019s life who has melted her heart.\n\nOver the weekend on Sunday, June 8, the Barbadian chart topper, 26, posted a series of precious pictures with her newborn relative.\n\n\u201cMy everything,\u201d she captioned one photo cradling the baby girl.\n\nClearly the sleeping baby has won over Rihanna as the \u201cDiamonds\u201d singer continued posting snapshots of the little one, whose name was not revealed.\n\n\u201cI can\u2019t get enough, I\u2019m so in love,\u201d RiRi tweeted with another snap.\n\nAlthough the Grammy winner has two brothers (Rajad and Rorrey Fenty), two half sisters (Samantha and Kandy Fenty), and one half brother (Jamie Fenty), it\u2019s not clear whose little baby she\u2019s holding.\n\nConsidering Rihanna made an image of the baby\u2019s tiny feet her cover photo on Twitter, chances are there are many more pictures to come.", "images": ["https://www.usmagazine.com/wp-content/themes/us-weekly/assets/img/svg-icons/logo-tag-registered-green.svg", "https://www.usmagazine.com/wp-content/themes/us-weekly/assets/img/placeholders/default-usweekly.svg", "https://www.usmagazine.com/wp-content/uploads/2020/06/Watch-Moms-Like-Us.jpg?w=60&h=60&crop=1&quality=86&strip=all", "https://www.usmagazine.com/wp-content/themes/us-weekly/assets/img/svg-icons/logo-tag-registered.svg", "https://www.usmagazine.com/wp-content/themes/us-weekly/assets/img/svg-icons/icon-download.svg", "https://www.usmagazine.com/wp-content/themes/us-weekly/assets/img/bg-subscribe.png", "https://www.usmagazine.com/wp-content/uploads/1402333206_rihanna-niece-300.jpg?w=300&h=178&crop=1&quality=86&strip=all"], "top_img": "https://www.usmagazine.com/wp-content/uploads/1402333206_rihanna-niece-300.jpg?w=300&h=178&crop=1&quality=86&strip=all", "keywords": [], "authors": ["Rachel Mcrady"], "canonical_link": "https://www.usmagazine.com/celebrity-moms/news/rihanna-cradles-newborn-baby-niece-twitter-pictures-201496/", "title": "Rihanna Cradles Newborn Baby in Loving Twitter Pictures", "meta_data": {"viewport": "width=device-width, initial-scale=1", "ir-site-verification-token": "-206090124", "fo-verify": "49e6fc6a-c68d-447f-9978-70e3eac455ac", "theme-color": "#fff", "description": "Rihanna tweeted a series of adorable photos with a newborn baby -- see the cute pictures!", "robots": "index, follow, max-snippet:-1, max-image-preview:large, max-video-preview:-1", "og": {"locale": "en_US", "type": "article", "title": "Auntie RiRi! Rihanna Cradle Newborn Baby", "description": "Rihanna tweeted a series of adorable photos with a newborn baby -- see the cute pictures!", "url": "https://www.usmagazine.com/celebrity-moms/news/rihanna-cradles-newborn-baby-niece-twitter-pictures-201496/", "site_name": "Us Weekly", "updated_time": "2017-12-07T05:00:12+00:00", "image": {"identifier": "https://www.usmagazine.com/wp-content/uploads/1402333206_rihanna-niece-300.jpg?w=300&h=178&crop=1&quality=86&strip=all", "secure_url": "https://www.usmagazine.com/wp-content/uploads/1402333206_rihanna-niece-300.jpg?w=300&h=178&crop=1&quality=86&strip=all", "width": 1200, "height": 630}}, "article": {"publisher": "https://www.facebook.com/UsWeekly", "published_time": "2014-06-09T18:20:00+00:00", "modified_time": "2017-12-07T05:00:12+00:00"}, "fb": {"app_id": 1785612128341436}, "twitter": {"card": "summary_large_image", "title": "Auntie RiRi! Rihanna Cradle Newborn Baby", "description": "Rihanna tweeted a series of adorable photos with a newborn baby -- see the cute pictures!", "image": "https://www.usmagazine.com/wp-content/uploads/1402333206_rihanna-niece-300.jpg?w=300&h=178&crop=1&quality=86&strip=all", "creator": "@usweekly", "site": "@usweekly"}, "tragedy": "off", "generator": "WordPress 5.5.2", "msapplication-TileImage": "https://www.usmagazine.com/wp-content/uploads/2020/05/cropped-us-logo.png?w=270&quality=86&strip=all"}, "movies": [], "publish_date": 1402338000.0, "source": "http://www.usmagazine.com", "summary": ""}