{"url": "http://www.govtrack.us/congress/bill.xpd?bill=h109-5441", "text": "H.R. 5441 (109th) was a bill in the United States Congress.\n\nA bill must be passed by both the House and Senate in identical form and then be signed by the President to become law.\n\nBills numbers restart every two years. That means there are other bills with the number H.R. 5441. This is the one from the 109th Congress.\n\nThis bill was introduced in the 109th Congress, which met from Jan 4, 2005 to Dec 9, 2006. Legislation not enacted by the end of a Congress is cleared from the books.\n\nHow to cite this information.\n\nWe recommend the following MLA-formatted citation when using the information you see here in academic work:\n\nGovTrack.us. (2020). H.R. 5441 \u2014 109th Congress: Department of Homeland Security Appropriations Act, 2007. Retrieved from https://www.govtrack.us/congress/bills/109/hr5441 \u201cH.R. 5441 \u2014 109th Congress: Department of Homeland Security Appropriations Act, 2007.\u201d www.GovTrack.us. 2006. December 22, 2020 <https://www.govtrack.us/congress/bills/109/hr5441> Department of Homeland Security Appropriations Act, 2007, Pub. L. No. 109-295, H.R. 5441, 109th Cong. (2006). {{cite web\n\n|url=https://www.govtrack.us/congress/bills/109/hr5441\n\n|title=H.R. 5441 (109th)\n\n|accessdate=December 22, 2020\n\n|author=109th Congress (2006)\n\n|date=May 22, 2006\n\n|work=Legislation\n\n|publisher=GovTrack.us\n\n|quote=Department of Homeland Security Appropriations Act, 2007\n\n}} show another citation format:\n\nMLA\n\nAPA\n\nBlue Book\n\nWikipedia Template\n\nWhere is this information from?\n\nGovTrack automatically collects legislative information from a variety of governmental and non-governmental sources. This page is sourced primarily from Congress.gov, the official portal of the United States Congress. Congress.gov is generally updated one day after events occur, and so legislative activity shown here may be one day behind. Data via the congress project.", "images": ["https://www.govtrack.us/congress/bills/109/hr5441/thumbnail", "http://www.govtrack.us/congress/bills/109/hr5441/_text_image", "http://www.govtrack.us/congress/votes/109-2006/h509/thumbnail", "http://pixel.quantserve.com/pixel/p-NscxJMTcyb6nu.gif", "http://www.govtrack.us/congress/votes/109-2006/h226/thumbnail", "http://www.govtrack.us/static/legislator-photos/400340-200px.jpeg", "http://www.govtrack.us/congress/votes/109-2006/s203/thumbnail"], "top_img": "https://www.govtrack.us/congress/bills/109/hr5441/thumbnail", "keywords": [], "authors": [], "canonical_link": "https://www.govtrack.us/congress/bills/109/hr5441", "title": "Department of Homeland Security Appropriations Act, 2007 (2006; 109th Congress H.R. 5441)", "meta_data": {"viewport": "width=device-width, initial-scale=1", "description": "Oct 4, 2006. H.R. 5441 (109th). Making appropriations for the Department of Homeland Security for the fiscal year ending September 30, 2007, and for other purposes. In GovTrack.us, a database of bills in the U.S. Congress.", "keywords": "U.S. Congress,Congress,legislation,bill,Senior centers,Agriculture in foreign trade,Pest control,Pets,Protection of animals,Zoos,Appropriations,Federal aid to Indians,Federal aid to transportation,law", "fb": {"app_id": 119329904748946}, "og": {"site_name": "GovTrack.us", "image": "https://www.govtrack.us/congress/bills/109/hr5441/thumbnail", "title": "Department of Homeland Security Appropriations Act, 2007 (2006 - H.R. 5441)", "description": "Making appropriations for the Department of Homeland Security for the fiscal year ending September 30, 2007, and for other purposes.", "url": "https://www.govtrack.us/congress/bills/109/hr5441", "type": "og_govtrack:bill"}, "twitter": {"site": "@GovTrack", "image": "https://www.govtrack.us/congress/bills/109/hr5441/card", "card": "summary_large_image", "title": "H.R. 5441 (109th): Department of Homeland Security Appropriations Act, 2007", "description": "Making appropriations for the Department of Homeland Security for the fiscal year ending September 30, 2007, and for other purposes.", "label1": "Current Status", "data1": "Enacted \u2014 Signed by the President", "label2": "Sponsor", "data2": "Rep. Harold \u201cHal\u201d Rogers [R-KY5]"}}, "movies": [], "publish_date": null, "source": "http://www.govtrack.us", "summary": ""}