{"url": "https://omgcheckitout.com/richard-simmons-gives-shout-hospital-staff-health-scare/", "text": "Richard Simmons has shared a message regarding his health regarding his voluntary absence from public life since 2014. The fitness icon was hospitalized last week for indigestion.\n\nHe posted a message on his Facebook page saying:\n\n\u201cHope you\u2019re having a beautiful Sunday. I wanted to take a moment to send a big thank you to the wonderful doctors, nurses and staff at Cedars-Sinai Medical Center during my short stay there this week. They make you feel good even though you\u2019re in the hospital for feeling bad.\n\nAnother shout out goes to the wonderful men and women of the Los Angeles Police Dept. They were so helpful and kind as I returned home. Let\u2019s take a minute and all be thankful for medical professionals, police, firefighters and our brave military forces here and around the world. They risk so much every day to make us well and keep us protected. God Bless all of them.\u201d", "images": ["https://omgcheckitout.com/wp-content/uploads/2017/04/Simmons-in-2011.-By-Angela-George-CC.jpg", "https://omgcheckitout.com/wp-content/uploads/2017/04/Simmons-in-2011.-By-Angela-George-CC-696x678.jpg", "https://pixel.quantserve.com/pixel/p-Lt5C7hC-NKF-K.gif", "https://omgcheckitout.com/wp-content/uploads/2018/02/shutterstock_9306496y-100x70.jpg", "https://omgcheckitout.com/wp-content/uploads/2020/11/11-324x400.jpg", "https://omgcheckitout.com/wp-content/uploads/2016/12/logo_transparent_background_small.png", "https://omgcheckitout.com/wp-content/uploads/2020/10/1-100x70.jpg", "https://certify.alexametrics.com/atrk.gif?account=3BRhr1Fx9f207i", "https://omgcheckitout.com/wp-content/uploads/2020/11/shutterstock_editorial_5866360b-100x70.jpg", "https://omgcheckitout.com/wp-content/uploads/2020/10/7-100x70.jpg"], "top_img": "https://omgcheckitout.com/wp-content/uploads/2017/04/Simmons-in-2011.-By-Angela-George-CC.jpg", "keywords": [], "authors": [], "canonical_link": "https://omgcheckitout.com/richard-simmons-gives-shout-hospital-staff-health-scare/", "title": "Richard Simmons Gives Shout Out to Hospital Staff After Health Scare", "meta_data": {"viewport": "width=device-width, initial-scale=1.0", "og": {"image": {"identifier": "https://omgcheckitout.com/wp-content/uploads/2017/04/Simmons-in-2011.-By-Angela-George-CC.jpg", "width": 854, "height": 832}, "locale": "en_US", "type": "article", "title": "Richard Simmons Gives Shout Out to Hospital Staff After Health Scare", "description": "Richard Simmons has shared a message regarding his health regarding his voluntary absence from public life since 2014. The fitness icon was hospitalized", "url": "https://omgcheckitout.com/richard-simmons-gives-shout-hospital-staff-health-scare/", "site_name": "OMG Check It Out !"}, "description": "Richard Simmons has shared a message regarding his health regarding his voluntary absence from public life since 2014. The fitness icon was hospitalized", "robots": "index, follow, max-snippet:-1, max-image-preview:large, max-video-preview:-1", "article": {"publisher": "https://facebook.com/omgcheckitout", "published_time": "2017-04-24T08:10:15+00:00", "modified_time": "2017-04-24T16:25:33+00:00"}, "twitter": {"card": "summary", "creator": "@OMG_CheckItOut", "site": "@OMG_CheckItOut"}, "theme-color": "#bc2025", "generator": "Powered by Visual Composer - drag and drop page builder for WordPress."}, "movies": [], "publish_date": 1493021415.0, "source": "https://omgcheckitout.com", "summary": ""}