{"url": "https://www.elitedaily.com/news/politics/ivanka-trump-changed-her-eye-color/1861111", "text": "Ivanka Trump is getting some extra notice lately.\n\nWell, more accurately, Trump's eyes are getting some extra notice lately.\n\nAs she makes more and more public appearances in her new official role in the White House, people are looking closely and realizing Trump's eyes may not be what they appear.\n\nREUTERS\n\nAs it turns out, if you stare deeply into Trump's eyes, you'll notice they change repeatedly over time.\n\nAt various different public appearances, Trump's eyes are different colors. Naturally, her eyes -- like her hair -- are brown.\n\nREUTERS\n\nBut sometimes, she changes it up. Her eyes have appeared a lighter hazel, green and even blue at various points over time, including during the 2016 presidential election.\n\nCheck out the changes for yourself:\n\nREUTERS\n\nREUTERS\n\nREUTERS\n\nREUTERS\n\nREUTERS\n\nAs you can see, Trump's eyes are a revolution over time.\n\nThere doesn't appear to be an exact method to the eye-color-changing madness.\n\nHer eyes were brown when she stared at Justin Trudeau.\n\nREUTERS\n\nBut they were green when she had a controversial interview with Gayle King on CBS.\n\nThis eye color phenomenon has been noticed at least as far back as early November, when Esquire questioned Trump's eye color.\n\nThen, press representatives did not respond to Esquire's request for comment on if she wears color-changing contacts, so we just have to go off common sense and say that's what's happening (it's more likely than her eyes spontaneously changing color on opposite sides of the genetic spectrum).\n\nAlthough some women have said their eyes changed colors over the course of pregnancy -- and Trump was pregnant last year -- that doesn't explain why the color hopped around so much.\n\nMaybe she likes the way it looks and it gives her confidence. Maybe she wants to give off a lighter tone to be more likable (see: all the Disney characters with blue eyes), which, yeah, is a racial thing.\n\nAnd if you really want to go down the conspiracy theory rabbit hole (and I know you do), you could consider the implications of making oneself blonde and blue-eyed. Like what Nazis like.\n\nAs this news continues to be reported, many people are wondering why.\n\nTwitter\n\nTwitter\n\nThere is certainly a lot going on in the Trump world. But you clicked here, didn't you?\n\nCitations: Ivanka Trump Changed Her Eye Color and No One Noticed (E! Online), Esquire", "images": ["https://imgix.elitedaily.com/elite-daily/2017/05/08123934/ivanka-trump-red-dress-blonde.jpg?w=610&fit=max&auto=format%2Ccompress&cs=srgb&q=70", "https://imgix.elitedaily.com/elite-daily/2017/05/08090118/ivanka-trump-justin-trudeau-thirsty.jpg?w=610&fit=max&auto=format%2Ccompress&cs=srgb&q=70", "https://imgix.elitedaily.com/elite-daily/2017/05/08123934/ivanka-trump-red-lipstick-blonde.jpg?w=610&fit=max&auto=format%2Ccompress&cs=srgb&q=70", "https://imgix.elitedaily.com/elite-daily/2017/05/08123933/ivanka-trump-blonde-hair-blue-eyes.jpg?w=610&fit=max&auto=format%2Ccompress&cs=srgb&q=70", "https://imgix.elitedaily.com/elite-daily/2017/05/08123937/ivanka-trump-eye-color-tweets.jpg?w=610&fit=max&auto=format%2Ccompress&cs=srgb&q=70", "https://imgix.bustle.com/elite-daily/2017/05/08123931/ivanka-trump-eye-color-blonde.jpg?w=1020&h=574&fit=crop&crop=faces&auto=format%2Ccompress&cs=srgb&q=70", "https://pixel.quantserve.com/pixel/p-xPmcrFNGfHkBg.gif", "https://imgix.elitedaily.com/elite-daily/2017/05/08123929/ivanka-trump-green-eyes-blonde.jpg?w=610&fit=max&auto=format%2Ccompress&cs=srgb&q=70", "https://imgix.elitedaily.com/elite-daily/2017/05/08123936/ivanka-trump-eye-color-tweets-2.jpg?w=610&fit=max&auto=format%2Ccompress&cs=srgb&q=70", "https://imgix.elitedaily.com/elite-daily/2017/05/08123930/ivanka-trump-blonde-black-turtleneck.jpg?w=610&fit=max&auto=format%2Ccompress&cs=srgb&q=70", "https://sb.scorecardresearch.com/p?c1=2&c2=15353773&cs_ucfr=0&cv=2.0&cj=1", "https://imgix.bustle.com/elite-daily/2017/05/08123931/ivanka-trump-eye-color-blonde.jpg?w=1200&h=630&q=70&fit=crop&crop=faces&fm=jpg", "https://imgix.elitedaily.com/elite-daily/2017/05/08123932/ivanka-trump-blonde-blue-eyes.jpg?w=610&fit=max&auto=format%2Ccompress&cs=srgb&q=70", "https://www.facebook.com/tr?id=100478526961130&ev=PageView&noscript=1", "https://imgix.elitedaily.com/elite-daily/2017/05/08123928/ivanka-trump-eye-color-blonde-hair.jpg?w=610&fit=max&auto=format%2Ccompress&cs=srgb&q=70"], "top_img": "https://imgix.bustle.com/elite-daily/2017/05/08123931/ivanka-trump-eye-color-blonde.jpg?w=1200&h=630&q=70&fit=crop&crop=faces&fm=jpg", "keywords": [], "authors": [], "canonical_link": "https://www.elitedaily.com/news/politics/ivanka-trump-changed-her-eye-color/1861111", "title": "Ivanka Trump Changed Her Eye Color And You Missed It", "meta_data": {"viewport": "width=device-width,initial-scale=1", "referrer": "unsafe-url", "twitter": {"site": "@elitedaily", "card": "summary_large_image"}, "og": {"site_name": "Elite Daily", "url": "https://www.elitedaily.com/news/politics/ivanka-trump-changed-her-eye-color/1861111", "type": "article", "title": "Ivanka Trump Changed Her Eye Color And You Completely Missed It", "description": "Ivanka Trump is getting some extra notice lately.\nWell, more accurately, Trump's eyes are getting some extra notice lately.\nAs she makes more and more public appearances in her new official role in the White House, people are looking closely and\u2026", "image": {"identifier": "https://imgix.bustle.com/elite-daily/2017/05/08123931/ivanka-trump-eye-color-blonde.jpg?w=1200&h=630&q=70&fit=crop&crop=faces&fm=jpg", "width": 1200, "height": 630}}, "fb": {"app_id": 378366428966386, "pages": 237865036265136}, "description": "Ivanka Trump is getting some extra notice lately.\nWell, more accurately, Trump's eyes are getting some extra notice lately.\nAs she makes more and more public appearances in her new official role in the White House, people are looking closely and\u2026"}, "movies": [], "publish_date": null, "source": "https://www.elitedaily.com", "summary": ""}