{"url": "https://www.inquisitr.com/3918445/lea-michele-remembers-corey-monteith-in-getaway-car-and-a-rare-photo/", "text": "Lea Michele has often shared her grief over the loss of her late boyfriend and Glee co-star, Corey Monteith, and, while time may have dulled that loss, the Glee actress shares that she has never completely moved pass the loss of Monteith. Lea again shared a memory of Corey with her Instagram followers, posting a dated picture of Corey and herself. While that photo was shared without a word to mark the memory, Michele recently took to the stage to share a few songs that seemed to have given even greater tribute to Monteith and Lea\u2019s relationship with the late actor.\n\nGlee Alum Lea Michele Shares Another Photo Of Corey Monteith And Herself\n\nA photo posted by Lea Michele (@leamichele) on Jan 23, 2017 at 11:04am PST\n\nBillboard shares that Corey Monteith was on Lea\u2019s mind even more so than usual this past week, as the Glee and Scream Queens star took an opportunity to share another photo from her collection. This time, the picture looked more candid and spur of the moment, taken long before Instagram. The image of Michele and Monteith was seems to be an older picture, taken in the days of the Polaroid Instant Camera, though, considering Lea posted many similar images, it may be possible that she was making use of a new app or filter.\n\nThe picture of Lea and Corey shows Ms. Michele snuggling close to her Glee co-star, as Monteith wraps his arms around her in a protective embrace. While the Glee actress didn\u2019t caption this image, the photo seems to speak for itself, alluding to their relationship as it was then. It also speaks to Michele\u2019s state of heart now, remembering Corey after his passing.\n\nWhile the Instagram posting\u2019s caption is blank, Ms. Michele\u2019s handwriting on the white portion of the Polaroid picture indicates that the photo was taken on New York City\u2019s Bleeker Street, sometime in 2012.\n\nLea Michele Remembers Corey Monteith In Song With \u201cGetaway Car\u201d\n\nE! News shares that Lea Michele has been keeping her vocal chords in shape by pursuing her singing interests at Los Angeles\u2019 The Hotel Caf\u00e9, where Michele\u2019s song set seemed to have a theme. The intimate venue gave fans a more personal experience with Lea, as she sang songs such as \u201cTo Make You Feel My Love\u201d and \u201cMy Man.\u201d While the Glee star didn\u2019t mention Corey Monteith by name, it seemed apparent that the romantic theme of the songs was directed at her late lover.\n\nOne song in particular, \u201cGetaway Car,\u201d seemed to be a very specifically honoring of Lea\u2019s relationship with Monteith.\n\n\u201cWe used to just get in the car and drive sometimes. Me and the tall guy and it was like our getaway and it was so great,\u201d Ms. Michele said, introducing the song. \u201cYou know, and everything was getting big and popular with Glee and it was sort of our escape. So this next song is called \u2018Getaway Car\u2019 and its having that moment in the car.\u201d\n\nPreviously, Lea Michele shared a very poignant image of Corey with the late actor walking away from the camera and towards the deep blue ocean. Captioning that image, Ms. Michele remarks on the importance of her memories and recognizes that, even with a fleeting life, the past is a treasure.\n\n\u201cWe may not have gotten to share a lifetime together\u2026but the memories\u2026they\u2019re the best of my life,\u201d Lea captioned that picture. \u201cLove you Cory.\u201d\n\nThere are moments shared between Lea Michele and Corey Monteith that will always remain private, locked away as the treasures they are, which only serves to make these rare glimpses into their love that much more precious.\n\nNext up for Lea Michele, she will be starring in Dimension 404, alongside Robert Buckley and Sarah Hyland.\n\n[Featured Image by Michael Buckner/Getty Images]", "images": ["https://www.inquisitr.com/assets/272f0a/dist/images/logos/logo_header_no_tagline.png", "https://www.inquisitr.com/assets/272f0a/dist/images/logos/logo_footer.png", "data:image/svg+xml,%3Csvg%20xmlns%3D'http%3A%2F%2Fwww.w3.org%2F2000%2Fsvg'%20width%3D'300'%20height%3D'170'%20viewbox%3D'0%200%20300%20170'%3E%3C%2Fsvg%3E", "https://secure.gravatar.com/avatar/b3d1fad29247631bdd79a96646e920df?s=250&d=mm&r=g", "https://www.inquisitr.com/assets/272f0a/dist/images/logos/favicon.png", "http://www.inquisitr.com/wp-content/uploads/2017/01/Lea-Michele-Corey-Monteith.jpg", "data:image/svg+xml,%3Csvg%20xmlns%3D'http%3A%2F%2Fwww.w3.org%2F2000%2Fsvg'%20width%3D'138'%20height%3D'70'%20viewbox%3D'0%200%20138%2070'%3E%3C%2Fsvg%3E", "https://certify.alexametrics.com/atrk.gif?account=Tllhu1DlQy20Y8"], "top_img": "https://www.inquisitr.com/assets/272f0a/dist/images/logos/favicon.png", "keywords": [], "authors": ["Edward Vkanty"], "canonical_link": "https://www.inquisitr.com/3918445/lea-michele-remembers-corey-monteith-in-getaway-car-and-a-rare-photo/", "title": "Lea Michele Remembers Corey Monteith In \u2018Getaway Car\u2019 And A Rare Photo", "meta_data": {"msapplication-TileImage": "//www.inquisitr.com/assets/272f0a/dist/images/logos/inq-win.png", "msapplication-TileColor": "#ed1c24", "fb": {"pages": 71179904752, "app_id": 164157850314499}, "y_key": "f282393706a5fd85", "viewport": "width=980", "og": {"type": "article", "locale": "en_US", "title": "Lea Michele Remembers Corey Monteith In \u2018Getaway Car\u2019 And A Rare Photo", "url": "https://www.inquisitr.com/3918445/lea-michele-remembers-corey-monteith-in-getaway-car-and-a-rare-photo/", "site_name": "The Inquisitr", "description": "Lea Michele has often shared her grief over the loss of her late boyfriend and Glee co-star, Corey Monteith, and, while time may have dulled that loss, the Glee actress shares that she has never ...", "image": {"width": "null", "height": "null"}}, "article": {"published_time": "2017-01-25T09:15:09+00:00"}, "twitter": {"card": "summary_large_image", "site": "@theinquisitr", "image": {"width": "null", "height": "null"}, "description": "Lea Michele has often shared her grief over the loss of her late boyfriend and Glee co-star, Corey Monteith, and, while time may have dulled that loss, the Glee actress shares that she has never ...", "creator": "@Edward_VKanty"}, "msvalidate.01": "1C6368F835120934051BE08C50A93BA3", "p": {"domain_verify": "27de048ce20584ff72683f9a7e89cbc1"}, "yandex-verification": "01101353387c3168"}, "movies": [], "publish_date": 1485335709.0, "source": "https://www.inquisitr.com", "summary": ""}