{"url": "https://www.vanityfair.com/hollywood/2017/04/feud-bette-davis-joan-crawford-hush-hush-sweet-charlotte-oscars", "text": "By now, Feud audiences are well acquainted with two of the most notorious chapters in Bette Davis and Joan Crawford\u2019s shared Hollywood history\u2014their rivalry during the making of What Ever Happened to Baby Jane?, and the ugly Oscars aftermath\u2014in which Crawford found a way to hijack what Davis thought should have been her best-actress statuette. But a lesser-known Davis-Crawford battle followed\u2014on the set of another Bob Aldrich\u2013directed psycho-thriller, *Hush. . . Hush, Sweet Charlotte.\u201d And on Sunday night\u2019s episode of Feud, \u201cAbandoned,\u201d Ryan Murphy revealed how Davis masterminded her own sadistic revenge on her once-again co-star.\n\nUnderstandably, the actresses were reluctant to re-team given their history. Before signing onto the film, Crawford demanded her name be billed first; to get Davis on board, Aldrich made a series of sizable concessions including a $200,000 paycheck\u2014the same fee Aldrich was receiving\u2014and his word that Davis would be an associate producer on the picture. However, during pre-production, Davis felt Aldrich was ignoring her input and fired off a firmly worded eight-page letter threatening to quit.\n\n\u201cYou do not function well with someone of my type,\u201d Davis wrote Aldrich, according to Shaun Considine\u2019s Bette and Joan: The Divine Feud\u2014an absolute must-read for fans of the FX series. \u201cThat was obvious throughout the filming of Baby Jane\u2014and the suicidal desire this put me into many times, was almost more than I was able to bear. . . I do not wear well with tricks designed to make me do what someone else decides I will do.\u201d\n\nShe ended by suggesting Aldrich \u201cre-cast and pay me off. It will be cheaper in the long run.\u201d\n\nThis maneuver explains how Davis found herself sitting at Aldrich\u2019s side throughout filming, why Aldrich obliged Davis\u2019s creative input, and how Davis secured the leverage to properly torture Crawford.\n\nAlthough certain moments in \u201cAbandoned\u201d feel exaggerated for dramatic effect\u2014like Crawford being made to wait for her hotel room, and then being stuck in a room next to the garbage disposal\u2014the episode\u2019s writers actually skimped on the insane details of what actually happened.\n\nFor example, according to Shaun Considine\u2019s Bette and Joan: The Divine Feud, Crawford arrived at the Baton Rouge airport with a full entourage\u2014including her hairdresser, makeup artist, and enough baggage to . . . well, let Davis explain:\n\n\u201cFor a goddamn week in Baton Rouge, she brought twenty pieces of luggage. It was a black-and-white movie but she had color-coordinated outfits for the daytime scenes, and for the night shots all of her evening dresses were chiffon, which meant that the wardrobe lady had to spend hours ironing them in the one-hundred-degree weather.\u201d\n\nWhen Crawford arrived to set the fourth day of filming, Davis had already tactically befriended the local press and crew\u2014the latter of whom she would eat lunch with. George Cukor later reflected on Davis\u2019s stone-cold set strategy: \u201cShe wanted to make a basket case out of Joan, and she almost succeeded.\u201d\n\nTo further chip away at Crawford\u2019s ego, Davis also coordinated group outings, cast and crew dinners, and other after-hours activities, inviting everyone except Joan. \u201cDavis [also] made sure that everyone, including members of the press and distinguished visitors to the set, knew that Joan was really 60 years old,\u201d authors Lawrence J. Quirk and William Schoell write in Joan Crawford: The Essential Biography, before revealing another Davis tactic. \u201cShe would also stand next to director Aldrich while he was filming Joan\u2019s scenes and make loud, negative comments.\u201d\n\nWhen Crawford woke up from a nap on set one day to discover that the entire production had left the location without her, \u201cJoan was convinced that Davis was behind it, and furthermore that Davis was manipulating Aldrich behind the scenes,\u201d wrote Quirk and Schoell. \u201c\u2018She\u2019s practically directing the picture for him right in front of me,\u2019\u201d she complained. \u201c\u2018So God knows what else she\u2019s up to behind my back. I might wind up on the cutting-room floor.\u2019\u201d", "images": ["https://media.vanityfair.com/photos/58e1825dcea42964d83a3406/16:9/w_1280,c_limit/joan-crawford-bette-davis-1963-oscars.jpg", "https://media.vanityfair.com/photos/57bdedfc684596f379876826/master/w_1600%2Cc_limit/feud-joan-crawford-jessica-lang-ss01.png", "https://media.vanityfair.com/photos/581cf2bf784cf8ac089e69aa/master/w_1600%2Cc_limit/feud-kathy-bates-Joan-Blondell-ss09.png", "https://media.vanityfair.com/photos/57bdedfcbf3a9d3b61adf4aa/master/w_1600%2Cc_limit/feud-Susan-Sarandon-Bette-Davis-ss02.png", "https://www.vanityfair.com/verso/static/hwd/assets/logo-reverse.6ef96ab8686439a35176e2ff8b2c4487e92fbaae.svg", "https://www.vanityfair.com/verso/static/hwd/assets/logo-header.7b6624f3aa336c67441a33a3e19289ee14eaf5c7.svg", "https://media.vanityfair.com/photos/58e1825dcea42964d83a3406/master/w_2560%2Cc_limit/joan-crawford-bette-davis-1963-oscars.jpg"], "top_img": "https://media.vanityfair.com/photos/58e1825dcea42964d83a3406/16:9/w_1280,c_limit/joan-crawford-bette-davis-1963-oscars.jpg", "keywords": [], "authors": ["Cond\u00e9 Nast"], "canonical_link": "https://www.vanityfair.com/hollywood/2017/04/feud-bette-davis-joan-crawford-hush-hush-sweet-charlotte-oscars", "title": "Fact-Checking Feud: How Bette Davis Got Revenge on Joan Crawford for That Stolen Oscar", "meta_data": {"msapplication-tap-highlight": "no", "viewport": "width=device-width, initial-scale=1", "author": "Cond\u00e9 Nast", "copyright": "Copyright (c) Cond\u00e9 Nast 2020", "description": "Davis finds a way to get back at Crawford in Sunday\u2019s Feud episode \u201cAbandoned.\u201d", "id": "58e5212039259d7749765504", "keywords": "television,feud,joan crawford,bette davis,web", "news_keywords": "television,feud,joan crawford,bette davis,web", "robots": "index, follow, max-image-preview:large", "content-type": "article", "parsely-post-id": "58e5212039259d7749765504", "parsely-metadata": "{\"description\":\"Davis finds a way to get back at Crawford in Sunday\u2019s Feud episode \u201cAbandoned.\u201d\",\"image-16-9\":\"https://media.vanityfair.com/photos/58e1825dcea42964d83a3406/16:9/w_1000,c_limit/joan-crawford-bette-davis-1963-oscars.jpg\",\"image-1-1\":\"https://media.vanityfair.com/photos/58e1825dcea42964d83a3406/1:1/w_1000,c_limit/joan-crawford-bette-davis-1963-oscars.jpg\"}", "og": {"description": "Davis finds a way to get back at Crawford in Sunday\u2019s Feud episode \u201cAbandoned.\u201d", "image": "https://media.vanityfair.com/photos/58e1825dcea42964d83a3406/16:9/w_1280,c_limit/joan-crawford-bette-davis-1963-oscars.jpg", "site_name": "Vanity Fair", "title": "Fact-Checking Feud: How Bette Davis Got Revenge on Joan Crawford for That Stolen Oscar", "type": "article", "url": "https://www.vanityfair.com/hollywood/2017/04/feud-bette-davis-joan-crawford-hush-hush-sweet-charlotte-oscars"}, "article": {"content_tier": "metered", "opinion": "false"}, "twitter": {"card": "summary_large_image", "creator": "@VanityFair", "description": "Davis finds a way to get back at Crawford in Sunday\u2019s Feud episode \u201cAbandoned.\u201d", "domain": "https://www.vanityfair.com", "image": {"src": "https://media.vanityfair.com/photos/58e1825dcea42964d83a3406/16:9/w_1280,c_limit/joan-crawford-bette-davis-1963-oscars.jpg?mbid=social_retweet"}, "site": "@VanityFair", "title": "Fact-Checking Feud: How Bette Davis Got Revenge on Joan Crawford for That Stolen Oscar"}, "fb": {"app_id": 305927716147259, "pages": 8810407571}, "monetization": "$spsp.coil.com/donate/condenast", "google-signin-client_id": "1065629119444-svrqo31taikd2j0ji4dgjs9q3vul4133.apps.googleusercontent.com"}, "movies": [], "publish_date": null, "source": "https://www.vanityfair.com", "summary": ""}