{"url": "www.wonderwall.com/celebrity/princess-eugenie-frustrated-over-lack-of-attention-is-made-up-story-3011450.article", "text": "Is Princess Eugenie \"frustrated\" that she's not \"getting the attention she deserves\" for her royal work? That's the latest claim coming from a website known for its fabricated stories, but Gossip Cop can set the record straight. We're told it's \"rubbish.\"\n\nCan Nguyen/REX/Shutterstock\n\nAccording to Celeb Dirty Laundry, not a single person \"seems to be paying any attention to Eugenie\" and the \"hard work she's been putting in to help raise money for charities.\" On the other hand, purports the outlet, \"Kate Middleton [and] Meghan Markle are making headlines for their pregnancy and royal wedding plans.\" Without a single source to support its premise, the often discredited site goes on to assert that the 27-year-old daughter of Prince Andrew recently raised \"more than $600,000 for elephant and rhino charities,\" but the gala \"didn't make any headlines\" as the \"media is focusing more on Prince Harry and Markle's upcoming royal wedding\" and Middleton's third pregnancy.\n\nThe outlet, which is routinely caught telling tales about the royal family, further alleges that this is \"frustrating for someone like Eugenie\" who has been \"trying so hard to be noticed in recent weeks.\" The bad blog concludes, \"For the first time in a long time, she's taking her royal duties and responsibilities very seriously.\" But Gossip Cop investigated the seemingly made-up report, and a royal source tells us the story is \"rubbish.\"\n\nUnlike CDL, Princess Eugenie understands that her cousins have a lot going on at the moment, particularly with engagements and pregnancies. Additionally, the princess has always lived relatively under-the-radar compared to Prince William and Prince Harry, and that isn't \"frustrating\" for her. The only remotely factual aspect of the entire story is that Princess Eugenie helped raise money for animal charities earlier this month, but she didn't take part in the gala just to receive media attention. It's all lies.\n\nIt should be noted, Gossip Cop previously corrected the untrustworthy website when it falsely alleged Princess Eugenie and Princess Beatrice were \"ignoring\" the announcement of Prince Harry and Markle's engagement. Much like that meritless and untrue claim, this latest one about Princess Eugenie feeling \"frustrated\" over a \"lack of attention\" in the media is equally phony.\n\nMore on Gossip Cop:\n\nKatie Holmes doesn't want to get work done to her face\n\nIs Ellen and Portia's wedding at a breaking point?\n\nWhat does Tom Cruise think about Suri wanting to go into show business?", "images": ["https://i1.wp.com/www.wonderwall.com/wp-content/uploads/sites/2/2020/11/gettyimages-1287126206.jpg?crop=345px%2C0px%2C1922px%2C1922px&resize=200%2C200&quality=90&ssl=1", "https://i2.wp.com/www.wonderwall.com/wp-content/uploads/sites/2/2020/11/shutterstock_editorial_5883363v.jpg?crop=492px%2C0px%2C2008px%2C2008px&resize=200%2C200&quality=90&ssl=1", "https://www.wonderwall.com/wp-content/uploads/sites/2/2020/04/ww-logo.svg", "https://www.wonderwall.com/wp-content/uploads/sites/2/2017/12/1017064-the-charge-ii-charity-boxing-match-gala-evening-the-lind.jpg?h=1000", "https://www.wonderwall.com/wp-content/uploads/sites/2/2020/04/whalerock-logo.svg", "https://i1.wp.com/www.wonderwall.com/wp-content/uploads/sites/2/2017/12/1017064-the-charge-ii-charity-boxing-match-gala-evening-the-lind.jpg?crop=0px%2C0px%2C2569px%2C1348px&resize=1200%2C630&ssl=1", "https://i1.wp.com/www.wonderwall.com/wp-content/uploads/sites/2/2020/11/nup_192277_0042.JPG?crop=8px%2C84px%2C659px%2C659px&resize=200%2C200&quality=90&ssl=1", "https://i0.wp.com/www.wonderwall.com/wp-content/uploads/sites/2/2020/11/shutterstock_editorial_1251114cm.jpg?crop=426px%2C195px%2C1364px%2C1364px&resize=200%2C200&quality=90&ssl=1"], "top_img": "https://i1.wp.com/www.wonderwall.com/wp-content/uploads/sites/2/2017/12/1017064-the-charge-ii-charity-boxing-match-gala-evening-the-lind.jpg?crop=0px%2C0px%2C2569px%2C1348px&resize=1200%2C630&ssl=1", "keywords": [], "authors": [], "canonical_link": "https://www.wonderwall.com/celebrity/princess-eugenie-frustrated-over-lack-of-attention-is-made-up-story-3011450.article", "title": "Princess Eugenie \"Frustrated\" Over \"Lack Of Attention\" Is Made-Up Story", "meta_data": {"viewport": "width=device-width, initial-scale=1", "description": "Is Princess Eugenie \"frustrated\" that she's not \"getting the attention she deserves\" for her royal work...", "robots": "max-snippet:-1, max-image-preview:large, max-video-preview:-1", "og": {"locale": "en_US", "type": "article", "title": "Princess Eugenie \"Frustrated\" Over \"Lack Of Attention\" Is Made-Up Story | Wonderwall.com", "description": "Is Princess Eugenie \"frustrated\" that she's not \"getting the attention she deserves\" for her royal work...", "url": "https://www.wonderwall.com/celebrity/princess-eugenie-frustrated-over-lack-of-attention-is-made-up-story-3011450.article", "site_name": "Wonderwall.com", "updated_time": "2020-04-26T14:20:21+00:00", "image": "https://i1.wp.com/www.wonderwall.com/wp-content/uploads/sites/2/2017/12/1017064-the-charge-ii-charity-boxing-match-gala-evening-the-lind.jpg?crop=0px%2C0px%2C2569px%2C1348px&resize=1200%2C630&ssl=1"}, "article": {"publisher": "https://facebook.com/Wonderwall", "section": "Celebs", "published_time": "2017-12-22T17:41:00+00:00", "modified_time": "2020-04-26T14:20:21+00:00"}, "twitter": {"card": "summary_large_image", "description": "Is Princess Eugenie \"frustrated\" that she's not \"getting the attention she deserves\" for her royal work...", "title": "Princess Eugenie \"Frustrated\" Over \"Lack Of Attention\" Is Made-Up Story | Wonderwall.com", "site": "@Wonderwall", "image": "https://www.wonderwall.com/wp-content/uploads/sites/2/2017/12/1017064-the-charge-ii-charity-boxing-match-gala-evening-the-lind.jpg?crop=0px,0px,2569px,1348px&resize=1200,630", "creator": "@Wonderwall"}, "generator": "WordPress 5.5.2", "msapplication-TileImage": "https://www.wonderwall.com/wp-content/uploads/sites/2/2020/04/cropped-favicon-96x96-1-192x192-1.png?w=192"}, "movies": [], "publish_date": 1513964460.0, "source": "http://www.wonderwall.com", "summary": ""}