{"url": "www.newidea.com.au/jennifer-anistons-close-bond-brad-pitts-kids", "text": "As Hollywood\u2019s golden couple\u2019s relationship deepens and they spend more and more time together, 11-year-old Shiloh has found herself won over by Jen\u2019s fun and loving personality.\n\n\u2018Shiloh has been spending a lot of time with Jen in recent weeks and they really have developed a very special bond now,\u2019 a source tells New Idea.\n\n\u2018Brad loves seeing how close they have become \u2013 always laughing and smiling, and Shiloh has become the closest to Jen out of all of Brad\u2019s kids.\u2019", "images": ["http://www.newidea.com.au/media/73139/ni4619_cover_nobc_bws.png?height=158", "http://www.newidea.com.au/Branding/NewIdea/images/enhanced-header-logo.svg", "http://www.newidea.com.au/Branding/NewIdea/images/brand-logo-footer-new.svg", "https://snowplow.swm.digital/i?e=se&se_ca=ping&tv=http-get-0.1.0&dtm=0&stm=0&tna=pac&p=web", "https://www.facebook.com/tr?id=2693548590922384&ev=PageView&noscript=1", "http://secure-gl.imrworldwide.com/cgi-bin/m?ci=au-pacmags&cg=0&cc=1&ts=noscript", "http://www.newidea.com.au/media/25106/brad-pitt-jennifer-aniston-shiloh.jpg"], "top_img": "http://www.newidea.com.au/media/25106/brad-pitt-jennifer-aniston-shiloh.jpg", "keywords": [], "authors": ["Nikki Black", "Nikki Is Obsessed With All Things Celebrity", "Dreams She Is A Long-Lost Kardashian. You'Ll Find Her Binging Netflix'S Latest 'Must-Watch' Show With A Jar Of Nutella Her Side."], "canonical_link": "https://www.newidea.com.au/jennifer-anistons-close-bond-brad-pitts-kids", "title": "Shiloh\u2019s plea to Jennifer Aniston: Can I call you Mummy?", "meta_data": {"language": "en-us", "description": "Angelina Jolie\u2019s nightmare comes true.", "news_keywords": "Jennifer Aniston, brad pitt, angelina jolie, shiloh pitt, brad pitt custody, angelina jolie custody, brad pitt news, brad pitt kids", "robots": "index, follow", "og": {"site_name": "New Idea", "type": "article", "url": "https://www.newidea.com.au/jennifer-anistons-close-bond-brad-pitts-kids", "title": "Shiloh\u2019s plea to Jennifer Aniston: Can I call you Mummy?", "description": "Angelina Jolie\u2019s nightmare comes true.", "image": {"identifier": "http://www.newidea.com.au/media/25106/brad-pitt-jennifer-aniston-shiloh.jpg", "width": 1500, "height": 1000}}, "twitter": {"title": "Shiloh\u2019s plea to Jennifer Aniston: Can I call you Mummy?", "description": "Angelina Jolie\u2019s nightmare comes true.", "image": "http://www.newidea.com.au/media/25106/brad-pitt-jennifer-aniston-shiloh.jpg", "url": "https://www.newidea.com.au/jennifer-anistons-close-bond-brad-pitts-kids"}, "fb": {"admins": 863618607005758, "pages": 140279489324860}, "msvalidate.01": "3BD3CB44DC500E9821E82E085D0F0D13", "viewport": "width=device-width, initial-scale=1.0"}, "movies": [], "publish_date": 1522619282.393, "source": "http://www.newidea.com.au", "summary": ""}