{"url": "http://select.nytimes.com/gst/abstract.html?res=FB0E1FF93C58167A93C6AB178CD85F418385F9", "text": "Full text is unavailable for this digitized archive article. Subscribers may view the full text of this article in its original form through TimesMachine.\n\nWASHINGTON, July 23. -- Recent hints by Republican leaders that President Roosevelt should be impeached started a flood of political speeches in the House today. representative Fish, Republican, of New York, added to the Democratic feeling with a declaration that it would be foolish to impeach the President for acts for which the House, the Speaker and the Democratic leaders were \"doubly to blame.\" View Full Article in Timesmachine \u00bb", "images": ["https://s1.nyt.com/timesmachine/pages/1/1935/07/24/95517918_360W.png?quality=75&auto=webp&disable=upscale", "https://static01.nyt.com/newsgraphics/images/icons/defaultPromoCrop.png?year=1935"], "top_img": "https://static01.nyt.com/newsgraphics/images/icons/defaultPromoCrop.png?year=1935", "keywords": [], "authors": ["Special To The New York Times."], "canonical_link": "https://www.nytimes.com/1935/07/24/archives/impeachment-hint-stirs-house-clash-democratic-orators-spring-to.html", "title": "IMPEACHMENT HINT STIRS HOUSE CLASH; Democratic Orators Spring to Roosevelt Defense, Charging 'Malice.'", "meta_data": {"article": {"published_time": "1935-07-24T05:00:00.000Z", "modified_time": "1935-07-24T05:00:00.000Z", "section": "Archives", "tag": "POWERS", "opinion": "false", "content_tier": "metered"}, "robots": "noarchive", "articleid": 1935072400095517918, "nyt_uri": "nyt://article/eda1b97d-1f37-560d-9ccd-27887c12c516", "pubp_event_id": "pubp://event/f8dbfeeff43549be87cfc2c8c279cf58", "description": "Repr Fish and other Repubs attack Roosevelt, in House, for usurping Cong powers; impeachment hinted; Dems defend Pres", "image": "https://static01.nyt.com/newsgraphics/images/icons/defaultPromoCrop.png?year=1935", "byl": "Special to THE NEW YORK TIMES.", "thumbnail": "https://static01.nyt.com/newsgraphics/images/icons/defaultCrop.png", "news_keywords": ",,", "pdate": 19350724, "og": {"url": "https://www.nytimes.com/1935/07/24/archives/impeachment-hint-stirs-house-clash-democratic-orators-spring-to.html", "type": "article", "title": "IMPEACHMENT HINT STIRS HOUSE CLASH; Democratic Orators Spring to Roosevelt Defense, Charging 'Malice.' (Published 1935)", "image": "https://static01.nyt.com/newsgraphics/images/icons/defaultPromoCrop.png?year=1935", "description": "Repr Fish and other Repubs attack Roosevelt, in House, for usurping Cong powers; impeachment hinted; Dems defend Pres"}, "twitter": {"url": "https://www.nytimes.com/1935/07/24/archives/impeachment-hint-stirs-house-clash-democratic-orators-spring-to.html", "title": "IMPEACHMENT HINT STIRS HOUSE CLASH; Democratic Orators Spring to Roosevelt Defense, Charging 'Malice.' (Published 1935)", "description": "Repr Fish and other Repubs attack Roosevelt, in House, for usurping Cong powers; impeachment hinted; Dems defend Pres", "image": "https://static01.nyt.com/newsgraphics/images/icons/defaultCrop.png?year=1935", "card": "summary_large_image", "app": {"name": {"googleplay": "NYTimes"}, "id": {"googleplay": "com.nytimes.android"}, "url": {"googleplay": "nyt://article/eda1b97d-1f37-560d-9ccd-27887c12c516"}}, "site": "@nytimes"}, "CG": "archives", "PT": "article", "PST": "Archives", "url": "https://www.nytimes.com/1935/07/24/archives/impeachment-hint-stirs-house-clash-democratic-orators-spring-to.html", "msapplication-starturl": "https://www.nytimes.com", "al": {"android": {"url": "nyt://article/eda1b97d-1f37-560d-9ccd-27887c12c516", "package": "com.nytimes.android", "app_name": "NYTimes"}, "iphone": {"url": "nytimes://www.nytimes.com/1935/07/24/archives/impeachment-hint-stirs-house-clash-democratic-orators-spring-to.html", "app_store_id": 284862083, "app_name": "NYTimes"}, "ipad": {"url": "nytimes://www.nytimes.com/1935/07/24/archives/impeachment-hint-stirs-house-clash-democratic-orators-spring-to.html", "app_store_id": 357066198, "app_name": "NYTimes"}}, "viewport": "width=device-width, initial-scale=1", "fb": {"app_id": 9869919170}}, "movies": [], "publish_date": -1086894000.0, "source": "http://select.nytimes.com", "summary": ""}