{"url": "http://www.nap.edu/catalog.php?record_id=10367#toc", "text": "\u00d7 Close Downloading and Using eBooks from NAP\n\nWhat is an eBook?\n\nAn ebook is one of two file formats that are intended to be used with e-reader devices and apps such as Amazon Kindle or Apple iBooks.\n\nWhy is an eBook better than a PDF?\n\nA PDF is a digital representation of the print book, so while it can be loaded into most e-reader programs, it doesn't allow for resizable text or advanced, interactive functionality. The eBook is optimized for e-reader devices and apps, which means that it offers a much better digital reading experience than a PDF, including resizable text and interactive features (when available).\n\nWhere do I get eBook files?\n\neBook files are now available for a large number of reports on the NAP.edu website. If an eBook is available, you'll see the option to purchase it on the book page.\n\nView more FAQ's about Ebooks", "images": ["http://www.nap.edu/images/icon_academyscope.png", "http://www.nap.edu/images/hdr/nasem-nas-logo.png", "http://www.nap.edu/images/hdr/nasem-nap-textlogo.png", "https://www.nap.edu/cover/10367/450", "http://www.nap.edu/images/hdr/logo-nasem-wht-lg.png", "http://www.nap.edu/images/loading.gif", "http://www.nap.edu/images/icon_prepubprocess.png"], "top_img": "https://www.nap.edu/cover/10367/450", "keywords": [], "authors": ["Institute Of Medicine"], "canonical_link": "https://www.nap.edu/catalog/10367/care-without-coverage-too-little-too-late", "title": "Care Without Coverage: Too Little, Too Late", "meta_data": {"viewport": "width=device-width, initial-scale=1.0", "DC.creator": "Institute of Medicine", "DC.identifier": "doi:10.17226/10367", "DC.issued": "2002-05-21", "DC.title": "Care Without Coverage: Too Little, Too Late", "article": {"publisher": "https://www.facebook.com/NationalAcademiesPress"}, "citation_author": "Institute of Medicine", "citation_doi": "10.17226/10367", "citation_isbn": "978-0-309-08343-0", "citation_pdf_url": "https://www.nap.edu/download/10367", "citation_publication_date": "2002/05/21", "citation_title": "Care Without Coverage: Too Little, Too Late", "description": "Download a PDF of \"Care Without Coverage\" by the Institute of Medicine for free.", "og": {"description": "Download a PDF of \"Care Without Coverage\" by the Institute of Medicine for free.", "image": "https://www.nap.edu/cover/10367/450", "site_name": "The National Academies Press", "title": "Care Without Coverage: Too Little, Too Late", "type": "book", "url": "https://www.nap.edu/catalog/10367/care-without-coverage-too-little-too-late"}, "prism.doi": "10.17226/10367", "twitter": {"card": "summary", "description": "Download a PDF of \"Care Without Coverage\" by the Institute of Medicine for free.", "image": {"height": 675, "src": "https://www.nap.edu/cover/10367/450", "width": 450}, "site": "@theNASEM", "title": "Care Without Coverage: Too Little, Too Late", "url": "https://www.nap.edu/catalog/10367/care-without-coverage-too-little-too-late"}, "alexaVerifyID": "02J2SepmgvpkhVXcfeE98cX3HKs"}, "movies": [], "publish_date": 1021932000.0, "source": "http://www.nap.edu", "summary": ""}