{"url": "https://web.archive.org/web/20050322064340/http://www6.lexisnexis.com:80/publisher/EndUser?Action=UserDisplayFullDocument", "text": "COPYRIGHT \u00a9 2005 LexisNexis, a division of Reed Elsevier Inc. All rights reserved.", "images": ["https://web.archive.org/web/20050322064340im_/http://www6.lexisnexis.com/publisher/images/Logo_LNPublisher.gif", "https://web.archive.org/web/20050322064340im_/http://www6.lexisnexis.com/publisher/images/upper_left_corner_red.gif", "https://web.archive.org/web/20050322064340im_/http://www6.lexisnexis.com/publisher/images/upper_right_corner_red.gif", "https://web.archive.org/web/20050322064340im_/http://www6.lexisnexis.com/publisher/images/blank.gif"], "top_img": "", "keywords": [], "authors": [], "canonical_link": "", "title": "LexisNexis(R) Publisher", "meta_data": {}, "movies": [], "publish_date": null, "source": "https://web.archive.org", "summary": ""}