{"url": "www.harpersbazaar.com/celebrity/latest/a19635358/prince-harry-bachelor-party-stag-do-guide/", "text": "This content is imported from {embed-name}. You may be able to find the same content in another format, or you may be able to find more information, at their web site.\n\nWith the royal wedding fast approaching on May 19, the world is wondering when Prince Harry's bachelor party is due to take place.\n\nIt was reported at the start of March that Meghan Markle's bachelorette party, or bridal shower, had already taken place. According to Us Weekly, her party happened at Soho Farmhouse in Oxfordshire, with E! reporting that it was \"just a relaxing day of good food and pampering.\"\n\nBut it's believed that Prince Harry's bachelor party, or \"stag do\" as the Brits would call it, has yet to happen. Here's everything we know about the royal party so far:\n\n1) The Organizers.\n\nAccording to Vanity Fair, Prince Harry \"has put his brother, Prince William, and his best friend Tom Inskip in charge of his all-important sending-off party.\" As Prince William is the best man at his brother's wedding, he'll likely be the steering force in helping to plan a night to remember.\n\nAnthony Harvey/REX/Shutterstock\n\n2) The Location.\n\nPrince Harry's best friend, Inskip, has apparently been spotted scouting out possible venues for the bachelor party to end all bachelor parties. Vanity Fair reports that the venue of choice is likely to be a \"suitably swanky boutique hotel in Mexico.\" A \"friend\" reportedly revealed the the publication:\n\n\n\n\"Tom is in charge of finding the location. It has to be somewhere they won\u2019t be found and a place they can completely take over. Tom was checking out this fabulous place in Mexico last week and he loved it. It might be a step too far for everyone to go to Mexico but it's one of the places on the wish list.\"\n\nHowever, back in January, the Daily Mail reported that the bachelor party was probably going to take place at \"Swiss ski resort of Verbier, after royal protection officers were spotted in the upmarket bar La Vache.\" The Daily Star reiterated this plan, claiming that Prince Andrew had offered the group his ski chalet to hold the party in.\n\n3) The Entertainment.\n\nDon't expect any debauchery at Prince Harry's bachelor party. As most people have noticed, the royal has become \"a lot tamer and less of a party boy\" since meeting Markle. As such, his bachelor party is unlikely to get as raucous as parties he's attended in the past.\n\nAnd when it comes to alcohol, Prince Harry is a lot more restrained than he used to be. As Vanity Fair reports, \"He smokes less, although Meghan hasn\u2019t yet managed to get him to quit smoking, and he doesn\u2019t drink as much. He\u2019s determined that there will be no repeats of Vegas on this stag do.\" The royals are likely hoping to keep any parties out of the papers, and away from prying eyes.\n\nThis content is created and maintained by a third party, and imported onto this page to help users provide their email addresses. You may be able to find more information about this and similar content at piano.io", "images": ["https://hips.hearstapps.com/hmg-prod.s3.amazonaws.com/images/prince-harry-stag-do-bachelor-1522524351.jpg?crop=1xw:0.9992764109985528xh;center,top&resize=1200:*", "data:image/gif;base64,R0lGODlhAQABAIAAAAAAAP///yH5BAEAAAAALAAAAAABAAEAAAIBRAA7", "https://hips.hearstapps.com/hmg-prod.s3.amazonaws.com/images/prince-harry-1522163974.jpg?crop=1.00xw:1.00xh;0,0&resize=300:*", "https://hips.hearstapps.com/hmg-prod.s3.amazonaws.com/images/hbz-prince-harry-meghan-markle-960091094-1526951378.jpg?crop=0.968xw:0.726xh;0.0321xw,0.0793xh&resize=300:*"], "top_img": "https://hips.hearstapps.com/hmg-prod.s3.amazonaws.com/images/prince-harry-stag-do-bachelor-1522524351.jpg?crop=1xw:0.9992764109985528xh;center,top&resize=1200:*", "keywords": [], "authors": ["Amy Mackelden"], "canonical_link": "https://www.harpersbazaar.com/celebrity/latest/a19635358/prince-harry-bachelor-party-stag-do-guide/", "title": "Prince Harry's Bachelor Party: Everything You Need to Know", "meta_data": {"x-ua-compatible": "IE=edge,chrome=1", "viewport": "width=device-width,initial-scale=1,maximum-scale=6", "msapplication-tap-highlight": "no", "theme-color": "#606060", "og": {"type": "article", "site_name": "Harper's BAZAAR", "title": "Prince Harry's Bachelor Party: Everything You Need to Know", "description": "Think 'The Hangover,' but regal.", "url": "https://www.harpersbazaar.com/celebrity/latest/a19635358/prince-harry-bachelor-party-stag-do-guide/", "image": {"identifier": "https://hips.hearstapps.com/hmg-prod.s3.amazonaws.com/images/prince-harry-stag-do-bachelor-1522524351.jpg?crop=1xw:0.9992764109985528xh;center,top&resize=1200:*", "width": 1200, "height": 600}}, "fb": {"app_id": 227018747326504, "pages": 8327967561}, "article": {"publisher": "https://www.facebook.com/HarpersBazaar", "modified_time": "2018-04-02 06:46:41", "published_time": "2018-03-31 08:12:00", "section": "Celebrity News", "opinion": "false"}, "twitter": {"site": "@harpersbazaarus", "card": "summary_large_image", "image": "https://hips.hearstapps.com/hmg-prod.s3.amazonaws.com/images/prince-harry-stag-do-bachelor-1522524351.jpg?crop=1xw:0.9992764109985528xh;center,top&resize=640:*"}, "google-site-verification": "bNUXKPTEqUVDbaxHrYA-c1kj007Ao4VsMKdoU80EyiU", "title": "Prince Harry's Bachelor Party Guide - Royal Stag Do Details", "description": "Here's everything you need to know about the groom-to-be Prince Harry's bachelor party celebration ahead of the royal wedding.", "keywords": "prince harry, prince harry bachelor party, prince harry stag do, prince harry meghan markle, prince harry meghan markle wedding, royal wedding", "auto-publish": "timely", "thumbnail": "https://hips.hearstapps.com/hmg-prod.s3.amazonaws.com/images/prince-harry-stag-do-bachelor-1522524351.jpg?crop=0.500362056480811xw:1xh;center,top&resize=320:*", "sailthru.contenttype": "standard-article", "sailthru.tags": "Celebrity,celebrity,latest,prince harry stag do,prince harry best man,prince harry bachelor party,prince harry meghan markle,meghan markle bachelorette party,Prince Harry,prince harry meghan markle wedding,royal wedding", "sailthru.date": "2018-03-31T20:12:00Z", "sailthru.image.full": "https://hips.hearstapps.com/hmg-prod.s3.amazonaws.com/images/prince-harry-stag-do-bachelor-1522524351.jpg?crop=1xw:0.9992764109985528xh;center,top", "sailthru.image.thumb": "https://hips.hearstapps.com/hmg-prod.s3.amazonaws.com/images/prince-harry-stag-do-bachelor-1522524351.jpg?crop=0.500362056480811xw:1xh;center,top", "sailthru.socialtitle": "Prince Harry's Bachelor Party: Everything You Need to Know", "m1": ".content-hed", "m2": ".content-dek p"}, "movies": [], "publish_date": 1522476720.0, "source": "http://www.harpersbazaar.com", "summary": ""}