{"url": "https://web.archive.org/web/20060922190410/http://tonto.eia.doe.gov/dnav/pet/pet_move_wkly_dc_NUS-Z00_mbblpd_w.htm", "text": "Data Series Period-Unit: Weekly - Thousand Barrels per Day 4-Week Avg. - Thousand Barrels per Day View\n\nHistory 08/11/06 08/18/06 08/25/06 09/01/06 09/08/06 09/15/06 Imports\n\nCrude Oil and Petroleum Products 13,851 14,574 14,831 13,698 14,086 13,923 1991-2006 Crude Oil 10,022 10,197 11,153 10,365 10,597 10,592 1990-2006 Crude Oil (Excluding SPR) 10,022 10,197 11,153 10,365 10,597 10,592 1982-2006 SPR 0 0 0 0 0 0 1982-2006 Total Products 3,829 4,377 3,678 3,333 3,489 3,331 1990-2006 Total Motor Gasoline 1,388 1,324 1,183 1,027 1,084 799 1982-2006 Reformulated 0 0 0 0 0 0 1993-2006 Blended with Ether 0 0 0 0 0 0 2004-2006 Blended with Alcohol 0 0 0 0 0 0 2004-2006 Blended Non Oxygenated 0 0 0 0 0 0 2004-2006 Conventional 361 372 480 460 285 210 1994-2006 Blended with Alcohol 0 0 0 0 0 0 2004-2006 Other Conventional 361 372 480 460 285 210 2004-2006 Blending Components 1,027 952 703 567 799 589 1985-2006 RBOB with Ether 0 0 0 0 0 0 2004-2006 RBOB with Alcohol 290 222 274 243 176 143 2004-2006 CBOB 0 0 0 0 0 0 2004-2006 GTAB Reformulated NA NA NA NA NA NA 2004-2006 GTAB Conventional NA NA NA NA NA NA 2004-2006 All Other 478 653 257 239 467 280 2004-2006 Kerosene-Type Jet Fuel 300 399 266 119 124 292 1982-2006 Distillate Fuel Oil 261 521 360 522 384 471 1982-2006 15 ppm Sulfur and Under 111 204 124 261 260 280 2004-2006 > 15 ppm to 500 ppm Sulfur 51 51 139 117 83 41 1993-2006 > 500 ppm to 2000 ppm Sulfur 91 130 90 69 36 98 2004-2006 > 2000 ppm Sulfur 8 136 7 75 5 52 2004-2006 Residual Fuel Oil 277 219 263 332 328 511 1982-2006 Propane/Propylene 252 147 365 254 218 148 2004-2006 Other Products 1,351 1,767 1,241 1,079 1,351 1,110 2004-2006 Exports\n\nCrude Oil and Petroleum Products 1,133 1,133 1,133 1,271 1,189 1,189 1991-2006 Crude Oil 21 21 21 21 21 21 1991-2006 Petroleum Products 1,112 1,112 1,112 1,250 1,168 1,168 1991-2006 Net Imports\n\nNet imports Incl. SPR 12,718 13,441 13,698 12,427 12,897 12,734 1991-2006", "images": ["https://web.archive.org/web/20060922190410im_/http://tonto.eia.doe.gov/dnav/pet/img/Radio_I5.jpg", "https://web.archive.org/web/20060922190410im_/http://tonto.eia.doe.gov/dnav/pet/img/EIAlogo31.gif", "https://web.archive.org/web/20060922190410im_/http://tonto.eia.doe.gov/dnav/pet/img/spacer_transp.gif", "https://web.archive.org/web/20060922190410im_/http://tonto.eia.doe.gov/dnav/pet/Img/spacer_transp.gif", "https://web.archive.org/web/20060922190410im_/http://tonto.eia.doe.gov/dnav/pet/img/Notes_Icon1.jpg", "https://web.archive.org/web/20060922190410im_/http://tonto.eia.doe.gov/dnav/pet/img/PetNav_Title3.gif", "https://web.archive.org/web/20060922190410im_/http://tonto.eia.doe.gov/dnav/pet/img/EiaBanner1.gif", "https://web.archive.org/web/20060922190410im_/http://tonto.eia.doe.gov/dnav/pet/img/Radio_A5.jpg", "https://web.archive.org/web/20060922190410im_/http://tonto.eia.doe.gov/dnav/pet/img/Excel_Hist3.jpg"], "top_img": "", "keywords": [], "authors": [], "canonical_link": "", "title": "U.S. Imports & Exports", "meta_data": {"robots": "noindex, nofollow"}, "movies": [], "publish_date": null, "source": "https://web.archive.org", "summary": ""}