{"url": "https://popculture.com/2017/05/08/bristol-palin-and-dakota-meyer-welcome-a-baby-girl/", "text": "Meet Atlee Bay!!! The newest edition of the Meyer family!! @bsmp2 #dadlife #ownthedash A post shared by Dakota Meyer (@dakotameyer0317) on May 8, 2017 at 3:14pm PDT\n\nCongratulations to Bristol Palin and her husband Dakota Meyer!\n\nPalin gave birth to her third child, a baby girl, and announced the exciting news on social media. The 26-year-old posted a cute black-and-white photo with Meyer and her little girl on Instagram Monday.\n\n\"Welcome to the world Atlee Bay,\" Palin wrote.\n\nMeyer posted the same photo on his account, writing, \"Meet Atlee Bay!!! The newest edition of the Meyer family!! @bsmp2 #dadlife #ownthedash\"\n\nAtlee Bay is the second child for Palin and her husband, who will celebrate their first wedding anniversary in June. The couple welcomed a daughter, Sailor Grace Meyers, in December 2015.\n\nMORE: Bristol Palin Shares Sweet Family Photos Ahead of Baby Number Three's Arrival\n\nPalin has a son, Tripp Johnston-Palin, 8, with her ex-fiance Levi Johnston, 26.\n\nShe announced her third pregnancy in December. \"We are so excited to announce that our family is expanding! God has blessed us so much; we are thankful for His grace and new beginnings,\" the couple said in a joint statement. \"A springtime baby in the Meyer home and we can't wait!\"\n\nThe couple has been through some ups and downs in their relationship, but believe their baby girl will bring them closer.\n\n\"Dakota and I have been through trials in the public eye, and I am so thankful for where we are today,\" Sarah Palin's daughter wrote on her blog in December, explaining, \"I always knew a third child someday would complete our family.\"\n\nMy world!!! I can't believe we'll be a family of 5 in a matter of days \ud83d\ude48\ud83d\ude0d\u2764\ufe0f A post shared by Bristol Meyer (@bsmp2) on Apr 25, 2017 at 10:03am PDT\n\nCongratulations to the happy family on their newest addition!\n\n[H/T Twitter / @etnow]\n\nRelated:\n\nUPDATE: Bristol Palin's Ex-Fianc\u00e9 Dakota Meyer Hints the Two Are Back Together With Instagram Photo\n\nBristol Palin SLAMS Instagram Follower Who Criticized Brother Trig\n\nCiara and Russell Wilson Welcome Baby Girl", "images": ["https://media.popculture.com/files/images/default-amp-10.png"], "top_img": "https://media.popculture.com/files/images/default-amp-10.png", "keywords": [], "authors": [], "canonical_link": "https://popculture.com/celebrity-parents/news/bristol-palin-and-dakota-meyer-welcome-a-baby-girl/", "title": "Bristol Palin and Dakota Meyer Welcome a Baby Girl", "meta_data": {"description": "Meet Atlee Bay!!! The newest edition of the Meyer family!! @bsmp2 #dadlife #ownthedashA post shared by Dakota Meyer (@dakotameyer0317) on May 8, 2017 at 3:14pm PDT Congratulations to Bristol Palin and her husband Dakota Meyer!Palin gave birth to her third child, a baby girl, and announced the [...]", "keywords": "Celebrity Moms,Bristol Palin", "news_keywords": "Celebrity Moms,Bristol Palin", "twitter": {"card": "summary", "site": "@PopCulture", "creator": "@PopCulture", "title": "Bristol Palin and Dakota Meyer Welcome a Baby Girl", "description": "Meet Atlee Bay!!! The newest edition of the Meyer family!! @bsmp2 #dadlife #ownthedashA post [...]", "image": "https://media.popculture.com/files/images/default-amp-10.png"}, "og": {"title": "Bristol Palin and Dakota Meyer Welcome a Baby Girl", "type": "article", "url": "https://popculture.com/celebrity-parents/news/bristol-palin-and-dakota-meyer-welcome-a-baby-girl/", "image": {"identifier": "https://media.popculture.com/files/images/default-amp-10.png", "width": 1280, "height": 640}, "site_name": "Celebrity Parents", "description": "Meet Atlee Bay!!! The newest edition of the Meyer family!! @bsmp2 #dadlife #ownthedashA post [...]"}, "fb": {"app_id": 398373180287205, "pages": 1075190092524035}, "google-site-verification": "iPoSsgn-BS2aFT9iphBFS8eF6I23H2Le3DRVOCodjJg", "p": {"domain_verify": "c711bf7a7a8040f2b74003958afd81d4"}, "viewport": "width=device-width, initial-scale=1, maximum-scale=1,user-scalable=0", "theme-color": "#ffffff"}, "movies": [], "publish_date": 1494194400.0, "source": "https://popculture.com", "summary": ""}