{"url": "https://www.zeel.com/massage-news/coachella-2017-all-access-go-inside-this-years-star-studded-music-festival", "text": "E! News\n\nApril 2017\n\nCoachella 2017 All Access: Go Inside This Year's Star-Studded Music Festival\n\nWeekend 1, Day 1: Friday April 14, 2017: After traveling through private planes, Uber rides and even a helicopter (we see you Sofia Richie), dozens of celebrities kicked off a jam-packed weekend. Tyga partied separately from Kylie Jenner throughout the weekend. On Friday, he hit up one of the parties put on by Velocity Black x 1 OAK, which kicked off its annual Coachella soirees with an epic mega-day bash called the Up & Down Desert Beach Party, complete with resort-style beach-club vibe. Paris Hilton, Rita Ora, Chanel Iman and Shay Mitchell were just some of the \"curated\" crowd that was treated to Zeel App massages, beats spun by Odd Future's DJ Taco and food by Catch LA. Poppy Delevingne, Jordyn Woods, Brooklyn Beckham and Russell Simmons made sure to stop by the day party as well. Selena and The Weeknd couldn't seem to keep their hands off each other throughout the day. The two watched performances by The Head and The Heart and Travis Scott.", "images": ["https://www.zeel.com/assets/4/svg/header/lotus.svg", "http://akns-images.eonline.com/eol_images/Entire_Site/2017316/rs_1024x759-170416152110-1024.Tyga-Coachella.kg.041617.jpg", "https://secure.adnxs.com/px?id=1065118&seg=16396232&t=2", "data:image/gif;base64,R0lGODlhAQABAIAAAAAAAP///yH5BAEAAAAALAAAAAABAAEAAAIBRAA7", "https://www.zeel.com/assets/4/svg/hero/press.svg", "https://www.zeel.com/assets/3/images/4/facebook/zeel_massage_on_demand.jpg"], "top_img": "https://www.zeel.com/assets/3/images/4/facebook/zeel_massage_on_demand.jpg", "keywords": [], "authors": [], "canonical_link": "https://www.zeel.com/massage-news/coachella-2017-all-access-go-inside-this-years-star-studded-music-festival", "title": "Coachella 2017 All Access: Go Inside This Year's Star-Studded Music Festival - E! News", "meta_data": {"viewport": "width=device-width", "apple-itunes-app": "app-id=621692157", "p": {"domain_verify": "b937e4792a12c6f9a090a0491c42b810"}, "twitter": {"card": "app", "title": "In-Home Massages, Same-Day Booking | Book Zeel\u00ae Today", "description": "Massages are good. In-home massages are amazing! Book your Zeel\u00ae massage today and open your door to a professional therapist in as little as an hour.", "app": {"name": {"iphone": "Zeel Massage On Demand", "ipad": "Zeel Massage On Demand", "googleplay": "Zeel Massage On Demand"}, "id": {"iphone": 621692160, "ipad": 621692160, "googleplay": "com.zeel.consumer"}, "url": {"iphone": "https://itunes.apple.com/us/app/massage-on-demand-in-home/id621692157?mt=8", "ipad": "https://itunes.apple.com/us/app/massage-on-demand-in-home/id621692157?mt=8", "googleplay": "https://play.google.com/store/apps/details?id=com.zeel.consumer"}}, "country": "US"}, "fb": {"app_id": 114526811931347}, "og": {"image": {"identifier": "https://www.zeel.com/assets/3/images/4/facebook/zeel_massage_on_demand.jpg", "url": "http://www.zeel.com/assets/3/images/4/facebook/zeel_massage_on_demand.jpg", "secure_url": "https://www.zeel.com/assets/3/images/4/facebook/zeel_massage_on_demand.jpg", "width": 1200, "height": 650}, "site_name": "Zeel", "title": "In-Home Massages, Same-Day Booking | Book Zeel\u00ae Today", "description": "Massages are good. In-home massages are amazing! Book your Zeel\u00ae massage today and open your door to a professional therapist in as little as an hour.", "type": "website"}, "description": "Weekend 1, Day 1: Friday April 14, 2017:\n\nAfter traveling through private planes, Uber rides and even a helicopter (we see you Sofia Richie), dozens of...", "copyright": "Copyright 2020, Zeel Networks, Inc.", "google-site-verification": "vJpb9i3EI_JVSUzpksXCuiQrn0JTgi_VtNfXU4ZmM4Q", "msapplication-TileColor": "#ff532e", "msapplication-TileImage": "/assets/3/images/4/favicon/mstile-144x144.png", "theme-color": "#000000"}, "movies": [], "publish_date": null, "source": "https://www.zeel.com", "summary": ""}