{"url": "https://pagesix.com/2017/04/18/sienna-miller-thinks-her-nipples-look-like-fighter-pilot-thumbs/", "text": "Click to email this to a friend (Opens in new window)\n\nClick to share on Twitter (Opens in new window)\n\nClick to share on Facebook (Opens in new window)\n\nSienna Miller has us all wondering what fighter pilots\u2019 thumbs look like.\n\n\u201cI do miss my breasts being where they were,\u201d the actress said of her post-baby body in the new issue of Allure. \u201cI have nipples like fighter pilots\u2019 thumbs. But I also sort of like that they\u2019re a little \u201970s. And that they fed my kid.\u201d\n\nThe 35-year-old \u201cLost City of Z\u201d star also opened up about co-parenting with her ex, Tom Sturridge.\n\n\u201cWe do bedtime every day,\u201d she said, \u201cWe felt like as much togetherness as possible would be ideal, and fortunately we really love each other and are best friends, and so that works.\n\nShe added, \u201cIt\u2019s not that it\u2019s not complicated because it is.\u201d\n\nSturridge and Miller got engaged in 2012, the same year they welcomed their daughter, Marlowe. The couple called off their engagement in 2015.\n\nMiller recently shut down rumors of flirting with newly single Brad Pitt, telling Page Six, it\u2019s \u201csilly.\u201d", "images": ["https://pagesix.com/wp-content/mu-plugins/jetpack-9.1/modules/sharedaddy/images/loading.gif", "https://googleads.g.doubleclick.net/pagead/viewthroughconversion/988380111/?value=0&guid=ON&script=0", "https://pagesix.com/wp-content/uploads/sites/3/2017/04/sienna3.jpg?quality=90&strip=all&w=618&h=410&crop=1", "https://nypost.com/wp-content/uploads/sites/3/2019/09/apple-podcast-badge402x.png", "https://pagesix.com/wp-content/uploads/sites/3/2017/04/sienna3.jpg?quality=90&strip=all&w=1200", "https://pagesix.com/wp-content/mu-plugins/vip-helpers/images/vip-powered-dark-small.png", "https://nypost.com/wp-content/uploads/sites/3/2019/09/p6podcast402x.png", "data:image/gif;base64,R0lGODlhAQABAIAAAAAAAP///yH5BAEAAAAALAAAAAABAAEAAAIBRAA7"], "top_img": "https://pagesix.com/wp-content/uploads/sites/3/2017/04/sienna3.jpg?quality=90&strip=all&w=1200", "keywords": [], "authors": ["April"], "canonical_link": "https://pagesix.com/2017/04/18/sienna-miller-thinks-her-nipples-look-like-fighter-pilot-thumbs/", "title": "Sienna Miller thinks her nipples look like \u2018fighter pilot thumbs\u2019", "meta_data": {"viewport": "width=device-width, initial-scale=1", "copyright": "Copyright 2020 NYP Holdings. All rights reserved.", "p": {"domain_verify": "44b526edc36ffbcc163412ee9fe42833"}, "robots": "max-image-preview:large", "description": "\"I do miss my breasts being where they were,\" the actress said.", "generator": "WordPress 5.4.3", "fb": {"pages": 261611377580503}, "parsely-metadata": "{\"post_id\":\"pagesix-4237187\"}", "keywords": "body image,celebrity children,parenting,sienna miller", "article": {"opinion": "false", "content_tier": "free", "published_time": "2017-04-18T19:49:37+00:00", "modified_time": "2017-04-18T19:49:59+00:00", "publisher": "https://www.facebook.com/pagesix"}, "google-site-verification": "kUaM_iOUItG-sfAnU_xqPqFG_0hl71TEfuta-jVPcSw", "msvalidate.01": "8188997BC82071CE07AB711B5675CE54", "og": {"type": "article", "title": "Sienna Miller thinks her nipples look like \u2018fighter pilot thumbs\u2019", "url": "https://pagesix.com/2017/04/18/sienna-miller-thinks-her-nipples-look-like-fighter-pilot-thumbs/", "description": "\u201cI do miss my breasts being where they were,\u201d the actress said.", "site_name": "Page Six", "image": {"identifier": "https://pagesix.com/wp-content/uploads/sites/3/2017/04/sienna3.jpg?quality=90&strip=all&w=1200", "secure_url": "https://i0.wp.com/pagesix.com/wp-content/uploads/sites/3/2017/04/sienna3.jpg?quality=90&strip=all&ssl=1"}, "locale": "en_US"}, "twitter": {"creator": "@pagesix", "site": "@pagesix", "text": {"title": "Sienna Miller thinks her nipples look like \u2018fighter pilot thumbs\u2019"}, "image": {"identifier": "https://pagesix.com/wp-content/uploads/sites/3/2017/04/sienna3.jpg?quality=90&strip=all&w=680&h=356&crop=1", "src": "https://pagesix.com/wp-content/uploads/sites/3/2017/04/sienna3.jpg?quality=90&strip=all&w=680&h=356&crop=1"}, "card": "summary_large_image", "title": "Sienna Miller thinks her nipples look like 'fighter pilot thumbs'", "description": "\"I do miss my breasts being where they were,\" the actress said."}}, "movies": [], "publish_date": 1492466400.0, "source": "https://pagesix.com", "summary": ""}