{"url": "https://www.msn.com/en-ca/news/politics/kendall-jenner-makes-a-cheeky-appearance-at-coachella/vi-BBzTTKd", "text": "You are using an older browser version. Please use a supported version for the best MSN experience.", "images": ["https://img-s-msn-com.akamaized.net/tenant/amp/entityid/AAxlCmf.img?h=16&w=16&m=6&q=60&u=t&o=t&l=f&f=png", "https://static-entertainment-neu-s-msn-com.akamaized.net/sc/82/c22c7d.gif", "https://img-s-msn-com.akamaized.net/tenant/amp/entityid/BB1boH8I.img?h=70&w=94&m=6&q=60&u=t&o=t&l=f&f=jpg", "https://static-entertainment-neu-s-msn-com.akamaized.net/sc/57/a49b8d.gif", "https://img-s-msn-com.akamaized.net/tenant/amp/entityid/BB1bozhC.img?h=70&w=94&m=6&q=60&u=t&o=t&l=f&f=jpg&x=366&y=139", "https://img-s-msn-com.akamaized.net/tenant/amp/entityid/BB1boGCS.img?h=70&w=94&m=6&q=60&u=t&o=t&l=f&f=jpg", "https://img-s-msn-com.akamaized.net/tenant/amp/entityid/BB1boBT9.img?h=70&w=94&m=6&q=60&u=t&o=t&l=f&f=jpg&x=177&y=156", "https://img-s-msn-com.akamaized.net/tenant/amp/entityid/BB1boz6e.img?h=70&w=94&m=6&q=60&u=t&o=t&l=f&f=jpg&x=271&y=186", "https://img-s-msn-com.akamaized.net/tenant/amp/entityid/BB1boJ5x.img?h=70&w=94&m=6&q=60&u=t&o=t&l=f&f=jpg&x=948&y=296", "https://img-s-msn-com.akamaized.net/tenant/amp/entityid/BB1boJgH.img?h=70&w=94&m=6&q=60&u=t&o=t&l=f&f=jpg&x=182&y=139", "https://web.vortex.data.msn.com/collect/v1/t.gif?name=%27Ms.Webi.PageView%27&ver=%272.1%27&appId=%27JS%3AMSN%27&ext-app-env=%27prod%27&ext-javascript-libver=%274.0.0-beta-10%27&ext-user-localId=%27t%3A00418ECE5CAB683E15B481415DD7694E%27&*baseType=%27Ms.Content.PageView%27&*isJs=False&*title=%27%27&*isLoggedIn=False&*isManual=True&*serverImpressionGuid=%2796e50d66-cf43-444d-89c2-6df952362052%27&-ver=%271.0%27&-impressionGuid=%2796e50d66-cf43-444d-89c2-6df952362052%27&-pageName=%27channelplayerpage%27&-uri=%27https%253A%252F%252Fwww.msn.com%252Fen-ca%252Fnews%252Fpolitics%252Fkendall-jenner-makes-a-cheeky-appearance-at-coachella%252Fvi-BBzTTKd%27&-referrerUri=%27%27&-pageTags=%27{\"pg.t\"%3A\"video\"%2C\"pg.p\"%3A\"prime\"%2C\"pg.c\"%3A\"\"%2C\"ex\"%3A\"\"%2C\"rid\"%3A\"96e50d66cf43444d89c26df952362052\"%2C\"clid\"%3A\"00418ECE5CAB683E15B481415DD7694E\"%2C\"clidType\"%3A\"muid\"%2C\"di\"%3A\"13987\"%2C\"partner\"%3A\"\"%2C\"publcat\"%3A\"\"%2C\"cvs\"%3A\"Browser\"%2C\"subcvs\"%3A\"news\"%2C\"entityId\"%3A\"BBzTTKd\"%2C\"entitySrc\"%3A\"vi\"%2C\"provid\"%3A\"\"%2C\"dpt\"%3A\"parliamenthill\"%2C\"sdpt\"%3A\"\"%2C\"ar\"%3A\"0\"%2C\"dgk\"%3A\"downlevel.pc\"%2C\"imd\"%3A\"0\"%2C\"parentId\"%3A\"\"%2C\"pgIdx\"%3A\"\"%2C\"pgTot\"%3A\"\"%2C\"anoncknm\"%3A\"\"%2C\"afd\"%3A\"\"%2C\"issso\"%3A\"0\"%2C\"aadState\"%3A\"0\"}%27&-behavior=0&-market=%27en-ca%27", "https://img-s-msn-com.akamaized.net/tenant/amp/entityid/BB1boGzy.img?h=70&w=94&m=6&q=60&u=t&o=t&l=f&f=jpg&x=642&y=218", "https://img-s-msn-com.akamaized.net/tenant/amp/entityid/BB1boJ5v.img?h=70&w=94&m=6&q=60&u=t&o=t&l=f&f=jpg", "https://img-s-msn-com.akamaized.net/tenant/amp/entityid/BB1bomnQ.img?h=70&w=94&m=6&q=60&u=t&o=t&l=f&f=jpg&x=396&y=147", "https://c.msn.com/c.gif?udc=true&rid=96e50d66cf43444d89c26df952362052&rnd=637420339695387492&rf=&tp=https%253A%252F%252Fwww.msn.com%252Fen-ca%252Fnews%252Fpolitics%252Fkendall-jenner-makes-a-cheeky-appearance-at-coachella%252Fvi-BBzTTKd&di=13987&lng=en-ca&activityId=96e50d66cf43444d89c26df952362052&d.dgk=downlevel.pc&d.imd=0&st.dpt=parliamenthill&st.sdpt=&subcvs=news&pg.n=channelplayerpage&pg.t=video&pg.c=&pg.p=prime&anoncknm=&issso=0&aadState=0", "https://sb.scorecardresearch.com/p?c1=2&c2=3000001&cs_ucfr=1&rn=637420339695387492&c7=https%253A%252F%252Fwww.msn.com%252Fen-ca%252Fnews%252Fpolitics%252Fkendall-jenner-makes-a-cheeky-appearance-at-coachella%252Fvi-BBzTTKd&c8=&c9=", "https://img-s-msn-com.akamaized.net/tenant/amp/entityid/BB1bo8Mw.img?h=70&w=94&m=6&q=60&u=t&o=t&l=f&f=jpg&x=674&y=261", "https://img-s-msn-com.akamaized.net/tenant/amp/entityid/BBpqZ6Q.img?h=16&w=16&m=6&q=60&u=t&o=t&l=f&f=png", "https://img-s-msn-com.akamaized.net/tenant/amp/entityid/BB1boDqD.img?h=70&w=94&m=6&q=60&u=t&o=t&l=f&f=jpg", "https://img-s-msn-com.akamaized.net/tenant/amp/entityid/BB1boGV0.img?h=70&w=94&m=6&q=60&u=t&o=t&l=f&f=jpg", "https://img-s-msn-com.akamaized.net/tenant/amp/entityid/BB1boyPu.img?h=70&w=94&m=6&q=60&u=t&o=t&l=f&f=jpg&x=323&y=218", "https://img-s-msn-com.akamaized.net/tenant/amp/entityid/AAHJjbC.img?h=16&w=16&m=6&q=60&u=t&o=t&l=f&f=png", "https://img-s-msn-com.akamaized.net/tenant/amp/entityid/BB1boJ5y.img?h=70&w=94&m=6&q=60&u=t&o=t&l=f&f=jpg&x=1093&y=333", "https://img-s-msn-com.akamaized.net/tenant/amp/entityid/BB1boGJ7.img?h=70&w=94&m=6&q=60&u=t&o=t&l=f&f=jpg"], "top_img": "https://img-s-msn-com.akamaized.net/tenant/amp/entityid/BB1boH8I.img?h=70&w=94&m=6&q=60&u=t&o=t&l=f&f=jpg", "keywords": [], "authors": [], "canonical_link": "", "title": "", "meta_data": {"robots": "noindex, nofollow", "description": "The new MSN\u2014your customizable collection of the best in news, sports, entertainment, money, weather, travel, health and lifestyle, combined with Outlook, Facebook, Twitter, Skype and more.", "viewport": "width=device-width,initial-scale=1, maximum-scale=1"}, "movies": [], "publish_date": null, "source": "https://www.msn.com", "summary": ""}