{"url": "http://www.youtube.com/watch?v=tIkNAA2y4I4", "text": "", "images": ["https://i.ytimg.com/vi/tIkNAA2y4I4/maxresdefault.jpg"], "top_img": "https://i.ytimg.com/vi/tIkNAA2y4I4/maxresdefault.jpg", "keywords": [], "authors": [], "canonical_link": "https://www.youtube.com/watch?v=tIkNAA2y4I4", "title": "The Wave", "meta_data": {"theme-color": "rgba(255, 255, 255, 0.98)", "title": "The Wave", "keywords": "Sharron Angle, Harry Reid, Nevada, Senate", "og": {"site_name": "YouTube", "url": "https://www.youtube.com/watch?v=tIkNAA2y4I4", "title": "The Wave", "image": {"identifier": "https://i.ytimg.com/vi/tIkNAA2y4I4/maxresdefault.jpg", "width": 1280, "height": 720}, "type": "video.other", "video": {"url": "https://www.youtube.com/embed/tIkNAA2y4I4", "secure_url": "https://www.youtube.com/embed/tIkNAA2y4I4", "type": "text/html", "width": 1280, "height": 720, "tag": "Senate"}}, "al": {"ios": {"app_store_id": 544007664, "app_name": "YouTube", "url": "vnd.youtube://www.youtube.com/watch?v=tIkNAA2y4I4&feature=applinks"}, "android": {"url": "vnd.youtube://www.youtube.com/watch?v=tIkNAA2y4I4&feature=applinks", "app_name": "YouTube", "package": "com.google.android.youtube"}, "web": {"url": "http://www.youtube.com/watch?v=tIkNAA2y4I4&feature=applinks"}}, "fb": {"app_id": 87741124305}, "twitter": {"card": "player", "site": "@youtube", "url": "https://www.youtube.com/watch?v=tIkNAA2y4I4", "title": "The Wave", "image": "https://i.ytimg.com/vi/tIkNAA2y4I4/maxresdefault.jpg", "app": {"name": {"iphone": "YouTube", "ipad": "YouTube", "googleplay": "YouTube"}, "id": {"iphone": 544007664, "ipad": 544007664, "googleplay": "com.google.android.youtube"}, "url": {"iphone": "vnd.youtube://www.youtube.com/watch?v=tIkNAA2y4I4&feature=applinks", "ipad": "vnd.youtube://www.youtube.com/watch?v=tIkNAA2y4I4&feature=applinks", "googleplay": "https://www.youtube.com/watch?v=tIkNAA2y4I4"}}, "player": {"identifier": "https://www.youtube.com/embed/tIkNAA2y4I4", "width": 1280, "height": 720}}}, "movies": [], "publish_date": null, "source": "http://www.youtube.com", "summary": ""}