{"url": "https://ew.com/article/2015/02/25/raven-symone-play-dres-gay-sister-black-ish/", "text": "The actress/singer will play Rhonda, Dre\u2019s (Anthony Anderson) gay sister, who is just as uncomfortable talking about her sexuality as Dre is. The two have a playful rivalry in which they jockey for position in their mother\u2019s (recurring guest star Jenifer Lewis) rankings that are released every December. Yet, despite her closeness to Dre, she just won\u2019t be the first one to bridge the sexuality gap between them. She\u2019s happy to follow her older brother\u2019s lead.", "images": ["https://imagesvc.meredithcorp.io/v3/mm/image?url=https%3A%2F%2Fstatic.onecms.io%2Fwp-content%2Fuploads%2Fsites%2F6%2F2018%2F06%2Fanthony-anderson-1-2000.jpg", "https://imagesvc.meredithcorp.io/v3/mm/image?url=https%3A%2F%2Fstatic.onecms.io%2Fwp-content%2Fuploads%2Fsites%2F6%2F2016%2F09%2F144462_0554.jpg", "https://imagesvc.meredithcorp.io/v3/mm/image?url=https%3A%2F%2Fstatic.onecms.io%2Fwp-content%2Fuploads%2Fsites%2F6%2F2015%2F02%2Fraven-symone.jpg", "https://imagesvc.meredithcorp.io/v3/mm/image?url=https%3A%2F%2Fstatic.onecms.io%2Fwp-content%2Fuploads%2Fsites%2F6%2F2020%2F10%2F07%2FFamily-Halloween-Movies.jpg", "https://imagesvc.meredithcorp.io/v3/mm/image?url=https%3A%2F%2Fstatic.onecms.io%2Fwp-content%2Fuploads%2Fsites%2F6%2F2016%2F05%2Fblack-ish_0.jpg", "https://imagesvc.meredithcorp.io/v3/mm/image?url=https%3A%2F%2Fstatic.onecms.io%2Fwp-content%2Fuploads%2Fsites%2F6%2F2016%2F02%2Frecaps-blackish.jpg", "https://imagesvc.meredithcorp.io/v3/mm/image?url=https%3A%2F%2Fstatic.onecms.io%2Fwp-content%2Fuploads%2Fsites%2F6%2F2016%2F12%2F144513_07900_0.jpg", "https://imagesvc.meredithcorp.io/v3/mm/image?url=https%3A%2F%2Fstatic.onecms.io%2Fwp-content%2Fuploads%2Fsites%2F6%2F2016%2F11%2F144771_0212.jpg", "https://imagesvc.meredithcorp.io/v3/mm/image?url=https%3A%2F%2Fstatic.onecms.io%2Fwp-content%2Fuploads%2Fsites%2F6%2F2016%2F05%2F142733_9032.jpg", "https://imagesvc.meredithcorp.io/v3/mm/image?url=https%3A%2F%2Fstatic.onecms.io%2Fwp-content%2Fuploads%2Fsites%2F6%2F2016%2F03%2Fblack-ish.jpg", "https://imagesvc.meredithcorp.io/v3/mm/image?url=https%3A%2F%2Fstatic.onecms.io%2Fwp-content%2Fuploads%2Fsites%2F6%2F2016%2F01%2Frecaps-blackish.jpg", "https://imagesvc.meredithcorp.io/v3/mm/image?url=https%3A%2F%2Fstatic.onecms.io%2Fwp-content%2Fuploads%2Fsites%2F6%2F2016%2F01%2Frecaps-blackish-1.jpg", "https://imagesvc.meredithcorp.io/v3/mm/image?url=https%3A%2F%2Fstatic.onecms.io%2Fwp-content%2Fuploads%2Fsites%2F6%2F2016%2F04%2Fgjkdfsldads.jpg", "https://imagesvc.meredithcorp.io/v3/mm/image?url=https%3A%2F%2Fstatic.onecms.io%2Fwp-content%2Fuploads%2Fsites%2F6%2F2015%2F12%2Fblackish.jpg", "data:image/svg+xml,%3Csvg%20xmlns='http://www.w3.org/2000/svg'%20viewBox='0%200%20100%20100'%3E%3C/svg%3E", "data:image/svg+xml,%3Csvg%20xmlns='http://www.w3.org/2000/svg'%20viewBox='0%200%20100%2067'%3E%3C/svg%3E", "https://imagesvc.meredithcorp.io/v3/mm/image?url=https%3A%2F%2Fstatic.onecms.io%2Fwp-content%2Fuploads%2Fsites%2F6%2F2020%2F10%2F12%2Fmockumentaries.jpg", "https://imagesvc.meredithcorp.io/v3/mm/image?url=https%3A%2F%2Fstatic.onecms.io%2Fwp-content%2Fuploads%2Fsites%2F6%2F2015%2F11%2Fblackish.jpg", "https://imagesvc.meredithcorp.io/v3/mm/image?url=https%3A%2F%2Fstatic.onecms.io%2Fwp-content%2Fuploads%2Fsites%2F6%2F2016%2F10%2F144389_2131.jpg", "https://imagesvc.meredithcorp.io/v3/mm/image?url=https%3A%2F%2Fstatic.onecms.io%2Fwp-content%2Fuploads%2Fsites%2F6%2F2016%2F02%2Frecaps-blackish-2.jpg", "https://imagesvc.meredithcorp.io/v3/mm/image?url=https%3A%2F%2Fstatic.onecms.io%2Fwp-content%2Fuploads%2Fsites%2F6%2F2016%2F04%2Fkfldsadafssf.jpg", "https://imagesvc.meredithcorp.io/v3/mm/image?url=https%3A%2F%2Fstatic.onecms.io%2Fwp-content%2Fuploads%2Fsites%2F6%2F2016%2F10%2F144671_1104.jpg", "https://imagesvc.meredithcorp.io/v3/mm/image?url=https%3A%2F%2Fstatic.onecms.io%2Fwp-content%2Fuploads%2Fsites%2F6%2F2016%2F10%2F144272_0641.jpg", "https://imagesvc.meredithcorp.io/v3/mm/image?url=https%3A%2F%2Fstatic.onecms.io%2Fwp-content%2Fuploads%2Fsites%2F6%2F2016%2F09%2F144294_5039.jpg", "https://imagesvc.meredithcorp.io/v3/mm/image?url=https%3A%2F%2Fstatic.onecms.io%2Fwp-content%2Fuploads%2Fsites%2F6%2F2020%2F10%2F20%2FGettyImages-1027748034.jpg", "https://imagesvc.meredithcorp.io/v3/mm/image?url=https%3A%2F%2Fstatic.onecms.io%2Fwp-content%2Fuploads%2Fsites%2F6%2F2016%2F02%2Frecaps-blackish-1.jpg", "https://imagesvc.meredithcorp.io/v3/mm/image?url=https%3A%2F%2Fstatic.onecms.io%2Fwp-content%2Fuploads%2Fsites%2F6%2F2016%2F01%2Frecaps-blackish-02.jpg", "https://imagesvc.meredithcorp.io/v3/mm/image?url=https%3A%2F%2Fstatic.onecms.io%2Fwp-content%2Fuploads%2Fsites%2F6%2F2016%2F04%2Fjgkdlsdads.jpg", "https://imagesvc.meredithcorp.io/v3/mm/image?q=85&c=sc&poi=face&w=1200&h=628&url=https%3A%2F%2Fstatic.onecms.io%2Fwp-content%2Fuploads%2Fsites%2F6%2F2015%2F02%2Fraven-symone.jpg", "https://imagesvc.meredithcorp.io/v3/mm/image?url=https%3A%2F%2Fstatic.onecms.io%2Fwp-content%2Fuploads%2Fsites%2F6%2F2016%2F05%2Fscreen-shot-2016-05-03-at-8-58-58-pm.jpg", "https://imagesvc.meredithcorp.io/v3/mm/image?url=https%3A%2F%2Fstatic.onecms.io%2Fwp-content%2Fuploads%2Fsites%2F6%2F2016%2F03%2F142207_0431.jpg"], "top_img": "https://imagesvc.meredithcorp.io/v3/mm/image?q=85&c=sc&poi=face&w=1200&h=628&url=https%3A%2F%2Fstatic.onecms.io%2Fwp-content%2Fuploads%2Fsites%2F6%2F2015%2F02%2Fraven-symone.jpg", "keywords": [], "authors": ["Natalie Abrams", "Christian Holub", "Keertana Sastry", "Ray Rahman"], "canonical_link": "https://ew.com/article/2015/02/25/raven-symone-play-dres-gay-sister-black-ish/", "title": "Raven-Symone to play Dre's gay sister on 'Black-ish'", "meta_data": {"viewport": "width=device-width, initial-scale=1", "keywords": "Raven-Symone", "news_keywords": "Raven-Symone", "description": "Raven-Symone to play Dre's gay sister on 'Black-ish'", "og": {"title": "Raven-Symone to play Dre's gay sister on 'Black-ish'", "type": "article", "site_name": "EW.com", "url": "https://ew.com/article/2015/02/25/raven-symone-play-dres-gay-sister-black-ish/", "description": "Raven-Symone to play Dre's gay sister on 'Black-ish'", "image": {"identifier": "https://imagesvc.meredithcorp.io/v3/mm/image?q=85&c=sc&poi=face&w=1200&h=628&url=https%3A%2F%2Fstatic.onecms.io%2Fwp-content%2Fuploads%2Fsites%2F6%2F2015%2F02%2Fraven-symone.jpg", "width": 1200, "height": 628}}, "pinterest": {"url": "https://ew.com/article/2015/02/25/raven-symone-play-dres-gay-sister-black-ish/", "description": "Raven-Symone to play Dre's gay sister on 'Black-ish'", "media": "https://imagesvc.meredithcorp.io/v3/mm/image?url=https%3A%2F%2Fstatic.onecms.io%2Fwp-content%2Fuploads%2Fsites%2F6%2F2015%2F02%2Fraven-symone.jpg"}, "twitter": {"card": "summary_large_image", "url": "https://ew.com/article/2015/02/25/raven-symone-play-dres-gay-sister-black-ish/", "title": "Raven-Symone to play Dre's gay sister on 'Black-ish'", "description": "Raven-Symone to play Dre's gay sister on 'Black-ish'", "site": "@ew", "image": "https://imagesvc.meredithcorp.io/v3/mm/image?q=85&c=sc&poi=face&w=1200&h=628&url=https%3A%2F%2Fstatic.onecms.io%2Fwp-content%2Fuploads%2Fsites%2F6%2F2015%2F02%2Fraven-symone.jpg"}, "robots": "max-image-preview:large", "fb": {"app_id": 2485718348341688, "pages": 52150999700}, "article": {"opinion": "false"}}, "movies": [], "publish_date": 1424818800.0, "source": "https://ew.com", "summary": ""}