{"url": "thegreekobserver.com/greece/lifestyle/article/34309/lindsay-lohan-opening-second-club-greece/", "text": "In a recent interview on the Wendy Williams Show, the Hollywood star, Lindsay Lohan spoke about many things, including her future business plans.\n\nAs it is known, the 31-year-old actress has opened the \u201dLOHAN\u201d club in Athens in October 2016, which is very popular and successful as well. However, as she stated, she plans to open a second nightclub in Greece, and more particularly in Mykonos Island.\n\n\u201dI have my club in Athens and then we will open one in Mykonos. I thought, I\u2019ve gone to many clubs, so I should have one of my own\u201d, the actress stated.", "images": ["https://thegreekobserver.com/home/wp-content/uploads/2017/02/The_Greek_Observer_Logo.png", "https://thegreekobserver.com/home/wp-content/uploads/2018/01/Lindsay-Lohan.jpg"], "top_img": "https://thegreekobserver.com/home/wp-content/uploads/2018/01/Lindsay-Lohan.jpg", "keywords": [], "authors": [], "canonical_link": "https://thegreekobserver.com/blog/2018/01/20/lindsay-lohan-opening-second-club-greece/", "title": "Is Lindsay Lohan opening a second club in Greece?", "meta_data": {"viewport": "width=device-width, initial-scale=1.0", "description": "In a recent interview on the Wendy Williams Show, the Hollywood star, Lindsay Lohan spoke about many things, including her future business plans.", "robots": "index, follow, max-snippet:-1, max-image-preview:large, max-video-preview:-1", "og": {"locale": "en_US", "type": "article", "title": "Is Lindsay Lohan opening a second club in Greece? - The Greek Observer", "description": "In a recent interview on the Wendy Williams Show, the Hollywood star, Lindsay Lohan spoke about many things, including her future business plans.", "url": "https://thegreekobserver.com/blog/2018/01/20/lindsay-lohan-opening-second-club-greece/", "site_name": "The Greek Observer", "image": {"identifier": "https://thegreekobserver.com/home/wp-content/uploads/2018/01/Lindsay-Lohan.jpg", "width": 750, "height": 430}}, "article": {"published_time": "2018-01-20T19:38:44+00:00"}, "twitter": {"card": "summary_large_image", "label1": "Written by", "data1": "Newsroom", "label2": "Est. reading time", "data2": "0 minutes"}, "generator": "Powered by WPBakery Page Builder - drag and drop page builder for WordPress."}, "movies": [], "publish_date": 1516477124.0, "source": "http://thegreekobserver.com", "summary": ""}