{"url": "https://people.com/parents/jenni-jwoww-farley-mothers-day-family-photo/", "text": "MTV star Jenni \"JWoww\" Farley dedicated a sweet post to her kids on Mother's Day, writing, \"You are my world, my heart and the reason it beats\"\n\nJersey Shore's Jenni 'JWoww' Farley Says Motherhood Is an 'Honor' \u2014 See Her Sweet Family Photo\n\nJenni \u201cJWoww\u201d Farley has come a long way since her hard-partying days on the original Jersey Shore.\n\nOver the weekend, the MTV star celebrated Mother\u2019s Day with her husband Roger Mathews and their two children: son Greyson Valor, 2, and daughter Meilani Alexandra, 3\u00bd.\n\nGet push notifications with news, features and more.\n\nAfter enjoying brunch, the couple spent the day at home with their little ones. In a photo shared with PEOPLE, the adorable family of four is all smiles in the park.\n\nWant all the latest pregnancy and birth announcements, plus celebrity mom blogs? Click here to get those and more in the PEOPLE Babies newsletter.\n\nImage zoom Jenni \u201cJWoww\u201d Farley and Roger Mathews with daughter Meilani and son Greyson | Credit: MTV\n\nFarley, 32, also dedicated an adoring post to her children on Instagram. \u201cTo be your mom is a privilege and an honor,\u201d she captioned a sweet slideshow of family photos.\n\n\u201cSome days I think I\u2019m doing it all wrong and failing \u2026 other days I think I\u2019m superhuman and kicking a\u2014 at parenting \u2026 but through it all, one thing never changes \u2026 You are my world, my heart and the reason it beats,\u201d she added. \u201cEverything I choose to do in life is for you. I try to better myself everyday for you two.\u201d\n\nRELATED VIDEO: JWoww Says It\u2019s \u2018Karma\u2019 That Jersey Shore Castmate Ronnie Is Having a Baby Girl\n\nContinued Farley, \u201cIn the end when nothing else matters, I just want to look back and know I gave you guys unconditional love, endless happy memories, sense of security and personality traits that will allow you to grow and prosper as 2 beautiful humans inside and out \u2026 to always choose kindness over hate \u2026 stand up for what\u2019s right and always keep it [100], like mommy and daddy. #happymothersday.\u201d\n\nSpeaking to PEOPLE recently, Farley opened up about how she coped with being away from her kids while filming Jersey Shore Family Vacation in Miami earlier this year.\n\n\u201cI really think Bad Moms, as funny of a comedy it was, really paved the way for people like Nicole [\u2018Snooki\u2019 Polizzi] and I to say it\u2019s okay to have fun as a mom,\u201d she said. \u201cI feel like there\u2019s a huge stigma \u2014 the moment you have kids, you\u2019re not allowed to drink, you\u2019re not allowed to put makeup on, how dare you take time to work out!\u201d\n\nAdded Farley, \u201cThere\u2019s just this stereotype that Nicole and I love to shut down and prove that you can be a phenomenal mother, but at the same time you can find time for yourself and it\u2019s okay.\u201d", "images": ["https://imagesvc.meredithcorp.io/v3/mm/image?url=https%3A%2F%2Fstatic.onecms.io%2Fwp-content%2Fuploads%2Fsites%2F20%2F2018%2F11%2Fjenni-farley1.jpg", "https://imagesvc.meredithcorp.io/v3/mm/image?q=85&c=sc&poi=face&w=2000&h=1047&url=https%3A%2F%2Fstatic.onecms.io%2Fwp-content%2Fuploads%2Fsites%2F20%2F2018%2F11%2Fjenni-farley1.jpg", "https://imagesvc.meredithcorp.io/v3/mm/image?url=https%3A%2F%2Fstatic.onecms.io%2Fwp-content%2Fuploads%2Fsites%2F20%2F2020%2F11%2F12%2Fthanksgiving-covid-150x150.jpg", "https://imagesvc.meredithcorp.io/v3/mm/image?url=https%3A%2F%2Fstatic.onecms.io%2Fwp-content%2Fuploads%2Fsites%2F20%2F2016%2F05%2F06%2Fprincess-diana-21.jpg", "https://imagesvc.meredithcorp.io/v3/mm/image?url=https%3A%2F%2Fstatic.onecms.io%2Fwp-content%2Fuploads%2Fsites%2F20%2F2020%2F07%2F23%2Ftout.jpg", "https://peopledotcom.files.wordpress.com/2018/09/thumbnail_generic.png", "data:image/svg+xml,%3Csvg%20xmlns='http://www.w3.org/2000/svg'%20viewBox='0%200%20100%20100'%3E%3C/svg%3E", "https://imagesvc.meredithcorp.io/v3/mm/image?url=https%3A%2F%2Fstatic.onecms.io%2Fwp-content%2Fuploads%2Fsites%2F20%2F2020%2F08%2F04%2Fcoyote-ugly-2000.jpg", "https://imagesvc.meredithcorp.io/v3/mm/image?url=https%3A%2F%2Fstatic.onecms.io%2Fwp-content%2Fuploads%2Fsites%2F20%2F2020%2F07%2F19%2Ftiaras-2.jpg", "https://imagesvc.meredithcorp.io/v3/mm/image?url=https%3A%2F%2Fstatic.onecms.io%2Fwp-content%2Fuploads%2Fsites%2F20%2F2020%2F11%2F12%2Fcat-phone.jpg"], "top_img": "https://imagesvc.meredithcorp.io/v3/mm/image?q=85&c=sc&poi=face&w=2000&h=1047&url=https%3A%2F%2Fstatic.onecms.io%2Fwp-content%2Fuploads%2Fsites%2F20%2F2018%2F11%2Fjenni-farley1.jpg", "keywords": [], "authors": ["Aurelie Corinthios"], "canonical_link": "https://people.com/parents/jenni-jwoww-farley-mothers-day-family-photo/", "title": "Jersey Shore's Jenni 'JWoww' Farley: See Her Sweet Family Photo", "meta_data": {"viewport": "width=device-width, initial-scale=1", "keywords": "Babies,Jenni 'JWoww' Farley,Jersey Shore,Kids,Mother's Day,News,TV", "news_keywords": "Babies,Jenni 'JWoww' Farley,Jersey Shore,Kids,Mother's Day,News,TV", "description": "MTV star Jenni \"JWoww\" Farley dedicated a sweet post to her kids on Mother's Day, writing, \"You are my world, my heart and the reason it beats\"", "og": {"title": "Jersey Shore's Jenni 'JWoww' Farley Says Motherhood Is an 'Honor' \u2014 See Her Sweet Family Photo", "type": "article", "site_name": "PEOPLE.com", "url": "https://people.com/parents/jenni-jwoww-farley-mothers-day-family-photo/", "description": "MTV star Jenni \"JWoww\" Farley dedicated a sweet post to her kids on Mother's Day, writing, \"You are my world, my heart and the reason it beats\"", "image": {"identifier": "https://imagesvc.meredithcorp.io/v3/mm/image?q=85&c=sc&poi=face&w=2000&h=1047&url=https%3A%2F%2Fstatic.onecms.io%2Fwp-content%2Fuploads%2Fsites%2F20%2F2018%2F11%2Fjenni-farley1.jpg", "width": 2000, "height": 1047}}, "pinterest": {"url": "https://people.com/parents/jenni-jwoww-farley-mothers-day-family-photo/", "description": "MTV star Jenni \"JWoww\" Farley dedicated a sweet post to her kids on Mother's Day, writing, \"You are my world, my heart and the reason it beats\"", "media": "https://imagesvc.meredithcorp.io/v3/mm/image?url=https%3A%2F%2Fstatic.onecms.io%2Fwp-content%2Fuploads%2Fsites%2F20%2F2018%2F11%2Fjenni-farley1.jpg"}, "twitter": {"card": "summary_large_image", "url": "https://people.com/parents/jenni-jwoww-farley-mothers-day-family-photo/", "title": "Jersey Shore's Jenni 'JWoww' Farley Says Motherhood Is an 'Honor' \u2014 See Her Sweet Family Photo", "description": "MTV star Jenni \"JWoww\" Farley dedicated a sweet post to her kids on Mother's Day, writing, \"You are my world, my heart and the reason it beats\"", "site": "@people", "image": "https://imagesvc.meredithcorp.io/v3/mm/image?q=85&c=sc&poi=face&w=2000&h=1047&url=https%3A%2F%2Fstatic.onecms.io%2Fwp-content%2Fuploads%2Fsites%2F20%2F2018%2F11%2Fjenni-farley1.jpg"}, "robots": "max-image-preview:large", "fb": {"app_id": 610948219662029, "pages": 95926963131}, "article": {"opinion": "false"}, "p": {"domain_verify": "755183be01bfc739a9cac6673f1f2c1b"}}, "movies": [], "publish_date": null, "source": "https://people.com", "summary": ""}