{"url": "people.com/movies/brad-pitt-visited-his-genius-and-gorgeous-new-friend-professor-neri-oxman-at-mit-last-fall/", "text": "Brad Pitt was spotted at MIT back in November where he seemingly dropped by one of Neri Oxam's classes the week after Thanksgiving\n\nLooks like Brad Pitt and new friend Neri Oxman have known each other for a while.\n\nThe actor, 54, was spotted at the Massachusetts Institute of Technology back in November where he seemingly dropped by one of Oxman\u2019s classes the week after Thanksgiving. Several students posted pictures of the actor posing with the class, including one where he is standing next to Oxman.\n\nGet push notifications with news, features and more.\n\n\u201cShe\u2019s genius and gorgeous,\u201d an architect, who has seen Oxman lecture and knows her work, tells PEOPLE.\n\nThe actor kept it casual in an all-black outfit as he happily smiled along with the students for several pictures. He also stood next to Oxman in another picture with his hands behind his back as the larger group beamed at the camera. That photo has since been taken down.\n\nPage Six first reported last week that the two had struck up a friendship based on their shared love of architecture. Pitt reportedly met Oxman, 42, through an architecture project at MIT, where she works as a professor of media arts and sciences at the school\u2019s Media Lab.\n\nThe duo connected over their shared love of design and architecture, a source told Page Six TV, adding that their relationship \u201cis best described as a professional friendship.\u201d While the source said the friendship is not romantic in nature, Pitt is \u201cinterested in spending more time\u201d with Oxman.\n\nRELATED VIDEO: Brad Pitt Is \u2018in a Better Place\u2019 Amid Divorce Proceedings with Angelina Jolie: Source\n\nIn a 2017 interview with W Magazine, Oxman used Pitt and George Clooney as examples of the human tendency to idolize male icons. Oxman spoke out on the issue of male dominance and how it isn\u2019t specific to the architecture field.\n\n\u201cFor the same reason we have the Brad Pitts and the George Clooneys, it\u2019s just part of human nature to idolize stereotypes,\u201d she explained. \u201cSuch singularities are useful to the common perception of heroism. But it\u2019s not only true for architecture; it\u2019s true in musical composition, for females working in theater, for film directors. This isn\u2019t just a disease of the architecture profession; it\u2019s a phenotype of human culture and how we develop stereotypes and perceptions.\u201d", "images": ["data:image/svg+xml,%3Csvg%20xmlns='http://www.w3.org/2000/svg'%20viewBox='0%200%20100%2024'%3E%3C/svg%3E", "https://imagesvc.meredithcorp.io/v3/mm/image?q=85&c=sc&poi=face&w=1200&h=628&url=https%3A%2F%2Fstatic.onecms.io%2Fwp-content%2Fuploads%2Fsites%2F20%2F2018%2F04%2Fbrad-pitt-neri-oxman-1.jpg", "https://imagesvc.meredithcorp.io/v3/mm/image?url=https%3A%2F%2Fstatic.onecms.io%2Fwp-content%2Fuploads%2Fsites%2F20%2F2020%2F11%2F25%2Fkatie-lee-1.jpg", "https://imagesvc.meredithcorp.io/v3/mm/image?url=https%3A%2F%2Fstatic.onecms.io%2Fwp-content%2Fuploads%2Fsites%2F20%2F2020%2F11%2F12%2Fthanksgiving-covid-150x150.jpg", "https://imagesvc.meredithcorp.io/v3/mm/image?url=https%3A%2F%2Fstatic.onecms.io%2Fwp-content%2Fuploads%2Fsites%2F20%2F2016%2F05%2F06%2Fprincess-diana-21.jpg", "https://imagesvc.meredithcorp.io/v3/mm/image?url=https%3A%2F%2Fstatic.onecms.io%2Fwp-content%2Fuploads%2Fsites%2F20%2F2020%2F07%2F23%2Ftout.jpg", "https://imagesvc.meredithcorp.io/v3/mm/image?url=https%3A%2F%2Fstatic.onecms.io%2Fwp-content%2Fuploads%2Fsites%2F20%2F2020%2F04%2F23%2FPEOPLE-EXCLUSIVE-YELLOW.png", "https://peopledotcom.files.wordpress.com/2018/09/thumbnail_generic.png", "data:image/svg+xml,%3Csvg%20xmlns='http://www.w3.org/2000/svg'%20viewBox='0%200%20100%20100'%3E%3C/svg%3E", "https://imagesvc.meredithcorp.io/v3/mm/image?url=https%3A%2F%2Fstatic.onecms.io%2Fwp-content%2Fuploads%2Fsites%2F20%2F2020%2F11%2F05%2FCarl-Lentz-Laura.jpg", "https://imagesvc.meredithcorp.io/v3/mm/image?url=https%3A%2F%2Fstatic.onecms.io%2Fwp-content%2Fuploads%2Fsites%2F20%2F2020%2F08%2F04%2Fcoyote-ugly-2000.jpg", "https://imagesvc.meredithcorp.io/v3/mm/image?url=https%3A%2F%2Fstatic.onecms.io%2Fwp-content%2Fuploads%2Fsites%2F20%2F2020%2F07%2F19%2Ftiaras-2.jpg", "https://imagesvc.meredithcorp.io/v3/mm/image?url=https%3A%2F%2Fstatic.onecms.io%2Fwp-content%2Fuploads%2Fsites%2F20%2F2020%2F11%2F23%2Fjimmy-fallon-tout.jpg", "https://imagesvc.meredithcorp.io/v3/mm/image?url=https%3A%2F%2Fstatic.onecms.io%2Fwp-content%2Fuploads%2Fsites%2F20%2F2020%2F11%2F12%2Fcat-phone.jpg", "https://imagesvc.meredithcorp.io/v3/mm/image?url=https%3A%2F%2Fstatic.onecms.io%2Fwp-content%2Fuploads%2Fsites%2F20%2F2020%2F11%2F24%2FBrittany-Maynard-Dan-Diaz-1.jpg"], "top_img": "https://imagesvc.meredithcorp.io/v3/mm/image?q=85&c=sc&poi=face&w=1200&h=628&url=https%3A%2F%2Fstatic.onecms.io%2Fwp-content%2Fuploads%2Fsites%2F20%2F2018%2F04%2Fbrad-pitt-neri-oxman-1.jpg", "keywords": [], "authors": ["Ale Russian"], "canonical_link": "https://people.com/movies/brad-pitt-visited-his-genius-and-gorgeous-new-friend-professor-neri-oxman-at-mit-last-fall/", "title": "Brad Pitt Visited His 'Genius and Gorgeous' New Friend Professor Neri Oxman at MIT Last Fall", "meta_data": {"viewport": "width=device-width, initial-scale=1", "keywords": "Brad Pitt,Couples,Movie Celebrities,News", "news_keywords": "Brad Pitt,Couples,Movie Celebrities,News", "description": "Brad Pitt was spotted at MIT back in November where he seemingly dropped by one of Neri Oxam's classes the week after Thanksgiving", "og": {"title": "Brad Pitt Visited His 'Genius and Gorgeous' New Friend Professor Neri Oxman at MIT Last Fall", "type": "article", "site_name": "PEOPLE.com", "url": "https://people.com/movies/brad-pitt-visited-his-genius-and-gorgeous-new-friend-professor-neri-oxman-at-mit-last-fall/", "description": "Brad Pitt was spotted at MIT back in November where he seemingly dropped by one of Neri Oxam's classes the week after Thanksgiving", "image": {"identifier": "https://imagesvc.meredithcorp.io/v3/mm/image?q=85&c=sc&poi=face&w=1200&h=628&url=https%3A%2F%2Fstatic.onecms.io%2Fwp-content%2Fuploads%2Fsites%2F20%2F2018%2F04%2Fbrad-pitt-neri-oxman-1.jpg", "width": 1200, "height": 628}}, "pinterest": {"url": "https://people.com/movies/brad-pitt-visited-his-genius-and-gorgeous-new-friend-professor-neri-oxman-at-mit-last-fall/", "description": "Brad Pitt was spotted at MIT back in November where he seemingly dropped by one of Neri Oxam's classes the week after Thanksgiving", "media": "https://imagesvc.meredithcorp.io/v3/mm/image?url=https%3A%2F%2Fstatic.onecms.io%2Fwp-content%2Fuploads%2Fsites%2F20%2F2018%2F04%2Fbrad-pitt-neri-oxman-1.jpg"}, "twitter": {"card": "summary_large_image", "url": "https://people.com/movies/brad-pitt-visited-his-genius-and-gorgeous-new-friend-professor-neri-oxman-at-mit-last-fall/", "title": "Brad Pitt Visited His 'Genius and Gorgeous' New Friend Professor Neri Oxman at MIT Last Fall", "description": "Brad Pitt was spotted at MIT back in November where he seemingly dropped by one of Neri Oxam's classes the week after Thanksgiving", "site": "@people", "image": "https://imagesvc.meredithcorp.io/v3/mm/image?q=85&c=sc&poi=face&w=1200&h=628&url=https%3A%2F%2Fstatic.onecms.io%2Fwp-content%2Fuploads%2Fsites%2F20%2F2018%2F04%2Fbrad-pitt-neri-oxman-1.jpg"}, "robots": "max-image-preview:large", "fb": {"app_id": 610948219662029, "pages": 95926963131}, "article": {"opinion": "false"}, "p": {"domain_verify": "755183be01bfc739a9cac6673f1f2c1b"}}, "movies": [], "publish_date": null, "source": "http://people.com", "summary": ""}