{"url": "https://www.youtube.com/watch?v=67ubjGrTipk&feature=youtu.be", "text": "", "images": ["https://i.ytimg.com/vi/67ubjGrTipk/hqdefault.jpg"], "top_img": "https://i.ytimg.com/vi/67ubjGrTipk/hqdefault.jpg", "keywords": [], "authors": [], "canonical_link": "https://www.youtube.com/watch?v=67ubjGrTipk", "title": "Joni Ernst \"Promises\" Ad", "meta_data": {"theme-color": "rgba(255, 255, 255, 0.98)", "title": "Joni Ernst \"Promises\" Ad", "description": "A coalition of environmental groups including the League of Conservation Voters, Sierra Club and Environmental Defense Action Fund today announced a new near...", "keywords": "video, dela, kameratelefon, videotelefon, gratis, ladda upp", "og": {"site_name": "YouTube", "url": "https://www.youtube.com/watch?v=67ubjGrTipk", "title": "Joni Ernst \"Promises\" Ad", "image": {"identifier": "https://i.ytimg.com/vi/67ubjGrTipk/hqdefault.jpg", "width": 480, "height": 360}, "description": "A coalition of environmental groups including the League of Conservation Voters, Sierra Club and Environmental Defense Action Fund today announced a new near...", "type": "video.other", "video": {"url": "https://www.youtube.com/embed/67ubjGrTipk", "secure_url": "https://www.youtube.com/embed/67ubjGrTipk", "type": "text/html", "width": 640, "height": 360}}, "al": {"ios": {"app_store_id": 544007664, "app_name": "YouTube", "url": "vnd.youtube://www.youtube.com/watch?v=67ubjGrTipk&feature=youtu.be&feature=applinks"}, "android": {"url": "vnd.youtube://www.youtube.com/watch?v=67ubjGrTipk&feature=youtu.be&feature=applinks", "app_name": "YouTube", "package": "com.google.android.youtube"}, "web": {"url": "http://www.youtube.com/watch?v=67ubjGrTipk&feature=youtu.be&feature=applinks"}}, "fb": {"app_id": 87741124305}, "twitter": {"card": "player", "site": "@youtube", "url": "https://www.youtube.com/watch?v=67ubjGrTipk", "title": "Joni Ernst \"Promises\" Ad", "description": "A coalition of environmental groups including the League of Conservation Voters, Sierra Club and Environmental Defense Action Fund today announced a new near...", "image": "https://i.ytimg.com/vi/67ubjGrTipk/hqdefault.jpg", "app": {"name": {"iphone": "YouTube", "ipad": "YouTube", "googleplay": "YouTube"}, "id": {"iphone": 544007664, "ipad": 544007664, "googleplay": "com.google.android.youtube"}, "url": {"iphone": "vnd.youtube://www.youtube.com/watch?v=67ubjGrTipk&feature=youtu.be&feature=applinks", "ipad": "vnd.youtube://www.youtube.com/watch?v=67ubjGrTipk&feature=youtu.be&feature=applinks", "googleplay": "https://www.youtube.com/watch?v=67ubjGrTipk"}}, "player": {"identifier": "https://www.youtube.com/embed/67ubjGrTipk", "width": 640, "height": 360}}}, "movies": [], "publish_date": null, "source": "https://www.youtube.com", "summary": ""}