{"url": "https://pagesix.com/2017/04/05/exes-chris-evans-and-jenny-slate-reunite-on-red-carpet/", "text": "Click to email this to a friend (Opens in new window)\n\nChris Evans and ex-girlfriend Jenny Slate reunited Tuesday at the Los Angeles premiere of their new film, \u201cGifted.\u201d\n\nThe friendly pair, who split in February after less than a year of dating, posed next to one another on the red carpet.\n\nEvans and Slate, both 35, have addressed their past romance in recent weeks, with the \u201cCaptain America\u201d star dubbing Slate his \u201cfavorite human.\u201d\n\n\u201cShe\u2019s the best,\u201d Evans told People. \u201cI\u2019ve never ever ever met someone in my life who has a mastery of the English language the way she does. She\u2019ll give you one sentence and there\u2019s no fat to it. You\u2019re like, \u2018You just chose such an unbelievable collection of words that beautifully articulate what you say.'\u201d\n\nAs for Slate, she has no regrets about their past.\n\n\u201cWe\u2019re not on bad terms, but we haven\u2019t really seen each other, spoken a lot. I think it\u2019s probably best,\u201d she shared with Vulture. \u201cI\u2019d love to be his friend one day, but we threw down pretty hard. No regrets, though. Ever.\u201d", "images": ["https://pagesix.com/wp-content/uploads/sites/3/2017/04/664659206.jpg?quality=90&strip=all&w=1000", "https://pagesix.com/wp-content/mu-plugins/jetpack-9.1/modules/sharedaddy/images/loading.gif", "https://googleads.g.doubleclick.net/pagead/viewthroughconversion/988380111/?value=0&guid=ON&script=0", "https://nypost.com/wp-content/uploads/sites/3/2019/09/apple-podcast-badge402x.png", "https://pagesix.com/wp-content/mu-plugins/vip-helpers/images/vip-powered-dark-small.png", "https://nypost.com/wp-content/uploads/sites/3/2019/09/p6podcast402x.png", "data:image/gif;base64,R0lGODlhAQABAIAAAAAAAP///yH5BAEAAAAALAAAAAABAAEAAAIBRAA7"], "top_img": "https://pagesix.com/wp-content/uploads/sites/3/2017/04/664659206.jpg?quality=90&strip=all&w=1000", "keywords": [], "authors": ["April"], "canonical_link": "https://pagesix.com/2017/04/05/exes-chris-evans-and-jenny-slate-reunite-on-red-carpet/", "title": "Exes Chris Evans and Jenny Slate reunite on red carpet", "meta_data": {"viewport": "width=device-width, initial-scale=1", "copyright": "Copyright 2020 NYP Holdings. All rights reserved.", "p": {"domain_verify": "44b526edc36ffbcc163412ee9fe42833"}, "robots": "max-image-preview:large", "description": "Evans and Slate split in February after less than a year together. They're currently starring in the new flick, \"Gifted.\"", "generator": "WordPress 5.4.3", "fb": {"pages": 261611377580503}, "parsely-metadata": "{\"post_id\":\"pagesix-4230905\"}", "keywords": "celebrity breakups,chris evans,jenny slate", "article": {"opinion": "false", "content_tier": "free", "published_time": "2017-04-05T13:17:24+00:00", "modified_time": "2017-04-05T13:17:44+00:00", "publisher": "https://www.facebook.com/pagesix"}, "google-site-verification": "kUaM_iOUItG-sfAnU_xqPqFG_0hl71TEfuta-jVPcSw", "msvalidate.01": "8188997BC82071CE07AB711B5675CE54", "og": {"type": "article", "title": "Exes Chris Evans and Jenny Slate reunite on red carpet", "url": "https://pagesix.com/2017/04/05/exes-chris-evans-and-jenny-slate-reunite-on-red-carpet/", "description": "Evans and Slate split in February after less than a year together. They\u2019re currently starring in the new flick, \u201cGifted.\u201d", "site_name": "Page Six", "image": {"identifier": "https://pagesix.com/wp-content/uploads/sites/3/2017/04/664659206.jpg?quality=90&strip=all&w=1000", "secure_url": "https://i1.wp.com/pagesix.com/wp-content/uploads/sites/3/2017/04/664659206.jpg?quality=90&strip=all&ssl=1"}, "locale": "en_US"}, "twitter": {"creator": "@jmhendricks88", "site": "@pagesix", "text": {"title": "Exes Chris Evans and Jenny Slate reunite on red carpet"}, "image": {"identifier": "https://pagesix.com/wp-content/uploads/sites/3/2017/04/664659206.jpg?quality=90&strip=all&w=680&h=356&crop=1", "src": "https://pagesix.com/wp-content/uploads/sites/3/2017/04/664659206.jpg?quality=90&strip=all&w=680&h=356&crop=1"}, "card": "summary_large_image", "title": "Exes Chris Evans and Jenny Slate reunite on red carpet", "description": "Evans and Slate split in February after less than a year together. They're currently starring in the new flick, \"Gifted.\""}}, "movies": ["https://www.youtube.com/embed/tI01wBXGHUs?version=3&rel=1&showsearch=0&showinfo=1&iv_load_policy=1&fs=1&hl=en-US&autohide=2&wmode=transparent"], "publish_date": 1491343200.0, "source": "https://pagesix.com", "summary": ""}