{"url": "people.com/royals/meghan-markle-royal-baby-hint/", "text": "With just weeks to go before Kate Middleton gives birth to her third child, her future sister-in-law, Meghan Markle, is already thinking about her own royal baby!\n\nWith just weeks to go before Kate Middleton gives birth to her third child, her future sister-in-law, Meghan Markle, is already thinking about her own royal baby!\n\nWhile touring the campus of Northern Ireland\u2019s next-generation science park on Friday with fianc\u00e9 Prince Harry, the couple met a husband and wife team who make innovative and hypoallergenic baby products.\n\nGet push notifications with news, features and more.\n\nPointing to the products from Shnuggle, Meghan said: \u201cI\u2019m sure at some point we\u2019ll need the whole thing.\u201d\n\nImage zoom Credit: PA Images/Sipa USA\n\nImage zoom Credit: Chris Jackson/Pool/Getty\n\nThe products on display included a baby bath that allows the baby to sit up, a changing mat and a Moses basket.\n\n\u201cIt\u2019s very sweet,\u201d Meghan said.\n\nSinead Murphy, who founded the company with her husband Adam, told reporters, \u201cThey seemed very engaged with the products. Harry was particularly interested in the bath. I wonder if he has witnessed bath time with his nephew or niece.\u201d\n\n\u201cAs soon as he saw the bum bump [which stops the baby from slipping down] he understood immediately,\u201d she continued. \u201cHe said, \u2018Oh, non-slip.\u2019 \u201d\n\nCan\u2019t get enough of PEOPLE\u2019s Royals coverage? Sign up for our newsletter to get the latest updates on Kate Middleton, Meghan Markle and more!\n\nAsked about the significance of Markle\u2019s baby hint, she added, \u201cWith an upcoming marriage it\u2019s likely there is going to be an announcement in the next few years. No pressure on the lovely couple!\u201d\n\nImage zoom Credit: Chris Jackson/Pool/Getty\n\nHarry and Meghan both share a love of kids. Harry can\u2019t resist sharing a special moment with little ones at royal events \u2014 and the feeling is mutual. He also supports several charities that work to better the lives of children all over the world.\n\nImage zoom Credit: Charles McQuillan/Getty\n\nMeghan has also proven she has a way with children. She has traveled to Rwanda to work on behalf of kids. And she regularly posted sweet snaps hanging out with her friends\u2019 kids during her downtime.", "images": ["https://imagesvc.meredithcorp.io/v3/mm/image?url=https%3A%2F%2Fstatic.onecms.io%2Fwp-content%2Fuploads%2Fsites%2F20%2F2018%2F10%2Fmeghan-markle-17.jpg", "https://imagesvc.meredithcorp.io/v3/mm/image?url=https%3A%2F%2Fstatic.onecms.io%2Fwp-content%2Fuploads%2Fsites%2F20%2F2020%2F11%2F12%2Fthanksgiving-covid-150x150.jpg", "https://imagesvc.meredithcorp.io/v3/mm/image?url=https%3A%2F%2Fstatic.onecms.io%2Fwp-content%2Fuploads%2Fsites%2F20%2F2016%2F05%2F06%2Fprincess-diana-21.jpg", "https://imagesvc.meredithcorp.io/v3/mm/image?url=https%3A%2F%2Fstatic.onecms.io%2Fwp-content%2Fuploads%2Fsites%2F20%2F2020%2F07%2F23%2Ftout.jpg", "https://imagesvc.meredithcorp.io/v3/mm/image?q=85&c=sc&poi=face&w=2000&h=1047&url=https%3A%2F%2Fstatic.onecms.io%2Fwp-content%2Fuploads%2Fsites%2F20%2F2018%2F04%2Fmeghan-markle-28.jpg", "https://peopledotcom.files.wordpress.com/2018/09/thumbnail_generic.png", "data:image/svg+xml,%3Csvg%20xmlns='http://www.w3.org/2000/svg'%20viewBox='0%200%20100%20100'%3E%3C/svg%3E", "data:image/svg+xml,%3Csvg%20xmlns='http://www.w3.org/2000/svg'%20viewBox='0%200%20100%2067'%3E%3C/svg%3E", "https://imagesvc.meredithcorp.io/v3/mm/image?url=https%3A%2F%2Fstatic.onecms.io%2Fwp-content%2Fuploads%2Fsites%2F20%2F2018%2F04%2Fmeghan-markle-28.jpg", "https://imagesvc.meredithcorp.io/v3/mm/image?url=https%3A%2F%2Fstatic.onecms.io%2Fwp-content%2Fuploads%2Fsites%2F20%2F2020%2F08%2F04%2Fcoyote-ugly-2000.jpg", "https://imagesvc.meredithcorp.io/v3/mm/image?url=https%3A%2F%2Fstatic.onecms.io%2Fwp-content%2Fuploads%2Fsites%2F20%2F2020%2F07%2F19%2Ftiaras-2.jpg", "https://imagesvc.meredithcorp.io/v3/mm/image?url=https%3A%2F%2Fstatic.onecms.io%2Fwp-content%2Fuploads%2Fsites%2F20%2F2020%2F11%2F12%2Fcat-phone.jpg", "https://imagesvc.meredithcorp.io/v3/mm/image?url=https%3A%2F%2Fstatic.onecms.io%2Fwp-content%2Fuploads%2Fsites%2F20%2F2018%2F03%2Fmeghan-markle-62.jpg", "https://imagesvc.meredithcorp.io/v3/mm/image?url=https%3A%2F%2Fstatic.onecms.io%2Fwp-content%2Fuploads%2Fsites%2F20%2F2018%2F03%2Fmeghan-markle-5-1.jpg"], "top_img": "https://imagesvc.meredithcorp.io/v3/mm/image?q=85&c=sc&poi=face&w=2000&h=1047&url=https%3A%2F%2Fstatic.onecms.io%2Fwp-content%2Fuploads%2Fsites%2F20%2F2018%2F04%2Fmeghan-markle-28.jpg", "keywords": [], "authors": ["Erin Hill", "Simon Perry"], "canonical_link": "https://people.com/royals/meghan-markle-royal-baby-hint/", "title": "Meghan Markle Just Dropped Her Own Major Royal Baby Hint!", "meta_data": {"viewport": "width=device-width, initial-scale=1", "keywords": "Kate Middleton,Meghan Markle,News,Royal News", "news_keywords": "Kate Middleton,Meghan Markle,News,Royal News", "description": "With just weeks to go before Kate Middleton gives birth to her third child, her future sister-in-law, Meghan Markle, is already thinking about her own royal baby!", "og": {"title": "Meghan Markle Just Dropped Her Own Major Royal Baby Hint!", "type": "article", "site_name": "PEOPLE.com", "url": "https://people.com/royals/meghan-markle-royal-baby-hint/", "description": "With just weeks to go before Kate Middleton gives birth to her third child, her future sister-in-law, Meghan Markle, is already thinking about her own royal baby!", "image": {"identifier": "https://imagesvc.meredithcorp.io/v3/mm/image?q=85&c=sc&poi=face&w=2000&h=1047&url=https%3A%2F%2Fstatic.onecms.io%2Fwp-content%2Fuploads%2Fsites%2F20%2F2018%2F04%2Fmeghan-markle-28.jpg", "width": 2000, "height": 1047}}, "pinterest": {"url": "https://people.com/royals/meghan-markle-royal-baby-hint/", "description": "With just weeks to go before Kate Middleton gives birth to her third child, her future sister-in-law, Meghan Markle, is already thinking about her own royal baby!", "media": "https://imagesvc.meredithcorp.io/v3/mm/image?url=https%3A%2F%2Fstatic.onecms.io%2Fwp-content%2Fuploads%2Fsites%2F20%2F2018%2F04%2Fmeghan-markle-28.jpg"}, "twitter": {"card": "summary_large_image", "url": "https://people.com/royals/meghan-markle-royal-baby-hint/", "title": "Meghan Markle Just Dropped Her Own Major Royal Baby Hint!", "description": "With just weeks to go before Kate Middleton gives birth to her third child, her future sister-in-law, Meghan Markle, is already thinking about her own royal baby!", "site": "@people", "image": "https://imagesvc.meredithcorp.io/v3/mm/image?q=85&c=sc&poi=face&w=2000&h=1047&url=https%3A%2F%2Fstatic.onecms.io%2Fwp-content%2Fuploads%2Fsites%2F20%2F2018%2F04%2Fmeghan-markle-28.jpg"}, "robots": "max-image-preview:large", "fb": {"app_id": 610948219662029, "pages": 95926963131}, "article": {"opinion": "false"}, "p": {"domain_verify": "755183be01bfc739a9cac6673f1f2c1b"}}, "movies": [], "publish_date": null, "source": "http://people.com", "summary": ""}