{"url": "https://www.etonline.com/news/215388_melissa_etheridge_smokes_weed_with_her_kids_it_brings_you_closer", "text": "Melissa Etheridge has revealed that smoking cannabis with her children has brought them closer together.\n\nThe GRAMMY-winning singer became an activist for the drug after using it for medicinal purposes during her battle with cancer and says her kids now refer to it as medicine.\n\n\n\nWATCH: Melissa Etheridge Says Brad Pitt Was Almost Her Sperm Donor\n\n\u201cMy children have a very clear understanding of cannabis,\u201d the 55-year-old mom of four told Yahoo during an interview for their Weed & the American Family report. \u201cWhen I hold it without shame or confusion they can understand it as simple as if I was pointing to a bottle of Percocet and saying, \u2018That\u2019s mama\u2019s medicine.\u2019 You take the naughtiness out of it and it\u2019s not something kids then run to.\u201d\n\n\u201cI have smoked with my older two,\u201d Etheridge continued, referring to 20-year-old daughter Bailey and 18-year-old son Beckett. \u201cIt was funny at first and then they realized it\u2019s a very natural end-of-the-day and it brings you closer, so I\u2019d much rather have a smoke with my grown kids than a drink.\u201d\n\nThe Kansas native underwent a lumpectomy and several rounds of chemotherapy and radiation after being diagnosed with breast cancer in 2004. Although doctors prescribed various prescription drugs to help her deal with the side effects of treatment, she took the advice of singer and close pal David Crosby and instead turned to medicinal marijuana.\n\n\n\nWATCH: Melissa Etheridge Defends Brad Pitt, Says She \u2018Lost a Friend\u2019 When He Married Angelina Jolie\n\n\u201cIt was a wake-up call for me,\u201d she said. \u201cWhen I used it as medicine, it became so clear to me that it has been maligned and misunderstood, and I really wanted to help people who are suffering. Going through chemotherapy is suffering\u2026 and cannabis helps so many parts of just that. That\u2019s just the beginning of what it does medicinally.\u201d\n\n\u201cI smoked to be normal. I smoked to be out of pain. I smoked to lighten myself because you\u2019re poisoning yourself with chemo,\u201d she added. \u201cIt wasn\u2019t about being high. It was just [getting] to a place where I could communicate with my children, to where I could get up, to where I could eat, where I didn\u2019t have to go to the hospital. It was great medicine.\u201d\n\nDespite beating cancer, Etheridge added that she still gets high today to maintain the \u201chealth benefits,\u201d like easing stress and sleeping better.\n\n\n\nWATCH: Melissa Etheridge Opens Up About Surviving Breast Cancer\n\nThe musician, who is married to Linda Wallem, also noted that the drug has been \u201cthe best marital aid.\u201d\n\n\"When it's date night ... it takes down your inhibition; your sexual desires are enhanced,\u201d she said. \u201cWe take a bath every night and smoke and talk and wind down and sleep a very, very good night's sleep -- and sleep is extremely important.\"\n\nSee Etheridge discuss her battle with cancer below.", "images": ["https://www.etonline.com/sites/default/files/styles/max_1280x720/public/images/2017-04/1280_et_melissaetheridge_041717.png?itok=aHdfI44-", "https://www.etonline.com/sites/default/files/styles/60x60/public/images/2020-11/holiday_masks.jpg?h=c673cd1c&itok=vtvTZs3a", "https://www.etonline.com/sites/default/files/styles/60x60/public/images/2020-11/oprah_favorite_things_2020_home_gifts_1280.jpg?h=c673cd1c&itok=SmLcja17", "data:image/gif;base64,R0lGODlhAQABAAAAACwAAAAAAQABAAA="], "top_img": "https://www.etonline.com/sites/default/files/styles/max_1280x720/public/images/2017-04/1280_et_melissaetheridge_041717.png?itok=aHdfI44-", "keywords": [], "authors": ["Leena Tailor"], "canonical_link": "https://www.etonline.com/news/215388_melissa_etheridge_smokes_weed_with_her_kids_it_brings_you_closer", "title": "Melissa Etheridge Smokes Weed With Her Kids: 'It Brings You Closer'", "meta_data": {"article": {"opinion": "false"}, "title": "Melissa Etheridge Smokes Weed With Her Kids: 'It Brings You Closer' | Entertainment Tonight", "og": {"site_name": "Entertainment Tonight", "type": "Article", "url": "https://www.etonline.com/news/215388_melissa_etheridge_smokes_weed_with_her_kids_it_brings_you_closer", "title": "Melissa Etheridge Smokes Weed With Her Kids: 'It Brings You Closer'", "description": "The singer says marijuana has enhanced both her marriage and her relationship with her children.", "image": {"identifier": "https://www.etonline.com/sites/default/files/styles/max_1280x720/public/images/2017-04/1280_et_melissaetheridge_041717.png?itok=aHdfI44-", "width": 1280, "height": 720}}, "fb": {"pages": 106843036179, "admins": 3111204, "app_id": 145337045558621}, "robots": "index", "apple-mobile-web-app-capable": "yes", "twitter": {"card": "summary_large_image", "description": "The singer says marijuana has enhanced both her marriage and her relationship with her children.", "site": {"identifier": "@etnow", "id": 23603092}, "title": "Melissa Etheridge Smokes Weed With Her Kids: 'It Brings You Closer'", "creator": "Leena Tailor", "url": "https://www.etonline.com/news/215388_melissa_etheridge_smokes_weed_with_her_kids_it_brings_you_closer", "image": "https://www.etonline.com/sites/default/files/styles/max_1280x720/public/images/2017-04/1280_et_melissaetheridge_041717.png?itok=aHdfI44-"}, "description": "The singer says marijuana has enhanced both her marriage and her relationship with her children.", "msvalidate.01": "DC10472F438B55F3A58638BC31271706", "google-site-verification": "hKpIt34FKZ_qMU81xUdLUw2YzuyZY1pS76p0622Hc7w", "keywords": "News, Music, Melissa Etheridge", "Generator": "Drupal 8 (https://www.drupal.org)", "MobileOptimized": "width", "HandheldFriendly": "true", "viewport": "width=device-width, initial-scale=1.0, minimum-scale=1.0"}, "movies": [], "publish_date": null, "source": "https://www.etonline.com", "summary": ""}