{"url": "www.eonline.com/news/958590/how-scott-disick-feels-about-kourtney-kardashian-and-younes-bendjima-s-breakup", "text": "Scott Disick is \"very happy\" his ex Kourtney Kardashian has split from her boyfriend Younes Bendjima, E! News has learned exclusively.\n\nOn Tuesday, it was revealed that the 39-year-old Keeping Up With the Kardashians star and her 25-year-old model beau called it quits after almost two years together.\n\n\"Scott is very happy Kourtney cut it off with Younes. Although he is happy in his relationship with Sofia, he never liked Younes for Kourtney,\" a source told E! News exclusively on Wednesday.\n\nScott, 35, and model Sofia Richie, 19, went public with their romance in September. It is his longest relationship since his breakup with Kourtney three years ago.\n\n\"Scott and Kourtney are in a cordial place right now. Scott is always resistant to rock the boat with Kourtney,\" the source said. \"He truly will always care about her as wants her to be happy. Everything is always better for the kids' sake, when they are in a good place.\"\n\nKourtney and Scott, who share three children, were together for nine years before they split in July 2015. Kourtney and Younes started dating in late 2016. Their relationship was Kourtney's longest since her breakup from Scott.\n\n\"In the beginning, Scott was making fun of Kourtney for dating someone so young and saying it would never last,\" another source told E! News. \"Once he got with Sofia, he couldn't say anything about Younes. It gave him a lot of perspective and understanding that age is just a number. It was hard for him to see Kourtney dating and he was looking for any reason to not like Younes. But since being with Sofia, he has moved on. Scott cares a lot less than he used to. Of course, Kourtney has a very special place in his heart and always will. He wants Kourtney to be happy.\"", "images": ["https://akns-images.eonline.com/eol_images/Entire_Site/201878/rs_600x600-180808113205-600-scott-disick.cm.8818.jpg?fit=around%7C1080:1080&output-quality=90&crop=1080:1080;center,top", "https://akns-images.eonline.com/eol_images/Entire_Site/201878/rs_1024x759-180808113205-1024-scott-disick.cm.8818.jpg?fit=around%7C1024:auto&output-quality=90&crop=1024:auto;center,top"], "top_img": "https://akns-images.eonline.com/eol_images/Entire_Site/201878/rs_600x600-180808113205-600-scott-disick.cm.8818.jpg?fit=around%7C1080:1080&output-quality=90&crop=1080:1080;center,top", "keywords": [], "authors": [], "canonical_link": "https://www.eonline.com/news/958590/how-scott-disick-feels-about-kourtney-kardashian-and-younes-bendjima-s-breakup", "title": "How Scott Disick Feels About Kourtney and Younes' Breakup", "meta_data": {"viewport": "width=device-width, initial-scale=1, maximum-scale=1, user-scalable=0", "google-site-verification": "jOadQCDbZTkKw5sn27yXszjIb9c3PdMPHENN92uPWy8", "msvalidate.01": "564B986CE3CECCAE84779191BEC6B755", "fb": {"admins": 10101649, "pages": 1387539234854280, "app_id": 195662528604}, "og": {"title": "How Scott Disick Feels About Kourtney Kardashian and Younes Bendjima's Breakup - E! Online", "type": "article", "url": "https://www.eonline.com/news/958590/how-scott-disick-feels-about-kourtney-kardashian-and-younes-bendjima-s-breakup", "site_name": "E! Online", "description": "On Tuesday, it was revealed that the 39-year-old Keeping Up With the Kardashians star and her 25-year-old model beau called it quits after almost two years together", "locale": "en_US", "image": {"identifier": "https://akns-images.eonline.com/eol_images/Entire_Site/201878/rs_600x600-180808113205-600-scott-disick.cm.8818.jpg?fit=around%7C1080:1080&output-quality=90&crop=1080:1080;center,top", "width": 1080, "height": 1080}}, "article": {"tag": "breakups,kourtney_kardashian,scott_disick,kardashian_news,younes_bendjima", "published_time": "Wed Aug 08 18:52:00 GMT+0 2018", "modified_time": "Wed Aug 08 19:26:26 GMT+0 2018", "content_tier": "free", "opinion": "false"}, "description": "On Tuesday, it was revealed that the 39-year-old Keeping Up With the Kardashians star and her 25-year-old model beau called it quits after almost two years together", "twitter": {"card": "summary_large_image", "site": "https://twitter.com/eonline", "title": "How Scott Disick Feels About Kourtney Kardashian and Younes Bendjima's Breakup - E! Online", "description": "On Tuesday, it was revealed that the 39-year-old Keeping Up With the Kardashians star and her 25-year-old model beau called it quits after almost two years together", "image": "https://akns-images.eonline.com/eol_images/Entire_Site/201878/rs_600x600-180808113205-600-scott-disick.cm.8818.jpg?fit=around%7C1080:540&output-quality=90&crop=1080:540;center,top", "url": "https://www.eonline.com/news/958590/how-scott-disick-feels-about-kourtney-kardashian-and-younes-bendjima-s-breakup"}, "sailthru.contenttype": "news", "sailthru.cid": 958590, "sailthru.ed.cid": "us_958590", "sailthru.edition": "us", "sailthru.image.full": "https://akns-images.eonline.com/eol_images/Entire_Site/201878/rs_600x600-180808113205-600-scott-disick.cm.8818.jpg?fit=around%7C1080:1080&output-quality=90&crop=1080:1080;center,top", "sailthru.date": "2018 08 08 18:52:00", "sailthru.title": "How Scott Disick Feels About Kourtney Kardashian and Younes Bendjima's Breakup", "sailthru.tags": "breakups,kourtney_kardashian,scott_disick,kardashian_news,younes_bendjima", "robots": "max-image-preview:large"}, "movies": [], "publish_date": 1533754320.0, "source": "http://www.eonline.com", "summary": ""}