{"url": "http://stabenow.senate.gov/?p=press_release&id=262", "text": "404\n\nWe\u2019re sorry. The page you requested cannot be found. The address may have been typed incorrectly or the page may have been moved during the recent redesign of our site.\n\nThank you.", "images": ["http://stabenow.senate.gov/themes/stabenow/images/stabenowlogo.png", "http://stabenow.senate.gov/themes/stabenow/images/map/large/lrg-map-upper.png", "http://stabenow.senate.gov/themes/stabenow/images/map/large/lrg-map-flint.png", "http://stabenow.senate.gov/themes/stabenow/images/map/small/sml-map-blank.png", "http://stabenow.senate.gov/themes/stabenow/images/map/large/lrg-map-blank.png", "http://stabenow.senate.gov/themes/stabenow/images/map/small/sml-map-southeastern.png", "http://stabenow.senate.gov/themes/stabenow/images/map/large/lrg-map-western.png", "http://stabenow.senate.gov/themes/stabenow/images/map/small/sml-map-mid.png", "http://stabenow.senate.gov/themes/stabenow/images/map/small/sml-map-northern.png", "http://stabenow.senate.gov/themes/stabenow/images/map/large/lrg-map-transparent.png", "http://stabenow.senate.gov/themes/stabenow/images/map/small/sml-map-transparent.png", "http://stabenow.senate.gov/themes/stabenow/images/map/large/lrg-map-northern.png", "http://stabenow.senate.gov/themes/stabenow/images/map/large/lrg-map-mid.png", "https://www.stabenow.senate.gov/themes/stabenow/images/sharelogo.jpg", "http://statse.webtrendslive.com/dcs222hh4g1gwxrjzkuig0lyt_6w9p/njs.gif?dcsuri=/nojavascript&WT.js=No&WT.tv=10.4.0&dcssip=www.stabenow.senate.gov", "http://stabenow.senate.gov/themes/stabenow/images/map/small/sml-map-upper.png", "http://stabenow.senate.gov/themes/stabenow/images/map/small/sml-map-western.png", "http://stabenow.senate.gov/themes/stabenow/images/map/small/sml-map-flint.png", "http://stabenow.senate.gov/themes/stabenow/images/map/large/lrg-map-southeastern.png"], "top_img": "https://www.stabenow.senate.gov/themes/stabenow/images/sharelogo.jpg", "keywords": [], "authors": [], "canonical_link": "https://www.stabenow.senate.gov/404", "title": "U.S. Senator Debbie Stabenow of Michigan", "meta_data": {"viewport": "width=device-width, initial-scale=1", "twitter": {"card": "summary_large_image", "title": "404 | U.S. Senator Debbie Stabenow of Michigan", "image": "https://www.stabenow.senate.gov/themes/stabenow/images/sharelogo.jpg", "description": "The Official U.S. Senate website of Senator Debbie Stabenow of Michigan"}, "og": {"url": "https://www.stabenow.senate.gov/404", "image": "https://www.stabenow.senate.gov/themes/stabenow/images/sharelogo.jpg", "title": "404 | U.S. Senator Debbie Stabenow of Michigan", "description": "The Official U.S. Senate website of Senator Debbie Stabenow of Michigan"}}, "movies": [], "publish_date": null, "source": "http://stabenow.senate.gov", "summary": ""}