{"url": "http://www.doe.mass.edu/mcas/naep/results/default.html", "text": "We're sorry\n\nWe are unable to locate information at:\n\nhttp://www.doe.mass.edu/mcas/naep/results/default.html\n\nIt is possible that the page has moved or no longer exists.\n\nPlease also check that the URL web address was typed correctly.\n\nSearch Our Website:\n\nSearch for:\n\nIf you require further assistance or have comments, use the form below.", "images": ["http://www.doe.mass.edu/images/Master-Logo_695x338_color.png"], "top_img": "", "keywords": [], "authors": ["Massachusetts Department Of Elementary", "Secondary Education"], "canonical_link": "", "title": "Massachusetts Department of Elementary and Secondary Education", "meta_data": {"viewport": "width=device-width, initial-scale=1", "description": "The goal of the Massachusetts public K-12 education system is to prepare all students for success after high school. Massachusetts public school students are leading the nation in reading and math and are at the top internationally in reading, science, and math according to the national NAEP and international PISA assessments.", "keywords": "Massachusetts Department of Elementary and Secondary Education, Massachusetts Department of Education, Elementary Education, Secondary Education, DOE, DESE, ESE, Massachusetts, public, education, K-12, curriculum, frameworks, learning, standards, school, choice, district, Turnaround, teaching, learning, instruction, testing, assessment, MCAS, elementary, secondary, NAEP, PISA, TIMSS, special, English, language, learners, students, disabilities, IEPs, adult, accountability, data, college, career, readiness, digital", "author": "Massachusetts Department of Elementary and Secondary Education"}, "movies": [], "publish_date": null, "source": "http://www.doe.mass.edu", "summary": ""}