{"url": "www.mirror.co.uk/tv/tv-news/beckham-only-fools-video-watch-3255781", "text": "Sign up to FREE email alerts from Mirror - Celebs Subscribe Thank you for subscribing We have more newsletters Show me See our privacy notice Invalid Email\n\nVideo Loading Video Unavailable Click to play Tap to play The video will auto-play soon 8 Cancel Play now\n\nOnly Fools and Horses is returning with a very special guest star - David Beckham.\n\nThe legendary sitcom - which stars original actors Sir David Jason and Nicholas Lyndhurst - will return for this week's Sport Relief special with former footballer Becks taking a starring role.\n\nBeckham, 38, recently revealed that he was nervous about starring in the sketch.\n\n\"The day of filming started off with a slightly sleepless night, going over my script,\" he said.\n\n\"The thought of being on set with Nicholas and David was obviously very nerve-wracking.\"\n\nDuring the scenes, Becks is seen in a baseball cap and glasses while Del Boy will be in his familiar sheep-skinned coat.\n\nBecks has taken part in several sketches for the charity over the years, including cuddling up in bed and sharing a bath with actor James Corden in 2012.\n\nIn other Only Fools news, Sir David Jason explained how he developed the Del Boy character on last night's Michael McIntyre Chat Show.\n\n* Sport Relief airs Friday March 21\n\nWe're testing a new site: This content is coming soon", "images": ["http://www.mirror.co.uk/@trinitymirrordigital/marwood/TM/img/placeholders/transparent.png", "https://i2-prod.mirror.co.uk/incoming/article3255703.ece/ALTERNATES/s1200/Screen-Shot-2014-03-18-at-113116.png", "https://f1.media.brightcove.com/8/4221396001/4221396001_3355609101001_Screen-Shot-2014-03-18-at-12-24-39.jpg?pubId=4221396001&videoId=3355416421001", "http://img.youtube.com/vi/bSkrjTi96KA/0.jpg"], "top_img": "https://i2-prod.mirror.co.uk/incoming/article3255703.ece/ALTERNATES/s1200/Screen-Shot-2014-03-18-at-113116.png", "keywords": [], "authors": ["Carl Greenwood"], "canonical_link": "https://www.mirror.co.uk/tv/tv-news/beckham-only-fools-video-watch-3255781", "title": "New Only Fools and Horses video: Watch David Beckham poke fun at himself with glasses gag for Sport Relief", "meta_data": {"publicationConfig": "https://s2-prod.mirror.co.uk/@trinitymirrordigital/chameleon-branding/publications/mirror/", "apple-itunes-app": "app-id=538338235", "viewport": "width=device-width, initial-scale=1", "description": "Becks pokes fun at himself as he appears with Sir David Jason and Nicholas Lyndhurst in the laugh-out-loud funny clip", "robots": "noarchive", "keywords": "Only Fools and Horses,Comedy,David Beckham,David Jason,Nicholas Lyndhurst,Sport Relief", "news_keywords": "Only Fools and Horses,Comedy,David Beckham,David Jason,Nicholas Lyndhurst,Sport Relief", "referrer": "unsafe-URL", "author": "Carl Greenwood", "Googlebot-News": "noarchive", "p": {"domain_verify": "577b698d862f6a62889e9d497b953b65"}, "google-site-verification": "lDCbJ-HOtMAaa6xwHzyQ4nnDZVp-J-BmBbQKbpNN3QI", "msvalidate.01": "17DA4C91A126705A8B1E2A5FD7CAC9EF", "fb": {"app_id": 123792601022133, "page_id": 6149699161, "pages": 1814357575554395}, "og": {"site_name": "mirror", "language": "en", "type": "article", "title": "New Only Fools and Horses video: Watch David Beckham poke fun at himself with glasses gag for Sport Relief", "url": "http://www.mirror.co.uk/tv/tv-news/beckham-only-fools-video-watch-3255781", "description": "Becks pokes fun at himself as he appears with Sir David Jason and Nicholas Lyndhurst in the laugh-out-loud funny clip", "image": "https://i2-prod.mirror.co.uk/incoming/article3255703.ece/ALTERNATES/s1200/Screen-Shot-2014-03-18-at-113116.png", "section": "TV News"}, "article": {"tag": "Sport Relief", "author": "https://www.mirror.co.uk/authors/carl-greenwood/", "published_time": "2014-03-18T11:57:42Z", "modified_time": "2014-03-18T13:43:56Z", "expiration_time": "2014-04-17T13:43:56Z", "section": "TV News", "id": "mirror-3255781"}, "vf": {"container_id": "mirror-prod-3255781"}, "twitter": {"card": "summary_large_image", "site": "@MirrorTV", "creator": "@carlgreenwood", "image": "https://i2-prod.mirror.co.uk/incoming/article3255703.ece/ALTERNATES/s1200/Screen-Shot-2014-03-18-at-113116.png"}, "advertisingConfig": "{\"desktop\":[{\"injectionEnabled\":false,\"componentType\":\"gpt\",\"targeting\":{\"index\":-1,\"hivis\":\"n\"},\"referenceNode\":\"header\",\"hideOnSensitiveArticle\":true,\"hideOnFirstPageView\":true,\"relativePos\":\"after\",\"name\":\"div-gpt-ad-oop-slot\",\"isOOP\":true,\"type\":\"outOfPage\"},{\"componentType\":\"gpt\",\"targeting\":{\"index\":-2,\"hivis\":\"n\"},\"referenceNode\":\"header\",\"sizes\":[[1,1]],\"hideOnSensitiveArticle\":true,\"hideOnFirstPageView\":true,\"relativePos\":\"before\",\"additionalClass\":\"hidden\",\"name\":\"div-gpt-ad-ad-mix-slot\",\"type\":\"adMix\"},{\"componentType\":\"gpt\",\"targeting\":{\"index\":1,\"hivis\":\"y\",\"opos\":\"top\",\"hbPlacements\":\"d-top\"},\"referenceNode\":\"header\",\"sizes\":[[970,250],[970,251],[728,90],[728,91]],\"hideOnSensitiveArticle\":true,\"relativePos\":\"before\",\"additionalClass\":\"top-slot\",\"sticky\":{\"mode\":\"header\",\"duration\":5000},\"name\":\"div-gpt-ad-top-slot\",\"type\":\"topOfPage\",\"bidders\":{\"mediagrid\":\"30444\",\"ozone\":\"1420431542\",\"triplelift\":\"Mirror_970x250_Desktop_Prebid\",\"xandr\":\"20406494\",\"verizon\":\"8a9699d4017474e03107e0c65ae702e8\",\"sovrn\":\"792118\",\"magnite\":\"1872170\",\"openx\":\"543004062\",\"indexexchange\":\"592508\",\"pubmatic\":\"3325562\",\"smartadserver\":\"93655,1292169\"}},{\"componentType\":\"gpt\",\"targeting\":{\"index\":2,\"hivis\":\"y\"},\"referenceNode\":\"main nav\",\"sizes\":[[948,42]],\"relativePos\":\"before\",\"additionalClass\":\"bg-white\",\"name\":\"div-gpt-ad-sponsorship-bar\",\"type\":\"sponsorshipBar\"},{\"componentType\":\"gpt\",\"targeting\":{\"index\":3,\"hivis\":\"y\",\"opos\":\"top\",\"hbPlacements\":\"d-rh\"},\"referenceNode\":\".related-column\",\"sizes\":[[300,600],[300,250],[300,252]],\"relativePos\":\"prependChild\",\"adFreeEnabled\":true,\"name\":\"div-gpt-ad-rh-slot\",\"type\":\"primaryMPU\",\"bidders\":{\"mediagrid\":\"30442\",\"ozone\":\"1420431534\",\"triplelift\":\"Mirror_300x600_Desktop_Prebid\",\"xandr\":\"20406500\",\"verizon\":\"8a96947a017474e02ce3e0c6605c012c\",\"sovrn\":\"792123\",\"magnite\":\"1872180\",\"openx\":\"543004052\",\"indexexchange\":\"593687\",\"pubmatic\":\"3325567\",\"smartadserver\":\"93660,1292169\"}},{\"componentType\":\"gpt\",\"targeting\":{\"index\":4,\"hivis\":\"n\"},\"injectionConditions\":[{\"condition\":\"stopONAffiliateContent\"}],\"referenceNode\":\".article-body > p:nth-of-type(2)\",\"sizes\":[[8,8]],\"hideOnSensitiveArticle\":true,\"relativePos\":\"after\",\"additionalClass\":\"in-article\",\"name\":\"div-gpt-ad-vip-slot\",\"type\":\"VIP\"},{\"componentType\":\"gpt\",\"targeting\":{\"index\":6,\"hivis\":\"n\",\"opos\":\"middle\",\"hbPlacements\":\"d-art1\"},\"sizes\":[[300,250],[300,254]],\"hideOnSensitiveArticle\":true,\"additionalClass\":\"in-article\",\"name\":\"div-gpt-ad-in-article-slot\",\"positions\":[{\"referenceNode\":\".timeline>ol>li:nth-of-type(2)\",\"relativePos\":\"after\"},{\"referenceNode\":\".article-body > p:nth-last-of-type(4)\",\"relativePos\":\"after\",\"conditionNode\":\".article-body > p:nth-of-type(8)\"}],\"type\":\"inArticleMPU6\",\"bidders\":{\"mediagrid\":\"30437\",\"ozone\":\"1420431535\",\"triplelift\":\"Mirror_300x250_In-Article_Desktop_Prebid\",\"xandr\":\"20406504\",\"verizon\":\"8a96947a017474e02ce3e0c663bd012d\",\"sovrn\":\"792126\",\"magnite\":\"1872186\",\"openx\":\"543004065\",\"indexexchange\":\"593690\",\"pubmatic\":\"3325570\",\"smartadserver\":\"93663,1292173\"}},{\"componentType\":\"gpt\",\"targeting\":{\"index\":9,\"hivis\":\"n\",\"opos\":\"bottom\",\"hbPlacements\":\"d-bot\"},\"sizes\":[[728,90],[728,98],[728,99]],\"referenceNode\":\"main\",\"relativePos\":\"after\",\"additionalClass\":\"bottom-ad-slot\",\"name\":\"div-gpt-ad-bottom-slot\",\"type\":\"bottomOfpagePlusMid\",\"bidders\":{\"mediagrid\":\"30433\",\"ozone\":\"1420431538\",\"triplelift\":\"Mirror_970x250_Desktop_Prebid\",\"xandr\":\"20406496\",\"verizon\":\"8a96947a017474e02ce3e0c65cf8012b\",\"sovrn\":\"792120\",\"magnite\":\"1872174\",\"openx\":\"543004071\",\"indexexchange\":\"593684\",\"pubmatic\":\"3325564\",\"smartadserver\":\"93657,1292169\"}},{\"includeInHeaderBidding\":true,\"injectionEnabled\":false,\"componentType\":\"gpt\",\"targeting\":{\"hivis\":\"y\",\"opos\":\"left\",\"hbPlacements\":\"d-gut\"},\"sizes\":[[160,600]],\"referenceNode\":\"main\",\"relativePos\":\"before\",\"additionalClass\":\"sureview-ad-left\",\"name\":\"div-gpt-ad-sureview-left-slot\",\"type\":\"sureviewLeft\",\"bidders\":{\"mediagrid\":\"30436\",\"ozone\":\"1420431531\",\"triplelift\":\"hdx_generic_trinitymirror_Prebid\",\"xandr\":\"20406508\",\"verizon\":\"8a96947a017474e02ce3e0c66717012e\",\"sovrn\":\"792129\",\"magnite\":\"1872192\",\"openx\":\"543004077\",\"indexexchange\":\"593693\",\"pubmatic\":\"3325573\",\"smartadserver\":\"93667,1292169\"}},{\"includeInHeaderBidding\":true,\"injectionEnabled\":false,\"componentType\":\"gpt\",\"targeting\":{\"hivis\":\"y\",\"opos\":\"right\",\"hbPlacements\":\"d-gut\"},\"sizes\":[[160,600]],\"referenceNode\":\"main\",\"relativePos\":\"before\",\"additionalClass\":\"sureview-ad-right\",\"name\":\"div-gpt-ad-sureview-right-slot\",\"type\":\"sureviewRight\",\"bidders\":{\"mediagrid\":\"30436\",\"ozone\":\"1420431531\",\"triplelift\":\"hdx_generic_trinitymirror_Prebid\",\"xandr\":\"20406508\",\"verizon\":\"8a96947a017474e02ce3e0c66717012e\",\"sovrn\":\"792129\",\"magnite\":\"1872192\",\"openx\":\"543004077\",\"indexexchange\":\"593693\",\"pubmatic\":\"3325573\",\"smartadserver\":\"93667,1292169\"}},{\"mode\":\"thumbnails-feed\",\"componentType\":\"taboola\",\"slotType\":\"taboola\",\"referenceNode\":\"#social-follow\",\"hideOnSensitiveArticle\":true,\"relativePos\":\"after\",\"name\":\"taboolaBelowArticle\",\"selector\":\"taboola-below-article-thumbnails\",\"targetType\":\"mix\",\"placement\":\"Below Article Thumbnails Responsive Feed\",\"type\":\"taboolaBelowArticleThumbnails\"},{\"name\":\"property-search-container\",\"componentType\":\"partner\",\"referenceNode\":\".article-wrapper > .content-column\",\"type\":\"propertysearch\",\"templateName\":\"search\",\"relativePos\":\"prependChild\"},{\"name\":\"partners-footer\",\"componentType\":\"partner\",\"referenceNode\":\"main\",\"type\":\"allpartnersFooter\",\"templateName\":\"footer\",\"relativePos\":\"appendChild\"},{\"componentType\":\"partner\",\"referenceNode\":\"header .secondary > section > ul\",\"templateName\":\"weather-partnership-bar\",\"relativePos\":\"before\",\"additionalClass\":\"weather-widget\",\"name\":\"weather-widget\",\"referenceNode2\":\"header > nav > ul\",\"type\":\"weather\",\"relativePos2\":\"before\"},{\"name\":\"takeover\",\"componentType\":\"partner\",\"referenceNode\":\"header .secondary\",\"type\":\"masthead\",\"templateName\":\"takeover\",\"relativePos\":\"before\"},{\"name\":\"crosswords-carousel\",\"componentType\":\"partner\",\"referenceNode\":\".article-main > p[itemprop=description]\",\"type\":\"crosswordsCarousel\",\"templateName\":\"carousel\",\"relativePos\":\"after\"},{\"name\":\"valpal-property\",\"componentType\":\"partner\",\"referenceNode\":\".article-body > p:nth-of-type(6)\",\"type\":\"valpal\",\"templateName\":\"property\",\"relativePos\":\"before\"},{\"injectionEnabled\":false,\"componentType\":\"partner\",\"referenceNode\":\"header nav.primary\",\"templateName\":\"premier-league\",\"relativePos\":\"after\",\"additionalClass\":\"premier-league\",\"name\":\"premier-league\",\"type\":\"premierLeague\"},{\"name\":\"perform-placeholder\",\"componentType\":\"placeholder\",\"referenceNode\":\".article-body > p:nth-of-type(6)\",\"type\":\"performPlaceholder\",\"relativePos\":\"after\"},{\"injectionEnabled\":false,\"componentType\":\"outbrain\",\"injectionConditions\":[{\"condition\":\"stopONAdvertorialContent\"}],\"slotType\":\"outbrain\",\"referenceNode\":\".article-body > p:nth-of-type(2)\",\"widgetOptions\":{\"ids\":[\"AR_2\"],\"template\":\"DailyStar\"},\"hideOnSensitiveArticle\":true,\"relativePos\":\"after\",\"additionalClass\":\"mid-article-widget\",\"name\":\"outbrainMidArticleSlot\",\"placement\":\"Mid-Article\",\"type\":\"outbrainMidArticleSlot\"},{\"injectionEnabled\":false,\"componentType\":\"outbrain\",\"slotType\":\"outbrain\",\"referenceNode\":\".article-wrapper > .content-column\",\"widgetOptions\":{\"ids\":[\"AR_16\"],\"template\":\"DailyStar\"},\"hideOnSensitiveArticle\":true,\"relativePos\":\"appendChild\",\"name\":\"outbrainFooterArticleSlot\",\"placement\":\"Footer\",\"type\":\"outbrainFooterArticleSlot\"},{\"componentType\":\"recommendations\",\"referenceSlot\":\"div-gpt-ad-sponsorship-bar\",\"injectionConditions\":[{\"condition\":\"topBoxInjectable\"}],\"hideOnSensitiveArticle\":true,\"relativePos\":\"before\",\"additionalClass\":\"brand-passion-bg pancake duet no-bottom-margin\",\"name\":\"recommendations-topbox\",\"type\":\"recommendationsTopBox\",\"items\":5},{\"componentType\":\"recommendations\",\"referenceSlot\":\"div-gpt-ad-rh-slot\",\"heading\":\"Recommended\",\"relativePos\":\"after\",\"additionalClass\":\"tm-recs seldon-recs pancake duet no-bottom-margin\",\"name\":\"recommendations-top-heading\",\"type\":\"recommendationsTopHeading\",\"items\":0},{\"injectionEnabled\":false,\"componentType\":\"outbrain\",\"referenceSlot\":\"div-gpt-ad-rh-slot\",\"slotType\":\"outbrain\",\"widgetOptions\":{\"ids\":[\"SB_1\"],\"template\":\"DailyStar\"},\"hideOnSensitiveArticle\":true,\"relativePos\":\"after\",\"name\":\"outbrainTopSidebarArticleSlot\",\"placement\":\"RHC\",\"type\":\"outbrainTopSidebarArticleSlot\"},{\"componentType\":\"recommendations\",\"referenceSlot\":\"recommendations-top-heading\",\"relativePos\":\"after\",\"additionalClass\":\"tm-recs seldon-recs pancake duet no-bottom-margin\",\"name\":\"recommendations-top-primary\",\"type\":\"recommendationsTopPrimary\",\"items\":4},{\"componentType\":\"recommendations\",\"referenceSlot\":\"recommendations-top-primary\",\"relativePos\":\"after\",\"additionalClass\":\"tm-recs seldon-recs pancake duet\",\"name\":\"recommendations-top-secondary\",\"type\":\"recommendationsTopSecondary\",\"items\":1},{\"additionalClass\":\"hidden\",\"name\":\"ayl-native-1\",\"componentType\":\"adYouLike\",\"referenceSlot\":\"recommendations-top-primary\",\"type\":\"adYouLikeArticleSlot1\",\"relativePos\":\"after\"},{\"componentType\":\"gpt\",\"targeting\":{\"index\":5,\"hivis\":\"n\",\"opos\":\"middle\",\"hbPlacements\":\"d-rh2\"},\"referenceSlot\":\"recommendations-top-secondary\",\"sizes\":[[300,600],[300,250],[300,253]],\"relativePos\":\"after\",\"name\":\"div-gpt-ad-rh-secondary-slot\",\"type\":\"secondaryMPU\",\"bidders\":{\"mediagrid\":\"30441\",\"ozone\":\"1420431533\",\"triplelift\":\"Mirror_300x600_Desktop_Prebid\",\"xandr\":\"20406501\",\"verizon\":\"8a9699d4017474e03107e0c6618002ea\",\"sovrn\":\"792124\",\"magnite\":\"1872182\",\"openx\":\"543004056\",\"indexexchange\":\"593688\",\"pubmatic\":\"3325568\",\"smartadserver\":\"93661,1292169\"}},{\"mode\":\"thumbnails-e\",\"componentType\":\"taboola\",\"referenceSlot\":\"div-gpt-ad-rh-secondary-slot\",\"slotType\":\"taboola\",\"hideOnSensitiveArticle\":true,\"relativePos\":\"before\",\"name\":\"taboolaRightRailsResponsive\",\"selector\":\"taboola-right-rail-thumbnails-responsive\",\"targetType\":\"mix\",\"placement\":\"Right Rail Thumbnails Responsive\",\"type\":\"taboolaRightRailsThumbnails\"},{\"componentType\":\"recommendations\",\"referenceSlot\":\"div-gpt-ad-rh-secondary-slot\",\"heading\":\"Recommended\",\"relativePos\":\"after\",\"additionalClass\":\"tm-recs seldon-recs pancake duet no-bottom-margin\",\"name\":\"recommendations-bottom-primary\",\"type\":\"recommendationsBottomPrimary\",\"items\":3},{\"name\":\"web-search-container\",\"componentType\":\"partner\",\"referenceSlot\":\"div-gpt-ad-rh-secondary-slot\",\"type\":\"webdotcom\",\"templateName\":\"webSearch\",\"relativePos\":\"after\"},{\"name\":\"most-read-secondary\",\"additionalClass\":\"hidden\",\"componentType\":\"mostRead\",\"referenceSlot\":\"div-gpt-ad-rh-secondary-slot\",\"type\":\"mostReadSecondary\",\"relativePos\":\"after\"},{\"componentType\":\"recommendations\",\"referenceSlot\":\"recommendations-bottom-primary\",\"relativePos\":\"after\",\"additionalClass\":\"tm-recs seldon-recs pancake duet no-bottom-margin\",\"name\":\"recommendations-bottom-secondary\",\"type\":\"recommendationsBottomSecondary\",\"items\":1},{\"additionalClass\":\"hidden\",\"name\":\"ayl-native-2\",\"componentType\":\"adYouLike\",\"referenceSlot\":\"recommendations-bottom-primary\",\"type\":\"adYouLikeArticleSlot2\",\"relativePos\":\"after\"},{\"componentType\":\"partner\",\"referenceSlot\":\"recommendations-bottom-primary\",\"templateName\":\"form-car-search\",\"relativePos\":\"before\",\"name\":\"haymarket-car-search-form\",\"title\":\"Find Used Cars\",\"type\":\"haymarket\"},{\"componentType\":\"recommendations\",\"referenceSlot\":\"recommendations-bottom-secondary\",\"heading\":\"Recommended\",\"relativePos\":\"after\",\"additionalClass\":\"tm-recs seldon-recs pancake duet\",\"name\":\"recommendations-bottom-tertiary\",\"type\":\"recommendationsBottomTertiary\",\"items\":4},{\"additionalClass\":\"hidden\",\"name\":\"ayl-native-3\",\"componentType\":\"adYouLike\",\"referenceSlot\":\"recommendations-bottom-secondary\",\"type\":\"adYouLikeArticleSlot3\",\"relativePos\":\"after\"},{\"componentType\":\"gpt\",\"targeting\":{\"index\":7,\"hivis\":\"n\",\"opos\":\"middle\",\"hbPlacements\":\"d-rho\"},\"referenceSlot\":\"recommendations-bottom-tertiary\",\"sizes\":[[300,600],[300,250],[300,255]],\"relativePos\":\"before\",\"name\":\"div-gpt-ad-rh-tertiary-slot\",\"type\":\"tertiaryMPU\",\"bidders\":{\"mediagrid\":\"30440\",\"ozone\":\"1420431532\",\"triplelift\":\"Mirror_300x600_Desktop_Prebid\",\"xandr\":\"20406503\",\"verizon\":\"8a969086017474e02915e0c6629901f1\",\"sovrn\":\"792125\",\"magnite\":\"1872184\",\"openx\":\"543004061\",\"indexexchange\":\"593689\",\"pubmatic\":\"3325569\",\"smartadserver\":\"93662,1292169\"}},{\"componentType\":\"gpt\",\"targeting\":{\"index\":8,\"hivis\":\"n\",\"opos\":\"bottom\",\"hbPlacements\":\"d-rho\"},\"referenceSlot\":\"recommendations-bottom-tertiary\",\"sizes\":[[300,600],[300,250],[300,256]],\"relativePos\":\"after\",\"name\":\"div-gpt-ad-rh-quaternary-slot\",\"type\":\"quaternaryMPU\",\"bidders\":{\"mediagrid\":\"30440\",\"ozone\":\"1420431532\",\"triplelift\":\"Mirror_300x600_Desktop_Prebid\",\"xandr\":\"20406503\",\"verizon\":\"8a969086017474e02915e0c6629901f1\",\"sovrn\":\"792125\",\"magnite\":\"1872184\",\"openx\":\"543004061\",\"indexexchange\":\"593689\",\"pubmatic\":\"3325569\",\"smartadserver\":\"93662,1292169\"}},{\"name\":\"onscroll-placeholder\",\"componentType\":\"placeholder\",\"referenceSlot\":\"div-gpt-ad-rh-quaternary-slot\",\"type\":\"onScrollPlaceholder\",\"relativePos\":\"after\"},{\"injectionEnabled\":false,\"componentType\":\"outbrain\",\"referenceSlot\":\"div-gpt-ad-rh-quaternary-slot\",\"slotType\":\"outbrain\",\"widgetOptions\":{\"ids\":[\"SB_2\"],\"template\":\"DailyStar\"},\"hideOnSensitiveArticle\":true,\"relativePos\":\"after\",\"name\":\"outbrainBottomSidebarArticleSlot\",\"placement\":\"RHC\",\"type\":\"outbrainBottomSidebarArticleSlot\"}],\"configMeta\":[{\"name\":\"article\",\"componentType\":\"meta\",\"type\":\"configMetadata\"}],\"page\":{\"storymeta\":\"comedy,david-beckham,david-jason,nicholas-lyndhurst,only-fools-and-horses,sport-relief\",\"templ\":\"article\",\"oid\":\"3255781\",\"configPageType\":\"article\",\"adUnitId\":\"/5293/mirror.co.uk/tv/tv-news\"},\"tabletPortraitUpwards\":[{\"injectionEnabled\":false,\"componentType\":\"gpt\",\"targeting\":{\"index\":-1,\"hivis\":\"n\"},\"referenceNode\":\"header\",\"hideOnSensitiveArticle\":true,\"hideOnFirstPageView\":true,\"relativePos\":\"after\",\"name\":\"div-gpt-ad-oop-slot\",\"isOOP\":true,\"type\":\"outOfPage\"},{\"componentType\":\"gpt\",\"targeting\":{\"index\":-2,\"hivis\":\"n\"},\"referenceNode\":\"header\",\"sizes\":[[1,1]],\"hideOnSensitiveArticle\":true,\"hideOnFirstPageView\":true,\"relativePos\":\"before\",\"additionalClass\":\"hidden\",\"name\":\"div-gpt-ad-ad-mix-slot\",\"type\":\"adMix\"},{\"componentType\":\"gpt\",\"targeting\":{\"index\":1,\"hivis\":\"y\",\"opos\":\"top\",\"hbPlacements\":\"t-top\"},\"referenceNode\":\"main\",\"sizes\":[[728,90],[300,250],[728,91],[300,251]],\"relativePos\":\"before\",\"additionalClass\":\"top-slot\",\"sticky\":{\"mode\":\"header\",\"duration\":5000},\"name\":\"div-gpt-ad-top-slot\",\"type\":\"topOfPagePortrait\",\"bidders\":{\"mediagrid\":\"30463\",\"ozone\":\"1420431561\",\"triplelift\":\"Mirror_970x250_Tablet_Prebid\",\"xandr\":\"20406520\",\"verizon\":\"8a96947a017474e02ce3e0c670980131\",\"sovrn\":\"792738\",\"magnite\":\"1872736\",\"openx\":\"543004083\",\"indexexchange\":\"594424\",\"pubmatic\":\"3325582\",\"smartadserver\":\"93676,1292169\"}},{\"componentType\":\"gpt\",\"targeting\":{\"index\":2,\"hivis\":\"y\"},\"referenceNode\":\"main nav\",\"sizes\":[[948,42]],\"relativePos\":\"before\",\"additionalClass\":\"bg-white\",\"name\":\"div-gpt-ad-sponsorship-bar\",\"type\":\"sponsorshipBar\"},{\"componentType\":\"gpt\",\"targeting\":{\"index\":3,\"hivis\":\"n\"},\"injectionConditions\":[{\"condition\":\"stopONAffiliateContent\"}],\"referenceNode\":\".article-body > p:nth-of-type(2)\",\"sizes\":[[8,8]],\"hideOnSensitiveArticle\":true,\"relativePos\":\"after\",\"additionalClass\":\"in-article\",\"name\":\"div-gpt-ad-vip-slot\",\"type\":\"VIP\"},{\"componentType\":\"gpt\",\"referenceNode\":\".timeline>ol>li:nth-of-type(2)\",\"relativePos\":\"after\",\"referenceNode2\":\".article-body > p:nth-of-type(7)\",\"type\":\"inArticleMPU4\",\"relativePos2\":\"after\",\"targeting\":{\"index\":4,\"hivis\":\"n\",\"opos\":\"middle\",\"hbPlacements\":\"t-art1\"},\"sizes\":[[300,250],[300,252]],\"hideOnSensitiveArticle\":true,\"adFreeEnabled\":true,\"additionalClass\":\"in-article\",\"name\":\"div-gpt-ad-in-article-slot\",\"bidders\":{\"mediagrid\":\"30456\",\"ozone\":\"1420431554\",\"triplelift\":\"Mirror_300x250_In-Article_Tablet_Prebid\",\"xandr\":\"20406531\",\"verizon\":\"8a969086017474e02915e0c6793f01f8\",\"sovrn\":\"792746\",\"magnite\":\"1872736\",\"openx\":\"543004086\",\"indexexchange\":\"594424\",\"pubmatic\":\"3325590\",\"smartadserver\":\"93684,1292173\"}},{\"componentType\":\"gpt\",\"targeting\":{\"index\":5,\"hivis\":\"n\",\"opos\":\"bottom\",\"hbPlacements\":\"t-bot\"},\"sizes\":[[728,90],[728,98],[728,99]],\"referenceNode\":\"main\",\"relativePos\":\"after\",\"additionalClass\":\"bottom-ad-slot\",\"name\":\"div-gpt-ad-bottom-slot\",\"type\":\"bottomOfpagePlusMid\",\"bidders\":{\"mediagrid\":\"30453\",\"ozone\":\"1420431557\",\"triplelift\":\"Mirror_970x250_Tablet_Prebid\",\"xandr\":\"20406523\",\"verizon\":\"8a969086017474e02915e0c672b101f6\",\"sovrn\":\"792740\",\"magnite\":\"1872736\",\"openx\":\"543004092\",\"indexexchange\":\"594424\",\"pubmatic\":\"3325584\",\"smartadserver\":\"93678,1292169\"}},{\"includeInHeaderBidding\":true,\"injectionEnabled\":false,\"componentType\":\"gpt\",\"targeting\":{\"hivis\":\"y\",\"opos\":\"left\"},\"sizes\":[[160,600]],\"referenceNode\":\"main\",\"relativePos\":\"before\",\"additionalClass\":\"sureview-ad-left\",\"name\":\"div-gpt-ad-sureview-left-slot\",\"type\":\"sureviewLeft\"},{\"includeInHeaderBidding\":true,\"injectionEnabled\":false,\"componentType\":\"gpt\",\"targeting\":{\"hivis\":\"y\",\"opos\":\"right\"},\"sizes\":[[160,600]],\"referenceNode\":\"main\",\"relativePos\":\"before\",\"additionalClass\":\"sureview-ad-right\",\"name\":\"div-gpt-ad-sureview-right-slot\",\"type\":\"sureviewRight\"},{\"mode\":\"thumbnails-feed\",\"componentType\":\"taboola\",\"slotType\":\"taboola\",\"referenceNode\":\"#social-follow\",\"hideOnSensitiveArticle\":true,\"relativePos\":\"after\",\"name\":\"taboolaBelowArticle\",\"selector\":\"taboola-below-article-thumbnails\",\"targetType\":\"mix\",\"placement\":\"Below Article Thumbnails Responsive Feed\",\"type\":\"taboolaBelowArticleThumbnails\"},{\"mode\":\"thumbnails-f\",\"componentType\":\"taboola\",\"slotType\":\"taboola\",\"referenceNode\":\".article-body p:nth-of-type(3)\",\"hideOnSensitiveArticle\":true,\"relativePos\":\"after\",\"name\":\"taboolaMobileMidArticle\",\"selector\":\"taboola-mobile-mid-article-thumbnails\",\"targetType\":\"mix\",\"placement\":\"Mobile Mid-Article Thumbnails\",\"type\":\"taboolaMidArticleThumbnails\"},{\"name\":\"most-read-secondary\",\"componentType\":\"mostRead\",\"referenceSlot\":\"div-gpt-ad-rh-secondary-slot\",\"type\":\"mostReadSecondary\",\"referenceNode\":\"main aside.related-column\",\"relativePos\":\"appendChild\"},{\"name\":\"perform-placeholder\",\"componentType\":\"placeholder\",\"referenceNode\":\".article-body > p:nth-of-type(6)\",\"type\":\"performPlaceholder\",\"relativePos\":\"after\"},{\"name\":\"property-search-container\",\"componentType\":\"partner\",\"referenceNode\":\".article-wrapper > .content-column\",\"type\":\"propertysearch\",\"templateName\":\"search\",\"relativePos\":\"prependChild\"},{\"name\":\"partners-footer\",\"componentType\":\"partner\",\"referenceNode\":\"main\",\"type\":\"allpartnersFooter\",\"templateName\":\"footer\",\"relativePos\":\"appendChild\"},{\"componentType\":\"partner\",\"referenceNode\":\"header .secondary > section > ul\",\"templateName\":\"weather-partnership-bar\",\"relativePos\":\"before\",\"additionalClass\":\"weather-widget\",\"name\":\"weather-widget\",\"referenceNode2\":\"header > nav > ul\",\"type\":\"weather\",\"relativePos2\":\"before\"},{\"name\":\"takeover\",\"componentType\":\"partner\",\"referenceNode\":\"header .secondary\",\"type\":\"masthead\",\"templateName\":\"takeover\",\"relativePos\":\"before\"},{\"name\":\"crosswords-carousel\",\"componentType\":\"partner\",\"referenceNode\":\".article-main > p[itemprop=description]\",\"type\":\"crosswordsCarousel\",\"templateName\":\"carousel\",\"relativePos\":\"after\"},{\"name\":\"valpal-property\",\"componentType\":\"partner\",\"referenceNode\":\".article-body > p:nth-of-type(6)\",\"type\":\"valpal\",\"templateName\":\"property\",\"relativePos\":\"before\"},{\"injectionEnabled\":false,\"componentType\":\"partner\",\"referenceNode\":\"header nav.primary\",\"templateName\":\"premier-league\",\"relativePos\":\"after\",\"additionalClass\":\"premier-league\",\"name\":\"premier-league\",\"type\":\"premierLeague\"},{\"injectionEnabled\":false,\"componentType\":\"outbrain\",\"injectionConditions\":[{\"condition\":\"stopONAdvertorialContent\"}],\"slotType\":\"outbrain\",\"referenceNode\":\".article-body > p:nth-of-type(2)\",\"widgetOptions\":{\"ids\":[\"AR_2\"],\"template\":\"DailyStar\"},\"hideOnSensitiveArticle\":true,\"relativePos\":\"after\",\"additionalClass\":\"mid-article-widget\",\"name\":\"outbrainMidArticleSlot\",\"placement\":\"Mid-Article\",\"type\":\"outbrainMidArticleSlot\"},{\"injectionEnabled\":false,\"componentType\":\"outbrain\",\"slotType\":\"outbrain\",\"referenceNode\":\".article-wrapper > .content-column\",\"widgetOptions\":{\"ids\":[\"AR_16\"],\"template\":\"DailyStar\"},\"hideOnSensitiveArticle\":true,\"relativePos\":\"appendChild\",\"name\":\"outbrainFooterArticleSlot\",\"placement\":\"Footer\",\"type\":\"outbrainFooterArticleSlot\"}],\"baseLayout\":[{\"injectionEnabled\":false,\"componentType\":\"gpt\",\"targeting\":{\"index\":-1,\"hivis\":\"n\"},\"referenceNode\":\"header\",\"hideOnSensitiveArticle\":true,\"hideOnFirstPageView\":true,\"relativePos\":\"after\",\"name\":\"div-gpt-ad-oop-slot\",\"isOOP\":true,\"type\":\"outOfPage\"},{\"injectionEnabled\":true,\"componentType\":\"gpt\",\"targeting\":{\"index\":-1,\"hivis\":\"n\"},\"referenceNode\":\"header\",\"hideOnSensitiveArticle\":true,\"hideOnFirstPageView\":true,\"relativePos\":\"after\",\"name\":\"div-gpt-ad-oop-interstitial-slot\",\"isOOP\":true,\"isInterstitial\":true,\"type\":\"outOfPageInterstitial\"},{\"componentType\":\"gpt\",\"targeting\":{\"index\":-2,\"hivis\":\"n\"},\"referenceNode\":\"header\",\"sizes\":[[1,1]],\"hideOnSensitiveArticle\":true,\"hideOnFirstPageView\":true,\"relativePos\":\"before\",\"additionalClass\":\"hidden\",\"name\":\"div-gpt-ad-ad-mix-slot\",\"type\":\"adMix\"},{\"componentType\":\"gpt\",\"targeting\":{\"index\":1,\"hivis\":\"y\",\"opos\":\"top\",\"hbPlacements\":\"m-top\"},\"referenceNode\":\"main\",\"sizes\":[[320,100],[320,50],[320,51],[300,100],[300,50]],\"relativePos\":\"before\",\"additionalClass\":\"top-slot\",\"sticky\":{\"sizes\":[[320,50],[320,51],[300,50]],\"mode\":\"header\",\"duration\":5000},\"name\":\"div-gpt-ad-top-slot\",\"type\":\"topOfPageMobile\",\"bidders\":{\"mediagrid\":\"30452\",\"ozone\":\"1420431549\",\"triplelift\":\"hdx_generic_trinitymirror_Prebid\",\"xandr\":\"20406509\",\"verizon\":\"8a9699d4017474e03107e0c6682202ec\",\"sovrn\":\"792130\",\"magnite\":\"1872526\",\"openx\":\"543004081\",\"indexexchange\":\"593694\",\"pubmatic\":\"3325574\",\"smartadserver\":\"93668,1292169\"}},{\"componentType\":\"gpt\",\"targeting\":{\"index\":3,\"hivis\":\"n\"},\"injectionConditions\":[{\"condition\":\"stopONAffiliateContent\"}],\"referenceNode\":\".article-body > p:nth-of-type(2)\",\"sizes\":[[8,8]],\"hideOnSensitiveArticle\":true,\"relativePos\":\"after\",\"additionalClass\":\"in-article\",\"name\":\"div-gpt-ad-vip-slot\",\"type\":\"VIP\"},{\"componentType\":\"gpt\",\"referenceNode\":\".timeline>ol>li:nth-of-type(2)\",\"relativePos\":\"after\",\"referenceNode2\":\".article-body > p:nth-of-type(7)\",\"type\":\"inArticleMPU4\",\"relativePos2\":\"after\",\"targeting\":{\"index\":4,\"hivis\":\"n\",\"opos\":\"middle\",\"hbPlacements\":\"m-art1\"},\"sizes\":[[300,250],[300,252]],\"hideOnSensitiveArticle\":true,\"adFreeEnabled\":true,\"additionalClass\":\"in-article\",\"name\":\"div-gpt-ad-in-article-slot\",\"bidders\":{\"mediagrid\":\"30447\",\"ozone\":\"1420431545\",\"triplelift\":\"Mirror_300x250_Mobile_Prebid\",\"xandr\":\"20406515\",\"verizon\":\"8a969086017474e02915e0c66c6801f4\",\"sovrn\":\"792134\",\"magnite\":\"1872534\",\"openx\":\"543004068\",\"indexexchange\":\"593698\",\"pubmatic\":\"3325578\",\"smartadserver\":\"93672,1292173\"}},{\"componentType\":\"gpt\",\"targeting\":{\"index\":5,\"hivis\":\"n\",\"opos\":\"middle\",\"commercialTest\":\"WEBX-1841-web\",\"hbPlacements\":\"m-arto\"},\"injectionConditions\":[{\"condition\":\"stopONAffiliateContent\"}],\"sizes\":[[300,250],[300,253]],\"hideOnSensitiveArticle\":true,\"adFreeEnabled\":true,\"additionalClass\":\"in-article\",\"name\":\"div-gpt-ad-in-article-slot-long\",\"positions\":[{\"referenceNode\":\".article-body > p:nth-of-type(15)\",\"relativePos\":\"after\",\"conditionNode\":\".article-body > p:nth-of-type(17)\"}],\"type\":\"inArticleMPU5\",\"bidders\":{\"mediagrid\":\"30449\",\"ozone\":\"1420431546\",\"triplelift\":\"Mirror_300x250_Mobile_Prebid\",\"xandr\":\"20406516\",\"verizon\":\"8a96947a017474e02ce3e0c66d700130\",\"sovrn\":\"792135\",\"magnite\":\"1872536\",\"openx\":\"543004072\",\"indexexchange\":\"593699\",\"pubmatic\":\"3325579\",\"smartadserver\":\"93673,1292173\"}},{\"componentType\":\"gpt\",\"targeting\":{\"index\":99,\"hivis\":\"y\",\"opos\":\"bottom\",\"hbPlacements\":\"m-bot\"},\"sizes\":[[320,50],[320,59]],\"referenceNode\":\"main\",\"allowedAdjustments\":{\"override\":true},\"relativePos\":\"after\",\"additionalClass\":\"sticky-bottom-banner\",\"name\":\"div-gpt-ad-sticky-bottom-banner\",\"type\":\"bottomOfPageMobile\",\"bidders\":{\"mediagrid\":\"30451\",\"ozone\":\"1420431550\",\"triplelift\":\"hdx_generic_trinitymirror_Prebid\",\"xandr\":\"20406511\",\"verizon\":\"8a969086017474e02915e0c6692f01f3\",\"sovrn\":\"792131\",\"magnite\":\"1872528\",\"openx\":\"543004054\",\"indexexchange\":\"593695\",\"pubmatic\":\"3325575\",\"smartadserver\":\"93669,1292169\"}},{\"mode\":\"thumbnails-feed\",\"componentType\":\"taboola\",\"slotType\":\"taboola\",\"referenceNode\":\"#social-follow\",\"hideOnSensitiveArticle\":true,\"relativePos\":\"after\",\"name\":\"taboolaBelowArticle\",\"selector\":\"taboola-below-article-thumbnails\",\"targetType\":\"mix\",\"placement\":\"Below Article Thumbnails Responsive Feed\",\"type\":\"taboolaBelowArticleThumbnails\"},{\"mode\":\"thumbnails-f\",\"componentType\":\"taboola\",\"slotType\":\"taboola\",\"referenceNode\":\".article-body p:nth-of-type(3)\",\"hideOnSensitiveArticle\":true,\"relativePos\":\"after\",\"name\":\"taboolaMobileMidArticle\",\"selector\":\"taboola-mobile-mid-article-thumbnails\",\"targetType\":\"mix\",\"placement\":\"Mobile Mid-Article Thumbnails\",\"type\":\"taboolaMidArticleThumbnails\"},{\"mode\":\"thumbnails-m\",\"componentType\":\"taboola\",\"injectionConditions\":[{\"condition\":\"stopONAdvertorialContent\"}],\"slotType\":\"taboola\",\"referenceNode\":\".article-body p:nth-of-type(6)\",\"relativePos\":\"after\",\"name\":\"taboola-mobile-below-article-thumbnails\",\"selector\":\"taboola-below-article-thumbnails-1\",\"targetType\":\"mix\",\"placement\":\"Below Article Thumbnails\",\"type\":\"taboolaMobileBelowArticleThumbnails\"},{\"componentType\":\"adYouLike\",\"referenceSlot\":\"recommendations-top-primary\",\"injectionConditions\":[{\"condition\":\"stopONAffiliateContent\"}],\"referenceNode\":\".article-body > p:nth-of-type(10)\",\"relativePos\":\"after\",\"additionalClass\":\"hidden\",\"name\":\"ayl-native-1\",\"type\":\"adYouLikeArticleSlot1\"},{\"name\":\"most-read-secondary\",\"componentType\":\"mostRead\",\"referenceSlot\":\"div-gpt-ad-rh-secondary-slot\",\"type\":\"mostReadSecondary\",\"referenceNode\":\"main aside.related-column\",\"relativePos\":\"appendChild\"},{\"name\":\"perform-placeholder\",\"componentType\":\"placeholder\",\"referenceNode\":\".article-body > p:nth-of-type(6)\",\"type\":\"performPlaceholder\",\"relativePos\":\"after\"},{\"name\":\"property-search-container\",\"componentType\":\"partner\",\"referenceNode\":\".article-wrapper > .content-column\",\"type\":\"propertysearch\",\"templateName\":\"search\",\"relativePos\":\"prependChild\"},{\"name\":\"partners-footer\",\"componentType\":\"partner\",\"referenceNode\":\"main\",\"type\":\"allpartnersFooter\",\"templateName\":\"footer\",\"relativePos\":\"appendChild\"},{\"componentType\":\"partner\",\"referenceNode\":\"header .secondary > section > ul\",\"templateName\":\"weather-partnership-bar\",\"relativePos\":\"before\",\"additionalClass\":\"weather-widget\",\"name\":\"weather-widget\",\"referenceNode2\":\"header > nav > ul\",\"type\":\"weather\",\"relativePos2\":\"before\"},{\"name\":\"takeover\",\"componentType\":\"partner\",\"referenceNode\":\"header .secondary\",\"type\":\"masthead\",\"templateName\":\"takeover\",\"relativePos\":\"before\"},{\"name\":\"crosswords-carousel\",\"componentType\":\"partner\",\"referenceNode\":\".article-main > p[itemprop=description]\",\"type\":\"crosswordsCarousel\",\"templateName\":\"carousel\",\"relativePos\":\"after\"},{\"name\":\"valpal-property\",\"componentType\":\"partner\",\"referenceNode\":\".article-body > p:nth-of-type(6)\",\"type\":\"valpal\",\"templateName\":\"property\",\"relativePos\":\"before\"},{\"injectionEnabled\":false,\"componentType\":\"partner\",\"referenceNode\":\"header nav.primary\",\"templateName\":\"premier-league\",\"relativePos\":\"after\",\"additionalClass\":\"premier-league\",\"name\":\"premier-league\",\"type\":\"premierLeague\"},{\"injectionEnabled\":false,\"componentType\":\"outbrain\",\"injectionConditions\":[{\"condition\":\"stopONAdvertorialContent\"}],\"slotType\":\"outbrain\",\"referenceNode\":\".article-body > p:nth-of-type(2)\",\"widgetOptions\":{\"ids\":[\"AR_2\"],\"template\":\"DailyStar\"},\"hideOnSensitiveArticle\":true,\"relativePos\":\"after\",\"additionalClass\":\"mid-article-widget\",\"name\":\"outbrainMidArticleSlot\",\"placement\":\"Mid-Article\",\"type\":\"outbrainMidArticleSlot\"},{\"injectionEnabled\":false,\"componentType\":\"outbrain\",\"slotType\":\"outbrain\",\"referenceNode\":\".article-wrapper > .content-column\",\"widgetOptions\":{\"ids\":[\"AR_16\"],\"template\":\"DailyStar\"},\"hideOnSensitiveArticle\":true,\"relativePos\":\"appendChild\",\"name\":\"outbrainFooterArticleSlot\",\"placement\":\"Footer\",\"type\":\"outbrainFooterArticleSlot\"}],\"tabletLandscapeUpwards\":[{\"injectionEnabled\":false,\"componentType\":\"gpt\",\"targeting\":{\"index\":-1,\"hivis\":\"n\"},\"referenceNode\":\"header\",\"hideOnSensitiveArticle\":true,\"hideOnFirstPageView\":true,\"relativePos\":\"after\",\"name\":\"div-gpt-ad-oop-slot\",\"isOOP\":true,\"type\":\"outOfPage\"},{\"componentType\":\"gpt\",\"targeting\":{\"index\":-2,\"hivis\":\"n\"},\"referenceNode\":\"header\",\"sizes\":[[1,1]],\"hideOnSensitiveArticle\":true,\"hideOnFirstPageView\":true,\"relativePos\":\"before\",\"additionalClass\":\"hidden\",\"name\":\"div-gpt-ad-ad-mix-slot\",\"type\":\"adMix\"},{\"componentType\":\"gpt\",\"targeting\":{\"index\":1,\"hivis\":\"y\",\"opos\":\"top\",\"hbPlacements\":\"t-top\"},\"referenceNode\":\"header\",\"sizes\":[[970,250],[970,251],[728,90],[728,91]],\"hideOnSensitiveArticle\":true,\"relativePos\":\"before\",\"additionalClass\":\"top-slot\",\"sticky\":{\"mode\":\"header\",\"duration\":5000},\"name\":\"div-gpt-ad-top-slot\",\"type\":\"topOfPage\",\"bidders\":{\"mediagrid\":\"30463\",\"ozone\":\"1420431561\",\"triplelift\":\"Mirror_970x250_Tablet_Prebid\",\"xandr\":\"20406520\",\"verizon\":\"8a96947a017474e02ce3e0c670980131\",\"sovrn\":\"792738\",\"magnite\":\"1872736\",\"openx\":\"543004083\",\"indexexchange\":\"594424\",\"pubmatic\":\"3325582\",\"smartadserver\":\"93676,1292169\"}},{\"componentType\":\"gpt\",\"targeting\":{\"index\":2,\"hivis\":\"y\"},\"referenceNode\":\"main nav\",\"sizes\":[[948,42]],\"relativePos\":\"before\",\"additionalClass\":\"bg-white\",\"name\":\"div-gpt-ad-sponsorship-bar\",\"type\":\"sponsorshipBar\"},{\"componentType\":\"gpt\",\"targeting\":{\"index\":3,\"hivis\":\"y\",\"opos\":\"top\",\"hbPlacements\":\"t-rh\"},\"referenceNode\":\".related-column\",\"sizes\":[[300,600],[300,250],[300,252]],\"relativePos\":\"prependChild\",\"adFreeEnabled\":true,\"name\":\"div-gpt-ad-rh-slot\",\"type\":\"primaryMPU\",\"bidders\":{\"mediagrid\":\"30460\",\"ozone\":\"1420431553\",\"triplelift\":\"Mirror_300x600_Tablet_Prebid\",\"xandr\":\"20406527\",\"verizon\":\"8a969086017474e02915e0c675fe01f7\",\"sovrn\":\"792743\",\"magnite\":\"1872736\",\"openx\":\"543004073\",\"indexexchange\":\"594424\",\"pubmatic\":\"3325587\",\"smartadserver\":\"93681,1292169\"}},{\"componentType\":\"gpt\",\"targeting\":{\"index\":4,\"hivis\":\"n\"},\"injectionConditions\":[{\"condition\":\"stopONAffiliateContent\"}],\"referenceNode\":\".article-body > p:nth-of-type(2)\",\"sizes\":[[8,8]],\"hideOnSensitiveArticle\":true,\"relativePos\":\"after\",\"additionalClass\":\"in-article\",\"name\":\"div-gpt-ad-vip-slot\",\"type\":\"VIP\"},{\"componentType\":\"gpt\",\"targeting\":{\"index\":6,\"hivis\":\"n\",\"opos\":\"middle\",\"hbPlacements\":\"t-art1\"},\"sizes\":[[300,250],[300,254]],\"hideOnSensitiveArticle\":true,\"additionalClass\":\"in-article\",\"name\":\"div-gpt-ad-in-article-slot\",\"positions\":[{\"referenceNode\":\".timeline>ol>li:nth-of-type(2)\",\"relativePos\":\"after\"},{\"referenceNode\":\".article-body > p:nth-last-of-type(4)\",\"relativePos\":\"after\",\"conditionNode\":\".article-body > p:nth-of-type(8)\"}],\"type\":\"inArticleMPU6\",\"bidders\":{\"mediagrid\":\"30456\",\"ozone\":\"1420431554\",\"triplelift\":\"Mirror_300x250_In-Article_Tablet_Prebid\",\"xandr\":\"20406531\",\"verizon\":\"8a969086017474e02915e0c6793f01f8\",\"sovrn\":\"792746\",\"magnite\":\"1872736\",\"openx\":\"543004086\",\"indexexchange\":\"594424\",\"pubmatic\":\"3325590\",\"smartadserver\":\"93684,1292173\"}},{\"componentType\":\"gpt\",\"targeting\":{\"index\":9,\"hivis\":\"n\",\"opos\":\"bottom\",\"hbPlacements\":\"t-bot\"},\"sizes\":[[728,90],[728,98],[728,99]],\"referenceNode\":\"main\",\"relativePos\":\"after\",\"additionalClass\":\"bottom-ad-slot\",\"name\":\"div-gpt-ad-bottom-slot\",\"type\":\"bottomOfpagePlusMid\",\"bidders\":{\"mediagrid\":\"30453\",\"ozone\":\"1420431557\",\"triplelift\":\"Mirror_970x250_Tablet_Prebid\",\"xandr\":\"20406523\",\"verizon\":\"8a969086017474e02915e0c672b101f6\",\"sovrn\":\"792740\",\"magnite\":\"1872736\",\"openx\":\"543004092\",\"indexexchange\":\"594424\",\"pubmatic\":\"3325584\",\"smartadserver\":\"93678,1292169\"}},{\"includeInHeaderBidding\":true,\"injectionEnabled\":false,\"componentType\":\"gpt\",\"targeting\":{\"hivis\":\"y\",\"opos\":\"left\"},\"sizes\":[[160,600]],\"referenceNode\":\"main\",\"relativePos\":\"before\",\"additionalClass\":\"sureview-ad-left\",\"name\":\"div-gpt-ad-sureview-left-slot\",\"type\":\"sureviewLeft\"},{\"includeInHeaderBidding\":true,\"injectionEnabled\":false,\"componentType\":\"gpt\",\"targeting\":{\"hivis\":\"y\",\"opos\":\"right\"},\"sizes\":[[160,600]],\"referenceNode\":\"main\",\"relativePos\":\"before\",\"additionalClass\":\"sureview-ad-right\",\"name\":\"div-gpt-ad-sureview-right-slot\",\"type\":\"sureviewRight\"},{\"mode\":\"thumbnails-feed\",\"componentType\":\"taboola\",\"slotType\":\"taboola\",\"referenceNode\":\"#social-follow\",\"hideOnSensitiveArticle\":true,\"relativePos\":\"after\",\"name\":\"taboolaBelowArticle\",\"selector\":\"taboola-below-article-thumbnails\",\"targetType\":\"mix\",\"placement\":\"Below Article Thumbnails Responsive Feed\",\"type\":\"taboolaBelowArticleThumbnails\"},{\"name\":\"perform-placeholder\",\"componentType\":\"placeholder\",\"referenceNode\":\".article-body > p:nth-of-type(6)\",\"type\":\"performPlaceholder\",\"relativePos\":\"after\"},{\"name\":\"property-search-container\",\"componentType\":\"partner\",\"referenceNode\":\".article-wrapper > .content-column\",\"type\":\"propertysearch\",\"templateName\":\"search\",\"relativePos\":\"prependChild\"},{\"name\":\"partners-footer\",\"componentType\":\"partner\",\"referenceNode\":\"main\",\"type\":\"allpartnersFooter\",\"templateName\":\"footer\",\"relativePos\":\"appendChild\"},{\"componentType\":\"partner\",\"referenceNode\":\"header .secondary > section > ul\",\"templateName\":\"weather-partnership-bar\",\"relativePos\":\"before\",\"additionalClass\":\"weather-widget\",\"name\":\"weather-widget\",\"referenceNode2\":\"header > nav > ul\",\"type\":\"weather\",\"relativePos2\":\"before\"},{\"name\":\"takeover\",\"componentType\":\"partner\",\"referenceNode\":\"header .secondary\",\"type\":\"masthead\",\"templateName\":\"takeover\",\"relativePos\":\"before\"},{\"name\":\"crosswords-carousel\",\"componentType\":\"partner\",\"referenceNode\":\".article-main > p[itemprop=description]\",\"type\":\"crosswordsCarousel\",\"templateName\":\"carousel\",\"relativePos\":\"after\"},{\"name\":\"valpal-property\",\"componentType\":\"partner\",\"referenceNode\":\".article-body > p:nth-of-type(6)\",\"type\":\"valpal\",\"templateName\":\"property\",\"relativePos\":\"before\"},{\"injectionEnabled\":false,\"componentType\":\"partner\",\"referenceNode\":\"header nav.primary\",\"templateName\":\"premier-league\",\"relativePos\":\"after\",\"additionalClass\":\"premier-league\",\"name\":\"premier-league\",\"type\":\"premierLeague\"},{\"injectionEnabled\":false,\"componentType\":\"outbrain\",\"injectionConditions\":[{\"condition\":\"stopONAdvertorialContent\"}],\"slotType\":\"outbrain\",\"referenceNode\":\".article-body > p:nth-of-type(2)\",\"widgetOptions\":{\"ids\":[\"AR_2\"],\"template\":\"DailyStar\"},\"hideOnSensitiveArticle\":true,\"relativePos\":\"after\",\"additionalClass\":\"mid-article-widget\",\"name\":\"outbrainMidArticleSlot\",\"placement\":\"Mid-Article\",\"type\":\"outbrainMidArticleSlot\"},{\"injectionEnabled\":false,\"componentType\":\"outbrain\",\"slotType\":\"outbrain\",\"referenceNode\":\".article-wrapper > .content-column\",\"widgetOptions\":{\"ids\":[\"AR_16\"],\"template\":\"DailyStar\"},\"hideOnSensitiveArticle\":true,\"relativePos\":\"appendChild\",\"name\":\"outbrainFooterArticleSlot\",\"placement\":\"Footer\",\"type\":\"outbrainFooterArticleSlot\"},{\"componentType\":\"recommendations\",\"referenceSlot\":\"div-gpt-ad-sponsorship-bar\",\"injectionConditions\":[{\"condition\":\"topBoxInjectable\"}],\"hideOnSensitiveArticle\":true,\"relativePos\":\"before\",\"additionalClass\":\"brand-passion-bg pancake duet no-bottom-margin\",\"name\":\"recommendations-topbox\",\"type\":\"recommendationsTopBox\",\"items\":5},{\"componentType\":\"recommendations\",\"referenceSlot\":\"div-gpt-ad-rh-slot\",\"heading\":\"Recommended\",\"relativePos\":\"after\",\"additionalClass\":\"tm-recs seldon-recs pancake duet no-bottom-margin\",\"name\":\"recommendations-top-heading\",\"type\":\"recommendationsTopHeading\",\"items\":0},{\"injectionEnabled\":false,\"componentType\":\"outbrain\",\"referenceSlot\":\"div-gpt-ad-rh-slot\",\"slotType\":\"outbrain\",\"widgetOptions\":{\"ids\":[\"SB_1\"],\"template\":\"DailyStar\"},\"hideOnSensitiveArticle\":true,\"relativePos\":\"after\",\"name\":\"outbrainTopSidebarArticleSlot\",\"placement\":\"RHC\",\"type\":\"outbrainTopSidebarArticleSlot\"},{\"componentType\":\"recommendations\",\"referenceSlot\":\"recommendations-top-heading\",\"relativePos\":\"after\",\"additionalClass\":\"tm-recs seldon-recs pancake duet no-bottom-margin\",\"name\":\"recommendations-top-primary\",\"type\":\"recommendationsTopPrimary\",\"items\":4},{\"componentType\":\"recommendations\",\"referenceSlot\":\"recommendations-top-primary\",\"relativePos\":\"after\",\"additionalClass\":\"tm-recs seldon-recs pancake duet\",\"name\":\"recommendations-top-secondary\",\"type\":\"recommendationsTopSecondary\",\"items\":1},{\"additionalClass\":\"hidden\",\"name\":\"ayl-native-1\",\"componentType\":\"adYouLike\",\"referenceSlot\":\"recommendations-top-primary\",\"type\":\"adYouLikeArticleSlot1\",\"relativePos\":\"after\"},{\"componentType\":\"gpt\",\"targeting\":{\"index\":5,\"hivis\":\"n\",\"opos\":\"middle\",\"hbPlacements\":\"t-rh2\"},\"referenceSlot\":\"recommendations-top-secondary\",\"sizes\":[[300,600],[300,250],[300,253]],\"relativePos\":\"after\",\"name\":\"div-gpt-ad-rh-secondary-slot\",\"type\":\"secondaryMPU\",\"bidders\":{\"mediagrid\":\"30461\",\"ozone\":\"1420431552\",\"triplelift\":\"Mirror_300x600_Tablet_Prebid\",\"xandr\":\"20406529\",\"verizon\":\"8a96947a017474e02ce3e0c677090133\",\"sovrn\":\"792744\",\"magnite\":\"1872736\",\"openx\":\"543004078\",\"indexexchange\":\"594424\",\"pubmatic\":\"3325588\",\"smartadserver\":\"93682,1292169\"}},{\"mode\":\"thumbnails-e\",\"componentType\":\"taboola\",\"referenceSlot\":\"div-gpt-ad-rh-secondary-slot\",\"slotType\":\"taboola\",\"hideOnSensitiveArticle\":true,\"relativePos\":\"before\",\"name\":\"taboolaRightRailsResponsive\",\"selector\":\"taboola-right-rail-thumbnails-responsive\",\"targetType\":\"mix\",\"placement\":\"Right Rail Thumbnails Responsive\",\"type\":\"taboolaRightRailsThumbnails\"},{\"componentType\":\"recommendations\",\"referenceSlot\":\"div-gpt-ad-rh-secondary-slot\",\"heading\":\"Recommended\",\"relativePos\":\"after\",\"additionalClass\":\"tm-recs seldon-recs pancake duet no-bottom-margin\",\"name\":\"recommendations-bottom-primary\",\"type\":\"recommendationsBottomPrimary\",\"items\":3},{\"name\":\"most-read-secondary\",\"additionalClass\":\"hidden\",\"componentType\":\"mostRead\",\"referenceSlot\":\"div-gpt-ad-rh-secondary-slot\",\"type\":\"mostReadSecondary\",\"relativePos\":\"after\"},{\"name\":\"web-search-container\",\"componentType\":\"partner\",\"referenceSlot\":\"div-gpt-ad-rh-secondary-slot\",\"type\":\"webdotcom\",\"templateName\":\"webSearch\",\"relativePos\":\"after\"},{\"componentType\":\"recommendations\",\"referenceSlot\":\"recommendations-bottom-primary\",\"relativePos\":\"after\",\"additionalClass\":\"tm-recs seldon-recs pancake duet no-bottom-margin\",\"name\":\"recommendations-bottom-secondary\",\"type\":\"recommendationsBottomSecondary\",\"items\":1},{\"additionalClass\":\"hidden\",\"name\":\"ayl-native-2\",\"componentType\":\"adYouLike\",\"referenceSlot\":\"recommendations-bottom-primary\",\"type\":\"adYouLikeArticleSlot2\",\"relativePos\":\"after\"},{\"componentType\":\"partner\",\"referenceSlot\":\"recommendations-bottom-primary\",\"templateName\":\"form-car-search\",\"relativePos\":\"before\",\"name\":\"haymarket-car-search-form\",\"title\":\"Find Used Cars\",\"type\":\"haymarket\"},{\"componentType\":\"recommendations\",\"referenceSlot\":\"recommendations-bottom-secondary\",\"heading\":\"Recommended\",\"relativePos\":\"after\",\"additionalClass\":\"tm-recs seldon-recs pancake duet\",\"name\":\"recommendations-bottom-tertiary\",\"type\":\"recommendationsBottomTertiary\",\"items\":4},{\"additionalClass\":\"hidden\",\"name\":\"ayl-native-3\",\"componentType\":\"adYouLike\",\"referenceSlot\":\"recommendations-bottom-secondary\",\"type\":\"adYouLikeArticleSlot3\",\"relativePos\":\"after\"},{\"componentType\":\"gpt\",\"targeting\":{\"index\":7,\"hivis\":\"n\",\"opos\":\"middle\",\"hbPlacements\":\"t-rho\"},\"referenceSlot\":\"recommendations-bottom-tertiary\",\"sizes\":[[300,600],[300,250],[300,255]],\"relativePos\":\"before\",\"name\":\"div-gpt-ad-rh-tertiary-slot\",\"type\":\"tertiaryMPU\",\"bidders\":{\"mediagrid\":\"30458\",\"ozone\":\"1420431551\",\"triplelift\":\"Mirror_300x600_Tablet_Prebid\",\"xandr\":\"20406530\",\"verizon\":\"8a9699d4017474e03107e0c6782b02f1\",\"sovrn\":\"792745\",\"magnite\":\"1872736\",\"openx\":\"543004082\",\"indexexchange\":\"594424\",\"pubmatic\":\"3325589\",\"smartadserver\":\"93683,1292169\"}},{\"componentType\":\"gpt\",\"targeting\":{\"index\":8,\"hivis\":\"n\",\"opos\":\"bottom\",\"hbPlacements\":\"t-rho\"},\"referenceSlot\":\"recommendations-bottom-tertiary\",\"sizes\":[[300,600],[300,250],[300,256]],\"relativePos\":\"after\",\"name\":\"div-gpt-ad-rh-quaternary-slot\",\"type\":\"quaternaryMPU\",\"bidders\":{\"mediagrid\":\"30458\",\"ozone\":\"1420431551\",\"triplelift\":\"Mirror_300x600_Tablet_Prebid\",\"xandr\":\"20406530\",\"verizon\":\"8a9699d4017474e03107e0c6782b02f1\",\"sovrn\":\"792745\",\"magnite\":\"1872736\",\"openx\":\"543004082\",\"indexexchange\":\"594424\",\"pubmatic\":\"3325589\",\"smartadserver\":\"93683,1292169\"}},{\"name\":\"onscroll-placeholder\",\"componentType\":\"placeholder\",\"referenceSlot\":\"div-gpt-ad-rh-quaternary-slot\",\"type\":\"onScrollPlaceholder\",\"relativePos\":\"after\"},{\"injectionEnabled\":false,\"componentType\":\"outbrain\",\"referenceSlot\":\"div-gpt-ad-rh-quaternary-slot\",\"slotType\":\"outbrain\",\"widgetOptions\":{\"ids\":[\"SB_2\"],\"template\":\"DailyStar\"},\"hideOnSensitiveArticle\":true,\"relativePos\":\"after\",\"name\":\"outbrainBottomSidebarArticleSlot\",\"placement\":\"RHC\",\"type\":\"outbrainBottomSidebarArticleSlot\"}]}", "scriptConfig": "{\"performSemanticPlayer\":{\"enabled\":true},\"remoteInjectionConfig\":{\"enabled\":false},\"videoHB\":{\"appNexus\":{\"placementId\":14674619},\"enabled\":false,\"indexExchange\":{\"siteId\":281498},\"spotx\":{\"tier\":1,\"channelIds\":{\"UK\":{\"desktop\":\"237744\",\"tabletLandscapeUpwards\":\"237744\",\"tabletPortraitUpwards\":\"237744\",\"baseLayout\":\"237746\"},\"ROW\":{\"desktop\":\"237745\",\"tabletLandscapeUpwards\":\"237745\",\"tabletPortraitUpwards\":\"237745\",\"baseLayout\":\"237747\"}}}},\"grapeshot\":{\"zone\":\"national\",\"enabled\":true},\"smartadserver\":{\"siteId\":\"344072\",\"networkId\":\"3528\",\"enabled\":true},\"themediatrust\":{\"siteId\":\"8a2b2156b673956733dc9eb6dea2cb3232ec91092366dd22409d703744f4e2ff\",\"enabled\":true},\"hbPageLevel\":{\"pubmatic\":{\"publisherId\":\"156997\"},\"magnite\":{\"accountId\":\"7949\",\"siteId\":{\"desktop\":\"351966\",\"tabletLandscapeUpwards\":\"352058\",\"tabletPortraitUpwards\":\"352058\",\"baseLayout\":\"351994\"}},\"verizon\":{\"siteId\":{\"desktop\":\"8a9691c8017474d5c661da8e706302e9\",\"tabletLandscapeUpwards\":\"8a9691c8017474d5c661da8e726e02ed\",\"tabletPortraitUpwards\":\"8a9691c8017474d5c661da8e726e02ed\",\"baseLayout\":\"8a9691c8017474d5c661da8e716602eb\"}},\"openx\":{\"delDomain\":\"trinitymirror-d.openx.net\"}},\"groupMHeaderBidding\":{\"placements\":{\"Prem_BB\":{\"size\":[970,250],\"id\":\"16185801\",\"mobile\":false,\"premium\":true},\"Prem_DMPU\":{\"size\":[300,600],\"id\":\"16185800\",\"mobile\":false,\"premium\":true},\"Prem_MMPU\":{\"size\":[300,250],\"id\":\"16185802\",\"mobile\":true,\"premium\":true},\"MPU\":{\"size\":[300,250],\"id\":\"16185849\",\"mobile\":false,\"premium\":false},\"LB\":{\"size\":[728,90],\"id\":\"16185850\",\"mobile\":false,\"premium\":false},\"SS\":{\"size\":[160,600],\"id\":\"16185851\",\"mobile\":false,\"premium\":false},\"Mobile_Banner\":{\"size\":[320,50],\"id\":\"16185852\",\"mobile\":true,\"premium\":false}},\"premiumSlots\":[\"div-gpt-ad-top-slot\",\"div-gpt-ad-rh-slot\",\"div-gpt-ad-in-article-slot\"],\"enabled\":false},\"skimlinks\":{\"enabled\":true,\"publisherId\":\"76202X1526515\"},\"ozoneHeaderBidding\":{\"premiumSlotPlacementId\":\"1420420433\",\"siteId\":\"4204204202\",\"topSlotPlacementId\":\"1420420431\",\"bottomSlotPlacementId\":\"1420420432\",\"defaultPlacementId\":\"1420420434\",\"enabled\":true},\"googleAnalytics\":{\"accountId\":\"UA-229407-1\",\"enabled\":true},\"visualDNA\":{\"apiKey\":\"mirror\",\"enabled\":true},\"lotame\":{\"tagNumber\":\"9458\",\"enabled\":true},\"onScroll\":{\"enabled\":true},\"pageUrl\":\"https://www.mirror.co.uk/tv/tv-news/beckham-only-fools-video-watch-3255781\",\"timestamp\":1606416450968,\"indexExchange\":{\"headerTag\":\"//js-sec.indexww.com/ht/p/186772-30105745512938.js\",\"enabled\":true},\"adYouLike\":{\"enabled\":true}}", "dataLayer": "{\"page\":{\"attributes\":{\"application\":\"Responsive Web\",\"channel\":\"tv\",\"channelId\":\"2229\",\"sectionId\":\"3179\",\"publicationName\":\"mirror\",\"publicationId\":\"2\",\"environment\":\"prod\",\"platform\":\"nationals\",\"pageName\":\"mirror:tv:tv-news:article:beckham-only-fools-video-watch:3255781\",\"pageType\":\"article:news:vid|yt:vid|bc:gal\",\"ownerSite\":\"mirror\",\"ownerSiteDomain\":\"www.mirror.co.uk\",\"subSectionOne\":\"tv\",\"subSectionTwo\":\"tv-news\",\"features\":{\"showVpaidControls\":\"true\",\"loadIrisManually\":\"true\",\"delayAdsUntilCMP\":\"true\",\"disableAdvertMaxHeight\":\"true\",\"preloadFonts\":\"true\",\"PWA.enable\":\"true\",\"readNextEmbeds\":\"true\",\"removeSSO\":\"true\",\"chartbeatHeadlinePageTypes\":\"[\\\"home\\\",\\\"channel\\\",\\\"topic\\\"]\",\"felix.endpoint\":\"https://felix.data.tm-awx.com/ampconfig.json\",\"breakingNewsPull\":\"true\",\"chameleon.cookiePolicy.enabled\":\"false\",\"magniteDisplayPrebidEnabled\":\"false\",\"xandrDisplayPrebidEnabled\":\"false\",\"mediaGridDisplayPrebidEnabled\":\"false\",\"smallerFloatParkVideo\":\"true\",\"tag.amphtml.enabled\":\"true\",\"recommendations\":\"https://mab.data.tm-awx.com/rhs\",\"prebidLibrary\":\"true\",\"GDPRConsentV2Enabled\":\"false\",\"quantcastCMPEnabled\":\"true\",\"openxDisplayPrebidEnabled\":\"false\",\"MediaTrustEnabled\":\"true\",\"PWA\":\"{ \\\"cacheFirst\\\": true, \\\"combinedPrompt\\\": true, \\\"scope\\\":\\\"/\\\",\\\"options\\\": { \\\"pushStyle\\\": \\\"headline\\\", \\\"pushSticky\\\": true }}\",\"bundledCss\":\"false\",\"consentCookies\":\"DUMMY_COOKIE\",\"IASVisRestrictToGeo\":\"UK-IE\",\"swipeNavigation.endpoint\":\"https://mab.data.tm-awx.com/pwa-swipe\",\"monitizer\":\"true\",\"tcfVersion\":\"2\",\"navWithArticle.enabled\":\"true\",\"prebidTestLibrary\":\"false\",\"bypassGigyaFacebook\":\"true\",\"codesplit\":\"false\",\"irisTvEnabled\":\"true\",\"nocodesplit\":\"true\",\"RRET-227.cutOffDate\":\"2020-06-30T10:30:00\",\"loginRadiusAPIKey\":\"415307d0-d73a-49d3-9958-1c42c71165ee\",\"readMoreWithImage\":\"true\",\"amazonVideoTagEnabled\":\"true\",\"amazonTagEnabled\":\"true\",\"delayAdsUntilConsented\":\"true\",\"newsletterSiteName\":\"Mirror\",\"videoPlaylistEnabled\":\"true\",\"webPushNotifications.vapidKey\":\"BI7MdL0GTRxWItGNgYH9-Ievvv89PA1fS6GnS6GMbEo7gpRLhlaxavxCsahFjMSLo-p-rpFEEXeJaicd1hYfVcs=\",\"webPushNotifications.serviceName\":\"airship\",\"hidePreviewImage\":\"false\",\"lotameLightningTagV2\":\"true\",\"pubmaticDisplayPrebidEnabled\":\"false\",\"prebid.sendAllBids\":\"true\",\"loginRadius\":\"true\",\"readNextRecommendation\":\"https://recommendations.data.tm-awx.com/fallback\",\"prebid.sendHBKeys\":\"true\",\"webPushNotifications.token\":\"MTpnTjc2eHdLc1JpT1ZkMk1DNnZBYXRROmdsY1k2V0YxRFI1X1g2SW5mTVR1YlAtX2JvVXVuZDZZZ3JtX1JRMmp4T1E\",\"videoHeaderBiddingEnabled\":\"false\",\"irisAutoplayVideosMax\":\"4\",\"sovrnDisplayPrebidEnabled\":\"false\",\"smartAdServerDisplayPrebidEnabled\":\"true\",\"video.header.bidding.enabled\":\"false\",\"ozoneAllowedKeys\":\"oz_gmpd_crid,oz_gmpd,oz_gmpd_adid,oz_winner,oz_gmpd_adomain,oz_gmpd_pb_r,oz_gmpd_adv\",\"webPushNotifications.appKey\":\"gN76xwKsRiOVd2MC6vAatQ\",\"newslettersURL\":\"https://communicatoremail.com/F/QVgi9PbuQPTrjCOF~PhHv_/\",\"changeWhatsHotTitle\":\"Most Read\",\"verizonDisplayPrebidEnabled\":\"false\",\"monitizerScriptUrl\":\"https://link.monetizer101.com/widget/code/mirror.js\",\"webPushNotifications.pushDisplayService\":\"airship\",\"enableAboutTopics\":\"true\",\"GDPRConsentEnabled\":\"false\",\"viafouraComments\":\"true\",\"swipeNavigation\":\"true\",\"flagsFromDataLayerForFBIA\":\"true\",\"fundingChoicesEnabled\":\"true\",\"customAdExperience\":\"true\",\"collectiveDisplayPrebidEnabled\":\"false\",\"irisClientToken\":\"4221396001\",\"disableA2HS\":\"true\",\"spotxVideoPrebidEnabled\":\"true\",\"externalBrandCSS\":\"true\",\"LoginRadiusDomain\":\"https://reachplc.hub.loginradius.com\",\"groupmDisplayPrebidEnabled\":\"false\",\"displayPrebidEnabled\":\"true\",\"ixVideoPrebidEnabled\":\"true\",\"modularCss\":\"true\",\"manualReconsent\":\"1\",\"ozoneDisplayPrebidEnabled\":\"true\",\"mpulse.enabled\":\"true\",\"nativeAppBanner\":\"true\",\"ixDisplayPrebidEnabled\":\"false\",\"commentCountEnabled\":\"true\",\"video.ima3Version\":\"3\",\"videoPrebidEnabled\":\"true\",\"og.image.for.section.and.topic\":\"https://s2-prod.mirror.co.uk/@trinitymirrordigital/chameleon-branding/publications/mirror/img/logo-mirror-socialsharing.png\",\"video.suppressDates\":\"true\",\"smartrtbDisplayPrebidEnabled\":\"true\",\"delayVideoAdsUntilConsented\":\"true\",\"appNexusVideoPrebidEnabled\":\"true\"}},\"info\":{\"url\":\"https://www.mirror.co.uk/tv/tv-news/beckham-only-fools-video-watch-3255781\"}},\"article\":{\"attributes\":{\"allTags\":\"Comedy|David Beckham|David Jason|Nicholas Lyndhurst|Only Fools and Horses|Sport Relief\",\"articleAuthor\":\"Carl Greenwood\",\"articleId\":\"3255781\",\"articleTitle\":\"New Only Fools and Horses video: Watch David Beckham poke fun at himself with glasses gag for Sport Relief\",\"articleUrl\":\"https://www.mirror.co.uk/tv/tv-news/beckham-only-fools-video-watch-3255781\",\"headline\":\"mirror_beckham-only-fools-video-watch\",\"primaryTag\":\"Only Fools and Horses\",\"publishDate\":\"2014-03-18\",\"firstPublishDate\":\"2014-03-18\",\"firstPublishTime\":\"11:57\",\"objectType\":\"article\",\"ownerSite\":\"mirror\",\"sensitiveArticle\":false,\"embeddedArticle\":false,\"registrationWallArticle\":false,\"axatePaywallArticle\":false,\"isHavingCommercialFactBox\":false,\"subType\":\"news_story\",\"communityChatArticle\":false},\"info\":{\"hoursSincePublication\":\"58686\",\"mspSyndication\":\"msp_mirror\",\"msp\":\"mirror\",\"mspSite\":\"mirror\",\"videos\":[{\"videoPlayer\":\"youtube\",\"videoTitle\":\"David Jason on Del Boy's creation\",\"placement\":\"inline\",\"duration\":0,\"id\":\"bSkrjTi96KA\",\"uploader\":\"Carl Greenwood\",\"source\":\"\",\"contentVertical\":\"\",\"site\":\"\",\"clearance\":\"\",\"sourceUrl\":\"\"},{\"videoPlayer\":\"brightcove\",\"videoTitle\":\"Only Fools and Horses featuring David Beckham - BBC Sport Relief\",\"placement\":\"inline\",\"duration\":28,\"id\":\"3355416421001\",\"uploader\":\"Robert Midgley\",\"source\":\"06bef9c772ff856fcdfb6f8f237b9c80\",\"contentVertical\":\"Undefined\",\"site\":\"Undefined\",\"clearance\":\"Network\",\"sourceUrl\":\"\"}],\"hasLeadVideo\":false,\"evergreenArticle\":false},\"interaction\":{\"nameId\":\"3255781\"}}}", "manifest-validation": "{\"tags\":[\"Comedy\",\"David Beckham\",\"David Jason\",\"Nicholas Lyndhurst\",\"Only Fools and Horses\",\"Sport Relief\"],\"url\":\"https://www.mirror.co.uk/tv/tv-news/beckham-only-fools-video-watch-3255781\",\"primaryTag\":\"Only Fools and Horses\"}", "shopwindow-topslot-confg": "{\"type\":\"shopwindow-topslot\",\"ingredients\":[{\"id\":\"23017558\",\"title\":\"Businesses warned over potential 'mistakes' which could cause delays when Brexit transition ends \",\"type\":\"shopWindow\",\"subType\":\"advertorial\",\"publicationName\":\"mirror\",\"url\":\"https://www.mirror.co.uk/news/uk-news/eu-exit-government-rules-changes-23017558\",\"image\":[{\"href\":\"https://i2-prod.mirror.co.uk/article23017622.ece/ALTERNATES/s615/0_GOVMAINSDSJPG.jpg\",\"binaryHref\":\"https://i2-prod.mirror.co.uk/article23017622.ece/BINARY/0_GOVMAINSDSJPG.jpg\",\"dataWidth\":0,\"dataHeight\":0}],\"hasVideo\":false,\"teaserLabelData\":{\"label\":\"European Union\",\"url\":\"https://www.mirror.co.uk/all-about/european-union\"},\"comments\":{\"enabled\":false}}],\"platform\":\"nationals\"}", "partnerConfig": "{\"SKY\":{\"deal_text\":\"All SKY Deals\",\"button_text\":\"See Deals\"},\"Ticketmaster\":{\"deal_text\":\"All Ticketmaster Deals\",\"button_text\":\"See Deals\"},\"Bet365\":{\"deal_text\":\"All Bet365 Deals\",\"button_text\":\"See Deals\"},\"NowTV\":{\"deal_text\":\"All NowTV Deals\",\"button_text\":\"See Deals\"},\"adidas\":{\"deal_text\":\"All adidas Deals\",\"button_text\":\"See Deals\"},\"Coral \":{\"deal_text\":\"All Coral Deals\",\"button_text\":\"See Deals\"},\"Pretty Little Thing\":{\"deal_text\":\"All Pretty Little Thing Deals\",\"button_text\":\"See Deals\"},\"Unibet\":{\"deal_text\":\"All Unibet Deals\",\"button_text\":\"See Deals\"},\"Dominos Pizza\":{\"deal_text\":\"All Dominos Pizza Deals\",\"button_text\":\"See Deals\"},\"Ladbrokes\":{\"deal_text\":\"All Ladbrokes Deals\",\"button_text\":\"See Deals\"},\"Nike\":{\"deal_text\":\"All Nike Deals\",\"button_text\":\"See Deals\"},\"Betfair\":{\"deal_text\":\"All Betfair Deals\",\"button_text\":\"See Deals\"},\"Argos\":{\"deal_text\":\"All Argos Deals\",\"button_text\":\"See Deals\"},\"Cult Beauty \":{\"deal_text\":\"All Cult Beauty Deals\",\"button_text\":\"See Deals\"},\"Debenhams\":{\"deal_text\":\"All Debenhams Deals\",\"button_text\":\"See Deals\"},\"Boohoo\":{\"deal_text\":\"All Boohoo Deals\",\"button_text\":\"See Deals\"},\"JD Williams\":{\"deal_text\":\"All JD Williams Deals\",\"button_text\":\"See Deals\"},\"Virgin Media\":{\"deal_text\":\"All Virgin Media Deals\",\"button_text\":\"See Deals\"},\"DFDS Seaways\":{\"deal_text\":\"All DFDS Seaways Deals\",\"button_text\":\"See Deal\"},\"Just Eat\":{\"deal_text\":\"All Just Eat Deals\",\"button_text\":\"See Deals\"},\"eBay\":{\"deal_text\":\"All eBay Deals\",\"button_text\":\"See Deals\"},\"River Island\":{\"deal_text\":\"All River Island Deals\",\"button_text\":\"See Deals\"},\"House of Fraser\":{\"deal_text\":\"All House of Fraser Deals\",\"button_text\":\"See Deals\"},\"easyjet Holiday\":{\"deal_text\":\"All easyjet Holiday Deals\",\"button_text\":\"See Deals\"},\"rgHoroscope\":{\"freeTrialHoroscope\":\"https://www.russellgrant.com/nands/report.php?brand=MIR&id=yccyl&\",\"forecastHoroscope\":\"https://www.russellgrant.com/nands/report.php?brand=MIR&id=career&\",\"personalisedHoroscope\":\"http://www.russellgrant.com/nands/?brand=MIR\",\"birthHoroscope\":\"http://www.russellgrant.com/nands/report.php?brand=MIR&id=freenatalreport&\"},\"Currys PC World\":{\"deal_text\":\"All Currys PC World Deals\",\"button_text\":\"See Deals\"},\"Deliveroo\":{\"deal_text\":\"All Deliveroo Deals\",\"button_text\":\"See Deals\"},\"Missguided\":{\"deal_text\":\"All Missguided Deals\",\"button_text\":\"See Deal\"},\"Odeon\":{\"deal_text\":\"All Odeon Deals\",\"button_text\":\"See Deals\"},\"LottoGo\":{\"deal_text\":\"All LottoGo Deals\",\"button_text\":\"See Deals\"},\"TUI\":{\"deal_text\":\"All TUI Deals\",\"button_text\":\"See Deals\"},\"Groupon \":{\"deal_text\":\"All Groupon Deals\",\"button_text\":\"See Deals\"},\"Travelodge\":{\"deal_text\":\"All Travelodge Deals\",\"button_text\":\"See Deals\"},\"Booking.com\":{\"deal_text\":\"All Booking.com Deals\",\"button_text\":\"See Deals\"},\"Disney\":{\"deal_text\":\"All Disney Deals\",\"button_text\":\"See Deals\"},\"Game\":{\"deal_text\":\"All Game Deals\",\"button_text\":\"See Deals\"},\"First Choice\":{\"deal_text\":\"All First Choice Deals\",\"button_text\":\"See Deal\"},\"Jet2Holidays\":{\"deal_text\":\"All Jet2Holiday Deals\",\"button_text\":\"See Deal\"},\"Amazon \":{\"deal_text\":\"All Amazon Deals\",\"button_text\":\"See Deals\"},\"ao.com\":{\"deal_text\":\"All ao.com Deals\",\"button_text\":\"See Deal\"},\"Smyths\":{\"deal_text\":\"All Smyths Deals\",\"button_text\":\"See Deals\"},\"John Lewis\":{\"deal_text\":\"All John Lewis Deals\",\"button_text\":\"See Deals\"},\"Amazon\":{\"deal_text\":\"See all Amazon Deals\",\"button_text\":\"See Deals\"},\"Very\":{\"deal_text\":\"All Very Deals\",\"button_text\":\"See Deals\"}}", "partnerFooterConfig": "{\"partnerContentList\":[],\"features\":{\"showVpaidControls\":\"true\",\"loadIrisManually\":\"true\",\"delayAdsUntilCMP\":\"true\",\"disableAdvertMaxHeight\":\"true\",\"preloadFonts\":\"true\",\"PWA.enable\":\"true\",\"readNextEmbeds\":\"true\",\"removeSSO\":\"true\",\"chartbeatHeadlinePageTypes\":\"[\\\"home\\\",\\\"channel\\\",\\\"topic\\\"]\",\"felix.endpoint\":\"https://felix.data.tm-awx.com/ampconfig.json\",\"breakingNewsPull\":\"true\",\"chameleon.cookiePolicy.enabled\":\"false\",\"magniteDisplayPrebidEnabled\":\"false\",\"xandrDisplayPrebidEnabled\":\"false\",\"mediaGridDisplayPrebidEnabled\":\"false\",\"smallerFloatParkVideo\":\"true\",\"tag.amphtml.enabled\":\"true\",\"recommendations\":\"https://mab.data.tm-awx.com/rhs\",\"prebidLibrary\":\"true\",\"GDPRConsentV2Enabled\":\"false\",\"quantcastCMPEnabled\":\"true\",\"openxDisplayPrebidEnabled\":\"false\",\"MediaTrustEnabled\":\"true\",\"PWA\":\"{ \\\"cacheFirst\\\": true, \\\"combinedPrompt\\\": true, \\\"scope\\\":\\\"/\\\",\\\"options\\\": { \\\"pushStyle\\\": \\\"headline\\\", \\\"pushSticky\\\": true }}\",\"bundledCss\":\"false\",\"consentCookies\":\"DUMMY_COOKIE\",\"IASVisRestrictToGeo\":\"UK-IE\",\"swipeNavigation.endpoint\":\"https://mab.data.tm-awx.com/pwa-swipe\",\"monitizer\":\"true\",\"tcfVersion\":\"2\",\"navWithArticle.enabled\":\"true\",\"prebidTestLibrary\":\"false\",\"bypassGigyaFacebook\":\"true\",\"codesplit\":\"false\",\"irisTvEnabled\":\"true\",\"nocodesplit\":\"true\",\"RRET-227.cutOffDate\":\"2020-06-30T10:30:00\",\"loginRadiusAPIKey\":\"415307d0-d73a-49d3-9958-1c42c71165ee\",\"readMoreWithImage\":\"true\",\"amazonVideoTagEnabled\":\"true\",\"amazonTagEnabled\":\"true\",\"delayAdsUntilConsented\":\"true\",\"newsletterSiteName\":\"Mirror\",\"videoPlaylistEnabled\":\"true\",\"webPushNotifications.vapidKey\":\"BI7MdL0GTRxWItGNgYH9-Ievvv89PA1fS6GnS6GMbEo7gpRLhlaxavxCsahFjMSLo-p-rpFEEXeJaicd1hYfVcs=\",\"webPushNotifications.serviceName\":\"airship\",\"hidePreviewImage\":\"false\",\"lotameLightningTagV2\":\"true\",\"pubmaticDisplayPrebidEnabled\":\"false\",\"prebid.sendAllBids\":\"true\",\"loginRadius\":\"true\",\"readNextRecommendation\":\"https://recommendations.data.tm-awx.com/fallback\",\"prebid.sendHBKeys\":\"true\",\"webPushNotifications.token\":\"MTpnTjc2eHdLc1JpT1ZkMk1DNnZBYXRROmdsY1k2V0YxRFI1X1g2SW5mTVR1YlAtX2JvVXVuZDZZZ3JtX1JRMmp4T1E\",\"videoHeaderBiddingEnabled\":\"false\",\"irisAutoplayVideosMax\":\"4\",\"sovrnDisplayPrebidEnabled\":\"false\",\"smartAdServerDisplayPrebidEnabled\":\"true\",\"video.header.bidding.enabled\":\"false\",\"ozoneAllowedKeys\":\"oz_gmpd_crid,oz_gmpd,oz_gmpd_adid,oz_winner,oz_gmpd_adomain,oz_gmpd_pb_r,oz_gmpd_adv\",\"webPushNotifications.appKey\":\"gN76xwKsRiOVd2MC6vAatQ\",\"newslettersURL\":\"https://communicatoremail.com/F/QVgi9PbuQPTrjCOF~PhHv_/\",\"changeWhatsHotTitle\":\"Most Read\",\"verizonDisplayPrebidEnabled\":\"false\",\"monitizerScriptUrl\":\"https://link.monetizer101.com/widget/code/mirror.js\",\"webPushNotifications.pushDisplayService\":\"airship\",\"enableAboutTopics\":\"true\",\"GDPRConsentEnabled\":\"false\",\"viafouraComments\":\"true\",\"swipeNavigation\":\"true\",\"flagsFromDataLayerForFBIA\":\"true\",\"fundingChoicesEnabled\":\"true\",\"customAdExperience\":\"true\",\"collectiveDisplayPrebidEnabled\":\"false\",\"irisClientToken\":\"4221396001\",\"disableA2HS\":\"true\",\"spotxVideoPrebidEnabled\":\"true\",\"externalBrandCSS\":\"true\",\"LoginRadiusDomain\":\"https://reachplc.hub.loginradius.com\",\"groupmDisplayPrebidEnabled\":\"false\",\"displayPrebidEnabled\":\"true\",\"ixVideoPrebidEnabled\":\"true\",\"modularCss\":\"true\",\"manualReconsent\":\"1\",\"ozoneDisplayPrebidEnabled\":\"true\",\"mpulse.enabled\":\"true\",\"nativeAppBanner\":\"true\",\"ixDisplayPrebidEnabled\":\"false\",\"commentCountEnabled\":\"true\",\"video.ima3Version\":\"3\",\"videoPrebidEnabled\":\"true\",\"og.image.for.section.and.topic\":\"https://s2-prod.mirror.co.uk/@trinitymirrordigital/chameleon-branding/publications/mirror/img/logo-mirror-socialsharing.png\",\"video.suppressDates\":\"true\",\"smartrtbDisplayPrebidEnabled\":\"true\",\"delayVideoAdsUntilConsented\":\"true\",\"appNexusVideoPrebidEnabled\":\"true\"}}", "pipelineConfig": "{\"images\":[{\"type\":\"image\",\"caption\":\"\",\"altText\":\"\",\"credit\":\"\",\"src\":\"https://i2-prod.mirror.co.uk/incoming/article22961244.ece/ALTERNATES/s615/1_mirror-strip-mobile-20201104-2x.png\",\"binarySrc\":\"https://i2-prod.mirror.co.uk/incoming/article22961244.ece/BINARY/1_mirror-strip-mobile-20201104-2x.png\",\"width\":615,\"height\":409},{\"type\":\"image\",\"caption\":\"\",\"altText\":\"\",\"credit\":\"\",\"src\":\"https://i2-prod.mirror.co.uk/incoming/article22961245.ece/ALTERNATES/s615/0_mirror-strip-20201104-2x.png\",\"binarySrc\":\"https://i2-prod.mirror.co.uk/incoming/article22961245.ece/BINARY/0_mirror-strip-20201104-2x.png\",\"width\":615,\"height\":409}],\"link\":\"https://www.mirror.co.uk/news/uk-news/free-delivery-daily-mirror-6-22952657\",\"className\":\"\",\"partnerName\":\"Mirror strip\",\"mastheadConfig\":{\"containerStyle\":\"background-color:#E90E0E\",\"imageStyle\":\"\",\"linkStyle\":\"\",\"embedUrl\":\"\"}}"}, "movies": [], "publish_date": 1395143862.0, "source": "http://www.mirror.co.uk", "summary": ""}