{"url": "people.com/music/taylor-swift-tour-emotional-speech-low-times-kim-kardashian-feud/", "text": "The superstar thanked her fans for \"seeing me as a human being\" during her difficult times\n\nDuring her Reputation Stadium Tour opening night show in Glendale, Arizona, the 28-year-old star opened up to her fans in an intimate moment about going through a difficult time \u201ca couple of years ago\u201d while alluding to her feud with Kim Kardashian West.\n\nGet push notifications with news, features and more.\n\n\u201cSomeone called me a snake on social media and it caught on,\u201d she said while speaking to the record-breaking audience at the University of Phoenix Stadium. \u201cAnd then a lot of people called me a lot of names on social media, and I went through some really low times for a while because of it.\u201d\n\nImage zoom Taylor Swift | Credit: Rick Scuteri/Invision/AP/REX/Shutterstock\n\nIn July 2016, the Keeping Up with the Kardashians reality star, 37, branded Swift a \u201csnake\u201d and posted videos on her Snapchat of a private phone call between the Grammy winner and West, 40, discussing his song \u201cFamous.\u201d\n\n\u201cWhere is the video of Kanye telling me he was going to call me \u2018that bitch\u2019 in his song? It doesn\u2019t exist because it never happened. You don\u2019t get to control someone\u2019s emotional response to being called \u2018that bitch\u2019 in front of the entire world,\u201d the singer wrote on her Instagram account afterwards.\n\nRELATED VIDEO: \u2018Deeply Sorry\u2019 Katy Perry Sends Olive Branch and Sweet Letter to Taylor Swift Ahead of Tour\n\nThough the entertainers were never heard discussing the specific lyric \u201cWhy? I made that bitch famous\u201d \u2014 which Swift has consistently said is what upset her \u2014 the \u201cDelicate\u201d singer received a flood of backlash from fans calling her a liar.\n\n\u201cI went through some times when I didn\u2019t know if I was gonna get to do this anymore,\u201d she told her fans on Tuesday night before launching into \u201cLong Live,\u201d a track off her Speak Now album. \u201cI guess the snakes \u2026 I wanted to send a message to you guys that if someone uses name calling to bully you on social media and even if a lot of people jump on board with it, that doesn\u2019t have to defeat you. It can strengthen you instead.\u201d\n\nImage zoom Taylor Swift | Credit: Kevin Winter/Getty\n\nSwift has embraced the snake during her reputation era, and her stages, merch and album promo have all featured the slithery reptile.", "images": ["https://imagesvc.meredithcorp.io/v3/mm/image?url=https%3A%2F%2Fstatic.onecms.io%2Fwp-content%2Fuploads%2Fsites%2F20%2F2020%2F11%2F12%2Fthanksgiving-covid-150x150.jpg", "https://imagesvc.meredithcorp.io/v3/mm/image?url=https%3A%2F%2Fstatic.onecms.io%2Fwp-content%2Fuploads%2Fsites%2F20%2F2016%2F05%2F06%2Fprincess-diana-21.jpg", "https://imagesvc.meredithcorp.io/v3/mm/image?url=https%3A%2F%2Fstatic.onecms.io%2Fwp-content%2Fuploads%2Fsites%2F20%2F2020%2F07%2F23%2Ftout.jpg", "data:image/svg+xml,%3Csvg%20xmlns='http://www.w3.org/2000/svg'%20viewBox='0%200%20100%20133'%3E%3C/svg%3E", "https://imagesvc.meredithcorp.io/v3/mm/image?q=85&c=sc&poi=face&w=2000&h=1047&url=https%3A%2F%2Fstatic.onecms.io%2Fwp-content%2Fuploads%2Fsites%2F20%2F2018%2F05%2Fshutterstock_editorial_9666162b_huge-2000.jpeg", "https://peopledotcom.files.wordpress.com/2018/09/thumbnail_generic.png", "https://imagesvc.meredithcorp.io/v3/mm/image?url=https%3A%2F%2Fstatic.onecms.io%2Fwp-content%2Fuploads%2Fsites%2F20%2F2018%2F05%2Fgettyimages-956288820-2000.jpeg", "data:image/svg+xml,%3Csvg%20xmlns='http://www.w3.org/2000/svg'%20viewBox='0%200%20100%20100'%3E%3C/svg%3E", "data:image/svg+xml,%3Csvg%20xmlns='http://www.w3.org/2000/svg'%20viewBox='0%200%20100%2067'%3E%3C/svg%3E", "https://imagesvc.meredithcorp.io/v3/mm/image?url=https%3A%2F%2Fstatic.onecms.io%2Fwp-content%2Fuploads%2Fsites%2F20%2F2020%2F08%2F04%2Fcoyote-ugly-2000.jpg", "https://imagesvc.meredithcorp.io/v3/mm/image?url=https%3A%2F%2Fstatic.onecms.io%2Fwp-content%2Fuploads%2Fsites%2F20%2F2020%2F07%2F19%2Ftiaras-2.jpg", "https://imagesvc.meredithcorp.io/v3/mm/image?url=https%3A%2F%2Fstatic.onecms.io%2Fwp-content%2Fuploads%2Fsites%2F20%2F2020%2F11%2F12%2Fcat-phone.jpg", "https://imagesvc.meredithcorp.io/v3/mm/image?url=https%3A%2F%2Fstatic.onecms.io%2Fwp-content%2Fuploads%2Fsites%2F20%2F2018%2F05%2Fshutterstock_editorial_9666162b_huge-2000.jpeg"], "top_img": "https://imagesvc.meredithcorp.io/v3/mm/image?q=85&c=sc&poi=face&w=2000&h=1047&url=https%3A%2F%2Fstatic.onecms.io%2Fwp-content%2Fuploads%2Fsites%2F20%2F2018%2F05%2Fshutterstock_editorial_9666162b_huge-2000.jpeg", "keywords": [], "authors": ["Melody Chiu"], "canonical_link": "https://people.com/music/taylor-swift-tour-emotional-speech-low-times-kim-kardashian-feud/", "title": "Taylor Swift Alludes to Kim Kardashian West Feud on Tour", "meta_data": {"viewport": "width=device-width, initial-scale=1", "keywords": "Kanye West,Kim Kardashian,Music News,News,Reputation,Taylor Swift", "news_keywords": "Kanye West,Kim Kardashian,Music News,News,Reputation,Taylor Swift", "description": "The superstar thanked her fans for \"seeing me as a human being\" during her difficult times", "og": {"title": "Taylor Swift Opens Up About 'Really Low Times' While Alluding to Kim Kardashian West Feud", "type": "article", "site_name": "PEOPLE.com", "url": "https://people.com/music/taylor-swift-tour-emotional-speech-low-times-kim-kardashian-feud/", "description": "The superstar thanked her fans for \"seeing me as a human being\" during her difficult times", "image": {"identifier": "https://imagesvc.meredithcorp.io/v3/mm/image?q=85&c=sc&poi=face&w=2000&h=1047&url=https%3A%2F%2Fstatic.onecms.io%2Fwp-content%2Fuploads%2Fsites%2F20%2F2018%2F05%2Fshutterstock_editorial_9666162b_huge-2000.jpeg", "width": 2000, "height": 1047}}, "pinterest": {"url": "https://people.com/music/taylor-swift-tour-emotional-speech-low-times-kim-kardashian-feud/", "description": "The superstar thanked her fans for \"seeing me as a human being\" during her difficult times", "media": "https://imagesvc.meredithcorp.io/v3/mm/image?url=https%3A%2F%2Fstatic.onecms.io%2Fwp-content%2Fuploads%2Fsites%2F20%2F2018%2F05%2Fshutterstock_editorial_9666162b_huge-2000.jpeg"}, "twitter": {"card": "summary_large_image", "url": "https://people.com/music/taylor-swift-tour-emotional-speech-low-times-kim-kardashian-feud/", "title": "Taylor Swift Opens Up About 'Really Low Times' While Alluding to Kim Kardashian West Feud", "description": "The superstar thanked her fans for \"seeing me as a human being\" during her difficult times", "site": "@people", "image": "https://imagesvc.meredithcorp.io/v3/mm/image?q=85&c=sc&poi=face&w=2000&h=1047&url=https%3A%2F%2Fstatic.onecms.io%2Fwp-content%2Fuploads%2Fsites%2F20%2F2018%2F05%2Fshutterstock_editorial_9666162b_huge-2000.jpeg"}, "robots": "max-image-preview:large", "fb": {"app_id": 610948219662029, "pages": 95926963131}, "article": {"opinion": "false"}, "p": {"domain_verify": "755183be01bfc739a9cac6673f1f2c1b"}}, "movies": [], "publish_date": null, "source": "http://people.com", "summary": ""}