{"url": "http://www.senate.gov/legislative/LIS/roll_call_lists/roll_call_vote_cfm.cfm?congress=111&session=1&vote=00174", "text": "Roll Call Vote 111th Congress - 1st Session\n\nVote Summary\n\nQuestion: On the Amendment (Durbin Amdt. No. 1014 ) Vote Number: 174 Vote Date: April 30, 2009, 02:47 PM Required For Majority: 3/5 Vote Result: Amendment Rejected Amendment Number: to S.Amdt. 1014 to S. 896 (Helping Families Save Their Homes Act of 2009) Statement of Purpose: To prevent mortgage foreclosures and preserve home values.\n\nVote Counts: YEAs 45 NAYs 51 Not Voting 3\n\n*Information compiled through Senate LIS by the Senate bill clerk under the direction of the secretary of the Senate\n\nAlphabetical by Senator Name\n\nAkaka (D-HI), Yea\n\nAlexander (R-TN), Nay\n\nBarrasso (R-WY), Nay\n\nBaucus (D-MT), Nay\n\nBayh (D-IN), Yea\n\nBegich (D-AK), Yea\n\nBennet (D-CO), Nay\n\nBennett (R-UT), Nay\n\nBingaman (D-NM), Yea\n\nBond (R-MO), Nay\n\nBoxer (D-CA), Yea\n\nBrown (D-OH), Yea\n\nBrownback (R-KS), Nay\n\nBunning (R-KY), Nay\n\nBurr (R-NC), Nay\n\nBurris (D-IL), Yea\n\nByrd (D-WV), Nay\n\nCantwell (D-WA), Yea\n\nCardin (D-MD), Yea\n\nCarper (D-DE), Nay\n\nCasey (D-PA), Yea\n\nChambliss (R-GA), Nay\n\nCoburn (R-OK), Nay\n\nCochran (R-MS), Nay\n\nCollins (R-ME), Nay\n\nConrad (D-ND), Yea\n\nCorker (R-TN), Nay\n\nCornyn (R-TX), Nay\n\nCrapo (R-ID), Nay\n\nDeMint (R-SC), Nay\n\nDodd (D-CT), Yea\n\nDorgan (D-ND), Nay\n\nDurbin (D-IL), Yea\n\nEnsign (R-NV), Nay\n\nEnzi (R-WY), Nay\n\nFeingold (D-WI), Yea\n\nFeinstein (D-CA), Yea\n\nGillibrand (D-NY), Yea\n\nGraham (R-SC), Nay\n\nGrassley (R-IA), Nay\n\nGregg (R-NH), Nay\n\nHagan (D-NC), Yea\n\nHarkin (D-IA), Yea\n\nHatch (R-UT), Nay\n\nHutchison (R-TX), Nay\n\nInhofe (R-OK), Nay\n\nInouye (D-HI), Yea\n\nIsakson (R-GA), Nay\n\nJohanns (R-NE), Nay\n\nJohnson (D-SD), Nay\n\nKaufman (D-DE), Yea\n\nKennedy (D-MA), Not Voting\n\nKerry (D-MA), Yea\n\nKlobuchar (D-MN), Yea\n\nKohl (D-WI), Yea\n\nKyl (R-AZ), Nay\n\nLandrieu (D-LA), Nay\n\nLautenberg (D-NJ), Yea\n\nLeahy (D-VT), Yea\n\nLevin (D-MI), Yea\n\nLieberman (ID-CT), Yea\n\nLincoln (D-AR), Nay\n\nLugar (R-IN), Nay\n\nMartinez (R-FL), Nay\n\nMcCain (R-AZ), Nay\n\nMcCaskill (D-MO), Yea\n\nMcConnell (R-KY), Nay\n\nMenendez (D-NJ), Yea\n\nMerkley (D-OR), Yea\n\nMikulski (D-MD), Yea\n\nMurkowski (R-AK), Nay\n\nMurray (D-WA), Yea\n\nNelson (D-FL), Yea\n\nNelson (D-NE), Nay\n\nPryor (D-AR), Nay\n\nReed (D-RI), Yea\n\nReid (D-NV), Yea\n\nRisch (R-ID), Nay\n\nRoberts (R-KS), Nay\n\nRockefeller (D-WV), Not Voting\n\nSanders (I-VT), Yea\n\nSchumer (D-NY), Yea\n\nSessions (R-AL), Not Voting\n\nShaheen (D-NH), Yea\n\nShelby (R-AL), Nay\n\nSnowe (R-ME), Nay\n\nSpecter (D-PA), Nay\n\nStabenow (D-MI), Yea\n\nTester (D-MT), Nay\n\nThune (R-SD), Nay\n\nUdall (D-CO), Yea\n\nUdall (D-NM), Yea\n\nVitter (R-LA), Nay\n\nVoinovich (R-OH), Nay\n\nWarner (D-VA), Yea\n\nWebb (D-VA), Yea\n\nWhitehouse (D-RI), Yea\n\nWicker (R-MS), Nay\n\nWyden (D-OR), Yea\n\n\n\nGrouped By Vote Position\n\nYEAs ---45\n\nAkaka (D-HI)\n\nBayh (D-IN)\n\nBegich (D-AK)\n\nBingaman (D-NM)\n\nBoxer (D-CA)\n\nBrown (D-OH)\n\nBurris (D-IL)\n\nCantwell (D-WA)\n\nCardin (D-MD)\n\nCasey (D-PA)\n\nConrad (D-ND)\n\nDodd (D-CT)\n\nDurbin (D-IL)\n\nFeingold (D-WI)\n\nFeinstein (D-CA)\n\nGillibrand (D-NY)\n\nHagan (D-NC)\n\nHarkin (D-IA)\n\nInouye (D-HI)\n\nKaufman (D-DE)\n\nKerry (D-MA)\n\nKlobuchar (D-MN)\n\nKohl (D-WI)\n\nLautenberg (D-NJ)\n\nLeahy (D-VT)\n\nLevin (D-MI)\n\nLieberman (ID-CT)\n\nMcCaskill (D-MO)\n\nMenendez (D-NJ)\n\nMerkley (D-OR)\n\nMikulski (D-MD)\n\nMurray (D-WA)\n\nNelson (D-FL)\n\nReed (D-RI)\n\nReid (D-NV)\n\nSanders (I-VT)\n\nSchumer (D-NY)\n\nShaheen (D-NH)\n\nStabenow (D-MI)\n\nUdall (D-CO)\n\nUdall (D-NM)\n\nWarner (D-VA)\n\nWebb (D-VA)\n\nWhitehouse (D-RI)\n\nWyden (D-OR)\n\n\n\nNAYs ---51\n\nAlexander (R-TN)\n\nBarrasso (R-WY)\n\nBaucus (D-MT)\n\nBennet (D-CO)\n\nBennett (R-UT)\n\nBond (R-MO)\n\nBrownback (R-KS)\n\nBunning (R-KY)\n\nBurr (R-NC)\n\nByrd (D-WV)\n\nCarper (D-DE)\n\nChambliss (R-GA)\n\nCoburn (R-OK)\n\nCochran (R-MS)\n\nCollins (R-ME)\n\nCorker (R-TN)\n\nCornyn (R-TX)\n\nCrapo (R-ID)\n\nDeMint (R-SC)\n\nDorgan (D-ND)\n\nEnsign (R-NV)\n\nEnzi (R-WY)\n\nGraham (R-SC)\n\nGrassley (R-IA)\n\nGregg (R-NH)\n\nHatch (R-UT)\n\nHutchison (R-TX)\n\nInhofe (R-OK)\n\nIsakson (R-GA)\n\nJohanns (R-NE)\n\nJohnson (D-SD)\n\nKyl (R-AZ)\n\nLandrieu (D-LA)\n\nLincoln (D-AR)\n\nLugar (R-IN)\n\nMartinez (R-FL)\n\nMcCain (R-AZ)\n\nMcConnell (R-KY)\n\nMurkowski (R-AK)\n\nNelson (D-NE)\n\nPryor (D-AR)\n\nRisch (R-ID)\n\nRoberts (R-KS)\n\nShelby (R-AL)\n\nSnowe (R-ME)\n\nSpecter (D-PA)\n\nTester (D-MT)\n\nThune (R-SD)\n\nVitter (R-LA)\n\nVoinovich (R-OH)\n\nWicker (R-MS)\n\n\n\nNot Voting - 3\n\nKennedy (D-MA)\n\nRockefeller (D-WV)\n\nSessions (R-AL)\n\n\n\nGrouped by Home State", "images": ["http://www.senate.gov/resources/graphic/horiz_content_break.gif", "http://statse.webtrendslive.com/dcs222dj3ow9ji0ne9ojbcbng_3b8p/njs.gif?dcsuri=/nojavascript&WT.js=No&WT.tv=10.4.0&dcssip=www.senate.gov", "http://www.senate.gov/resources/images/usFlag.png", "http://www.senate.gov/resources/images/us_sen.ico", "http://www.senate.gov/resources/images/senate_logo_footer.png", "http://www.senate.gov/resources/images/senate_logo.png"], "top_img": "http://www.senate.gov/resources/images/us_sen.ico", "keywords": [], "authors": [], "canonical_link": "", "title": "U.S. Senate: U.S. Senate Roll Call Votes 111th Congress", "meta_data": {"viewport": "width=device-width, initial-scale=1", "object": "roll_call_vote_cfm.xml", "version": "3.4", "path": "/Company Home/Sites/senategov/documentLibrary/Senate.gov/legislative/LIS/roll_call_lists", "date": "Thursday, January 16, 2020", "time": "9:10:22 AM EST", "bucket": "legislative", "description": "Roll Call Vote"}, "movies": [], "publish_date": null, "source": "http://www.senate.gov", "summary": ""}