{"url": "www.businessinsider.com/prince-harry-and-meghan-markle-visit-to-the-united-states-2018-4", "text": "Kensington Palace is already in the process of planning Meghan Markle and Prince Harry's every move following their royal wedding.\n\nIt was announced recently that Prince Harry would become the patron of \"Walk Of America.\"\n\nA team of six veterans from the United States and the UK will walk 1,000 miles from the West to the East Coast of the US in 14 weeks.\n\nThough it's not confirmed that the couple will make an appearance, their staff is reportedly hard at work planning their first overseas trip.\n\nPrince Harry and Meghan Markle aren\u2019t even married yet, but that isn\u2019t stopping Kensington Palace from planning out their every move post-wedding.\n\nKensington Palace announced on Thursday that Prince Harry would become the patron of \u201cWalk Of America,\u201d the latest expedition from the armed forces charity Support The Walk. As part of his duties, Harry will launch the expedition at an event in London on Wednesday, April 11.\n\nThe palace further explained that this summer a team of six veterans from the United States and the U.K. will walk 1,000 miles from the West to the East Coast of the U.S. in 14 weeks. During that time, the expedition will also raise vital funds for veterans both sides of the Atlantic.\n\nAccording to Vanity Fair, the walk will start in Meghan\u2019s hometown of Los Angeles. And though the palace didn\u2019t announce if Harry or Meghan will be on hand, sources did confirm to Vanity Fair that the couple and their staff are already hard at work planning their first overseas trip, which may include a stop in to check on the walking troops.\n\nBut first, sources said, the newlyweds will pay a visit to Canada after saying their vows, just as William and Kate did following their 2011 wedding. And, at the time William and Kate also tacked on a quick trip to California, meaning it\u2019s very likely Harry and Meghan will do the same.\n\n\u201cCanada is on the cards. There\u2019s a lot of talk at a high-up level and among the powers that be that it will be the first country the couple visit,\u201d a source told Vanity Fair. Another added that Meghan is keen to \u201ctake Harry home once they are married on a formal tour. It\u2019s her home and she would love to go there with Harry after the wedding.\u201d\n\nOdds are Americans would be very happy to see their princess return home, too.\n\nSign up here to get INSIDER's favorite stories straight to your inbox.", "images": ["data:image/svg+xml,%3Csvg xmlns='http://www.w3.org/2000/svg' viewBox='0 0 1 1'%3E%3C/svg%3E", "http://www.businessinsider.com/public/assets/shared/success-circle.svg", "https://i.insider.com/5ac904117708e93bc362519c?width=1200&format=jpeg", "https://i.insider.com/5ac904127708e93bc362519d?width=700", "http://www.businessinsider.com/prince-harry-and-meghan-markle-visit-to-the-united-states-2018-4?width=600&format=jpeg&auto=webp", "https://i.insider.com/57f55715dd0895ea358b495e?width=150&format=jpeg&auto=webp"], "top_img": "https://i.insider.com/5ac904117708e93bc362519c?width=1200&format=jpeg", "keywords": [], "authors": ["Stacey Leasca", "Travel"], "canonical_link": "http://www.travelandleisure.com/travel-news/prince-harry-meghan-markle-planning-first-international-tour", "title": "Prince Harry and Meghan Markle could visit the United States sooner than expected", "meta_data": {"viewport": "width=device-width, initial-scale=1", "title": "Prince Harry and Meghan Markle could visit the United States sooner than expected", "date": "2018-04-07", "pubdate": "2018-04-07T17:45:46Z", "lastmod": "2018-04-07T17:49:08Z", "news_keywords": "Contributor, travel and leisure, Travel contributor, Prince Harry, Meghan Markle, Stacey Leasca", "description": "Prince Harry and Meghan Markle\u00a0aren\u2019t even married yet, but that isn\u2019t stopping Kensington Palace from planning out their every move post-wedding.", "author": "Stacey Leasca", "article": {"publisher": "businessinsider", "content_tier": "free", "opinion": "false"}, "tbi-vertical": "Insider", "og": {"title": "Prince Harry and Meghan Markle could visit the United States sooner than expected", "description": "Prince Harry and Meghan Markle\u00a0aren\u2019t even married yet, but that isn\u2019t stopping Kensington Palace from planning out their every move post-wedding.", "type": "article", "url": "https://www.businessinsider.com/prince-harry-and-meghan-markle-visit-to-the-united-states-2018-4", "image": "https://i.insider.com/5ac904117708e93bc362519c?width=1200&format=jpeg", "site_name": "Business Insider"}, "robots": "max-image-preview:large", "sailthru.title": "Prince Harry and Meghan Markle could visit the United States sooner than expected", "sailthru.date": "2018-04-07", "sailthru.tags": "Contributor, travel and leisure, Travel contributor, Prince Harry, Meghan Markle, Stacey Leasca", "sailthru.description": "Prince Harry and Meghan Markle\u00a0aren\u2019t even married yet, but that isn\u2019t stopping Kensington Palace from planning out their every move post-wedding.", "sailthru.author": "Stacey Leasca", "sailthru.verticals": "insider", "sailthru.image.full": "https://i.insider.com/5ac904117708e93bc362519b?width=1200&format=jpeg", "sailthru.image.thumb": "https://i.insider.com/5ac904117708e93bc362519b?width=160&format=jpeg", "twitter": {"card": "summary_large_image"}, "fb": {"pages": 20446254070}, "apple-itunes-app": "app-id=554260576", "linkedin": {"owner": "mid:1d5f7b"}, "viking-id": "5ac904127708e93bc362519e", "env": "prod", "msapplication-config": "//www.businessinsider.com/public/assets/BI/US/favicons/browserconfig.xml?12-31-19", "theme-color": "#ffffff"}, "movies": [], "publish_date": 1523052000.0, "source": "http://www.businessinsider.com", "summary": ""}