{"url": "https://web.archive.org/web/20001109011000/http://www.nrdc.org:80/nuclear/nudb/datab15.asp", "text": "* Number after / beginning in 1961 in the U.S. column represents PNEs. In the French column number after / represents safety tests.\n\n** All UK underground tests were conducted in the U.S.", "images": ["https://web.archive.org/web/20001109011000im_/http://www.nrdc.org/buttons/indepth.gif", "https://web.archive.org/web/20001109011000im_/http://www.nrdc.org/buttons/a_nuclearWeapons.gif", "https://web.archive.org/web/20001109011000im_/http://www.nrdc.org/buttons/contactus.gif", "https://web.archive.org/web/20001109011000im_/http://www.nrdc.org/buttons/inbrief.gif", "https://web.archive.org/web/20001109011000im_/http://www.nrdc.org/buttons/sitemap.gif", "https://web.archive.org/web/20001109011000im_/http://www.nrdc.org/buttons/toxicChemicals.gif", "https://web.archive.org/web/20001109011000im_/http://www.nrdc.org/buttons/cleanAir.gif", "https://web.archive.org/web/20001109011000im_/http://www.nrdc.org/buttons/reference.gif", "https://web.archive.org/web/20001109011000im_/http://www.nrdc.org/images/search.gif", "https://web.archive.org/web/20001109011000im_/http://www.nrdc.org/images/logotop.gif", "https://web.archive.org/web/20001109011000im_/http://www.nrdc.org/buttons/rlinks.gif", "https://web.archive.org/web/20001109011000im_/http://www.nrdc.org/buttons/magazine.gif", "https://web.archive.org/web/20001109011000im_/http://www.nrdc.org/buttons/funfeatures.gif", "https://web.archive.org/web/20001109011000im_/http://www.nrdc.org/buttons/parksForests.gif", "https://web.archive.org/web/20001109011000im_/http://www.nrdc.org/images/actNow.gif", "https://web.archive.org/web/20001109011000im_/http://www.nrdc.org/images/joinGive.gif", "https://web.archive.org/web/20001109011000im_/http://www.nrdc.org/buttons/environLegis.gif", "https://web.archive.org/web/20001109011000im_/http://www.nrdc.org/images/toppic1.gif", "https://web.archive.org/web/20001109011000im_/http://www.nrdc.org/images/toppic2.gif", "https://web.archive.org/web/20001109011000im_/http://www.nrdc.org/images/aboutUs.gif", "https://web.archive.org/web/20001109011000im_/http://www.nrdc.org/buttons/citiesGreen.gif", "https://web.archive.org/web/20001109011000im_/http://www.nrdc.org/buttons/mediacenter.gif", "https://web.archive.org/web/20001109011000im_/http://www.nrdc.org/buttons/subscribe.gif", "https://web.archive.org/web/20001109011000im_/http://www.nrdc.org/images/linecircleNuclear.gif", "https://web.archive.org/web/20001109011000im_/http://www.nrdc.org/images/transparent.gif", "https://web.archive.org/web/20001109011000im_/http://www.nrdc.org/images/logobottom.gif", "https://web.archive.org/web/20001109011000im_/http://www.nrdc.org/buttons/wildlifeFish.gif", "https://web.archive.org/web/20001109011000im_/http://www.nrdc.org/buttons/publications.gif", "https://web.archive.org/web/20001109011000im_/http://www.nrdc.org/buttons/blackbar.gif", "https://web.archive.org/web/20001109011000im_/http://www.nrdc.org/buttons/globalWarming.gif", "https://web.archive.org/web/20001109011000im_/http://www.nrdc.org/buttons/r_nuclearWeapons.gif", "https://web.archive.org/web/20001109011000im_/http://www.nrdc.org/images/topname.gif", "https://web.archive.org/web/20001109011000im_/http://www.nrdc.org/images/nrdcHome.gif", "https://web.archive.org/web/20001109011000im_/http://www.nrdc.org/images/logoearth.gif", "https://web.archive.org/web/20001109011000im_/http://www.nrdc.org/buttons/cleanWater.gif"], "top_img": "", "keywords": [], "authors": [], "canonical_link": "", "title": "Table of Known Nuclear Tests Worldwide, 1945-1996", "meta_data": {}, "movies": [], "publish_date": null, "source": "https://web.archive.org", "summary": ""}