{"url": "https://www.telegraph.co.uk/fashion/people/julia-roberts-style-best-fashion-looks/", "text": "Today, legendary Hollywood actress Julia Roberts celebrates her 50th birthday. And what a run-up to the milestone moment she has had; this year, People magazine declared her the world's most beautiful woman for the fifth time in her career.\n\nRoberts signature style is the epitome of simplicity and elegance. She mostly favours black dresses or masculine tailoring on the red carpet. One of her most famous looks of all time was the Armani men's suit she wore to the Golden Globes in 1990.\n\nRoberts is pictured here in a Givenchy LBD earlier this year,\n\nShe threw a fabulous Oscar dressing curveball when she chose a vintage black and white Valentino gown on the night she won her Oscar for Erin Brockovich.\n\nOver the years, she has also worn plenty of memorable looks in her films, from her off duty film star look in Notting Hill to polka dots and thigh boots in Pretty Woman.\n\nLook back at Julia Roberts' best style moments from over the years...", "images": ["https://www.telegraph.co.uk/content/dam/vouchercodes/logo_ernestjones.png?impolicy=thumbnail", "https://www.telegraph.co.uk/content/dam/news/2020/10/16/TELEMMGLPICT000217631212-small_trans_NvBQzQNjv4BqEjmHHdR0icbXDBgTwbH1nud_8-qmDJn5iLK1I-ATDRQ.jpeg", "https://www.telegraph.co.uk/content/dam/vouchercodes/logo_joules.png?impolicy=thumbnail", "https://www.telegraph.co.uk/content/dam/fashion/2017/10/27/TELEMMGLPICT000143748242-xlarge_trans_NvBQzQNjv4BqyV0aR9kWbPf2URYCtj0rHc6N_W_KT1250WxWnXZrbtw.jpeg?imwidth=1200", "https://www.telegraph.co.uk/content/dam/fashion/2020/11/26/00001-TOM-FORD-WOMENS-SPRING-21-RTW-small_trans_NvBQzQNjv4Bq3PBXGHVIxMrc7PBWfND4cSJSepaYRKsoEdYRK5TjjsE.jpg", "https://www.telegraph.co.uk/content/dam/fashion/2020/11/09/TELEMMGLPICT000239628186-small_trans_NvBQzQNjv4BqzQ8_95RblTv_W7FrXFPv5UpglXk827rWlp7Ep1NqO-o.jpeg", "https://www.telegraph.co.uk/content/dam/vouchercodes/logo_debenhams.png?impolicy=thumbnail", "https://www.telegraph.co.uk/content/dam/vouchercodes/logo_tmlewin.png?impolicy=thumbnail", "https://www.telegraph.co.uk/content/dam/fashion/2017/10/27/TELEMMGLPICT000143748242_trans_NvBQzQNjv4BqyV0aR9kWbPf2URYCtj0rHc6N_W_KT1250WxWnXZrbtw.jpeg?imwidth=450", "https://www.telegraph.co.uk/content/dam/fashion/2020/11/23/TELEMMGLPICT000245135715-small_trans_NvBQzQNjv4BqNJjoeBT78QIaYdkJdEY4CoV4XZMU8yV22wInfrfUWRg.jpeg", "https://www.telegraph.co.uk/content/dam/Author%20photos/melissa-twig-small.png", "https://www.telegraph.co.uk/content/dam/fashion/2020/11/25/GettyImages-1038625076-small_trans_NvBQzQNjv4Bqh6IPPfNmlzmSbL1i9yV2vM9dY0ZCAda2cp5zosuaNJ0.jpg", "https://www.telegraph.co.uk/content/dam/fashion/2020/11/23/LK-BENNETT-AW20-REIMAGINE-CAMPAIGN-12-small_trans_NvBQzQNjv4BqGlwbY8Dj8ZajbbRjJdIs-QOvi-6SRLHuJHPWvg9U_LQ.jpg", "https://www.telegraph.co.uk/content/dam/fashion/2020/11/24/FotoJet-28-small_trans_NvBQzQNjv4BqxnlSljj15z1o8iKqMGA7tyH0-jRUT4rHK8EgtaGoQwQ.jpg", "https://www.telegraph.co.uk/content/dam/fashion/2020/11/23/GettyImages-1229751815-small_trans_NvBQzQNjv4BqgsaO8O78rhmZrDxTlQBjdGLvJF5WfpqnBZShRL_tOZw.jpg", "https://www.telegraph.co.uk/content/dam/fashion/2020/11/23/TELEMMGLPICT000235964101-small_trans_NvBQzQNjv4Bq6sl0PMcqPKYfYzP4XwNXrgjlXVoAR4lFDrmooQK6TMg.jpeg", "https://www.telegraph.co.uk/content/dam/fashion/2020/11/11/ab-small_trans_NvBQzQNjv4Bq068PlVKI6BDMz5g6GrQuvFbWpLCZkjsyK3RF9rNoS3E.png", "https://www.telegraph.co.uk/content/dam/fashion/2020/11/24/GettyImages-512414070-small_trans_NvBQzQNjv4BqLYdoWXVyVUQMSe0gNN2ScPzsgbfEKaic1ZGpon3fmwE.jpg", "https://www.telegraph.co.uk/content/dam/fashion/2020/11/25/main-small_trans_NvBQzQNjv4BqTOuVyePwdTBoWYQ_yGrw08V9CHqDcsv-2Ch9P0NmSJw.jpg", "https://www.telegraph.co.uk/content/dam/vouchercodes/logo_johnlewis.png?impolicy=thumbnail", "https://www.telegraph.co.uk/content/dam/Author%20photos/Lisa%20Armstrong_PHOTO-small.png", "https://www.telegraph.co.uk/content/dam/TheTelegraph_portal_white-320-small.png", "https://www.telegraph.co.uk/content/dam/fashion/2020/11/24/paper-small_trans_NvBQzQNjv4BqhZJ9vnP3TZj6dX4F0TnhrpbXxl16IAePrmIQBUhDU_c.jpg", "https://www.telegraph.co.uk/content/dam/generic/Matt-cartoon-255x206px-small.png", "https://www.telegraph.co.uk/content/dam/fashion/2020/11/26/GettyImages-1287135176-small_trans_NvBQzQNjv4BqONq086ctDlsrDJ1FMX_PFRNqvU2yQWwj2jyyCkPo-Jo.jpg", "https://www.telegraph.co.uk/content/dam/fashion/2019/05/28/TELEMMGLPICT000148754392-small_trans_NvBQzQNjv4BqBDCnIxthzPLaVuHdTEmpqPa6cLLksvTp-9lagAehyPU.jpeg", "https://www.telegraph.co.uk/content/dam/fashion/2020/11/26/TELEMMGLPICT000245365589-small_trans_NvBQzQNjv4BqM37qcIWR9CtrqmiMdQVx7Ob5EQlcYJ6KZZ0ckfbvZQ4.jpeg", "https://www.telegraph.co.uk/content/dam/fashion/2020/11/24/FotoJet-30-small_trans_NvBQzQNjv4BqxnlSljj15z1o8iKqMGA7tyH0-jRUT4rHK8EgtaGoQwQ.jpg", "https://www.telegraph.co.uk/content/dam/fashion/2020/11/24/TELEMMGLPICT000201864870-small_trans_NvBQzQNjv4BqloknHev3kDuS2I2GfdzVezVEAZ-PANTVSHqmZ1FRJJc.jpeg", "https://www.telegraph.co.uk/content/dam/vouchercodes/logo_jojomamanbebe.png?impolicy=thumbnail", "https://www.telegraph.co.uk/content/dam/fashion/2020/11/20/Jacquemus_LeBandeauValensole_EcruStripes_1_1024x-small_trans_NvBQzQNjv4BqNA6OWcKyzczjf0sxsmTWT-cIh9dpjms1NCjLqD5ZEFI.jpg", "https://www.telegraph.co.uk/content/dam/fashion/2020/11/25/Richard-Quinn-for-Debenhams-Yellow-Floral-Dress-115-small_trans_NvBQzQNjv4BqeAPFwKU_Y4rN1J4QNz2LApxWLfs5mAvkbXYQqrLnBas.jpg", "https://www.telegraph.co.uk/content/dam/fashion/2020/11/24/TELEMMGLPICT000245197499-small_trans_NvBQzQNjv4BqnUiTmmnqkT0SZ61l8CNZFvhS7T6b0WMc8oObiASvqYk.jpeg"], "top_img": "https://www.telegraph.co.uk/content/dam/fashion/2017/10/27/TELEMMGLPICT000143748242-xlarge_trans_NvBQzQNjv4BqyV0aR9kWbPf2URYCtj0rHc6N_W_KT1250WxWnXZrbtw.jpeg?imwidth=1200", "keywords": [], "authors": ["Melissa Twigg", "Lisa Armstrong"], "canonical_link": "https://www.telegraph.co.uk/fashion/people/julia-roberts-style-best-fashion-looks/", "title": "As Julia Roberts turns 50, look back at her most stylish moments over the years", "meta_data": {"msapplication-TileColor": "#2c769d", "msapplication-TileImage": "/etc/designs/telegraph/core/clientlibs/core/icons/mstile-144x144.png", "msapplication-tooltip": "The Telegraph", "msapplication-config": "/etc/designs/telegraph/core/clientlibs/core/icons/browserconfig.xml", "msapplication-square310x310logo": "/etc/designs/telegraph/core/clientlibs/core/icons/mstile-310x310.png", "msapplication-wide310x150logo": "/etc/designs/telegraph/core/clientlibs/core/icons/mstile-310x150.png", "msapplication-square150x150logo": "/etc/designs/telegraph/core/clientlibs/core/icons/mstile-150x150.png", "msapplication-square70x70logo": "/etc/designs/telegraph/core/clientlibs/core/icons/mstile-70x70.png", "viewport": "width=device-width, initial-scale=1, user-scalable=yes", "keywords": "Fashion,Red carpet style,Fashion people,Julia Roberts", "tmgads.channel": "fashion", "tmgads.section": "fashion-people", "tmgads.zone": "fashion.people", "tmgads.articleid": "ApqM8ZJJ7jW1", "tmgads.pagetype": "gallery", "tmgads.level": 3, "tmgads.geo": "SE", "tmgads.keywords": "Fashion,Red carpet style,Fashion people,Julia Roberts", "DCSext.Channel": "fashion", "DCSext.Category": "people", "DCSext.Genre": "julia-roberts-style-best-fashion-looks", "WT.cg_n": "fashion", "WT.cg_s": "people", "DCSext.MLC": "/fashion/people", "DCSext.articleId": "ApqM8ZJJ7jW1", "DCSext.Content_Type": "gallery", "DCSext.Level": 3, "DCSext.articleFirstPublished": "2017-10-28 08:44", "DCSext.cf": 0, "DCSext.cd": 0, "DCSext.cn": 0, "DCSext.pd": 1, "og": {"title": "As Julia Roberts turns 50, look back at her most stylish moments over the years", "description": "As Julia Roberts turns 50, look back at her most stylish moments over the years", "type": "article", "site_name": "The Telegraph", "url": "https://www.telegraph.co.uk/fashion/people/julia-roberts-style-best-fashion-looks/", "image": "https://www.telegraph.co.uk/content/dam/fashion/2017/10/27/TELEMMGLPICT000143748242-xlarge_trans_NvBQzQNjv4BqyV0aR9kWbPf2URYCtj0rHc6N_W_KT1250WxWnXZrbtw.jpeg?imwidth=1200"}, "twitter": {"title": "As Julia Roberts turns 50, look back at her most stylish moments over the years", "url": "https://www.telegraph.co.uk/fashion/people/julia-roberts-style-best-fashion-looks/", "image": "https://www.telegraph.co.uk/content/dam/fashion/2017/10/27/TELEMMGLPICT000143748242-xlarge_trans_NvBQzQNjv4BqyV0aR9kWbPf2URYCtj0rHc6N_W_KT1250WxWnXZrbtw.jpeg?imwidth=1200", "description": "As Julia Roberts turns 50, look back at her most stylish moments over the years", "card": "summary_large_image"}, "tmgads.businessSegment": "fashion", "tmg.premium.override": "false", "tmg.premium.state": "false", "premiumContentOnFirstPublish": "false", "fb": {"pages": 121391718031592}, "article": {"content_tier": "free", "opinion": "false"}, "tmg.app": "false", "fbn-bypass": "false", "robots": "max-snippet:-1,max-image-preview:standard,max-video-preview:-1"}, "movies": [], "publish_date": 1606369888.0, "source": "https://www.telegraph.co.uk", "summary": ""}