{"url": "http://www.youtube.com/watch?v=3gwqEneBKUs", "text": "", "images": ["https://i.ytimg.com/vi/3gwqEneBKUs/hqdefault.jpg"], "top_img": "https://i.ytimg.com/vi/3gwqEneBKUs/hqdefault.jpg", "keywords": [], "authors": [], "canonical_link": "https://www.youtube.com/watch?v=3gwqEneBKUs", "title": "john.he.is", "meta_data": {"theme-color": "rgba(255, 255, 255, 0.98)", "title": "john.he.is", "description": "Will.i.am totally stole this idea from us, we've been thinking for a long time that earnest people reacting to a candidate is the future of music video.  Ele...", "keywords": "new, obama, song, will.i.am, yes, we, can, barack, john, mccain, si, se, puede, election08, will.he.is, scarlet, parody", "og": {"site_name": "YouTube", "url": "https://www.youtube.com/watch?v=3gwqEneBKUs", "title": "john.he.is", "image": {"identifier": "https://i.ytimg.com/vi/3gwqEneBKUs/hqdefault.jpg", "width": 480, "height": 360}, "description": "Will.i.am totally stole this idea from us, we've been thinking for a long time that earnest people reacting to a candidate is the future of music video.  Ele...", "type": "video.other", "video": {"url": "https://www.youtube.com/embed/3gwqEneBKUs", "secure_url": "https://www.youtube.com/embed/3gwqEneBKUs", "type": "text/html", "width": 480, "height": 360, "tag": "parody"}}, "al": {"ios": {"app_store_id": 544007664, "app_name": "YouTube", "url": "vnd.youtube://www.youtube.com/watch?v=3gwqEneBKUs&feature=applinks"}, "android": {"url": "vnd.youtube://www.youtube.com/watch?v=3gwqEneBKUs&feature=applinks", "app_name": "YouTube", "package": "com.google.android.youtube"}, "web": {"url": "http://www.youtube.com/watch?v=3gwqEneBKUs&feature=applinks"}}, "fb": {"app_id": 87741124305}, "twitter": {"card": "player", "site": "@youtube", "url": "https://www.youtube.com/watch?v=3gwqEneBKUs", "title": "john.he.is", "description": "Will.i.am totally stole this idea from us, we've been thinking for a long time that earnest people reacting to a candidate is the future of music video.  Ele...", "image": "https://i.ytimg.com/vi/3gwqEneBKUs/hqdefault.jpg", "app": {"name": {"iphone": "YouTube", "ipad": "YouTube", "googleplay": "YouTube"}, "id": {"iphone": 544007664, "ipad": 544007664, "googleplay": "com.google.android.youtube"}, "url": {"iphone": "vnd.youtube://www.youtube.com/watch?v=3gwqEneBKUs&feature=applinks", "ipad": "vnd.youtube://www.youtube.com/watch?v=3gwqEneBKUs&feature=applinks", "googleplay": "https://www.youtube.com/watch?v=3gwqEneBKUs"}}, "player": {"identifier": "https://www.youtube.com/embed/3gwqEneBKUs", "width": 480, "height": 360}}}, "movies": [], "publish_date": null, "source": "http://www.youtube.com", "summary": ""}