{"url": "https://www.comingsoon.net/tv/news/971007-tyler-hoechlin-returning-as-superman-for-crossover-lois-lane-to-appear", "text": "Tyler Hoechlin returning as Superman for crossover, Lois Lane to appear\n\nDC has announced that Tyler Hoechlin (Teen Wolf, Supergirl) will be returning to The CW as Superman in this year\u2019s annual Arrowverse superhero crossover event. The Man of Steel will also be joined by Lois Lane, marking the power couple\u2019s DCTV crossover debut.\n\nHoechlin made his first appearance as Clark Kent in season two of Supergirl as Kara Danvers legendary cousin. After being featured in four episodes of the series, Hoechlin will put back on his cape as we wait to see who will be cast to play Lois Lane.\n\nThe CW recently set the dates for the annual crossover, with this year\u2019s storyline heading to Gotham City, a place previously off-limits to The CW. The crossover will start with The Flash on Sunday, December 9. Arrow will continue the story on Monday, December 10, before it all comes to an end in Supergirl on Tuesday, December 11. DC\u2019s Legends of Tomorrow is sitting out of this year\u2019s event, and Black Lightning has yet to establish any firm links with the Arrowverse.\n\nSeason 3 saw Supergirl stop Reign and the other Worldkillers\u2019 threat to humanity and our planet, and in the process, Kara was shocked to find her mother Alura alive and living in a salvaged Argo City that survived the destruction of Krypton. Reconnecting with her past caused Kara to realize that her true home is now here on Earth, where big changes are taking place for her and all of her friends in National City \u2013 and also, it appears, for a doppelganger in Russia! Season four promises to be full of surprises, action, adventure and lots of big revelations for Supergirl, Alex, James, J\u2019onn, Lena and Brainy.\n\nSupergirl stars Melissa Benoist as Kara Danvers/Supergirl, Mehcad Brooks as James Olsen, Chyler Leigh as Alex Danvers, Jeremy Jordan as Winslow \u2018Winn\u2019 Schott, Katie McGrath as Lena Luthor, Jess Rath as Brainiac 5, and David Harewood as Hank Henshaw/J\u2019onn J\u2019onnz. New to the cast for the fourth season is Sam Witwer as hero Agent Liberty.\n\nBased on the DC characters created by Jerry Siegel and Joe Shuster, the series is executive produced by Greg Berlanti, Sarah Schechter, Robert Rovner and Jessica Queller. Supergirl is produced by Berlanti Productions in association with Warner Bros. Television.\n\nSupergirl season four will premiere on The CW on its new night, Sunday, October 14, at 8:00 p.m.\n\nAre you excited for Hoechlin to return as Superman? Who do you want to see play Lois Lane? Let us know what you think in the comments!", "images": ["https://sb.scorecardresearch.com/p?c1=2&c2=6036161&cv=2.0&cj=1", "https://www.comingsoon.net/assets/uploads/gallery/supergirl/thumbs/thumbs_106883_d0211b.jpg", "https://www.comingsoon.net/assets/uploads/gallery/supergirl/thumbs/thumbs_106907_d1036b.jpg", "https://www.comingsoon.net/assets/uploads/2018/08/superman.jpg", "https://www.comingsoon.net/assets/uploads/gallery/supergirl/thumbs/thumbs_106907_d0988bc.jpg", "https://www.comingsoon.net/assets/uploads/gallery/supergirl/thumbs/thumbs_106883_d0217b.jpg", "https://c.betrad.com/pub/icon1.png", "https://www.comingsoon.net/assets/uploads/gallery/supergirl/106883_d0135b.jpg", "https://www.comingsoon.net/assets/uploads/2020/06/comingsoon_us_horizontal_primary_color_dark_bg_png.png", "data:image/gif;base64,R0lGODlhAQABAIAAAAAAAP///yH5BAEAAAAALAAAAAABAAEAAAIBRAA7"], "top_img": "https://www.comingsoon.net/assets/uploads/2018/08/superman.jpg", "keywords": [], "authors": ["Kylie Hemmert"], "canonical_link": "https://www.comingsoon.net/tv/news/971007-tyler-hoechlin-returning-as-superman-for-crossover-lois-lane-to-appear", "title": "Tyler Hoechlin Returning as Superman for Crossover, Lois Lane to Appear", "meta_data": {"viewport": "width=device-width, initial-scale=1", "description": "Tyler Hoechlin will be returning to The CW as Superman in this year's annual Arrowverse superhero crossover event. The Man of Steel will also be joined by Lois Lane, marking the power couple's DCTV crossover debut.", "og": {"locale": "en_US", "type": "article", "title": "Tyler Hoechlin Returning as Superman for Crossover, Lois Lane to Appear", "description": "Tyler Hoechlin will be returning to The CW as Superman in this year's annual Arrowverse superhero crossover event. The Man of Steel will also be joined by Lois Lane, marking the power couple's DCTV crossover debut.", "url": "https://www.comingsoon.net/tv/news/971007-tyler-hoechlin-returning-as-superman-for-crossover-lois-lane-to-appear", "site_name": "ComingSoon.net", "image": {"identifier": "https://www.comingsoon.net/assets/uploads/2018/08/superman.jpg", "secure_url": "https://www.comingsoon.net/assets/uploads/2018/08/superman.jpg", "width": 800, "height": 450, "alt": "Tyler Hoechlin Returning as CW's Superman for Superhero Crossover with Lois Lane"}}, "article": {"tag": "Tyler Hoechlin", "section": "TV", "published_time": "2018-08-22T15:03:07-06:00"}, "fb": {"app_id": 591106804308618}, "twitter": {"card": "summary_large_image", "description": "Tyler Hoechlin will be returning to The CW as Superman in this year's annual Arrowverse superhero crossover event. The Man of Steel will also be joined by Lois Lane, marking the power couple's DCTV crossover debut.", "title": "Tyler Hoechlin Returning as Superman for Crossover, Lois Lane to Appear", "image": "https://www.comingsoon.net/assets/uploads/2018/08/superman.jpg"}, "generator": "AMP for WP 1.0.66.3", "p": {"domain_verify": "9e8e89391dec86be0ce3b4f89d42189a"}, "google-site-verification": "CoiZhYsfDKzDd_0NewV5MeATmTN6a98ZLT6RU0DCJm4"}, "movies": [], "publish_date": 1534971787.0, "source": "https://www.comingsoon.net", "summary": ""}