{"url": "radaronline.com/exclusives/2018/06/abc-roseanne-barr-is-miserable-and-going-off-the-deep-end-two-weeks-after-firing/", "text": "Click to share on Twitter (Opens in new window)\n\nClick to share on Facebook (Opens in new window)\n\nRoseanne Barr \u2018Miserable\u2019 & Going \u2018Off the Deep End\u2019 Two Weeks After Firing\n\nRoseanne Barr \u2018Miserable\u2019 & Going \u2018Off the Deep End\u2019 Two Weeks After Firing\n\nRoseanne Barr \u2018Miserable\u2019 & Going \u2018Off the Deep End\u2019 Two Weeks After Firing The comedian still has 'no self-awareness' about her racist remarks, says a source.\n\nRoseanne Barr is still devastated two weeks after her racist Twitter rant led to the swift cancellation of her self-titled hit ABC show.\n\nThough she tweeted she\u2019s \u201cfine\u201d on June 13, Barr \u201cis going off the deep end,\u201d a source exclusively told RadarOnline.com, adding the comedienne\u2019s behind-the-scenes meltdown is \u201cworse than Kathy Griffin\u2018s.\u201d\n\nAs Radar reported, CNN ended its deal with Griffin in May 2017 after she held a fake decapitated head resembling that of President Donald Trump. She then had an on-camera meltdown that had her friends and family worried she had become \u201cunhinged.\u201d\n\nAs for Barr, she\u2019s still threatening to release emails of \u201csupport\u201d by ABC and her co-stars, as Radar reported exclusively.\n\n\u201cRoseanne thinks her career is over and she\u2019s never going to work again,\u201d said the insider. \u201cShe\u2019s being told by close friends and family not to release emails.\u201d\n\n\u201cBut others are telling her from a PR perspective that when Kathy went scorched earth she only ended up being exiled for nine months.\u201d\n\nThough she recently tweeted about gaining \u201cinsight\u201d after her offensive tweets, the 65-year-old former TV star doesn\u2019t really understand the gravity of her controversial comments that compared Valerie Jarrett, one of Barack Obama\u2019s top advisers, to an ape.\n\n\u201cShe still has no self-awareness about what she did, and is rationalizing everything,\u201d added the insider.\n\n\u201cShe\u2019s trying to explain that it was all a joke, and she didn\u2019t know it would hit so close to home.\u201d\n\n\u201cShe\u2019s miserable and ranting and raving to friends, who are sick of it.\u201d\n\n\u201cShe\u2019s angry and paralyzed about what to do.\u201d\n\nOn the brighter side for her now unemployed costars, execs are planning a spinoff that will center around Sara Gilbert, who plays Darlene \u2014 Roseanne\u2019s daughter \u2014 on the show.\n\nWe pay for juicy info! Do you have a story for RadarOnline.com? Email us at tips@radaronline.com, or call us at (866) ON-RADAR (667-2327) any time, day or night.", "images": ["https://i0.heartyhosting.com/radaronline.com/wp-content/uploads/2019/03/scandal-bg.jpg?fit=1440%2C210&ssl=1", "https://i0.heartyhosting.com/radaronline.com/wp-content/uploads/2019/03/logo-celebrity-news.png?ssl=1", "https://i0.heartyhosting.com/radaronline.com/wp-content/uploads/2019/03/reality-tv-bg.jpg?fit=1440%2C210&ssl=1", "https://i0.heartyhosting.com/radaronline.com/wp-content/uploads/2019/03/logo-scandal.png?fit=307%2C70&ssl=1", "https://i0.heartyhosting.com/radaronline.com/wp-content/uploads/2019/03/logo-true-crime-b.png?fit=357%2C70&ssl=1", "https://i0.heartyhosting.com/radaronline.com/wp-content/uploads/2019/03/logo-omg.png?fit=188%2C70&ssl=1", "https://i0.heartyhosting.com/radaronline.com/wp-content/uploads/2019/03/celebrity-news-bg.jpg?fit=1440%2C210&ssl=1", "https://i0.heartyhosting.com/radaronline.com/wp-content/uploads/2020/02/KUWTK-Kim-Kardashian-Denies-Booed-Tristan-Thompson-NBA-Game-pp.jpg?w=384&crop=0%2C20px%2C384px%2C215px&resize=384%2C215&ssl=1", "https://i0.heartyhosting.com/radaronline.com/wp-content/uploads/2019/03/logo-fashion-police.png?fit=489%2C70&ssl=1", "https://i0.heartyhosting.com/radaronline.com/wp-content/uploads/2019/03/logo-celebrity-news-b.png?fit=495%2C70&ssl=1", "https://i0.heartyhosting.com/radaronline.com/wp-content/uploads/2018/06/roseanne-barr-\u2018miserable\u2019-going-\u2018off-the-deep-end\u2019-two-weeks-after-firing-pp.jpg?resize=792%2C446&ssl=1", "https://i0.heartyhosting.com/radaronline.com/wp-content/uploads/2020/11/meghan-miscarriage.jpeg?w=384&crop=0%2C20px%2C384px%2C215px&resize=384%2C215&ssl=1", "https://i0.heartyhosting.com/radaronline.com/wp-content/uploads/2019/03/logo-reality-tv.png?fit=370%2C70&ssl=1", "https://i0.heartyhosting.com/radaronline.com/wp-content/uploads/2020/11/bobby-bobby-jrjpeg.jpeg?w=384&crop=0%2C20px%2C384px%2C215px&resize=384%2C215&ssl=1", "https://i0.heartyhosting.com/radaronline.com/wp-content/uploads/2018/06/roseanne-barr-\u2018miserable\u2019-going-\u2018off-the-deep-end\u2019-two-weeks-after-firing-pp.jpg?resize=1200%2C630&ssl=1", "https://radaronline.com/wp-content/themes/vip/am-radaronline/assets/build/images/icons/logo-tag-registered.svg", "https://radaronline.com/wp-content/themes/vip/am-radaronline/assets/build/images/icons/logo-tag-registered-green.svg", "https://i0.heartyhosting.com/radaronline.com/wp-content/uploads/2019/03/true-crime-bg.jpg?fit=1440%2C210&ssl=1", "https://i0.heartyhosting.com/radaronline.com/wp-content/uploads/2019/03/omg-bg.jpg?fit=1440%2C210&ssl=1", "https://i0.heartyhosting.com/radaronline.com/wp-content/uploads/2019/03/fashion-police-bg.jpg?fit=1440%2C210&ssl=1", "https://i0.heartyhosting.com/radaronline.com/wp-content/uploads/2020/11/miley-cyrus-sobriety.jpeg?w=384&crop=0%2C20px%2C384px%2C215px&resize=384%2C215&ssl=1"], "top_img": "https://i0.heartyhosting.com/radaronline.com/wp-content/uploads/2018/06/roseanne-barr-\u2018miserable\u2019-going-\u2018off-the-deep-end\u2019-two-weeks-after-firing-pp.jpg?resize=1200%2C630&ssl=1", "keywords": [], "authors": ["Radar Staff", "June"], "canonical_link": "https://radaronline.com/videos/abc-roseanne-barr-is-miserable-and-going-off-the-deep-end-two-weeks-after-firing/", "title": "Roseanne Barr \u2018Miserable\u2019 & Going \u2018Off the Deep End\u2019 Two Weeks After Firing", "meta_data": {"viewport": "width=device-width, initial-scale=1.0", "fb": {"admins": 593583017, "app_id": 1008772232528225, "pages": 376279216711}, "theme-color": "#ffffff", "google-site-verification": "kONM_PqGX8Za53dFcExSTIIPZxxN_S4QtvDlONzzdA0", "description": "Roseanne Barr is still \u201cranting and raving\u201d to those closest to her that her controversial tweet that led to the cancelation of her ABC show was \u201call a joke.\u201d", "robots": "index, follow, max-snippet:-1, max-image-preview:large, max-video-preview:-1", "og": {"locale": "en_US", "type": "article", "title": "Roseanne Barr \u2018Miserable\u2019 & Going \u2018Off the Deep End\u2019 Two Weeks After Firing", "description": "Roseanne Barr is still \u201cranting and raving\u201d to those closest to her that her controversial tweet that led to the cancelation of her ABC show was \u201call a joke.\u201d", "url": "https://radaronline.com/videos/abc-roseanne-barr-is-miserable-and-going-off-the-deep-end-two-weeks-after-firing/", "site_name": "RadarOnline", "updated_time": "2018-06-14T15:54:06+00:00", "image": {"identifier": "https://i0.heartyhosting.com/radaronline.com/wp-content/uploads/2018/06/roseanne-barr-\u2018miserable\u2019-going-\u2018off-the-deep-end\u2019-two-weeks-after-firing-pp.jpg?resize=1200%2C630&ssl=1", "secure_url": "https://i0.heartyhosting.com/radaronline.com/wp-content/uploads/2018/06/roseanne-barr-\u2018miserable\u2019-going-\u2018off-the-deep-end\u2019-two-weeks-after-firing-pp.jpg?resize=1200%2C630&ssl=1", "width": 1200, "height": 630}}, "article": {"published_time": "2018-06-14T15:54:06+00:00"}, "twitter": {"card": "summary_large_image", "title": "Roseanne Barr \u2018Miserable\u2019 & Going \u2018Off the Deep End\u2019 Two Weeks After Firing", "description": "Roseanne Barr is still \u201cranting and raving\u201d to those closest to her that her controversial tweet that led to the cancelation of her ABC show was \u201call a joke.\u201d", "image": "https://i0.heartyhosting.com/radaronline.com/wp-content/uploads/2018/06/roseanne-barr-\u2018miserable\u2019-going-\u2018off-the-deep-end\u2019-two-weeks-after-firing-pp.jpg?resize=1200%2C630&ssl=1"}, "news_keywords": "Roseanne Barr", "generator": "WordPress 5.5.3"}, "movies": [], "publish_date": 1528991646.0, "source": "http://radaronline.com", "summary": ""}