{"url": "https://ew.com/gallery/law-order-episodes-ripped-headlines/", "text": "Law & Order: Special Victims Unit worked in a reference to Solange and Jay Z's famed 2014 post-Met Ball elevator fight in the beginning of the 16th season. While much of the storyline focused on an athlete who has fallen out of favor, the two performers are worked in with a scene in which the athlete is seen in security footage from an elevator being attacked by one of his female associates after wronging her.", "images": ["https://imagesvc.meredithcorp.io/v3/mm/image?url=https%3A%2F%2Fstatic.onecms.io%2Fwp-content%2Fuploads%2Fsites%2F6%2F2015%2F11%2Fgallery-law-order-jayz.jpg", "https://imagesvc.meredithcorp.io/v3/mm/image?url=https%3A%2F%2Fstatic.onecms.io%2Fwp-content%2Fuploads%2Fsites%2F6%2F2020%2F10%2F07%2FFamily-Halloween-Movies.jpg", "https://imagesvc.meredithcorp.io/v3/mm/image?url=https%3A%2F%2Fstatic.onecms.io%2Fwp-content%2Fuploads%2Fsites%2F6%2F2015%2F11%2Fgallery-law-order-diddy.jpg", "https://imagesvc.meredithcorp.io/v3/mm/image?url=https%3A%2F%2Fstatic.onecms.io%2Fwp-content%2Fuploads%2Fsites%2F6%2F2015%2F11%2Fgallery-law-order-anna-nicole.jpg", "https://imagesvc.meredithcorp.io/v3/mm/image?url=https%3A%2F%2Fstatic.onecms.io%2Fwp-content%2Fuploads%2Fsites%2F6%2F2015%2F11%2Fgallery-law-order-pauladeen.jpg", "https://imagesvc.meredithcorp.io/v3/mm/image?url=https%3A%2F%2Fstatic.onecms.io%2Fwp-content%2Fuploads%2Fsites%2F6%2F2015%2F11%2Fgallery-law-order-michael-jackson.jpg", "https://imagesvc.meredithcorp.io/v3/mm/image?q=85&c=sc&poi=face&w=612&h=320&url=https%3A%2F%2Fstatic.onecms.io%2Fwp-content%2Fuploads%2Fsites%2F6%2F2015%2F11%2Fgallery-law-order-ripped-from-headlines-2.jpg", "data:image/svg+xml,%3Csvg%20xmlns='http://www.w3.org/2000/svg'%20viewBox='0%200%20100%20100'%3E%3C/svg%3E", "data:image/svg+xml,%3Csvg%20xmlns='http://www.w3.org/2000/svg'%20viewBox='0%200%20100%2067'%3E%3C/svg%3E", "https://imagesvc.meredithcorp.io/v3/mm/image?url=https%3A%2F%2Fstatic.onecms.io%2Fwp-content%2Fuploads%2Fsites%2F6%2F2015%2F11%2Fgallery-law-order-duggar.jpg", "https://imagesvc.meredithcorp.io/v3/mm/image?url=https%3A%2F%2Fstatic.onecms.io%2Fwp-content%2Fuploads%2Fsites%2F6%2F2020%2F10%2F12%2Fmockumentaries.jpg", "https://imagesvc.meredithcorp.io/v3/mm/image?url=https%3A%2F%2Fstatic.onecms.io%2Fwp-content%2Fuploads%2Fsites%2F6%2F2015%2F11%2Fgallery-law-order-mel-gibson.jpg", "https://imagesvc.meredithcorp.io/v3/mm/image?url=https%3A%2F%2Fstatic.onecms.io%2Fwp-content%2Fuploads%2Fsites%2F6%2F2020%2F10%2F20%2FGettyImages-1027748034.jpg", "https://imagesvc.meredithcorp.io/v3/mm/image?url=https%3A%2F%2Fstatic.onecms.io%2Fwp-content%2Fuploads%2Fsites%2F6%2F2015%2F11%2Fgallery-law-order-casey-anthony.jpg", "https://imagesvc.meredithcorp.io/v3/mm/image?url=https%3A%2F%2Fstatic.onecms.io%2Fwp-content%2Fuploads%2Fsites%2F6%2F2015%2F11%2Fgallery-law-order-durst.jpg", "https://imagesvc.meredithcorp.io/v3/mm/image?url=https%3A%2F%2Fstatic.onecms.io%2Fwp-content%2Fuploads%2Fsites%2F6%2F2015%2F11%2Fgallery-law-order-cobain.jpg", "https://imagesvc.meredithcorp.io/v3/mm/image?url=https%3A%2F%2Fstatic.onecms.io%2Fwp-content%2Fuploads%2Fsites%2F6%2F2015%2F11%2Fgallery-law-order-ripped-from-headlines-2.jpg", "https://imagesvc.meredithcorp.io/v3/mm/image?url=https%3A%2F%2Fstatic.onecms.io%2Fwp-content%2Fuploads%2Fsites%2F6%2F2015%2F11%2Fgallery-law-order-jonbenet.jpg", "https://imagesvc.meredithcorp.io/v3/mm/image?url=https%3A%2F%2Fstatic.onecms.io%2Fwp-content%2Fuploads%2Fsites%2F6%2F2015%2F11%2Fgallery-law-order-chris-brown.jpg"], "top_img": "https://imagesvc.meredithcorp.io/v3/mm/image?q=85&c=sc&poi=face&w=612&h=320&url=https%3A%2F%2Fstatic.onecms.io%2Fwp-content%2Fuploads%2Fsites%2F6%2F2015%2F11%2Fgallery-law-order-ripped-from-headlines-2.jpg", "keywords": [], "authors": ["Madeline Boardman"], "canonical_link": "https://ew.com/gallery/law-order-episodes-ripped-headlines/", "title": "12 \u2018Law & Order\u2019 Episodes Ripped From the Headlines", "meta_data": {"viewport": "width=device-width, initial-scale=1", "keywords": "entertainment, entertainment news, ew, entertainment weekly", "news_keywords": "entertainment, entertainment news, ew, entertainment weekly", "description": "12 \u2018Law & Order\u2019 Episodes Ripped From the Headlines", "og": {"title": "12 \u2018Law & Order\u2019 Episodes Ripped From the Headlines", "type": "article", "site_name": "EW.com", "url": "https://ew.com/gallery/law-order-episodes-ripped-headlines/", "description": "12 \u2018Law & Order\u2019 Episodes Ripped From the Headlines", "image": {"identifier": "https://imagesvc.meredithcorp.io/v3/mm/image?q=85&c=sc&poi=face&w=612&h=320&url=https%3A%2F%2Fstatic.onecms.io%2Fwp-content%2Fuploads%2Fsites%2F6%2F2015%2F11%2Fgallery-law-order-ripped-from-headlines-2.jpg", "width": 612, "height": 320}}, "pinterest": {"url": "https://ew.com/gallery/law-order-episodes-ripped-headlines/", "description": "12 \u2018Law & Order\u2019 Episodes Ripped From the Headlines", "media": "https://imagesvc.meredithcorp.io/v3/mm/image?url=https%3A%2F%2Fstatic.onecms.io%2Fwp-content%2Fuploads%2Fsites%2F6%2F2015%2F11%2Fgallery-law-order-ripped-from-headlines-2.jpg"}, "twitter": {"card": "summary_large_image", "url": "https://ew.com/gallery/law-order-episodes-ripped-headlines/", "title": "12 \u2018Law & Order\u2019 Episodes Ripped From the Headlines", "description": "12 \u2018Law & Order\u2019 Episodes Ripped From the Headlines", "site": "@ew", "image": "https://imagesvc.meredithcorp.io/v3/mm/image?q=85&c=sc&poi=face&w=612&h=320&url=https%3A%2F%2Fstatic.onecms.io%2Fwp-content%2Fuploads%2Fsites%2F6%2F2015%2F11%2Fgallery-law-order-ripped-from-headlines-2.jpg"}, "robots": "max-image-preview:large", "fb": {"app_id": 2485718348341688, "pages": 52150999700}, "article": {"opinion": "false"}, "url": "https://ew.com/gallery/law-order-episodes-ripped-headlines/"}, "movies": [], "publish_date": null, "source": "https://ew.com", "summary": ""}