{"url": "https://web.archive.org/web/20100814005827/http://twitter.com/JimDeMint/status/10288400197", "text": "House Appropriations Chair David Obey's partial earmark ban wouldn't apply to 90% of earmarks. That's a fig leaf, not real reform.", "images": ["https://web.archive.org/web/20100814005827im_/http://a0.twimg.com/a/1281738360/images/twitter_logo_header.png", "https://web.archive.org/web/20100814005827im_/http://a0.twimg.com/a/1281738360/images/loader.gif", "https://web.archive.org/web/20100814005827im_/http://a1.twimg.com/a/1281738360/images/favicon.ico", "https://web.archive.org/web/20100814005827im_/http://a0.twimg.com/profile_images/76393160/jimdemint_bigger.jpg"], "top_img": "https://web.archive.org/web/20100814005827im_/http://a1.twimg.com/a/1281738360/images/favicon.ico", "keywords": [], "authors": [], "canonical_link": "", "title": "Jim DeMint: House Appropriations Chair ...", "meta_data": {"description": "House Appropriations Chair David Obey's partial earmark ban wouldn't apply to 90% of earmarks. That's a fig leaf, not real reform.", "viewport": "width = 780", "verify-v1": "4FTTxY4uvo0RZTMQqIyhh18HsepyJOctQ+XTOu1zsfE=", "page": 1, "robots": "NOODP", "session-loggedin": "n", "page-user-screen_name": "JimDeMint"}, "movies": [], "publish_date": null, "source": "https://web.archive.org", "summary": ""}