{"url": "https://www.nytimes.com/2017/09/12/fashion/jewelry-jennifer-meyer-los-angeles.html", "text": "Although Jennifer Meyer\u2019s jewelry collection is among the top-selling brands at Barneys New York, cynics might be tempted to dismiss the designer as an \u201cIt girl\u201d who benefits from the regular appearance of celebrity friends like Kate Hudson and Gwyneth Paltrow on her Instagram feed.\n\nThen there\u2019s the fact that her father is Ron Meyer, vice chairman of NBCUniversal, and her husband, from whom she separated last year, is Tobey Maguire (\u201cSpider-Man\u201d).\u201d But Ms. Meyer, 40, has built her business since 2005 by focusing on something that\u2019s resonated with customers: delicate jewelry that is feminine and casual enough to wear every day.\n\n\u201cThis is not a spoiled Hollywood child,\u201d said Ms. Paltrow, who has been friends with Ms. Meyer for a decade. \u201cThis is a completely industrious, hardworking woman who\u2019s not leveraging anything that she was born with, other than her talent.\u201d\n\nMs. Meyer\u2019s simple 18-karat gold pieces often use motifs that are whimsical or talisman-like. Charms in the shape of wishbones and four-leaf clovers that dangle from a slender chain are best sellers, as are a variety of items adorned with a large heart.", "images": ["https://static01.nyt.com/images/2017/09/12/fashion/12meyer-inyt1/12meyer-inyt1-facebookJumbo.jpg?year=2017&h=550&w=1050&sig=0x96cca92d31f9aa2206071f2d0e745180", "https://static01.nyt.com/images/2017/09/12/fashion/12meyer-inyt1/12meyer-inyt1-articleLarge.jpg?quality=75&auto=webp&disable=upscale", "https://static01.nyt.com/images/2017/09/12/fashion/12meyer-inyt2/12meyer-inyt2-articleLarge.jpg?quality=75&auto=webp&disable=upscale"], "top_img": "https://static01.nyt.com/images/2017/09/12/fashion/12meyer-inyt1/12meyer-inyt1-facebookJumbo.jpg?year=2017&h=550&w=1050&sig=0x96cca92d31f9aa2206071f2d0e745180", "keywords": [], "authors": ["Rachel Felder"], "canonical_link": "https://www.nytimes.com/2017/09/12/fashion/jewelry-jennifer-meyer-los-angeles.html", "title": "Jennifer Meyer\u2019s Goal? \u2018Jewelry You Wear All the Time\u2019", "meta_data": {"article": {"published_time": "2017-09-12T08:47:40.000Z", "modified_time": "2017-09-12T08:47:40.000Z", "section": "Fashion", "tag": "Los Angeles (Calif)", "opinion": "false", "content_tier": "metered"}, "robots": "noarchive", "articleid": 100000005368453, "nyt_uri": "nyt://article/62c45c9a-e343-5a64-bc92-c95f95045fa6", "pubp_event_id": "pubp://event/80619c053bfe44da8de2abde5e1960a9", "description": "Since 2005 the Los Angeles resident has been designing gold pieces that are simple and small \u2014 and that sell.", "image": "https://static01.nyt.com/images/2017/09/12/fashion/12meyer-inyt1/12meyer-inyt1-facebookJumbo.jpg?year=2017&h=550&w=1050&sig=0x96cca92d31f9aa2206071f2d0e745180", "byl": "By Rachel Felder", "thumbnail": "https://static01.nyt.com/images/2017/09/12/fashion/12meyer-inyt1/12meyer-inyt1-thumbStandard.jpg", "news_keywords": "Jewelry,Jennifer Meyer,Los Angeles", "pdate": 20170912, "og": {"url": "https://www.nytimes.com/2017/09/12/fashion/jewelry-jennifer-meyer-los-angeles.html", "type": "article", "title": "Jennifer Meyer\u2019s Goal? \u2018Jewelry You Wear All the Time\u2019 (Published 2017)", "image": {"identifier": "https://static01.nyt.com/images/2017/09/12/fashion/12meyer-inyt1/12meyer-inyt1-facebookJumbo.jpg?year=2017&h=550&w=1050&sig=0x96cca92d31f9aa2206071f2d0e745180", "alt": "The designer Jennifer Meyer posing in some of her own jewelry creations at her Los Angeles home."}, "description": "Since 2005 the Los Angeles resident has been designing gold pieces that are simple and small \u2014 and that sell."}, "twitter": {"url": "https://www.nytimes.com/2017/09/12/fashion/jewelry-jennifer-meyer-los-angeles.html", "title": "Jennifer Meyer\u2019s Goal? \u2018Jewelry You Wear All the Time\u2019 (Published 2017)", "description": "Since 2005 the Los Angeles resident has been designing gold pieces that are simple and small \u2014 and that sell.", "image": {"identifier": "https://static01.nyt.com/images/2017/09/12/fashion/12meyer-inyt1/12meyer-inyt1-videoSixteenByNineJumbo1600.jpg?year=2017&h=901&w=1600&sig=0x952afdcc4057b6aa01d36975202269e7&tw=1", "alt": "The designer Jennifer Meyer posing in some of her own jewelry creations at her Los Angeles home."}, "card": "summary_large_image", "app": {"name": {"googleplay": "NYTimes"}, "id": {"googleplay": "com.nytimes.android"}, "url": {"googleplay": "nyt://article/62c45c9a-e343-5a64-bc92-c95f95045fa6"}}, "site": "@nytimes"}, "CG": "fashion", "CN": "jewelry", "CT": "spotlight", "PT": "article", "PST": "News", "url": "https://www.nytimes.com/2017/09/12/fashion/jewelry-jennifer-meyer-los-angeles.html", "msapplication-starturl": "https://www.nytimes.com", "al": {"android": {"url": "nyt://article/62c45c9a-e343-5a64-bc92-c95f95045fa6", "package": "com.nytimes.android", "app_name": "NYTimes"}, "iphone": {"url": "nytimes://www.nytimes.com/2017/09/12/fashion/jewelry-jennifer-meyer-los-angeles.html", "app_store_id": 284862083, "app_name": "NYTimes"}, "ipad": {"url": "nytimes://www.nytimes.com/2017/09/12/fashion/jewelry-jennifer-meyer-los-angeles.html", "app_store_id": 357066198, "app_name": "NYTimes"}}, "viewport": "width=device-width, initial-scale=1", "fb": {"app_id": 9869919170}}, "movies": [], "publish_date": 1505167200.0, "source": "https://www.nytimes.com", "summary": ""}