{"url": "https://web.archive.org/web/20180517003239/http://www.newscrane.com:80/nicole-kidman-leaving-keith-urban-met-with-lawyer-katie-holmes-used-in-tom-cruise-divorce/", "text": "Nicole Kidman Leaving Keith Urban-Met With Lawyer Katie Holmes Used In Tom Cruise Divorce?\n\n\u201c Nicole Kidman Leaving Keith Urban- Met With Lawyer Katie Holmes Used In Tom Cruise Divorce \u201d?:\u2018 Nicole Kidman \u2019 did not meet with lawyer who represented Katie Holmes in her divorce from Tom Cruise, despite a false tabloid report claiming the actress is ready to leave her husband \u2018 Keith Urban \u2019. Gossip Cop can unleash this statement exclusively. A representative of the actress tells us it\u2019s made.\n\nAccording to Women\u2019s Day, the actress recently met with Jonathan Wolfe, the high profile lawyer who helped Holmes get custody of his daughter Suri in 2012. The so-called \u201csource\u201d tells the magazine that Kidman has not officially requested divorce papers. Of Wolfe, but she consulted with him \u201cto know where she was\u201d should decide to end her marriage.\n\n\u201c Nicole Kidman Leaving Keith Urban- Met With Lawyer Katie Holmes \u201d?:The store\u2019s questionable source says, \u201c Nicole \u201d was extremely impressed with how Katie\u2019s divorce and custody battle was handled, and she really liked Jonathan. She feels confident that he could help her win, no matter how unpleasant she may be. \u201cThe supposed person said that the couple\u2019s friends are\u201d expecting them to be able to solve \u201ctheir problems, but a separation may be on the horizon.\n\n\u201c Nicole Kidman Leaving Keith Urban \u201d?: The unreliable tabloid hides behind an anonymous informant, but Kidman\u2019s spokesman tells Gossip Cop that there is no truth in the story. We\u2019re told the couple\u2019s marriage is strong. It is also important to note, the publication never bothered to mention the implications of Kidman and Urban\u2019s alleged marital problems. They are said to \u201cfight constantly,\u201d but the seemingly imaginary source gives no further details.\n\nLast month, People published an article detailing \u201cKidman\u201d and \u2018 Urban\u2019s\u2019 \u201csecrets to a healthy and enduring relationship.\u201d The story was based on a handful of recent interviews in which the 12-year-old spouses talked about maintaining a strong bond. Just three weeks ago, for example, Urban talked about his wife and children during a SXWS panel.", "images": ["https://web.archive.org/web/20180517003239im_/http://www.newscrane.com/wp-content/uploads/2018/04/Newscrane-Int.-2-280x300.jpg", "https://web.archive.org/web/20180517003239im_/http://www.newscrane.com/wp-content/uploads/2018/04/Newscrane-Int-feature.jpg", "https://web.archive.org/web/20180517003239im_/http://www.newscrane.com/wp-content/uploads/2018/04/Newscrane-Ent.Feat_-265x198.jpg", "https://web.archive.org/web/20180517003239im_/http://1.gravatar.com/avatar/d665b7d42b8a2f3ce70e085f0b86823c?s=96&d=mm&r=g", "https://web.archive.org/web/20180517003239im_/http://www.newscrane.com/wp-content/uploads/2018/04/Newscrane-Tom-Feat-696x348-1-265x198.jpg", "https://web.archive.org/web/20180517003239im_/http://1.gravatar.com/avatar/?s=80&d=mm&r=g", "https://web.archive.org/web/20180517003239im_/http://www.newscrane.com/wp-content/uploads/2018/04/Newscrane-Int.-1-696x549-1.png", "https://web.archive.org/web/20180517003239im_/http://www.newscrane.com/wp-content/uploads/2018/04/Newscrane-Ent-Feat-265x198.jpg", "https://web.archive.org/web/20180517003239im_/http://www.newscrane.com/wp-content/uploads/2018/04/Newscrane-Int.-3.jpg", "https://web.archive.org/web/20180517003239im_/http://www.newscrane.com/wp-content/uploads/2017/08/Newscrane-logo-300x153.png", "https://web.archive.org/web/20180517003239im_/http://www.newscrane.com/wp-content/uploads/2017/10/Favicon.jpg"], "top_img": "https://web.archive.org/web/20180517003239im_/http://www.newscrane.com/wp-content/uploads/2018/04/Newscrane-Int.-1-696x549-1.png", "keywords": [], "authors": ["Please Enter Your Name Here"], "canonical_link": "https://web.archive.org/web/20180517003239/http://www.newscrane.com/nicole-kidman-leaving-keith-urban-met-with-lawyer-katie-holmes-used-in-tom-cruise-divorce/", "title": "Nicole Kidman Leaving Keith Urban-Met With Lawyer Katie Holmes Used In Tom Cruise Divorce?", "meta_data": {"viewport": "width=device-width, initial-scale=1.0", "og": {"image": {"identifier": "https://web.archive.org/web/20180517003239im_/http://www.newscrane.com/wp-content/uploads/2018/04/Newscrane-Int.-1-696x549-1.png", "width": 659, "height": 429, "alt": "Nicole Kidman and Tom Cruise Divorce"}, "locale": "en_US", "type": "article", "title": "Nicole Kidman Leaving Keith Urban-Met With Lawyer Katie Holmes Used In Tom Cruise Divorce?", "description": "\u2018Nicole Kidman\u2019 did not meet with lawyer who represented Katie Holmes in her divorce from Tom Cruise, despite a false tabloid report claiming the actress is ready to leave her husband \u2018Keith Urban\u2019", "url": "https://web.archive.org/web/20180517003239/http://www.newscrane.com/nicole-kidman-leaving-keith-urban-met-with-lawyer-katie-holmes-used-in-tom-cruise-divorce/", "site_name": "Newscrane is a store of all News,Electronics,Entertainment,World,Tour,Business,sports,Movies,Education, Insurance,Fashion,Cars & many more.", "updated_time": "2018-04-10T11:13:28+00:00"}, "author": "Newscrane", "description": "\u2018Nicole Kidman\u2019 did not meet with lawyer who represented Katie Holmes in her divorce from Tom Cruise, despite a false tabloid report claiming the actress is ready to leave her husband \u2018Keith Urban\u2019", "article": {"tag": "Tom Cruise News", "section": "Entertainment", "published_time": "2018-04-09T06:16:58+00:00", "modified_time": "2018-04-10T11:13:28+00:00"}, "twitter": {"card": "summary", "description": "\u2018Nicole Kidman\u2019 did not meet with lawyer who represented Katie Holmes in her divorce from Tom Cruise, despite a false tabloid report claiming the actress is ready to leave her husband \u2018Keith Urban\u2019", "title": "Nicole Kidman Leaving Keith Urban-Met With Lawyer Katie Holmes Used In Tom Cruise Divorce?", "image": "https://web.archive.org/web/20180517003239im_/http://www.newscrane.com/wp-content/uploads/2018/04/Newscrane-Int.-1-696x549-1.png"}, "generator": "WordPress 4.9.5", "msapplication-TileImage": "http://www.newscrane.com/wp-content/uploads/2017/10/Favicon.jpg"}, "movies": [], "publish_date": 1523254618.0, "source": "https://web.archive.org", "summary": ""}