{"url": "https://www.cosmopolitan.com/lifestyle/g19854910/famous-royal-family-scandals/", "text": "Princess Margaret and Peter Townsend\u2019s affair\n\nAs chronicled on Season 1 of The Crown, Queen Elizabeth II\u2019s younger sister, Princess Margaret, fell in love with a divorced man 16 years her senior named Peter Townsend, who also happened to be a royal equerry. The government ultimately refused to allow Margaret to marry him unless she gave up her royal privileges. She chose the privileges. \"I would like it to be known that I have decided not to marry Group Captain Peter Townsend,\" she said in a statement in 1955. \"I have been aware that, subject to my renouncing my rights of succession, it might have been possible for me to contract a civil marriage. But, mindful of the Church's teaching that Christian marriage is indissoluble, and conscious of my duty to the Commonwealth, I have decided to put these considerations before any others.\"", "images": ["https://hips.hearstapps.com/hmg-prod.s3.amazonaws.com/images/royal-family-scandals-1524501151.jpg?crop=1.00xw:1.00xh;0,0&resize=1200:*", "https://hips.hearstapps.com/hmg-prod.s3.amazonaws.com/images/diana-charles-camilla-1524177687.jpg?crop=1xw:1xh;center,top&resize=480:*", "https://hips.hearstapps.com/hmg-prod.s3.amazonaws.com/images/1-gettyimages-113917770-1524090567.jpg?crop=1.00xw:0.978xh;0,0.0222xh&resize=480:*", "data:image/gif;base64,R0lGODlhAQABAIAAAAAAAP///yH5BAEAAAAALAAAAAABAAEAAAIBRAA7", "https://hips.hearstapps.com/hmg-prod.s3.amazonaws.com/images/marg-1514562750.jpg?crop=1xw:1xh;center,top&resize=480:*"], "top_img": "https://hips.hearstapps.com/hmg-prod.s3.amazonaws.com/images/royal-family-scandals-1524501151.jpg?crop=1.00xw:1.00xh;0,0&resize=1200:*", "keywords": [], "authors": ["Gregory E. Miller"], "canonical_link": "https://www.cosmopolitan.com/lifestyle/g19854910/famous-royal-family-scandals/", "title": "The 30 Biggest Royal Family Scandals of All Time", "meta_data": {"x-ua-compatible": "IE=edge,chrome=1", "viewport": "width=device-width,initial-scale=1,maximum-scale=6", "msapplication-tap-highlight": "no", "theme-color": "#EC008C", "og": {"type": "article", "site_name": "Cosmopolitan", "title": "The 30 Biggest Royal Family Scandals of All Time", "description": "Forbidden romances, bloody battles, and more.", "url": "https://www.cosmopolitan.com/lifestyle/g19854910/famous-royal-family-scandals/", "image": {"identifier": "https://hips.hearstapps.com/hmg-prod.s3.amazonaws.com/images/royal-family-scandals-1524501151.jpg?crop=1.00xw:1.00xh;0,0&resize=1200:*", "width": 1200, "height": 600}}, "fb": {"app_id": 162305873819997, "pages": 8358247707}, "article": {"publisher": "https://facebook.com/Cosmopolitan", "modified_time": "2018-04-23 05:45:26", "published_time": "2018-04-23 04:55:00", "section": "Lifestyle", "opinion": "false"}, "twitter": {"site": "@Cosmopolitan", "card": "summary_large_image", "image": "https://hips.hearstapps.com/hmg-prod.s3.amazonaws.com/images/royal-family-scandals-1524501151.jpg?crop=1.00xw:1.00xh;0,0&resize=640:*"}, "google-site-verification": "9QqScyr6oRc1iBU6yEjb9Ww8aQvv8v-cCm0TKu2J2iw", "title": "The 30 Biggest Royal Family Scandals of All Time", "description": "From forbidden romances to bloody battles, these are 30 of the biggest controversies in British royal family history.", "auto-publish": "timely", "thumbnail": "https://hips.hearstapps.com/hmg-prod.s3.amazonaws.com/images/royal-family-scandals-1524501151.jpg?crop=0.500xw:1.00xh;0.0881xw,0&resize=320:*", "sailthru.contenttype": "gallery", "sailthru.tags": "Lifestyle,lifestyle", "sailthru.date": "2018-04-23T16:55:00Z", "sailthru.image.full": "https://hips.hearstapps.com/hmg-prod.s3.amazonaws.com/images/royal-family-scandals-1524501151.jpg?crop=1.00xw:1.00xh;0,0", "sailthru.image.thumb": "https://hips.hearstapps.com/hmg-prod.s3.amazonaws.com/images/royal-family-scandals-1524501151.jpg?crop=0.500xw:1.00xh;0.0881xw,0", "sailthru.socialtitle": "The 30 Biggest Royal Family Scandals of All Time", "sailthru.excerpt": "From forbidden romances to bloody battles for the throne, nobody does scandals quite like the royals. Here, take a trip back through time for 30 of the biggest controversies in British history."}, "movies": [], "publish_date": 1524452100.0, "source": "https://www.cosmopolitan.com", "summary": ""}