{"url": "www.iheart.com/content/2017-03-30-is-demi-lovato-upset-about-meghan-trainor-performing-the-smurfs-movie-song/", "text": "", "images": ["https://i.iheart.com/v3/re/new_assets/58dd4946b987b5f762c970d9"], "top_img": "https://i.iheart.com/v3/re/new_assets/58dd4946b987b5f762c970d9", "keywords": [], "authors": ["Andrew Shuster"], "canonical_link": "//www.iheart.com/content/2017-03-30-is-demi-lovato-upset-about-meghan-trainor-performing-the-smurfs-movie-song/", "title": "Is Demi Lovato Upset About Meghan Trainor Performing The 'Smurfs' Movie Song?", "meta_data": {"viewport": "width=device-width, initial-scale=1, maximum-scale=1.0, user-scalable=no", "mobile-web-app-capable": "yes", "theme-color": "#C6002B", "description": "Lovato is reportedly furious about being snubbed to sing for the film's soundtrack | iHeartRadio", "fb": {"app_id": 121897277851831, "pages": 55354819171}, "og": {"type": "article", "image": "https://i.iheart.com/v3/re/new_assets/58dd4946b987b5f762c970d9", "description": "Lovato is reportedly furious about being snubbed to sing for the film's soundtrack | iHeartRadio", "url": "https://www.iheart.com/content/2017-03-30-is-demi-lovato-upset-about-meghan-trainor-performing-the-smurfs-movie-song/", "site_name": "iHeartRadio", "title": "Is Demi Lovato Upset About Meghan Trainor Performing The 'Smurfs' Movie Song? | iHeartRadio"}, "thumbnail": "https://i.iheart.com/v3/re/new_assets/58dd4946b987b5f762c970d9", "twitter": {"image": {"identifier": "https://i.iheart.com/v3/re/new_assets/58dd4946b987b5f762c970d9", "src": "https://i.iheart.com/v3/re/new_assets/58dd4946b987b5f762c970d9"}, "description": "Lovato is reportedly furious about being snubbed to sing for the film's soundtrack | iHeartRadio", "url": "https://www.iheart.com/content/2017-03-30-is-demi-lovato-upset-about-meghan-trainor-performing-the-smurfs-movie-song/", "app": {"name": {"iphone": "iHeartRadio", "ipad": "iHeartRadio", "googleplay": "iHeartRadio"}, "id": {"iphone": 290638154, "ipad": 290638154, "googleplay": "com.clearchannel.iheartradio.controller"}}, "creator": "@iHeartRadio", "site": "@iHeartRadio", "card": "summary_large_image", "domain": "iheart.com", "title": "Is Demi Lovato Upset About Meghan Trainor Performing The 'Smurfs' Movie Song? | iHeartRadio"}, "al": {"android": {"app_name": "iHeartRadio", "package": "com.clearchannel.iheartradio.controller"}, "ios": {"app_name": "iHeartRadio", "app_store_id": 290638154}}, "keywords": "Is Demi Lovato Upset About Meghan Trainor Performing The 'Smurfs' Movie Song?, is, demi, lovato, upset, about, meghan, trainor, performing, the, 'smurfs', movie, song?", "parsely-author": "Andrew Shuster", "parsely-image-url": "https://i.iheart.com/v3/re/new_assets/58dd4946b987b5f762c970d9", "parsely-link": "http://www.iheart.com/content/2017-03-30-is-demi-lovato-upset-about-meghan-trainor-performing-the-smurfs-movie-song/", "parsely-pub-date": "2017-03-30T17:50:00.000Z", "parsely-section": "trending-pop", "parsely-tags": "Demi Lovato (42340)", "parsely-title": "Is Demi Lovato Upset About Meghan Trainor Performing The 'Smurfs' Movie Song?", "parsely-type": "post"}, "movies": [], "publish_date": 1490824800.0, "source": "http://www.iheart.com", "summary": ""}