{"url": "https://article.wn.com/view/2017/04/10/FactChecking_Feud_Bette_and_Joan_Episode_6_Did_Joan_Crawford/", "text": "", "images": ["https://ecdn4.wn.com/or/assets/assets/wn/img/logo.png", "https://ecdn6.wn.com/ph/img/ec/1e/7f5b8e460d5708dcf59f2acaba69-medium.jpg", "https://ecdn3.wn.com/ph/img/e0/3e/9095187b0b2e7e61dda37ed455af-medium.jpg", "https://ecdn6.wn.com/ph/img/7b/04/4ce354eb2460ba71c26e94b4e5e7-medium.jpg", "https://ecdn7.wn.com/ph/img/f2/92/44415cdee1eb47113bcd2affc901-medium.jpg", "https://ecdn0.wn.com/ph/img/63/d3/dd779849de7e241161790b817c84-medium.jpg", "https://ecdn1.wn.com/ph/img/8c/8f/3c47c3a76cace82389fab66706f7-medium.jpg", "https://ecdn4.wn.com/ph/img/f1/5a/a14f2b4e44b7da5397274eee051d-medium.jpg", "https://ecdn8.wn.com/ph/img/99/ad/11c59fb2683f698cc608f357a28b-medium.jpg", "https://ecdn7.wn.com/ph/img/e2/6f/386d99d154b0a95854c1f2fd557b-medium.jpg", "https://ecdn9.wn.com/ph/img/a6/62/613a1a31e2e63bc027ae7d3f08df-medium.jpg", "https://ecdn8.wn.com/ph/img/f6/c3/8d8905b747ca07ca5c85b848c978-medium.jpg", "https://ecdn6.wn.com/ph/img/95/29/4528fec66520c701f862429c3267-medium.jpg", "https://ecdn0.wn.com/st/favicon-20131209.ico", "https://ecdn4.wn.com/ph/img/fc/70/b19452e3836ce3c4a6706b7f639f-medium.jpg", "https://ecdn0.wn.com/ph/img/b9/a0/fa5b5a51e5482bd1348f23797ea1-medium.jpg"], "top_img": "https://ecdn0.wn.com/st/favicon-20131209.ico", "keywords": [], "authors": [], "canonical_link": "https://article.wn.com/view/2017/04/10/FactChecking_Feud_Bette_and_Joan_Episode_6_Did_Joan_Crawford/", "title": "Fact-Checking Feud: Bette and Joan Episode 6: Did Joan Crawford Have a Secret Porn Past?!", "meta_data": {"referrer": "no-referrer-when-downgrade", "viewport": "width=device-width, initial-scale=1, maximum-scale=1, minimum-scale=1, user-scalable=no", "keywords": "checking fact feud showbiz", "description": "Move over, Baby Jane, Cousin Charlotte is taking over Feud: Bette and Joan. Though the FX hit has already showed viewers the filming and awards season campaign for Whatever Happened to... ...", "twitter": {"card": "summary_large_image", "site": "@worldnewsdotcom", "title": "Fact-Checking Feud: Bette and Joan Episode 6: Did Joan Crawford Have a Secret Porn Past?!"}, "og": {"title": "Fact-Checking Feud: Bette and Joan Episode 6: Did Joan Crawford Have a Secret Porn Past?!", "url": "https://article.wn.com/view/2017/04/10/FactChecking_Feud_Bette_and_Joan_Episode_6_Did_Joan_Crawford/"}}, "movies": [], "publish_date": 1491775200.0, "source": "https://article.wn.com", "summary": ""}