{"url": "www.aceshowbiz.com/news/view/00106836.html", "text": "Celebrity\n\nThe wife of Kanye West 'looks like a new woman' as she has 'lost way too much butt and too much boob,' an insider reveals.\n\nMar 13, 2017\n\nAceShowbiz - Kim Kardashian has sparked butt and breast reduction surgery speculations. MediaTakeOut is the first to claim that the 36-year-old \"Keeping Up with the Kardashians\" star has gone under the knife as she \"looks like a new woman.\"\n\nThe news outlet notes that the mother of Saint and North says her weight loss is \"through dieting... But many are whispering that she appears to have undergone butt and breast reduction surgery.\" Citing an insider, the news outlet says, \"She lost way too much butt and too much boob. I don't think that was through diet alone.\"\n\nMTO has neither given any proof nor cited any reliable source close to Kim. However, Gossip Cop has assured fans that the report made by MTO is not true. Citing a rep for the wife of Kanye West, the site has confirmed that all of the above claims are 100|percent| \"not true.\"\n\nIt's not the first time Kim's said to have undergone butt and breast reduction surgery. Late last year, the stunning socialite sparked butt reduction speculations as her famous backside looked smaller. At the time, it was also MTO that first claimed, \"Kim used her time away from the media to undergo a controversial BOOTY REDUCTION surgery.\"", "images": ["http://www.aceshowbiz.com/display/images/160x117/2020/11/24/00162957.jpg", "http://www.aceshowbiz.com/display/images/90x60/2020/11/23/00162898.jpg", "https://www.aceshowbiz.com/images/news/kim-kardashian-undergone-butt-and-breast-reduction-surgery.jpg", "http://www.aceshowbiz.com/display/images/160x117/2020/11/26/00163024.jpg", "http://www.aceshowbiz.com/display/images/160x117/2020/11/24/00162939.jpg", "http://www.aceshowbiz.com/display/images/160x117/2020/11/25/00162986.jpg", "http://www.aceshowbiz.com/display/images/160x117/2020/11/25/00162982.jpg", "http://www.aceshowbiz.com/display/images/90x60/2020/11/13/00162466.jpg", "http://www.aceshowbiz.com/display/images/160x117/2020/11/26/00163015.jpg", "http://www.aceshowbiz.com/display/images/160x117/2020/11/25/00162990.jpg", "http://www.aceshowbiz.com/display/images/160x117/2020/11/25/00162960.jpg", "http://www.aceshowbiz.com/display/images/90x60/2020/11/25/00162960.jpg", "http://www.aceshowbiz.com/display/images/300x400/2020/11/24/00162933.jpg", "http://www.aceshowbiz.com/display/images/90x60/2020/11/11/00162389.jpg", "http://www.aceshowbiz.com/display/images/160x117/2020/11/26/00163012.jpg", "http://www.aceshowbiz.com/display/images/160x117/2020/11/24/00162922.jpg", "http://www.aceshowbiz.com/display/images/160x117/2020/11/26/00163030.jpg", "http://www.aceshowbiz.com/assets/img/logo.png", "http://www.aceshowbiz.com/images/news/kim-kardashian-undergone-butt-and-breast-reduction-surgery.jpg", "http://www.aceshowbiz.com/display/images/160x117/2020/11/24/00162945.jpg"], "top_img": "https://www.aceshowbiz.com/images/news/kim-kardashian-undergone-butt-and-breast-reduction-surgery.jpg", "keywords": [], "authors": [], "canonical_link": "https://www.aceshowbiz.com/news/view/00106836.html", "title": "Has Kim Kardashian Undergone Butt and Breast Reduction Surgery?", "meta_data": {"description": "The wife of Kanye West  'looks like a new woman' as she has 'lost way too much butt and too much boob,' an insider reveals.", "viewport": "width=device-width, initial-scale=1", "fb": {"app_id": 320088948016615}, "og": {"title": "Has Kim Kardashian Undergone Butt and Breast Reduction Surgery?", "type": "article", "url": "https://www.aceshowbiz.com/news/view/00106836.html", "image": {"identifier": "https://www.aceshowbiz.com/images/news/kim-kardashian-undergone-butt-and-breast-reduction-surgery.jpg", "alt": "Has Kim Kardashian Undergone Butt and Breast Reduction Surgery?"}, "site_name": "AceShowbiz", "description": "The wife of Kanye West  'looks like a new woman' as she has 'lost way too much butt and too much boob,' an insider reveals."}, "twitter": {"title": "Has Kim Kardashian Undergone Butt and Breast Reduction Surgery?", "description": "The wife of Kanye West  'looks like a new woman' as she has 'lost way too much butt and too much boob,' an insider reveals.", "image": "https://www.aceshowbiz.com/images/news/kim-kardashian-undergone-butt-and-breast-reduction-surgery.jpg", "card": "summary_large_image", "site": "@aceshowbiz", "creator": "@aceshowbiz", "domain": "aceshowbiz.com"}, "robots": "index, follow", "Googlebot-news": "index, follow", "apple-mobile-web-app-capable": "yes", "apple-mobile-web-app-status-bar-style": "black", "theme-color": "#5F256F"}, "movies": [], "publish_date": null, "source": "http://www.aceshowbiz.com", "summary": ""}