{"url": "https://www.usatoday.com/story/life/entertainthis/2017/04/13/jimmy-kimmel-stop-celebrity-promposals-emma-stone/100408934/", "text": "Jimmy Kimmel wants to stop celebrity promposals: 'It's creepy'\n\nKelly Lawler | USA TODAY\n\nJimmy Kimmel doesn't mind taking time out of his show to lecture a few teenagers.\n\nThe late night host spent a portion of his Wednesday night monologue ranting about the latest trend coming out of high schools: \"celebrity promposals.\"\n\nOne Arizona teen's campaign went viral thanks to his elaborate La La Land-themed promposal to Emma Stone, and Kylie Jenner actually attended a prom in Sacramento the other week.\n\n\u201cIt\u2019s a cute story \u2026 I know, I get it, but it\u2019s also terrible and it has to be stopped,\u201d Kimmel said. \u201cListen, kid: Emma Stone, whether she is in London or not, doesn\u2019t want to go to the prom with you. At all. It\u2019s probably the last thing that she wants to do, and not because she\u2019s in London working. She doesn\u2019t want to go to a dance with you because she\u2019s 28, and 28-year-old people don\u2019t want to go on dates with 16-year-old children because it\u2019s creepy.\"\n\nKimmel also addressed the awkwardness and gender roles involved, noting that Stone had been backed into a corner where she was was forced to respond or she would \"look like a jerk.\"\n\n\u201cWhy do we find it socially acceptable for a boy to ask an adult celebrity on a date?\u201d Kimmel asked. \u201cWhat if it was the other way around? What if Shailene Woodley \u2014 no, you know what? What if Shia LaBeouf showed up at a high school looking for a date? He\u2019d be arrested, right? He\u2019d be beaten and arrested. But when this kid asks Emma Stone, oh it\u2019s adorable (and) we put him on (Good Morning America). In fact, this is a hostage situation, because if Emma Stone didn\u2019t write him a letter, she would look like a jerk.\u201d\n\nThe moral of the story?\n\n\"Kids, don't look for your prom date in Us Weekly,\" he said. \"It's not cute.\"\n\nSee the full clip below.", "images": ["https://www.gannett-cdn.com/-mm-/7667316d18370ea41503a68f9ac8ee7252fd5b94/c=56-0-943-667/local/-/media/2017/04/13/USATODAY/USATODAY/636276681015271069-146464-6989.jpg?width=320&height=240", "https://www.gannett-cdn.com/appservices/universal-web/universal/icons/icon-instagram_24.png", "https://www.gannett-cdn.com/-mm-/5e30afed5169a67365f7a6b40d01e9d83dd1c961/c=0-0-999-565/local/-/media/2017/04/13/USATODAY/USATODAY/636276681015271069-146464-6989.jpg?auto=webp&format=pjpg&width=1200", "https://www.gannett-cdn.com/-mm-/7667316d18370ea41503a68f9ac8ee7252fd5b94/c=56-0-943-667/local/-/media/2017/04/13/USATODAY/USATODAY/636276681015271069-146464-6989.jpg?width=12&height=9"], "top_img": "https://www.gannett-cdn.com/-mm-/5e30afed5169a67365f7a6b40d01e9d83dd1c961/c=0-0-999-565/local/-/media/2017/04/13/USATODAY/USATODAY/636276681015271069-146464-6989.jpg?auto=webp&format=pjpg&width=1200", "keywords": [], "authors": ["Kelly Lawler"], "canonical_link": "https://www.usatoday.com/story/life/entertainthis/2017/04/13/jimmy-kimmel-stop-celebrity-promposals-emma-stone/100408934/", "title": "Jimmy Kimmel wants to stop celebrity promposals: 'It's creepy'", "meta_data": {"viewport": "width=device-width,initial-scale=1", "HandheldFriendly": "True", "MobileOptimized": 320, "apple-itunes-app": "app-id=504631398, app-argument=https://www.usatoday.com/story/life/entertainthis/2017/04/13/jimmy-kimmel-stop-celebrity-promposals-emma-stone/100408934/life/entertainthis", "theme-color": "#ffffff", "og": {"type": "article", "title": "Jimmy Kimmel wants to stop celebrity promposals: 'It's creepy'", "description": "\\", "site_name": "USA TODAY", "image": {"identifier": "https://www.gannett-cdn.com/-mm-/5e30afed5169a67365f7a6b40d01e9d83dd1c961/c=0-0-999-565/local/-/media/2017/04/13/USATODAY/USATODAY/636276681015271069-146464-6989.jpg?auto=webp&format=pjpg&width=1200", "width": 1200, "height": 675}}, "article": {"content_tier": "free", "opinion": "false"}, "fb": {"pages": 13652355666}, "news_keywords": "Dance,Emma Stone,Kylie Jenner,Jimmy Kimmel,Shailene Woodley,Shia LaBeouf", "description": "\\", "twitter": {"site": "@usatoday", "creator": "@usatoday", "card": "summary_large_image"}}, "movies": ["https://www.youtube.com/embed/qko0G7p2xyc?feature=oembed"], "publish_date": 1492034400.0, "source": "https://www.usatoday.com", "summary": ""}