{"url": "https://www.usatoday.com/story/life/people/2017/12/23/meghan-trainor-engaged-spy-kids-star-daryl-sabara/978985001/", "text": "Meghan Trainor is engaged to 'Spy Kids' star Daryl Sabara\n\nSara M Moniuszko | USA TODAY\n\nShe said yes!\n\nMeghan Trainor is engaged to Spy Kids star Daryl Sabara after he popped the question in a tunnel of \"beautiful Christmas lights,\" according a video posted to the singer's Instagram Friday.\n\n\"For my 24th birthday, the love of my life (Daryl Sabara) made all of my dreams come true,\" she wrote in the video's caption. \"I\u2019m still in shock. I\u2019ve never been this happy! Thank you Daryl, my family and friends for making me feel like a real princess.\"\n\nAfter saying yes, the lovebirds embraced and were then greeted by their family and friends.\n\nSabara posted the same video to his Instagram with an equally heartwarming caption.\n\n\"Happy birthday to my soulmate. Thank you for changing my life forever and thank you for saying yes!\" he wrote. \"You are the most beautiful fianc\u00e9 in the world. I love you (Meghan Trainor)\"\n\nThis isn't the first time the couple has gushed over each other on social media \u2014 the pair post plenty of pictures together with cutesy captions.\n\nThe love of MY life @meghan_trainor A post shared by Daryl Sabara (@darylsabara) on Dec 3, 2017 at 2:00am PST\n\n\"The love of MY life,\" Sabara wrote of Trainor earlier in December.\n\nAlthough Sabara is best known for playing Juni Cortez in the Spy Kids films, his most recent projects include voice acting for TV series Ben 10 and Ultimate Spider-Man. In November, Trainor was named the final judge on FOX's new reality singing competition The Four: Battle for Stardom, which is set to premiere in January 2018.\n\nTrainor, 24, and Sabara, 25, celebrated one year of dating in July.", "images": ["https://www.gannett-cdn.com/-mm-/10d85815bfcd248448cc387a6e69607b49ff6c46/c=0-13-4959-3742/local/-/media/2017/12/23/USATODAY/USATODAY/636496276333148902-GTY-884757728.jpg?width=12&height=9", "https://www.gannett-cdn.com/-mm-/59f60da9b78976582897786adbedba765d40f504/c=0-60-4959-2862/local/-/media/2017/12/23/USATODAY/USATODAY/636496276333148902-GTY-884757728.jpg?auto=webp&format=pjpg&width=1200", "https://www.gannett-cdn.com/appservices/universal-web/universal/icons/icon-instagram_24.png", "https://www.gannett-cdn.com/-mm-/10d85815bfcd248448cc387a6e69607b49ff6c46/c=0-13-4959-3742/local/-/media/2017/12/23/USATODAY/USATODAY/636496276333148902-GTY-884757728.jpg?width=320&height=240"], "top_img": "https://www.gannett-cdn.com/-mm-/59f60da9b78976582897786adbedba765d40f504/c=0-60-4959-2862/local/-/media/2017/12/23/USATODAY/USATODAY/636496276333148902-GTY-884757728.jpg?auto=webp&format=pjpg&width=1200", "keywords": [], "authors": ["Sara M Moniuszko"], "canonical_link": "https://www.usatoday.com/story/life/people/2017/12/23/meghan-trainor-engaged-spy-kids-star-daryl-sabara/978985001/", "title": "Meghan Trainor is engaged to 'Spy Kids' star Daryl Sabara", "meta_data": {"viewport": "width=device-width,initial-scale=1", "HandheldFriendly": "True", "MobileOptimized": 320, "apple-itunes-app": "app-id=504631398, app-argument=https://www.usatoday.com/story/life/people/2017/12/23/meghan-trainor-engaged-spy-kids-star-daryl-sabara/978985001/life/people", "theme-color": "#ffffff", "og": {"type": "article", "title": "Meghan Trainor is engaged to 'Spy Kids' star Daryl Sabara", "description": "Trainor, 24, and Sabara, 25, celebrated one year of dating in July.", "site_name": "USA TODAY", "image": {"identifier": "https://www.gannett-cdn.com/-mm-/59f60da9b78976582897786adbedba765d40f504/c=0-60-4959-2862/local/-/media/2017/12/23/USATODAY/USATODAY/636496276333148902-GTY-884757728.jpg?auto=webp&format=pjpg&width=1200", "width": 1200, "height": 675}}, "article": {"content_tier": "free", "opinion": "false"}, "fb": {"pages": 13652355666}, "description": "Trainor, 24, and Sabara, 25, celebrated one year of dating in July.", "twitter": {"site": "@usatoday", "creator": "@usatoday", "card": "summary_large_image"}}, "movies": [], "publish_date": 1513983600.0, "source": "https://www.usatoday.com", "summary": ""}