{"url": "https://www.usmagazine.com/celebrity-news/news/david-schwimmer-wife-zoe-buckman-taking-some-time-apart-w475045/", "text": "David Schwimmer and his wife, Zoe Buckman, are taking some time apart after nearly seven years of marriage, the couple exclusively confirm to Us Weekly.\n\n\u201cIt is with great love, respect and friendship that we have decided to take some time apart while we determine the future of our relationship,\u201d the pair tell Us in a statement. \u201cOur priority is, of course, our daughter\u2019s happiness and well being during this challenging time, and so we ask for your support and respect for our privacy as we continue to raise her together and navigate this new chapter for our family.\u201d\n\nThe Friends alum, 50, and British photographer Buckman, 31, have been together for more than 10 years. They met when Schwimmer was directing the 2007 romantic comedy Run in London. She relocated to Los Angeles to be with the actor and the pair tied the knot in June 2010. It is the first marriage for both.\n\nSchwimmer and Buckman welcomed daughter, Cleo, now 5, in May 2011.\n\nThe People v. O.J. Simpson: American Crime Story actor and Buckman often kept private about their relationship. Their last public event together was at the opening night of The Front Page at the Broadhurst Theatre in NYC in October 2016.", "images": ["https://www.usmagazine.com/wp-content/themes/us-weekly/assets/img/svg-icons/logo-tag-registered-green.svg", "https://www.usmagazine.com/wp-content/themes/us-weekly/assets/img/placeholders/default-usweekly.svg", "https://www.usmagazine.com/wp-content/themes/us-weekly/assets/img/svg-icons/logo-tag-registered.svg", "https://www.usmagazine.com/wp-content/themes/us-weekly/assets/img/svg-icons/icon-download.svg", "https://www.usmagazine.com/wp-content/themes/us-weekly/assets/img/bg-subscribe.png", "https://i1.wp.com/www.usmagazine.com/wp-content/uploads/david-schwimmer-zoe-68c67604-10dd-4301-9f8a-700516f85ebc.jpg?crop=0px%2C28px%2C1691px%2C888px&resize=1200%2C630&ssl=1&quality=86&strip=all"], "top_img": "https://i1.wp.com/www.usmagazine.com/wp-content/uploads/david-schwimmer-zoe-68c67604-10dd-4301-9f8a-700516f85ebc.jpg?crop=0px%2C28px%2C1691px%2C888px&resize=1200%2C630&ssl=1&quality=86&strip=all", "keywords": [], "authors": ["Stephanie Webber"], "canonical_link": "https://www.usmagazine.com/celebrity-news/news/david-schwimmer-wife-zoe-buckman-taking-some-time-apart-w475045/", "title": "David Schwimmer, Wife Zoe Buckman Taking 'Some Time Apart'", "meta_data": {"viewport": "width=device-width, initial-scale=1", "ir-site-verification-token": "-206090124", "fo-verify": "49e6fc6a-c68d-447f-9978-70e3eac455ac", "theme-color": "#fff", "description": "David Schwimmer and his wife, Zoe Buckman, are taking some time apart after six years of marriage, the couple confirm exclusively to Us Weekly \u2014 get the details", "robots": "index, follow, max-snippet:-1, max-image-preview:large, max-video-preview:-1", "og": {"locale": "en_US", "type": "article", "title": "David Schwimmer, Wife Zoe Buckman Taking 'Time Apart' After Six Years of Marriage", "description": "David Schwimmer and his wife, Zoe Buckman, are taking some time apart after six years of marriage, the couple confirm exclusively to Us Weekly \u2014 get the details", "url": "https://www.usmagazine.com/celebrity-news/news/david-schwimmer-wife-zoe-buckman-taking-some-time-apart-w475045/", "site_name": "Us Weekly", "updated_time": "2018-02-08T22:20:29+00:00", "image": {"identifier": "https://i1.wp.com/www.usmagazine.com/wp-content/uploads/david-schwimmer-zoe-68c67604-10dd-4301-9f8a-700516f85ebc.jpg?crop=0px%2C28px%2C1691px%2C888px&resize=1200%2C630&ssl=1&quality=86&strip=all", "secure_url": "https://i1.wp.com/www.usmagazine.com/wp-content/uploads/david-schwimmer-zoe-68c67604-10dd-4301-9f8a-700516f85ebc.jpg?crop=0px%2C28px%2C1691px%2C888px&resize=1200%2C630&ssl=1&quality=86&strip=all", "width": 1200, "height": 630}}, "article": {"publisher": "https://www.facebook.com/UsWeekly", "published_time": "2017-04-05T15:13:00+00:00", "modified_time": "2018-02-08T22:20:29+00:00"}, "fb": {"app_id": 1785612128341436}, "twitter": {"card": "summary_large_image", "title": "David Schwimmer, Wife Zoe Buckman Taking 'Time Apart' After Six Years of Marriage", "description": "David Schwimmer and his wife, Zoe Buckman, are taking some time apart after six years of marriage, the couple confirm exclusively to Us Weekly \u2014 get the details", "image": "https://i1.wp.com/www.usmagazine.com/wp-content/uploads/david-schwimmer-zoe-68c67604-10dd-4301-9f8a-700516f85ebc.jpg?crop=0px%2C28px%2C1691px%2C888px&resize=1200%2C630&ssl=1&quality=86&strip=all", "creator": "@usweekly", "site": "@usweekly"}, "tragedy": "off", "generator": "WordPress 5.5.2", "msapplication-TileImage": "https://www.usmagazine.com/wp-content/uploads/2020/05/cropped-us-logo.png?w=270&quality=86&strip=all"}, "movies": [], "publish_date": 1491405180.0, "source": "https://www.usmagazine.com", "summary": ""}