{"url": "www.townandcountrymag.com/society/tradition/a13090749/meghan-markle-engagement-ring/", "text": "When Meghan Markle married Prince Harry in May of 2018, the groom gave his new bride a simple wedding band made with Welsh gold (as is royal tradition) as a symbol of their union.\n\nGetty Images\n\nWhile visiting Reprezent Radio in Brixton alongside Markle and Prince Harry, photographer Dominic Lipinski snapped a picture of the bride-to-be's left hand, showcasing the stunning piece of jewelry.\n\nGetty Images\n\nShe also showed it off in Birmingham:\n\nGetty Images\n\nAnd while in Edinburgh:\n\nGetty Images\n\nMeghan's Engagement Ring\n\n\n\nBefore the happy couple announced their plans to wed, predictions suggested that Harry might propose with the Queen Mother's engagement ring, or perhaps her massive diamond-and-pearl ring, but Harry opted instead to create a custom piece.\n\nGetty Images\n\nAt the photo call in November, we caught our first glimpse of the ring, which was designed by Prince Harry and custom made by court jewelers Cleave and Company using one diamond sourced from Botswana and two smaller stones from Princess Diana's collection.\n\nAnother view of the ring. Getty\n\n\"The ring is obviously yellow gold because that's [Markle's] favorite and the main stone itself I sourced from Botswana and the little diamonds either side are from my mother's jewelry collection, to make sure that she's with us on this crazy journey together,\" Harry said during the couple's first sit-down interview with the BBC.\n\n\"It's incredible,\" Markle said of Harry's gesture. \"Everything about Harry\u2019s thoughtfulness and the inclusion of [Princess Diana\u2019s stones] and obviously not being able to meet his mom, it\u2019s so important to me to know that she\u2019s a part of this with us.\"\n\n\"It\u2019s incredibly special to be able to have this [ring], which sort of links where you come form and Botswana, which is important to us. It's perfect,\" she told the BBC.\n\nThe redesign\n\nFollowing the birth of baby Archie in May of 2019, Prince Harry gave Meghan a third ring, an eternity band, which he reportedly designed with jeweler Lorraine Schwartz. Schwartz also resized and reset Meghan's engagement ring.\n\nMeghan debuted her redesigned three-stone engagement ring at Trooping the Colour this year. It now features a thin micro-pav\u00e9 band, as opposed to the original solid yellow gold one.\n\nSee a comparison of the two rings here:\n\nThe photo on the left from Trooping the Colour shows Meghan\u2019s redesigned ring, with a thinner pave band. The photo on the right show the original design. Almay / Getty\n\nCaroline Hallemann Senior Digital News Editor As the senior digital news editor for Town & Country, Caroline Hallemann covers everything from the British royal family to the latest episodes of Outlander, Killing Eve, and The Crown.\n\nThis content is created and maintained by a third party, and imported onto this page to help users provide their email addresses. You may be able to find more information about this and similar content at piano.io", "images": ["https://hips.hearstapps.com/hmg-prod.s3.amazonaws.com/images/gettyimages-960057698-1526732670.jpg?crop=1.00xw:0.752xh;0,0.151xh&resize=1200:*", "data:image/gif;base64,R0lGODlhAQABAIAAAAAAAP///yH5BAEAAAAALAAAAAABAAEAAAIBRAA7"], "top_img": "https://hips.hearstapps.com/hmg-prod.s3.amazonaws.com/images/gettyimages-960057698-1526732670.jpg?crop=1.00xw:0.752xh;0,0.151xh&resize=1200:*", "keywords": [], "authors": ["Caroline Hallemann", "Senior Digital News Editor", "As The Senior Digital News Editor For Town", "Country", "Caroline Hallemann Covers Everything The British Royal Family To The Latest Episodes Of Outlander", "Killing Eve", "The Crown."], "canonical_link": "https://www.townandcountrymag.com/society/tradition/a13090749/meghan-markle-engagement-ring/", "title": "Photos of Meghan Markle's Gorgeous Wedding Ring", "meta_data": {"x-ua-compatible": "IE=edge,chrome=1", "viewport": "width=device-width,initial-scale=1,maximum-scale=6", "msapplication-tap-highlight": "no", "theme-color": "#BE3E19", "og": {"type": "article", "site_name": "Town & Country", "title": "See Meghan Markle's Simply Chic Wedding Ring", "description": "It complements her stunning redesigned engagement ring perfectly.", "url": "https://www.townandcountrymag.com/society/tradition/a13090749/meghan-markle-engagement-ring/", "image": {"identifier": "https://hips.hearstapps.com/hmg-prod.s3.amazonaws.com/images/gettyimages-960057698-1526732670.jpg?crop=1.00xw:0.752xh;0,0.151xh&resize=1200:*", "width": 1200, "height": 600}}, "fb": {"app_id": 526594570689062, "pages": 344794953432}, "article": {"publisher": "https://www.facebook.com/TownandCountryMagazine", "modified_time": "2019-07-01 03:48:51", "published_time": "2019-07-01 10:48:00", "section": "Heritage", "opinion": "false"}, "twitter": {"site": "@TandCmag", "card": "summary_large_image", "image": "https://hips.hearstapps.com/hmg-prod.s3.amazonaws.com/images/gettyimages-960057698-1526732670.jpg?crop=1.00xw:0.752xh;0,0.151xh&resize=640:*"}, "google-site-verification": "musQPiBADe3f4WpT4JNcg9uUChC3qnOhhPLSR4n1urM", "title": "Meghan Markle Engagement Ring - Photos of Meghan Markle's Gorgeous Wedding Ring", "description": "We're just hours away from Prince Harry and Meghan Markle's wedding. Check out photos of her engagement ring here.", "keywords": "meghan markle engagement ring, meghan markles engagement ring, meghan markle ring, prince harry engagement ring, meghan markle engagement ring cost, meghan markle engagement ring price, meghan markle engagement ring worth, meghan markle prince harry ring, is prince harry engaged, is prince harry engaged", "auto-publish": "timely", "thumbnail": "https://hips.hearstapps.com/hmg-prod.s3.amazonaws.com/images/gettyimages-960057698-1526732670.jpg?crop=0.668xw:1.00xh;0.306xw,0&resize=320:*", "sailthru.contenttype": "standard-article", "sailthru.tags": "Society,society,tradition,Prince Harry News,Meghan Markle", "sailthru.date": "2019-07-01T10:48:00Z", "sailthru.image.full": "https://hips.hearstapps.com/hmg-prod.s3.amazonaws.com/images/gettyimages-960057698-1526732670.jpg?crop=1.00xw:0.752xh;0,0.151xh", "sailthru.image.thumb": "https://hips.hearstapps.com/hmg-prod.s3.amazonaws.com/images/gettyimages-960057698-1526732670.jpg?crop=0.668xw:1.00xh;0.306xw,0", "sailthru.socialtitle": "See Meghan Markle's Simply Chic Wedding Ring", "m1": ".content-hed", "m2": ".content-dek p"}, "movies": [], "publish_date": 1561970880.0, "source": "http://www.townandcountrymag.com", "summary": ""}