{"url": "http://katyperry.trendolizer.com/2017/04/drink-it-or-sink-it-celebrities-weigh-in-on-the-unicorn-frappuccino.html", "text": "About Trendolizer\u2122\n\nTrendolizer\u2122 (patent pending) automatically scans the internet for trending content. The website you are looking at has no human editors at all: links to trending stories are automatically posted from a selection of the data Trendolizer\u2122 picked up. If you are interested in using the Trendolizer\u2122 engine, dashboard or API for your own projects, more information is available at get.trendolizer.com . Trendolizer\u2122 is owned by Lead Stories LLC.\n\nPrivacy policy\n\nThis site uses cookies to track user behaviour on this site, without linking to personally identifiable data. Advertisers may also use cookies, but the scope and nature of this use is beyond our control.", "images": ["http://katyperry.trendolizer.com/images/288xNxcaption_14655086.jpg.pagespeed.ic.ccY8nGGrEV.jpg", "http://katyperry.trendolizer.com/images/288xNxcaption_14899477.jpg.pagespeed.ic.HDEcLdT_j5.jpg", "http://katyperry.trendolizer.com/images/288xNxcaption_14900722.jpg.pagespeed.ic.dhCHQ6oZ9U.jpg", "http://katyperry.trendolizer.com/images/288xNxcaption_14651337.jpg.pagespeed.ic.cjkp4YwRBa.jpg", "http://katyperry.trendolizer.com/images/288xNxcaption_14669482.jpg.pagespeed.ic.hlIha_H0l3.jpg", "http://katyperry.trendolizer.com/images/288xNxcaption_14659898.jpg.pagespeed.ic.jt22tN7NsK.jpg", "http://katyperry.trendolizer.com/images/288xNxcaption_14906262.jpg.pagespeed.ic.EfCUMVYZAD.jpg", "http://katyperry.trendolizer.com/images/288xNxcaption_14662759.jpg.pagespeed.ic.cBkT-tzm-N.jpg", "http://katyperry.trendolizer.com/images/288xNxcaption_14690706.jpg.pagespeed.ic.We3W6wnC_q.jpg", "http://katyperry.trendolizer.com/images/288xNxcaption_14885686.jpg.pagespeed.ic.MbFt8JqCnj.jpg", "http://katyperry.trendolizer.com/images/288xNxcaption_14673419.jpg.pagespeed.ic.jM4vN77UZa.jpg", "http://katyperry.trendolizer.com/images/288xNxcaption_14913231.jpg.pagespeed.ic.ayHzo6aV4u.jpg", "http://katyperry.trendolizer.com/images/288xNxcaption_14672573.jpg.pagespeed.ic.Z1_Wc3OFOx.jpg", "http://katyperry.trendolizer.com/images/288xNxcaption_14682129.jpg.pagespeed.ic.8Ld8R4Gc4a.jpg", "http://katyperry.trendolizer.com/images/288xNxcaption_14655672.jpg.pagespeed.ic.EXgQSbgDfZ.jpg", "http://katyperry.trendolizer.com/images/288xNxcaption_14907077.jpg.pagespeed.ic.zr5HhixYCG.jpg", "http://katyperry.trendolizer.com/images/288xNxcaption_14901248.jpg.pagespeed.ic.PUPWcoUzSp.jpg", "http://katyperry.trendolizer.com/images/caption_6017306.jpg", "http://katyperry.trendolizer.com/images/288xNxcaption_14908916.jpg.pagespeed.ic.J1ruxNoEmN.jpg", "http://katyperry.trendolizer.com/images/288xNxcaption_14656478.jpg.pagespeed.ic.t11rGkKJPC.jpg", "http://katyperry.trendolizer.com/images/288xNxcaption_14676886.jpg.pagespeed.ic.iBqQfPvPSZ.jpg", "http://www.trendolizer.com/opencalais.png", "http://katyperry.trendolizer.com/images/288xNxcaption_14911234.jpg.pagespeed.ic.Vktqq9Q64W.jpg", "http://katyperry.trendolizer.com/images/288xNxcaption_14677157.jpg.pagespeed.ic.DZNTSvPpIH.jpg", "http://katyperry.trendolizer.com/images/288xNxcaption_14902009.jpg.pagespeed.ic.eSWzQoTMfh.jpg", "http://katyperry.trendolizer.com/images/288xNxcaption_14658260.jpg.pagespeed.ic.2giXnghgs7.jpg", "http://katyperry.trendolizer.com/images/288xNxcaption_14909027.jpg.pagespeed.ic.mK8YDLeACW.jpg", "http://katyperry.trendolizer.com/images/288xNxcaption_14662760.jpg.pagespeed.ic.aGmUDbIh70.jpg", "http://katyperry.trendolizer.com/images/288xNxcaption_14672315.jpg.pagespeed.ic.J3K2d5ReV5.jpg", "http://katyperry.trendolizer.com/images/288xNxcaption_14914980.jpg.pagespeed.ic.YjRqrlB2aj.jpg", "http://katyperry.trendolizer.com/images/288xNxcaption_14910365.jpg.pagespeed.ic.2zoqzB5QFf.jpg", "http://katyperry.trendolizer.com/images/288xNxcaption_14898532.jpg.pagespeed.ic.5Fb6wykHq5.jpg"], "top_img": "http://katyperry.trendolizer.com/images/caption_6017306.jpg", "keywords": [], "authors": ["Trending Story Found"], "canonical_link": "http://katyperry.trendolizer.com/2017/04/drink-it-or-sink-it-celebrities-weigh-in-on-the-unicorn-frappuccino.html", "title": "Drink It or Sink It? Celebrities Weigh in on the Unicorn Frappuccino", "meta_data": {"description": "Katy Perry, Hoda Kotb, Stephen Colbert, and more give their reviews on trendy Starbucks drink (via: trendolizer.com)", "apple-mobile-web-app-capable": "yes", "viewport": "width=device-width, user-scalable=no, initial-scale=1.0, maximum-scale=1.0, minimum-scale=1.0", "twitter": {"card": "summary", "site": "KatyPerrylizer"}, "og": {"title": "Drink It or Sink It? Celebrities Weigh in on the Unicorn Frappuccino", "description": "Katy Perry, Hoda Kotb, Stephen Colbert, and more give their reviews on trendy Starbucks drink (via: trendolizer.com)", "type": "article", "url": "http://katyperry.trendolizer.com/2017/04/drink-it-or-sink-it-celebrities-weigh-in-on-the-unicorn-frappuccino.html", "image": "http://katyperry.trendolizer.com/images/caption_6017306.jpg"}, "fb": {"app_id": 329363383802917, "admins": 759777462}, "google-site-verification": "uPd4PrEtsjZC8kPaqE_VMfUKydVQO3t6oQfznwjr3NM"}, "movies": [], "publish_date": null, "source": "http://katyperry.trendolizer.com", "summary": ""}