{"url": "hollywoodlife.com/2017/04/14/angelina-jolie-new-house-mansion-cecil-b-demille-pics/", "text": "$25 million later, Angelina Jolie has a new home in Los Angeles! Amidst rumors that the actress is marrying a British businessman, she\u2019s put permanent roots down in California by purchasing the massive Cecil B. DeMille estate \u2014 check out pics of the lavish mansion here.\n\nAngelina Jolie, 41, has a new home in Los Angeles\u2026and it\u2019s stunning. It\u2019s been rumored for weeks that the 41-year-old had plans to purchase Cecil B. DeMille\u2019s historic mansion, and now, she\u2019s bit the bullet, putting down a $25 million offer, according to TMZ. The amount was reportedly accepted by the owner and is currently in escrow.\n\nCecil\u2019s home, which he lived in until his death in 1959, is considered one of the greatest properties in L.A., and Angie will have some famous neighbors, including Casey Affleck, Natalie Portman and Ellen Pompeo. There\u2019s tons of space for the six kids, too \u2014 the house boasts 6 bedrooms and 10 bathrooms, plus a spacious backyard.\n\nThis huge purchase comes following rumors that Angie planned on moving her kids to London so she could work there after her September 2016 split from Brad Pitt, 53. The possibility of that big move happening seemed even more likely after reports surfaced on April 12 that Angie had met and fallen in love with a British philanthropist and businessman, whose identity has not been revealed.\n\nThe actress is reportedly already serious with this mystery man, and a family friend told InTouch that she\u2019s even planning on marrying him! However, we also know that Brad and Angie\u2019s divorce has been much more amicable recently, and she\u2019s been letting him spend more and more time with the kids. Perhaps staying in Los Angeles is her way of making sure Pax, Maddox, Zahara, Shiloh, Vivienne and Knox continue to have a relationship with their father? Either way, the house is insane \u2014 check it out in the gallery above.\n\nHollywoodLifers, what do you think of Angelina\u2019s new house? Do you think she\u2019s prepping for a wedding?", "images": ["https://hollywoodlife.com/wp-content/uploads/2020/11/lori-harvey-michael.b-jordan-spotted-ap-ftr-1.jpg?w=143&h=80&crop=1", "https://footwearnews.com/wp-content/uploads/2020/11/AP_20329096381069-e1606248495668.jpg?w=230&crop=1", "https://www.sheknows.com/wp-content/uploads/2020/08/oprah-favorite-spanx-leggings.jpg?w=230&crop=1", "https://hollywoodlife.com/wp-content/uploads/2017/04/angelina-jolie-new-mansion-ftr.jpg?w=600", "https://hollywoodlife.com/wp-content/uploads/2020/11/Megan-Thee-Stallion-Admits-She-Has-\u2018Chemistry-With-DaBaby-ap-ftr.jpg?w=143&h=80&crop=1", "https://hollywoodlife.com/wp-content/uploads/2020/11/christina-milian-one-piece-swimsuit-splashnews-ftr.jpg?w=143&h=80&crop=1", "https://www.rollingstone.com/wp-content/uploads/2020/09/macys-parade-going-virtual.jpg?w=230&crop=1", "https://hollywoodlife.com/wp-content/uploads/2017/06/alyssa_norwin.jpg?w=48", "http://pixel.quantserve.com/pixel?a.1=p-6fKiDaopTGEQg&a.2=p-31f3D02tYU8zY", "https://tvline.com/wp-content/uploads/2020/11/the-prom-movie-trailer.jpg?w=230&crop=1", "https://sb.scorecardresearch.com/p?c1=2&c2=6035310&c3=&c4=&c5=&c6=&c15=&cv=2.0&cj=1", "https://stylecaster.com/wp-content/uploads/2020/11/rothys-black-friday-collection-copy.jpg?w=230&crop=1", "https://hollywoodlife.com/wp-content/uploads/2017/04/angelina-jolie-new-mansion-ftr.jpg", "data:image/gif;base64,R0lGODlhAQABAIAAAAAAAP///yH5BAEAAAAALAAAAAABAAEAAAIBRAA7"], "top_img": "https://hollywoodlife.com/wp-content/uploads/2017/04/angelina-jolie-new-mansion-ftr.jpg", "keywords": [], "authors": ["Alyssa Norwin", "Daisy Maldonado", "Bella Gerard", "Andy Swift", "Claire Shaffer", "Samantha Mcdonald", "Deputy Editor Of New York City"], "canonical_link": "https://hollywoodlife.com/2017/04/14/angelina-jolie-new-house-mansion-cecil-b-demille-pics/", "title": "Angelina Jolie Buys $25 Million L.A. Mansion: Prepping For Wedding? \u2014 See Pics Inside", "meta_data": {"description": "$25 million later, Angelina Jolie has a new home in Los Angeles! Amidst rumors that the actress is marrying a British businessman, she's put permanent roots down in California by purchasing the massive Cecil B. DeMille estate -- check out pics of the lavish mansion here.", "news_keywords": "Angelina Jolie", "apple-itunes-app": "app-id=1400650284", "generator": "WordPress 5.5.2", "author": "Alyssa Norwin", "theme-color": "#fff", "apple-mobile-web-app-capable": "yes", "mobile-web-app-capable": "yes", "apple-touch-fullscreen": "YES", "apple-mobile-web-app-title": "Hollywood Life", "application-name": "Hollywood Life", "fb": {"pages": 94724837471}, "robots": "max-image-preview:large", "onesignal": "wordpress-plugin", "og": {"type": "article", "title": "Angelina Jolie Buys $25 Million L.A. Mansion: Prepping For Wedding? \u2014 See Pics Inside", "url": "https://hollywoodlife.com/2017/04/14/angelina-jolie-new-house-mansion-cecil-b-demille-pics/", "description": "$25 million later, Angelina Jolie has a new home in Los Angeles! Amidst rumors that the actress is marrying a British businessman, she\u2019s put permanent roots down in California by purchasing t\u2026", "site_name": "Hollywood Life", "image": {"identifier": "https://hollywoodlife.com/wp-content/uploads/2017/04/angelina-jolie-new-mansion-ftr.jpg", "width": 600, "height": 700, "alt": "Angelina JOlie New House"}, "locale": "en_US"}, "article": {"published_time": "2017-04-14T11:57:27+00:00", "modified_time": "2017-04-14T11:57:27+00:00"}, "twitter": {"text": {"title": "Angelina Jolie Buys $25 Million L.A. Mansion: Prepping For Wedding? \u2014 See Pics Inside"}, "image": {"identifier": "https://hollywoodlife.com/wp-content/uploads/2017/04/angelina-jolie-new-mansion-ftr.jpg?w=600", "alt": "Angelina JOlie New House"}, "card": "summary_large_image", "site": "@HollywoodLife", "creator": "@https://twitter.com/alyssanorwin/", "title": "Angelina Jolie Buys $25 Million L.A. Mansion: Prepping For Wedding? \u2014 See Pics Inside", "description": "$25 million later, Angelina Jolie has a new home in Los Angeles! Amidst rumors that the actress is marrying a British businessman, she's put permanent roots down in California by purchasing the massive Cecil B. DeMille estate -- check out pics of the lavish mansion here."}, "msapplication-TileImage": "https://hollywoodlife.com/wp-content/uploads/2018/06/hl_logo.png?w=128"}, "movies": ["https://www.youtube.com/embed/ksQFznQqSuk?version=3&rel=1&showsearch=0&showinfo=1&iv_load_policy=1&fs=1&hl=en-US&autohide=2&wmode=transparent"], "publish_date": 1492120800.0, "source": "http://hollywoodlife.com", "summary": ""}