{"url": "variety.com/2018/film/news/sag-awards-winners-list-screen-actors-guild-2018-1202668627/", "text": "\u201cThree Billboards Outside Ebbing, Missouri,\u201d \u201cThis Is Us,\u201d \u201cVeep,\u201d and \u201cBig Little Lies\u201d were the big winners at the SAG Awards on Sunday night.\n\nKristen Bell served as the ceremony\u2019s first-ever host, while the all-female presenters included Halle Berry, Dakota Fanning, Lupita Nyong\u2019o, and Kelly Marie Tran. Morgan Freeman received the life achievement award.\n\nThe show kicked off at 5 p.m. PT/8 p.m. ET, airing live on TNT and TBS.\n\nHere\u2019s the full winners list.\n\nOutstanding Performance by a Cast in a Motion Picture:\n\n\u201cThe Big Sick\u201d\n\n\u201cGet Out\u201d\n\n\u201cLady Bird\u201d\n\n\u201cMudbound\u201d\n\n\u201cThree Billboards Outside Ebbing, Missouri\u201d (WINNER)\n\nOutstanding Performance by a Female Actor in a Leading Role:\n\nJudi Dench, \u201cVictoria & Abdul\u201d\n\nSally Hawkins, \u201cThe Shape of Water\u201d\n\nFrances McDormand, \u201cThree Billboards Outside Ebbing, Missouri\u201d (WINNER)\n\nMargot Robbie, \u201cI, Tonya\u201d\n\nSaoirse Ronan, \u201cLady Bird\u201d\n\nOutstanding Performance by a Male Actor in a Leading Role:\n\nTimothee Chalamet, \u201cCall Me by Your Name\u201d\n\nJames Franco, \u201cThe Disaster Artist\u201d\n\nDaniel Kaluuya, \u201cGet Out\u201d\n\nGary Oldman, \u201cDarkest Hour\u201d (WINNER)\n\nDenzel Washington, \u201cRoman J. Israel, Esq.\u201d\n\nOutstanding Performance by an Ensemble in a Drama Series:\n\n\u201cThe Crown\u201d\n\n\u201cGame of Thrones\u201d\n\n\u201cThe Handmaid\u2019s Tale\u201d\n\n\u201cStranger Things\u201d\n\n\u201cThis Is Us\u201d (WINNER)\n\nOutstanding Performance by a Female Actor in a Drama Series:\n\nMillie Bobby Brown, \u201cStranger Things\u201d\n\nClaire Foy, \u201cThe Crown\u201d (WINNER)\n\nLaura Linney, \u201cOzark\u201d\n\nElisabeth Moss, \u201cThe Handmaid\u2019s Tale\u201d\n\nRobin Wright, \u201cHouse of Cards\u201d\n\nOutstanding Performance by a Male Actor in a Drama Series:\n\nJason Bateman, \u201cOzark\u201d\n\nSterling K. Brown, \u201cThis Is Us\u201d (WINNER)\n\nPeter Dinklage, \u201cGame of Thrones\u201d\n\nDavid Harbour, \u201cStranger Things\u201d\n\nBob Odenkirk, \u201cBetter Call Saul\u201d\n\nOutstanding Performance by a Female Actor in a Television Movie or Miniseries:\n\nLaura Dern, \u201cBig Little Lies\u201d\n\nNicole Kidman, \u201cBig Little Lies\u201d (WINNER)\n\nJessica Lange, \u201cFeud: Bette & Joan\u201d\n\nSusan Sarandon, \u201cFeud: Bette & Joan\u201d\n\nReese Witherspoon, \u201cBig Little Lies\u201d\n\nOutstanding Performance by a Male Actor in a Television Movie or Miniseries:\n\nBenedict Cumberbatch, \u201cSherlock\u201d\n\nJeff Daniels, \u201cGodless\u201d\n\nRobert De Niro, \u201cThe Wizard of Lies\u201d\n\nGeoffrey Rush, \u201cGenius\u201d\n\nAlexander Skarsgard, \u201cBig Little Lies\u201d (WINNER)\n\nOutstanding Performance by a Male Actor in a Supporting Role:\n\nSteve Carell, \u201cBattle of the Sexes\u201d\n\nWillem Dafoe, \u201cThe Florida Project\u201d\n\nWoody Harrelson,\u201dThree Billboards Outside Ebbing, Missouri\u201d\n\nRichard Jenkins, \u201cThe Shape of Water\u201d\n\nSam Rockwell, \u201cThree Billboards Outside Ebbing, Missouri\u201d (WINNER)\n\nOutstanding Performance by a Female Actor in a Supporting Role:\n\nMary J. Blige, \u201cMudbound\u201d\n\nHong Chau, \u201cDownsizing\u201d\n\nHolly Hunter, \u201cThe Big Sick\u201d\n\nAllison Janney, \u201cI, Tonya\u201d (WINNER)\n\nLaurie Metcalf, \u201cLady Bird\u201d\n\nOutstanding Performance by an Ensemble in a Comedy Series:\n\n\u201cBlack-ish\u201d\n\n\u201cCurb Your Enthusiasm\u201d\n\n\u201cGLOW\u201d\n\n\u201cOrange is the New Black\u201d\n\n\u201cVeep\u201d (WINNER)\n\nOutstanding Performance by a Female Actor in a Comedy Series:\n\nUzo Aduba, \u201cOrange Is the New Black\u201d\n\nAlison Brie, \u201cGLOW\u201d\n\nJane Fonda, \u201cGrace and Frankie\u201d\n\nJulia Louis-Dreyfus, \u201cVeep\u201d (WINNER)\n\nLily Tomlin, \u201cGrace and Frankie\u201d\n\nOutstanding Performance by a Male Actor in a Comedy Series:\n\nAnthony Anderson, \u201cBlack-ish\u201d\n\nAziz Ansari, \u201cMaster of None\u201d\n\nLarry David, \u201cCurb Your Enthusiasm\u201d\n\nSean Hayes, \u201cWill & Grace\u201d\n\nWilliam H. Macy, \u201cShameless\u201d (WINNER)\n\nMarc Maron, \u201cGLOW\u201d\n\nOutstanding Action Performance by a Stunt Ensemble in a Comedy or Drama Series:\n\n\u201cGame of Thrones\u201d (WINNER)\n\n\u201cGLOW\u201d\n\n\u201cHomeland\u201d\n\n\u201cStranger Things\u201d\n\n\u201cThe Walking Dead\u201d\n\nOutstanding Action Performance by a Stunt Ensemble in a Motion Picture:\n\n\u201cWonder Woman\u201d (WINNER)\n\n\u201cBaby Driver\u201d\n\n\u201cDunkirk\u201d\n\n\u201cLogan\u201d\n\n\u201cWar For The Planet Of The Apes\u201d", "images": ["https://variety.com/wp-content/themes/pmc-variety-2020/assets/public/lazyload-fallback.gif", "https://www.facebook.com/tr?id=315552255725686&ev=PageView&noscript=1", "http://pixel.quantserve.com/pixel?a.1=&a.2=p-31f3D02tYU8zY", "https://px.ads.linkedin.com/collect/?pid=1429113&fmt=gif", "https://variety.com/wp-content/uploads/2018/01/nicole-kidman-sag-awards-gif.jpg?w=1000", "https://sb.scorecardresearch.com/p?c1=2&c2=6035310&c3=&c4=&c5=&c6=&c15=&cv=2.0&cj=1", "https://www.facebook.com/tr?id=586935388485447&ev=PageView&noscript=1"], "top_img": "https://variety.com/wp-content/uploads/2018/01/nicole-kidman-sag-awards-gif.jpg?w=1000", "keywords": [], "authors": ["Variety Staff"], "canonical_link": "https://variety.com/2018/film/news/sag-awards-winners-list-screen-actors-guild-2018-1202668627/", "title": "SAG Awards Winners: Complete List", "meta_data": {"theme-color": "#fff", "viewport": "width=device-width, initial-scale=1.0", "apple-mobile-web-app-status-bar-style": "black-translucent", "msapplication-config": "https://variety.com/wp-content/themes/pmc-variety-2020/assets/app/browserconfig.xml", "msapplication-TileImage": "https://variety.com/wp-content/uploads/2018/06/variety-favicon.png?w=128", "msapplication-TileColor": "#eff4ff", "description": "\"Three Billboards Outside Ebbing, Missouri,\" \"This Is Us,\" \"Veep,\" and \"Big Little Lies\" were the big winners at the\u00a0SAG Awards on Sunday.", "alexaVerifyID": "4IBqfMBcohHTnitnTLanYijElhs", "fb": {"admins": 697514199}, "cXenseParse": {"pmc-lob": "variety", "pmc-page_type": "article", "articleid": 1202668627, "author": "Variety Staff", "pmc-category": "News", "pmc-over_1_year": "yes", "pmc-post_type": "post", "recs": {"publishtime": "2018-01-21T15:32:11"}, "pmc-tag": "Missouri,SAG Awards,This Is Us,Three Billboards Outside Ebbing,Veep", "title": "SAG Awards Winners: Complete List", "pageclass": "article", "pmc-vertical": "film,tv", "pmc-primary-category": "News", "pmc-primary-vertical": "film", "pmc-is_vyvip_article": "no"}, "apple-itunes-app": "app-id=416179538", "generator": "WordPress 5.5.2", "author": "Variety Staff", "apple-mobile-web-app-capable": "yes", "mobile-web-app-capable": "yes", "apple-touch-fullscreen": "YES", "apple-mobile-web-app-title": "Variety", "application-name": "Variety", "robots": "max-image-preview:large", "content_type": "Article", "post_id": 1202668627, "title": "SAG Awards Winners: Complete List", "published_at": "2018-01-21 15:32:11", "image": "https://variety.com/wp-content/uploads/2018/01/nicole-kidman-sag-awards-gif.jpg?w=1000", "comment_count": 20, "tags": "Veep", "topics": "News", "appeared_in_print": "No", "body": "\"Three Billboards Outside Ebbing, Missouri,\" \"This Is Us,\" \"Veep,\" and \"Big Little Lies\" were the big winners at the\u00a0SAG Awards on Sunday night.\r\n\r\nKristen Bell served as the ceremony's first-ever host, while the all-female presenters included Halle Berry, Dakota Fanning, Lupita Nyong'o, and Kelly Marie Tran. Morgan Freeman received the life achievement award.\r\n\r\nThe show kicked off at 5 p.m. PT/8 p.m. ET, airing live on TNT and TBS.\r\n\r\nHere's the full winners list.\r\n\r\nOutstanding Performance by a Cast in a Motion Picture:\r\n\"The Big Sick\"\r\n\"Get Out\"\r\n\"Lady Bird\"\r\n\"Mudbound\"\r\n\"Three Billboards Outside Ebbing, Missouri\"\u00a0(WINNER)\r\n\r\nOutstanding Performance by a Female Actor in a Leading Role:\r\nJudi Dench, \"Victoria & Abdul\"\r\nSally Hawkins, \"The Shape of Water\"\r\nFrances McDormand, \"Three Billboards Outside Ebbing, Missouri\"\u00a0(WINNER)\r\nMargot Robbie, \"I, Tonya\"\r\nSaoirse Ronan, \"Lady Bird\"\r\n\r\nOutstanding Performance by a Male Actor in a Leading Role:\r\nTimothee Chalamet, \"Call Me by Your Name\"\r\nJames Franco, \"The Disaster Artist\"\r\nDaniel Kaluuya, \"Get Out\"\r\nGary Oldman, \"Darkest Hour\"\u00a0(WINNER)\r\nDenzel Washington, \"Roman J. Israel, Esq.\"\r\n\r\nOutstanding Performance by an Ensemble in a Drama Series:\r\n\"The Crown\"\r\n\"Game of Thrones\"\r\n\"The Handmaid\u2019s Tale\"\r\n\"Stranger Things\"\r\n\"This Is Us\"\u00a0(WINNER)\r\n\r\nOutstanding Performance by a Female Actor in a Drama Series:\r\nMillie Bobby Brown, \"Stranger Things\"\r\nClaire Foy, \"The Crown\"\u00a0(WINNER)\r\nLaura Linney, \"Ozark\"\r\nElisabeth Moss, \"The Handmaid\u2019s Tale\"\r\nRobin Wright, \"House of Cards\"\r\n\r\nOutstanding Performance by a Male Actor in a Drama Series:\r\nJason Bateman, \"Ozark\"\r\nSterling K. Brown, \"This Is Us\"\u00a0(WINNER)\r\nPeter Dinklage, \"Game of Thrones\"\r\nDavid Harbour, \"Stranger Things\"\r\nBob Odenkirk, \"Better Call Saul\"\r\n\r\nOutstanding Performance by a Female Actor in a Television Movie or Miniseries:\r\nLaura Dern, \"Big Little Lies\"\r\nNicole Kidman, \"Big Little Lies\"\u00a0(WINNER)\r\nJessica Lange, \"Feud: Bette & Joan\"\r\nSusan Sarandon, \"Feud: Bette & Joan\"\r\nReese Witherspoon, \"Big Little Lies\"\r\n\r\nOutstanding Performance by a Male Actor in a Television Movie or Miniseries:\r\nBenedict Cumberbatch, \"Sherlock\"\r\nJeff Daniels, \"Godless\"\r\nRobert De Niro, \"The Wizard of Lies\"\r\nGeoffrey Rush, \"Genius\"\r\nAlexander Skarsgard, \"Big Little Lies\"\u00a0(WINNER)\r\n\r\nOutstanding Performance by a Male Actor in a Supporting Role:\r\nSteve Carell, \"Battle of the Sexes\"\r\nWillem Dafoe, \"The Florida Project\"\r\nWoody Harrelson,\"Three Billboards Outside Ebbing, Missouri\"\r\nRichard Jenkins, \"The Shape of Water\"\r\nSam Rockwell, \"Three Billboards Outside Ebbing, Missouri\"\u00a0(WINNER)\r\n\r\nOutstanding Performance by a Female Actor in a Supporting Role:\r\nMary J. Blige, \"Mudbound\"\r\nHong Chau, \"Downsizing\"\r\nHolly Hunter, \"The Big Sick\"\r\nAllison Janney, \"I, Tonya\"\u00a0(WINNER)\r\nLaurie Metcalf, \"Lady Bird\"\r\n\r\nOutstanding Performance by an Ensemble in a Comedy Series:\r\n\"Black-ish\"\r\n\"Curb Your Enthusiasm\"\r\n\"GLOW\"\r\n\"Orange is the New Black\"\r\n\"Veep\"\u00a0(WINNER)\r\n\r\nOutstanding Performance by a Female Actor in a Comedy Series:\r\nUzo Aduba, \"Orange Is the New Black\"\r\nAlison Brie, \"GLOW\"\r\nJane Fonda, \"Grace and Frankie\"\r\nJulia Louis-Dreyfus, \"Veep\"\u00a0(WINNER)\r\nLily Tomlin, \"Grace and Frankie\"\r\n\r\nOutstanding Performance by a Male Actor in a Comedy Series:\r\nAnthony Anderson, \"Black-ish\"\r\nAziz Ansari, \"Master of None\"\r\nLarry David, \"Curb Your Enthusiasm\"\r\nSean Hayes, \"Will & Grace\"\r\nWilliam H. Macy, \"Shameless\"\u00a0(WINNER)\r\nMarc Maron, \"GLOW\"\r\n\r\nOutstanding Action Performance by a Stunt Ensemble in a Comedy or Drama Series:\r\n\"Game of Thrones\" (WINNER)\r\n\"GLOW\"\r\n\"Homeland\"\r\n\"Stranger Things\"\r\n\"The Walking Dead\"\r\n\r\nOutstanding Action Performance by a Stunt Ensemble in a Motion Picture:\r\n\"Wonder Woman\" (WINNER)\r\n\"Baby Driver\"\r\n\"Dunkirk\"\r\n\"Logan\"\r\n\"War For The Planet Of The Apes\"", "onesignal": "wordpress-plugin", "fragment": "!", "og": {"type": "article", "title": "SAG Awards Winners: Complete List", "url": "https://variety.com/2018/film/news/sag-awards-winners-list-screen-actors-guild-2018-1202668627/", "description": "\u201cThree Billboards Outside Ebbing, Missouri,\u201d \u201cThis Is Us,\u201d \u201cVeep,\u201d and \u201cBig Little Lies\u201d were the big winners at the\u00a0SAG Awards on Sunday night. Kris\u2026", "site_name": "Variety", "image": {"identifier": "https://variety.com/wp-content/uploads/2018/01/nicole-kidman-sag-awards-gif.jpg?w=1000", "width": 1000, "height": 563, "alt": "Nicole Kidman SAG Awards Gif"}, "locale": "en_US"}, "article": {"published_time": "2018-01-21T23:32:11+00:00", "modified_time": "2018-01-22T03:19:49+00:00"}, "twitter": {"site": "@variety", "text": {"title": "SAG Awards Winners: Complete List"}, "image": {"identifier": "https://variety.com/wp-content/uploads/2018/01/nicole-kidman-sag-awards-gif.jpg?w=1000", "alt": "Nicole Kidman SAG Awards Gif"}, "card": "summary_large_image", "creator": "@Variety", "title": "SAG Awards Winners: Complete List", "description": "\"Three Billboards Outside Ebbing, Missouri,\" \"This Is Us,\" \"Veep,\" and \"Big Little Lies\" were the big winners at the\u00a0SAG Awards on Sunday."}}, "movies": [], "publish_date": 1516577531.0, "source": "http://variety.com", "summary": ""}