{"url": "https://www.telegraph.co.uk/news/2017/04/16/prince-harry-sought-counselling-death-mother-led-two-years-total/", "text": "Prince Harry has disclosed that he sought counselling after enduring two years of \u201ctotal chaos\u201d while still struggling in his late twenties to come to terms with the death of his mother.\n\nThe Prince says in an interview with The Telegraph that he \u201cshut down all his emotions\u201d for almost two decades after losing his mother, Diana, Princess of Wales, despite his brother, Prince William, trying to persuade him to seek help.\n\nDisclosing that he has spoken to a professional about his mental health, he describes how he only began to address his grief when he was 28 after feeling \u201con the verge of punching someone\u201d and facing anxiety during royal engagements.", "images": ["https://www.telegraph.co.uk/content/dam/news/2020/10/27/TELEMMGLPICT000242617180-small_trans_NvBQzQNjv4BqBrLFYIpvrVkg-3i7G5QYcR1Sd9C6GjBHiUqy-iFL-LU.jpeg", "https://www.telegraph.co.uk/content/dam/news/2017/04/16/TELEMMGLPICT000104028540_trans_NvBQzQNjv4BqeXNoLa8fh1c__wl03A5ih2LrhleNb0IyrNuPsax_GWc.jpeg?imwidth=480", "https://i.ytimg.com/vi/CWPTIWgQfww/mqdefault.jpg", "https://www.telegraph.co.uk/content/dam/news/2017/04/16/TELEMMGLPICT000118936558_trans_NvBQzQNjv4BqPuL-8ex6Wxr3HGFUi6PIc5XLXiVyP9u62yFpPEk2K00.jpeg?imwidth=480", "https://i.ytimg.com/vi/NjCfsQWqIo4/mqdefault.jpg", "https://www.telegraph.co.uk/content/dam/Author%20photos/Fraser_Nelson-small.png", "https://www.telegraph.co.uk/content/dam/news/2020/11/26/TELEMMGLPICT000245411518-small_trans_NvBQzQNjv4BqM37qcIWR9CtrqmiMdQVx7ExDkMBXbr0hweIsdooO_aQ.jpeg", "https://www.telegraph.co.uk/content/dam/video_previews/x/r/xrogv0yte6l_xkrfih32lpagxkg5eni0.jpg?impolicy=logo-overlay", "https://www.telegraph.co.uk/content/dam/news/2020/03/25/TELEMMGLPICT000228536636-small_trans_NvBQzQNjv4BqtgmxfOwRj8M_HIDk_rjuzwyUQOhkaMIseexlfBLt298.jpeg", "https://www.telegraph.co.uk/content/dam/politics/2020/11/26/261120_ZD_NEW_RULES_LOCKDOWN-03-1-small_trans_NvBQzQNjv4BqufPWexoDNO0wvV3FQMbBIDJHZ7jRKbA15p4Bvck6XLk.jpg", "https://www.telegraph.co.uk/content/dam/news/2020/11/27/TELEMMGLPICT000244725494-small_trans_NvBQzQNjv4BqpVlberWd9EgFPZtcLiMQfyf2A9a6I9YchsjMeADBa08.jpeg", "https://www.telegraph.co.uk/content/dam/TheTelegraph_portal_white-320-small.png", "https://www.telegraph.co.uk/content/dam/news/2020/11/26/TELEMMGLPICT000245192581-small_trans_NvBQzQNjv4BqM37qcIWR9CtrqmiMdQVx7ExDkMBXbr0hweIsdooO_aQ.jpeg", "https://www.telegraph.co.uk/content/dam/health-fitness/2020/06/02/TELEMMGLPICT000231037726-small_trans_NvBQzQNjv4BqM37qcIWR9CtrqmiMdQVx7M_PFMXAWx1_NCFvmOdfIXg.jpeg", "https://www.telegraph.co.uk/content/dam/news/2020/11/01/01-11-20-RM-SECOND-LOCKDOWN-LEAD-IMAGE-01-01-small_trans_NvBQzQNjv4BqqVzuuqpFlyLIwiB6NTmJwfp-Lnwb_Dq3Fonfr3-DT2I.jpg", "https://www.telegraph.co.uk/content/dam/news/2017/04/16/TELEMMGLPICT000125861151_trans_NvBQzQNjv4BqmAtswFSsM-RpcSVt9VEA3W5ikK6KIwSqoETHytowkz8.jpeg?imwidth=480", "https://www.telegraph.co.uk/content/dam/news/2020/11/23/2311_Tier1_LEAD-small_trans_NvBQzQNjv4BqqVzuuqpFlyLIwiB6NTmJwfSVWeZ_vEN7c6bHu2jJnT8.jpg", "https://www.telegraph.co.uk/content/dam/news/2020/11/26/TELEMMGLPICT000244855260-small_trans_NvBQzQNjv4BqpVlberWd9EgFPZtcLiMQfyf2A9a6I9YchsjMeADBa08.jpeg", "https://www.telegraph.co.uk/content/dam/generic/Matt-cartoon-255x206px-small.png", "https://www.telegraph.co.uk/content/dam/global-health/2020/10/28/TELEMMGLPICT000229943783-small_trans_NvBQzQNjv4BqNadeZm0KzkFwpSYJhHDpPbQMI5hkDcUBB5qZKQzbZSY.jpeg", "https://i.ytimg.com/vi/PB1I9501hqc/mqdefault.jpg", "https://www.telegraph.co.uk/content/dam/news/2020/11/26/TELEMMGLPICT000244792100-small_trans_NvBQzQNjv4BqniLs_ck1w-iIu15kYzVq2artcu5mb6i7I-m0HMDIL-E.jpeg", "https://www.telegraph.co.uk/content/dam/news/2017/04/16/57743502_AFP_Australia-International-Fleet-Review_trans_NvBQzQNjv4BqM37qcIWR9CtrqmiMdQVx7O_ntL1tNhOe4TXYQa9cARs.jpg?imwidth=480", "https://www.telegraph.co.uk/content/dam/environment/2020/11/26/TELEMMGLPICT000226222060-small_trans_NvBQzQNjv4BqcM9aBJczjGu2JtrWg8AaNebpMG9uWgcnc3MvHmUFhjA.jpeg", "https://www.telegraph.co.uk/content/dam/politics/2020/11/26/TELEMMGLPICT000243798933_1-small_trans_NvBQzQNjv4BqpVlberWd9EgFPZtcLiMQfyf2A9a6I9YchsjMeADBa08.jpeg", "https://www.telegraph.co.uk/content/dam/politics/2020/11/26/BOB271120-small_trans_NvBQzQNjv4BqbSn9vx7rJgtcnJY8fWO43nhGA4TZJH0Fv7v0OohckKU.jpg", "https://www.telegraph.co.uk/content/dam/news/2017/04/16/TELEMMGLPICT000125373463_trans_NvBQzQNjv4BqAfwcn9-ioHookDyYnjAMrV2g5GYclPYQ8pGQ9FOvxlo.jpeg?imwidth=480", "https://i.ytimg.com/vi/Km9_DGkNCNI/mqdefault.jpg", "https://img.youtube.com/vi/t5zSeZAE_T4/mqdefault.jpg", "https://www.telegraph.co.uk/content/dam/family/2020/06/26/TELEMMGLPICT000232028652_2-small_trans_NvBQzQNjv4BqpVlberWd9EgFPZtcLiMQfyf2A9a6I9YchsjMeADBa08.jpeg"], "top_img": "https://www.telegraph.co.uk/content/dam/video_previews/x/r/xrogv0yte6l_xkrfih32lpagxkg5eni0.jpg?impolicy=logo-overlay", "keywords": [], "authors": ["Hannah Furness", "Royal Correspondent", "Fraser Nelson"], "canonical_link": "https://www.telegraph.co.uk/news/2017/04/16/prince-harry-sought-counselling-death-mother-led-two-years-total/", "title": "Prince Harry: I sought counselling after 20 years of not thinking about the death of my mother, Diana, and two years of total chaos in my life", "meta_data": {"msapplication-TileColor": "#2c769d", "msapplication-TileImage": "/etc/designs/telegraph/core/clientlibs/core/icons/mstile-144x144.png", "msapplication-tooltip": "The Telegraph", "msapplication-config": "/etc/designs/telegraph/core/clientlibs/core/icons/browserconfig.xml", "msapplication-square310x310logo": "/etc/designs/telegraph/core/clientlibs/core/icons/mstile-310x310.png", "msapplication-wide310x150logo": "/etc/designs/telegraph/core/clientlibs/core/icons/mstile-310x150.png", "msapplication-square150x150logo": "/etc/designs/telegraph/core/clientlibs/core/icons/mstile-150x150.png", "msapplication-square70x70logo": "/etc/designs/telegraph/core/clientlibs/core/icons/mstile-70x70.png", "viewport": "width=device-width, initial-scale=1, user-scalable=yes", "description": "Prince Harry has disclosed that he sought counselling after enduring two years of &ldquo;total chaos&rdquo; while still struggling in his late twenties to come to terms with the death of his mother.", "keywords": "Standard,UK News,Prince Harry,Changing Minds,News,Mental health,The Royal Family,Princess Diana,Children,Bryony Gordon's Mad World Podcast,Prince William,Afghanistan,Anxiety,Health,Duchess of Cambridge", "tmgads.channel": "news", "tmgads.section": "news-2017", "tmgads.zone": "news.2017.04.16", "tmgads.articleid": "AnrknpltVWbd", "tmgads.pagetype": "video", "tmgads.level": 5, "tmgads.geo": "SE", "tmgads.keywords": "Standard,UK News,Prince Harry,Changing Minds,News,Mental health,The Royal Family,Princess Diana,Children,Bryony Gordon's Mad World Podcast,Prince William,Afghanistan,Anxiety,Health,Duchess of Cambridge", "DCSext.Channel": "news", "DCSext.Category": 2017, "DCSext.Genre": 4, "DCSext.MLC": "/news/2017/04/16", "DCSext.articleId": "AnrknpltVWbd", "DCSext.Content_Type": "video", "DCSext.Level": 5, "DCSext.author": "Hannah Furness", "DCSext.articleFirstPublished": "2017-04-16 21:45", "DCSext.cf": 0, "DCSext.cd": 0, "DCSext.cn": 0, "DCSext.pd": 1, "og": {"title": "Prince Harry: I sought counselling after 20 years of not thinking about the death of my mother, Diana, and two years of total chaos in my life", "description": "Prince Harry has disclosed that he sought counselling after enduring two years of &ldquo;total chaos&rdquo; while still struggling in his late twenties to come to terms with the death of his mother.", "type": "article", "site_name": "The Telegraph", "url": "https://www.telegraph.co.uk/news/2017/04/16/prince-harry-sought-counselling-death-mother-led-two-years-total/", "image": "https://www.telegraph.co.uk/content/dam/video_previews/x/r/xrogv0yte6l_xkrfih32lpagxkg5eni0.jpg?impolicy=logo-overlay"}, "twitter": {"title": "Prince Harry: I sought counselling after 20 years of not thinking about the death of my mother, Diana, and two years of total chaos in my life", "url": "https://www.telegraph.co.uk/news/2017/04/16/prince-harry-sought-counselling-death-mother-led-two-years-total/", "image": "https://www.telegraph.co.uk/content/dam/video_previews/x/r/xrogv0yte6l_xkrfih32lpagxkg5eni0.jpg?impolicy=logo-overlay", "site": "@TelegraphNews", "description": "Prince Harry has disclosed that he sought counselling after enduring two years of &ldquo;total chaos&rdquo; while still struggling in his late twenties to come to terms with the death of his mother.", "card": "summary_large_image"}, "tmgads.businessSegment": "news", "tmg.premium.override": "true", "tmg.premium.state": "true", "premiumContentOnFirstPublish": "false", "article": {"content_tier": "locked", "opinion": "false"}, "fb": {"pages": 122346694516955}, "tmg.app": "false", "fbn-bypass": "false", "robots": "max-snippet:-1,max-image-preview:standard,max-video-preview:-1"}, "movies": [], "publish_date": 1492293600.0, "source": "https://www.telegraph.co.uk", "summary": ""}