{"url": "http://www.facebook.com/notes/sarah-palin/peace-through-strength-and-american-pride-vs-enemy-centric-policy/403777543434", "text": "G\u00e5 med eller logga in p\u00e5 Facebook", "images": ["https://static.xx.fbcdn.net/rsrc.php/yz/r/KFyVIAWzntM.ico", "https://facebook.com/security/hsts-pixel.gif?c=3.2"], "top_img": "https://static.xx.fbcdn.net/rsrc.php/yz/r/KFyVIAWzntM.ico", "keywords": [], "authors": [], "canonical_link": "https://www.facebook.com/notes/sarah-palin/peace-through-strength-and-american-pride-vs-enemy-centric-policy/403777543434/", "title": "Facebook", "meta_data": {"referrer": "default"}, "movies": [], "publish_date": null, "source": "http://www.facebook.com", "summary": ""}