{"url": "https://web.archive.org/web/20090513070231/http://www.whitehouse.gov/omb/budget/Historicals/", "text": "OMB HOME \u2022\n\nHistorical Tables\n\nHistorical Tables provides data on budget receipts, outlays, surpluses or deficits, Federal debt, and Federal employment over an extended time period, generally from 1940 or earlier to 2010 or 2014.\n\nTo the extent feasible, the data have been adjusted to provide consistency with the 2010 Budget and to provide comparability over time.\n\nSpreadsheets\n\nTo download the Historical Tables as a single PDF, click here (2.0 MB)", "images": ["https://web.archive.org/web/20090513070231im_/http://www.whitehouse.gov/images/eop/clear.gif", "https://web.archive.org/web/20090513070231im_/http://statse.webtrendslive.com/dcs0l9nq800000ctek411lue6_2c8b/njs.gif?dcsuri=/nojavascript&WT.js=No&DCS.dcscfg=1&WT.tv=8.6.0", "https://web.archive.org/web/20090513070231im_/http://www.whitehouse.gov/images/eop/hdr-usa-flag.gif", "https://web.archive.org/web/20090513070231im_/http://www.whitehouse.gov/images/omb/omb-header.jpg"], "top_img": "", "keywords": [], "authors": [], "canonical_link": "", "title": "FY 2010 President's Budget", "meta_data": {"keywords": "Office of Management and Budget, President, Barack Obama, President\u2019s Budget, United States Budget", "description": "omb.gov is the official web site for the Office of Management and Budget who serve President Barack Obama, the 44th President of the United States. This site is a source for information about the President's Budget and information about the Budget for agencies and the public."}, "movies": [], "publish_date": null, "source": "https://web.archive.org", "summary": ""}