{"url": "www.elle.com/culture/celebrities/a19037296/kendall-jenner-fizzling-out-with-blake-griffin-report/", "text": "The great, private-ish romance between Kendall Jenner and NBA player Blake Griffin is essentially over for now, E! and People are reporting via multiple sources. Griffin's trade from the LA Clippers to the Detroit Pistons is mostly to blame. \"Kendall and Blake talk and she has been to Detroit to see him, but the distance is a major factor,\" a source told E!. \"He will be back in L.A. for the summer, and it's possible they could heat up again. For now, they are still in contact and not ruling anything out.\"\n\n\"Right now, it's on and off and they still talk and see each other when their schedules allow it,\" a second source said.\n\n\n\nThere's no particular drama to blame here, People's source added, though \u201cthey\u2019ve definitely cooled off and are taking things at a slower pace,\u201d the source said. \u201cHe got traded and isn\u2019t local anymore, so they\u2019ve grown apart a bit just because of distance. They\u2019re still involved.\u201d\n\nWhile there isn't drama between the two of them, Griffin's ex, Brynn Cameron, with whom he has two kids, made headlines when she filed a palimony suit against him on Valentine's Day. She claimed in the suit, via E!, that Griffin called off their wedding a week before the date and \"immediately embarked on a high-profile affair with [Kendall].\"\n\nJenner and Griffin started dating in the late summer when she was also casually dating A$AP Rocky. The two were seen out multiple times together in Los Angeles and Montauk (on the tip of New York's East Hampton) alike\u2014a bicoastal fling. In October, things got seemingly more serious: Jenner was photographed having dinner out with him and his bros. Us Weekly reported less than two weeks later that the pair DTR'd. \u201cThey\u2019re legit. They\u2019re a full-on couple,\u201d a source close to Jenner told the outlet then. \u201cKendall has been going to a lot of his games and they have been enjoying time at home when Blake is in town. They\u2019re good.\u201d\n\nJenner purposely does not talk about her love life to the press and won't unless she's about to get engaged and make it official for good. \"If I'm not fully, fully in it with someone, why would I make it public to everyone else?\" Jenner told Harper's Bazaar last year.\n\n\n\nAlyssa Bailey News and Strategy Editor Alyssa Bailey is the news and strategy editor at ELLE.com, where she oversees coverage of celebrities and royals (particularly Meghan Markle and Kate Middleton).\n\nThis content is created and maintained by a third party, and imported onto this page to help users provide their email addresses. You may be able to find more information about this and similar content at piano.io", "images": ["data:image/gif;base64,R0lGODlhAQABAIAAAAAAAP///yH5BAEAAAAALAAAAAABAAEAAAIBRAA7", "https://hips.hearstapps.com/hmg-prod.s3.amazonaws.com/images/kendall-blake-1519918788.jpg?crop=1.00xw:1.00xh;0,0&resize=1200:*"], "top_img": "https://hips.hearstapps.com/hmg-prod.s3.amazonaws.com/images/kendall-blake-1519918788.jpg?crop=1.00xw:1.00xh;0,0&resize=1200:*", "keywords": [], "authors": ["Alyssa Bailey", "News", "Strategy Editor", "Alyssa Bailey Is The News", "Strategy Editor At Elle.Com", "Where She Oversees Coverage Of Celebrities", "Royals", "Particularly Meghan Markle", "Kate Middleton ."], "canonical_link": "https://www.elle.com/culture/celebrities/a19037296/kendall-jenner-fizzling-out-with-blake-griffin-report/", "title": "Kendall Jenner and Blake Griffin Close to Break Up", "meta_data": {"x-ua-compatible": "IE=edge,chrome=1", "viewport": "width=device-width,initial-scale=1,maximum-scale=6", "msapplication-tap-highlight": "no", "theme-color": "#EC008C", "og": {"type": "article", "site_name": "ELLE", "title": "Blake's Trade From LA Clipped the Wings of the Kendall Jenner Romance", "description": "No more having to go to her basketball player boyfriend's games.", "url": "https://www.elle.com/culture/celebrities/a19037296/kendall-jenner-fizzling-out-with-blake-griffin-report/", "image": {"identifier": "https://hips.hearstapps.com/hmg-prod.s3.amazonaws.com/images/kendall-blake-1519918788.jpg?crop=1.00xw:1.00xh;0,0&resize=1200:*", "width": 1200, "height": 600}}, "fb": {"app_id": 364664413547847, "pages": 31911516300}, "article": {"publisher": "https://www.facebook.com/ellemagazine", "modified_time": "2018-03-19 05:03:10", "published_time": "2018-03-01 03:58:00", "section": "Celebrity News 2020", "opinion": "false"}, "twitter": {"site": "@ELLEmagazine", "card": "summary_large_image", "image": "https://hips.hearstapps.com/hmg-prod.s3.amazonaws.com/images/kendall-blake-1519918788.jpg?crop=1.00xw:1.00xh;0,0&resize=640:*"}, "google-site-verification": "W6SOBCzCmb2sA5l3z9YK1yO7I7bPYArVQCP09_e2zck", "title": "Kendall Jenner and Blake Griffin Close to Break Up - Kendall Jenner Almost Single", "description": "\u200bThe great, private-ish romance between Kendall Jenner and NBA player Blake Griffin is essentially over for now, E!\u200b and People\u200b are reporting via multiple sources. \u200bGriffin's trade from the LA Clippers to the Detroit Pistons is mostly to blame.", "keywords": "kendall jenner, blake griffin, kendall jenner boyfriend, kendall jenner single, kendall jenner dating, kendall blake griffin breakup", "auto-publish": "timely", "thumbnail": "https://hips.hearstapps.com/hmg-prod.s3.amazonaws.com/images/kendall-blake-1519918788.jpg?crop=0.502xw:1.00xh;0,0&resize=320:*", "sailthru.contenttype": "standard-article", "sailthru.tags": "Culture,culture,celebrities,blake griffin,Kendall Jenner", "sailthru.date": "2018-03-01T15:58:00Z", "sailthru.image.full": "https://hips.hearstapps.com/hmg-prod.s3.amazonaws.com/images/kendall-blake-1519918788.jpg?crop=1.00xw:1.00xh;0,0", "sailthru.image.thumb": "https://hips.hearstapps.com/hmg-prod.s3.amazonaws.com/images/kendall-blake-1519918788.jpg?crop=0.502xw:1.00xh;0,0", "sailthru.socialtitle": "Blake's Trade From LA Clipped the Wings of the Kendall Jenner Romance", "m1": ".content-hed", "m2": ".content-dek p"}, "movies": [], "publish_date": 1519873080.0, "source": "http://www.elle.com", "summary": ""}