{"url": "https://pagesix.com/2018/03/30/it-costs-40k-a-month-to-look-like-erika-jayne/", "text": "Click to email this to a friend (Opens in new window)\n\nClick to share on Twitter (Opens in new window)\n\nClick to share on Facebook (Opens in new window)\n\nIt really is expensive to be Erika Girardi.\n\nSitting down with E! News on Thursday, the \u201cReal Housewives of Beverly Hills\u201d beauty revealed it costs the price of a college tuition to maintain her pop star persona, Erika Jayne, each month.\n\n\u201cI think it costs $40,000 a month to do Erika Jayne,\u201d the 46-year-old Bravo star revealed. \u201cSo that\u2019s hair, makeup, makeup, costumes, wardrobe, the whole production itself.\u201d\n\nGirardi wasn\u2019t kidding when she told The Cut last summer that becoming the \u201cPretty Mess\u201d \u201ccosts money and takes time.\u201d But on the \u201cXXPEN$IVE\u201d scale, Erika Jayne\u2019s monthly budget is quite low.\n\n\u201cThere are many people that spend a lot more. So 40 is actually kind of on the low, when you really start getting into what\u2019s done,\u201d she said.", "images": ["https://pagesix.com/wp-content/mu-plugins/jetpack-9.1/modules/sharedaddy/images/loading.gif", "https://googleads.g.doubleclick.net/pagead/viewthroughconversion/988380111/?value=0&guid=ON&script=0", "https://nypost.com/wp-content/uploads/sites/3/2019/09/apple-podcast-badge402x.png", "https://pagesix.com/wp-content/mu-plugins/vip-helpers/images/vip-powered-dark-small.png", "https://pagesix.com/wp-content/uploads/sites/3/2018/03/erika-jayne2.jpg?quality=90&strip=all&w=618&h=410&crop=1", "https://pagesix.com/wp-content/uploads/sites/3/2018/03/erika-jayne2.jpg?quality=90&strip=all&w=1200", "https://nypost.com/wp-content/uploads/sites/3/2019/09/p6podcast402x.png", "data:image/gif;base64,R0lGODlhAQABAIAAAAAAAP///yH5BAEAAAAALAAAAAABAAEAAAIBRAA7"], "top_img": "https://pagesix.com/wp-content/uploads/sites/3/2018/03/erika-jayne2.jpg?quality=90&strip=all&w=1200", "keywords": [], "authors": ["March"], "canonical_link": "https://pagesix.com/2018/03/30/it-costs-40k-a-month-to-look-like-erika-jayne/", "title": "It costs $40K a month to look like Erika Jayne", "meta_data": {"viewport": "width=device-width, initial-scale=1", "copyright": "Copyright 2020 NYP Holdings. All rights reserved.", "p": {"domain_verify": "44b526edc36ffbcc163412ee9fe42833"}, "robots": "max-image-preview:large", "description": "\"There are many people that spend a lot more,\" the \"Real Housewives of Beverly Hills\" star shared.", "generator": "WordPress 5.4.3", "fb": {"pages": 261611377580503}, "parsely-metadata": "{\"post_id\":\"pagesix-4420604\"}", "keywords": "bravo,erika girardi,real housewives of beverly hills,reality stars", "article": {"opinion": "false", "content_tier": "free", "published_time": "2018-03-30T16:44:08+00:00", "modified_time": "2018-03-30T17:14:50+00:00", "publisher": "https://www.facebook.com/pagesix"}, "google-site-verification": "kUaM_iOUItG-sfAnU_xqPqFG_0hl71TEfuta-jVPcSw", "msvalidate.01": "8188997BC82071CE07AB711B5675CE54", "og": {"type": "article", "title": "It costs $40K a month to look like Erika Jayne", "url": "https://pagesix.com/2018/03/30/it-costs-40k-a-month-to-look-like-erika-jayne/", "description": "\u201cThere are many people that spend a lot more,\u201d the \u201cReal Housewives of Beverly Hills\u201d star shared.", "site_name": "Page Six", "image": {"identifier": "https://pagesix.com/wp-content/uploads/sites/3/2018/03/erika-jayne2.jpg?quality=90&strip=all&w=1200", "secure_url": "https://i1.wp.com/pagesix.com/wp-content/uploads/sites/3/2018/03/erika-jayne2.jpg?quality=90&strip=all&ssl=1"}, "locale": "en_US"}, "twitter": {"creator": "@jmhendricks88", "site": "@pagesix", "text": {"title": "It costs $40K a month to look like Erika Jayne"}, "image": {"identifier": "https://pagesix.com/wp-content/uploads/sites/3/2018/03/erika-jayne2.jpg?quality=90&strip=all&w=680&h=356&crop=1", "src": "https://pagesix.com/wp-content/uploads/sites/3/2018/03/erika-jayne2.jpg?quality=90&strip=all&w=680&h=356&crop=1"}, "card": "summary_large_image", "title": "It costs $40K a month to look like Erika Jayne", "description": "\"There are many people that spend a lot more,\" the \"Real Housewives of Beverly Hills\" star shared."}}, "movies": [], "publish_date": 1522360800.0, "source": "https://pagesix.com", "summary": ""}