{"url": "https://web.archive.org/web/20170424085830/http://www.miamiherald.com:80/entertainment/article145169604.html", "text": "They haven\u2019t appeared together since the Academy Awards that brought them the Best Picture Oscar. So it seemed only fitting that \u201cMoonlight\u201d filmmaker Barry Jenkins and playwright Tarell Alvin McCraney return home to Liberty City to celebrate and encourage others to pursue their potential.", "images": ["https://web.archive.org/web/20170424085830im_/http://www.miamiherald.com/entertainment/celebrities/y1jdfv-Larry-King-and-Chris-Bosh-talk-tattoos/alternates/LANDSCAPE_200/Larry%20King%20and%20Chris%20Bosh%20talk%20tattoos", "https://web.archive.org/web/20170424085830im_/http://www.miamiherald.com/wps/source/images/widgets/weather/small/38.png", "https://web.archive.org/web/20170424085830im_/http://googleads.g.doubleclick.net/pagead/viewthroughconversion/968074018/?value=0&guid=ON&script=0", "https://web.archive.org/web/20170424085830im_/http://www.miamiherald.com/latest-news/h89x89-moonlight.jpg/alternates/LANDSCAPE_200/moonlight.jpg", "https://web.archive.org/web/20170424085830im_/http://pics.mcclatchyinteractive.com/incoming/q3ff1b-People_Chris_Brown_33510.jpg/alternates/LANDSCAPE_1140/People_Chris_Brown_33510.jpg", "https://web.archive.org/web/20170424085830im_/http://www.miamiherald.com/wps/build/images/miamiherald/logo-lg.png", "https://web.archive.org/web/20170424085830im_/http://ece-logger.nandomedia.com:8083/analysis-logger/Logger?rt=1&ctxId=4968&contextPath=3179-&pubId=7&cat=&meta=read-videoIngest&objId=145169604&type=article&title=Chris+Brown+allegedly+punches+photographer+at+Tampa+nightclub&url=http%3A%2F%2Fwww.miamiherald.com%2Fentertainment%2Farticle145169604.html", "https://web.archive.org/web/20170424085830im_/http://www.miamiherald.com/wps/build/images/miamiherald/logo-sm.png"], "top_img": "https://web.archive.org/web/20170424085830im_/http://pics.mcclatchyinteractive.com/incoming/q3ff1b-People_Chris_Brown_33510.jpg/alternates/LANDSCAPE_1140/People_Chris_Brown_33510.jpg", "keywords": [], "authors": [], "canonical_link": "https://web.archive.org/web/20170424085830/http://www.miamiherald.com/entertainment/article145169604.html", "title": "Chris Brown allegedly punches photographer at Tampa nightclub", "meta_data": {"msapplication-TileColor": "#FFFFFF", "msapplication-TileImage": "/wps/build/images/miamiherald/windowsmetro-144.png", "robots": "noindex", "twitter": {"card": "summary_large_image", "site": "miamiherald", "title": "Chris Brown allegedly punches photographer at Tampa nightclub", "image": "https://web.archive.org/web/20170424085830im_/http://pics.mcclatchyinteractive.com/incoming/q3ff1b-People_Chris_Brown_33510.jpg/alternates/LANDSCAPE_1140/People_Chris_Brown_33510.jpg", "description": "Singer Chris Brown allegedly punched a photographer at the Aja Channelside nightclub in Tampa, Florida, in the early morning of April 17. Brown had been booked to appear at the club for an after party following his performance at Amalie Arena."}, "og": {"site_name": "miamiherald", "type": "article", "title": "Chris Brown allegedly punches photographer at Tampa nightclub", "url": "https://web.archive.org/web/20170424085830/http://www.miamiherald.com/entertainment/article145169604.html", "image": "https://web.archive.org/web/20170424085830im_/http://pics.mcclatchyinteractive.com/incoming/q3ff1b-People_Chris_Brown_33510.jpg/alternates/LANDSCAPE_1140/People_Chris_Brown_33510.jpg", "description": "Singer Chris Brown allegedly punched a photographer at the Aja Channelside nightclub in Tampa, Florida, in the early morning of April 17. Brown had been booked to appear at the club for an after party following his performance at Amalie Arena."}, "fb": {"app_id": 133847067760}, "title": "Chris Brown allegedly punches photographer at Tampa nightclub | Miami Herald", "allow-comments": "false", "description": "Singer Chris Brown allegedly punched a photographer at the Aja Channelside nightclub in Tampa, Florida, in the early morning of April 17. Brown had been booked to appear at the club for an after party following his performance at Amalie Arena.", "keywords": "chris brown, punch, fight, tampa, photographer, paparazzi, florida, club, night, aja, altercation", "news_keywords": "chris brown, punch, fight, tampa, photographer, paparazzi, florida, club, night, aja, altercation", "googlebot": "noodp, noarchive", "viewport": "width=device-width, initial-scale=1.0", "original-source": "http://www.miamiherald.com/entertainment/article145169604.html", "google-site-verification": "CGBP3Njv1HyxLF1VInLHOprjcfJXffMVe5Udr0HQf-U"}, "movies": [], "publish_date": null, "source": "https://web.archive.org", "summary": ""}