{"url": "http://www.opensecrets.org/", "text": "OpenSecrets provides original, in-depth reporting and trustworthy data to 9.8 million users worldwide. Your support helps keep this critical work current and accessible \u2014 as it did through the record-breaking 2020 election cycle \u2014 and will be just as important as the spotlight shifts to the new administration and efforts to influence policy.\n\nYou are crucial to the resources we provide and the impact we make in the new year. Please consider giving a year-end donation to promote transparency and keep government accountable.\n\nDouble your impact: NewsMatch will match your contribution (up to $5000) through Dec.31, so there couldn\u2019t be a better time to support transparency.", "images": ["https://cdn1.opensecrets.org/rails-assets/production/assets/stock-photos/capitol-800-3e7bc1fb21870f3d85017f15561d40cf2396141607580d87eab186275aaa6ce9.png", "https://cdn1.opensecrets.org/rails-assets/production/assets/illustrations/calc-43ecfde6186338b7036dd02b2582f67198ebc8ff6b7e2b181ae0f4e2250ca75f.png", "https://cdn1.opensecrets.org/rails-assets/production/assets/stock-photos/cash-800-ca3101b0bf58e4105dd192f24062836da2b5cb06e9964eb13828517f866ea285.png", "https://cdn1.opensecrets.org/rails-assets/production/assets/stock-photos/ballot-800-7d35fba5464db1670cfed47c649e4ddd5172bcf1cdd7d1d9843912d89e4b658f.png", "https://cdn1.opensecrets.org/rails-assets/production/assets/illustrations/data-3736f9cf3e2394b7f44cab1983bb1d1ff171ac5c1ad4ceb0aab8408babd77d17.png", "https://cdn1.opensecrets.org/news/wp-content/uploads/2020/12/18111741/John-Kerry-and-Green-Energy.png", "https://cdn1.opensecrets.org/rails-assets/production/assets/external-logos/cnn-logo-2f110f9a9ba1a41d32f1bd4fab9b12e9ce1ead201f9b14f2377e4e276a4e7579.png", "https://cdn1.opensecrets.org/rails-assets/production/assets/external-logos/politico-logo-2084520da5a68966ef7e70058c330c07690deb40fea70e6996b538cb2cb7a83b.png", "https://cdn1.opensecrets.org/rails-assets/production/assets/logo2019-2-2e9a14d8e24619c34ebcf54c1f3af6695ac4f3139b51ba448650678008aa873a.png", "https://cdn1.opensecrets.org/rails-assets/production/assets/external-logos/reuters-logo-380fe3225358c0026df0c2bce01cbde9559eafaedaaac362e9c54906bcffdde3.png", "https://cdn1.opensecrets.org/news/wp-content/uploads/2019/02/01160402/Money-image-100-dollars-e1549562466887.jpg", "https://cdn1.opensecrets.org/rails-assets/production/assets/illustrations/tools-a0826e4dd5567fac3a037b9136a29047cd392eb4b917a8b0535673854bc24048.png", "https://cdn1.opensecrets.org/rails-assets/production/assets/external-logos/fox-news-logo-241facf21fac80cbcf82813541a4eec3d1f65d0f358535a7fb5d043ec3b955bc.png", "https://cdn1.opensecrets.org/rails-assets/production/assets/homepage/women-broke-barriers-500-58b2182fddb05c27bea80674ee1d63b20e2a04fc2168dedc7464d4789560cd36.jpg", "https://cdn1.opensecrets.org/news/wp-content/uploads/2020/12/21152533/screen_shot_2020-12-18_at_4.33.59_pm-copy.png", "https://cdn1.opensecrets.org/rails-assets/production/assets/external-logos/nytimes-logo-265f8ee82f70998096a26c171c9e4a0df62d63d6cbea3c85f358e41378623e82.png"], "top_img": "https://cdn1.opensecrets.org/rails-assets/production/assets/logo2019-2-2e9a14d8e24619c34ebcf54c1f3af6695ac4f3139b51ba448650678008aa873a.png", "keywords": [], "authors": [], "canonical_link": "https://www.opensecrets.org/", "title": "OpenSecrets", "meta_data": {"viewport": "width=device-width, initial-scale=1.0", "description": "The Center for Responsive Politics is the nation's premier research group tracking money in politics and its effect on elections and public policy.", "og": {"site_name": "OpenSecrets", "title": "OpenSecrets", "description": "The Center for Responsive Politics is the nation's premier research group tracking money in politics and its effect on elections and public policy.", "url": "https://www.opensecrets.org/", "type": "article", "image": "https://cdn1.opensecrets.org/rails-assets/production/assets/logo2019-2-2e9a14d8e24619c34ebcf54c1f3af6695ac4f3139b51ba448650678008aa873a.png"}, "fb": {"pages": 13220831937}, "twitter": {"card": "summary", "title": "OpenSecrets", "description": "The Center for Responsive Politics is the nation's premier research group tracking money in politics and its effect on elections and public policy.", "image": {"src": "https://cdn1.opensecrets.org/rails-assets/production/assets/logo2019-2-2e9a14d8e24619c34ebcf54c1f3af6695ac4f3139b51ba448650678008aa873a.png", "alt": "OpenSecrets.org"}, "creator": "@", "domain": "http://opensecrets.org/"}, "apple-mobile-web-app-title": "OpenSecrets", "theme-color": "#FIXME", "csrf-param": "authenticity_token", "csrf-token": "1BTJVRbZdwrbX5nOdpwsvkokOwfmodfvrEO8YS4bdgHzvU+EaPT4xL78XsUoR3eUS+kwjx67/M66o2B/vIAgag=="}, "movies": [], "publish_date": null, "source": "http://www.opensecrets.org", "summary": ""}