{"url": "https://variety.com/2018/film/news/fantastic-beasts-the-crimes-of-grindelwald-trailer-jude-law-johnny-depp-watch-1202724854/", "text": "Warner Bros. put a spell on Harry Potter fans Tuesday with the release of the first trailer for \u201cFantastic Beasts: The Crimes of Grindelwald.\u201d\n\nIn the trailer, Eddie Redmayne returns as the charmingly clumsy Newt Scamander, while Jude Law makes his Wizarding World debut as a young Albus Dumbledore. It\u2019s teased that Scamander is acting under orders from Dumbledore to head to Paris, but as the future-Hogwarts headmaster notes, Scamander isn\u2019t one for taking orders well.\n\nThe David Yates film follows Dumbledore and Scamander, his former student, as they join forces to recapture an escaped Gellert Grindelwald, played by Johnny Depp, who is on a mission to dominate all non-magical people with the help of his pureblood wizard followers.\n\n\u201cI can\u2019t move against Grindelwald,\u201d Dumbledore tells Scamander in the clip. \u201cIt has to be you.\u201d\n\nThe trailer debuted amid casting controversy surrounding Depp, who was accused of domestic abuse by his ex-wife, Amber Heard, in court filings. J.K. Rowling, the Harry Potter author who wrote the screenplays for both \u201cFantastic Beasts\u201d movies, has since defended the decision to cast Depp on Twitter, citing both Heard\u2019s and Depp\u2019s desires to move on.\n\n\u201cFantastic Beasts: The Crimes of Grindelwald\u201d marks Yates\u2019 fifth foray into the Wizarding World. He previously directed the last four movies in the original Harry Potter franchise, as well as the first \u201cFantastic Beasts\u201d installment. His is set to direct the remaining three movies rounding out the \u201cFantastic Beasts\u201d saga, with Rowling continuing on as a screenwriter. \u201cFantastic Beasts: The Crimes of Grindelwald\u201d hits theaters Nov. 16.", "images": ["https://variety.com/wp-content/themes/pmc-variety-2020/assets/public/lazyload-fallback.gif", "https://www.facebook.com/tr?id=315552255725686&ev=PageView&noscript=1", "https://variety.com/wp-content/uploads/2018/03/fantastic-beasts-the-crimes-of-grindelwald-trailer.jpg?w=681&h=383&crop=1", "https://px.ads.linkedin.com/collect/?pid=1429113&fmt=gif", "https://sb.scorecardresearch.com/p?c1=2&c2=6035310&c3=&c4=&c5=&c6=&c15=&cv=2.0&cj=1", "https://pixel.quantserve.com/pixel?a.1=&a.2=p-31f3D02tYU8zY", "https://www.facebook.com/tr?id=586935388485447&ev=PageView&noscript=1", "https://variety.com/wp-content/uploads/2018/03/fantastic-beasts-the-crimes-of-grindelwald-trailer.jpg?w=953"], "top_img": "https://variety.com/wp-content/uploads/2018/03/fantastic-beasts-the-crimes-of-grindelwald-trailer.jpg?w=953", "keywords": [], "authors": ["Christi Carras"], "canonical_link": "https://variety.com/2018/film/news/fantastic-beasts-the-crimes-of-grindelwald-trailer-jude-law-johnny-depp-watch-1202724854/", "title": "Jude Law Makes Debut as Dumbledore in \u2018Fantastic Beasts: The Crimes of Grindelwald\u2019 First Trailer", "meta_data": {"theme-color": "#fff", "viewport": "width=device-width, initial-scale=1.0", "apple-mobile-web-app-status-bar-style": "black-translucent", "msapplication-config": "https://variety.com/wp-content/themes/pmc-variety-2020/assets/app/browserconfig.xml", "msapplication-TileImage": "https://variety.com/wp-content/uploads/2018/06/variety-favicon.png?w=128", "msapplication-TileColor": "#eff4ff", "description": "Johnny Depp reprises his role as Gellert Grindelwald the new \"Fantastic Beasts: The Crimes of Grindelwald\" trailer.", "alexaVerifyID": "4IBqfMBcohHTnitnTLanYijElhs", "fb": {"admins": 697514199}, "cXenseParse": {"pmc-lob": "variety", "pmc-page_type": "article", "articleid": 1202724854, "author": "Christi Carras", "pmc-category": "News", "pmc-over_1_year": "yes", "pmc-post_type": "post", "recs": {"publishtime": "2018-03-13T09:24:08"}, "pmc-tag": "Fantastic Beasts,Harry Potter,Johnny Depp", "title": "Jude Law Makes Debut as Dumbledore in \u2018Fantastic Beasts: The Crimes of Grindelwald\u2019 First Trailer", "pageclass": "article", "pmc-vertical": "film", "pmc-primary-category": "News", "pmc-primary-vertical": "film", "pmc-is_vyvip_article": "no"}, "apple-itunes-app": "app-id=416179538", "generator": "WordPress 5.5.2", "author": "Christi Carras", "apple-mobile-web-app-capable": "yes", "mobile-web-app-capable": "yes", "apple-touch-fullscreen": "YES", "apple-mobile-web-app-title": "Variety", "application-name": "Variety", "robots": "max-image-preview:large", "content_type": "Article", "post_id": 1202724854, "title": "Jude Law Makes Debut as Dumbledore in 'Fantastic Beasts: The Crimes of Grindelwald' First Trailer", "published_at": "2018-03-13 09:24:08", "image": "https://variety.com/wp-content/uploads/2018/03/fantastic-beasts-the-crimes-of-grindelwald-trailer.jpg?w=953", "comment_count": 14, "tags": "Johnny Depp", "topics": "News", "appeared_in_print": "No", "body": "Warner Bros. put a spell on Harry Potter fans Tuesday with the release of the first trailer for \"Fantastic Beasts: The Crimes of Grindelwald.\"\r\n\r\nIn the trailer, Eddie Redmayne returns as the charmingly clumsy Newt Scamander, while Jude Law makes his Wizarding World debut as a young Albus Dumbledore. It's teased that Scamander is acting under orders from Dumbledore to head to Paris, but as the future-Hogwarts headmaster notes, Scamander isn't one for taking orders well.\r\n\r\nThe David Yates film follows Dumbledore and Scamander, his former student, as they join forces to recapture an escaped Gellert Grindelwald, played by Johnny Depp, who is on a mission to dominate all non-magical people with the help of his pureblood wizard followers.\r\n\r\n\"I can't move against Grindelwald,\" Dumbledore tells Scamander in the clip. \"It has to be you.\"\r\n\r\nThe trailer debuted amid casting controversy surrounding Depp, who was accused of domestic abuse by his ex-wife, Amber Heard, in court filings. J.K. Rowling, the Harry Potter author who wrote the screenplays for both \"Fantastic Beasts\" movies, has since defended the decision to cast Depp on Twitter, citing both Heard's and Depp's desires to move on.\r\n\r\n\"Fantastic Beasts: The Crimes of Grindelwald\" marks Yates' fifth foray into the Wizarding World. He previously directed the last four movies in the original Harry Potter franchise, as well as the first \"Fantastic Beasts\" installment. His is set to direct the remaining three movies rounding out the \"Fantastic Beasts\" saga, with Rowling continuing on as a screenwriter. \"Fantastic Beasts: The Crimes of Grindelwald\" hits theaters Nov. 16.", "onesignal": "wordpress-plugin", "fragment": "!", "og": {"type": "article", "title": "Jude Law Makes Debut as Dumbledore in \u2018Fantastic Beasts: The Crimes of Grindelwald\u2019 First Trailer", "url": "https://variety.com/2018/film/news/fantastic-beasts-the-crimes-of-grindelwald-trailer-jude-law-johnny-depp-watch-1202724854/", "description": "Warner Bros. put a spell on Harry Potter fans Tuesday with the release of the first trailer for \u201cFantastic Beasts: The Crimes of Grindelwald.\u201d In the trailer, Eddie Redmayne returns as \u2026", "site_name": "Variety", "image": {"identifier": "https://variety.com/wp-content/uploads/2018/03/fantastic-beasts-the-crimes-of-grindelwald-trailer.jpg?w=953", "width": 953, "height": 536, "alt": "Fantastic Beasts the Crimes of Grindelwald Trailer"}, "locale": "en_US"}, "article": {"published_time": "2018-03-13T16:24:08+00:00", "modified_time": "2018-03-13T16:24:08+00:00"}, "twitter": {"site": "@variety", "text": {"title": "Jude Law Makes Debut as Dumbledore in \u2018Fantastic Beasts: The Crimes of Grindelwald\u2019 First Trailer"}, "image": {"identifier": "https://variety.com/wp-content/uploads/2018/03/fantastic-beasts-the-crimes-of-grindelwald-trailer.jpg?w=953", "alt": "Fantastic Beasts the Crimes of Grindelwald Trailer"}, "card": "summary_large_image", "title": "Jude Law Makes Debut as Dumbledore in \u2018Fantastic Beasts: The Crimes of Grindelwald\u2019 First Trailer", "description": "Johnny Depp reprises his role as Gellert Grindelwald the new \"Fantastic Beasts: The Crimes of Grindelwald\" trailer."}}, "movies": [], "publish_date": 1520958248.0, "source": "https://variety.com", "summary": ""}