{"url": "https://www.marieclaire.com/celebrity/music/a19558022/harry-styles-taylor-swift-reunion/", "text": "Harry Styles knows that you care way more than you should about his relationship with ex-girlfriend Taylor Swift, and he's ready to play with your feelings a little more.\n\nOnstage at one of his concerts the other night, Styles mentioned Swift in such a sly way, that fans are already praying for a reunion. Wishing an audience member happy birthday, Styles asked how old she was turning, to which the fan replied, \"22.\" It's not hard to guess what happened next.\n\nAnnouncing the news to the audience, Styles said, \"22. She\u2019s 22, okay? I don\u2019t know about...\" And as every Swift fan knows, that's exactly how the lyrics to \"22\" go. You can watch the whole interaction on Twitter:\n\n\n\nUnfortunately, Styles didn't launch into a full-on cover of \"22,\" although he should definitely consider doing so in a future set.\n\nStyles and Swift started dating in November 2012, and were photographed together for the first time in December the same year, when they were spotted in Central Park. Perez Hilton reported their breakup on January 7, 2013, with a source revealing, \"They are both really busy and never in one place for long. Harry's really upset about the split and is really sensitive about it.\" They both went on to write songs about each other.\n\nThis content is imported from Twitter. You may be able to find the same content in another format, or you may be able to find more information, at their web site.\n\nthe tea is that harry will never forget taylor as long as he lives as well pic.twitter.com/jyutkmDj95 \u2014 hanna (@poeticsswift) March 19, 2018\n\nThis content is imported from Twitter. You may be able to find the same content in another format, or you may be able to find more information, at their web site.\n\nimagine thinking taylor alison swift and harry edward styles aren\u2019t soulmates \u2014 juliet (@tayIorseIs) March 21, 2018\n\nThis content is imported from Twitter. You may be able to find the same content in another format, or you may be able to find more information, at their web site.\n\nme: i'm over haylor now they're both in separate relationships and it's been years\n\nharry: taylor\n\nme: HELLO BITCH! \u2014 joe alwyn main pop girl (@thestorycfus) March 19, 2018\n\nPerhaps the best things that Swift has bestowed upon the world are the copious references to ex-boyfriends that she's scattered throughout her discography. Instead of having to rely on gossip and paparazzi photos, fans of the \"Look What You Made Me Do\" singer can relive every relationship she's had via intimate song lyrics, and hidden album liner notes. And clearly, Styles loves Swift's work as much as the rest of us.\n\nAmy Mackelden Weekend Editor Amy Mackelden is the Weekend Editor at HarpersBAZAAR.com, where she writes about entertainment, celebrity news, beauty, and fashion.\n\nThis content is created and maintained by a third party, and imported onto this page to help users provide their email addresses. You may be able to find more information about this and similar content at piano.io", "images": ["https://hips.hearstapps.com/hmg-prod.s3.amazonaws.com/images/taylor-harry-social-1521712708.jpg?crop=1.00xw:1.00xh;0,0&resize=1200:*", "https://hips.hearstapps.com/hmg-prod.s3.amazonaws.com/images/katy-taylor-1521468091.jpg?crop=1.00xw:1.00xh;0,0&resize=300:*", "data:image/gif;base64,R0lGODlhAQABAIAAAAAAAP///yH5BAEAAAAALAAAAAABAAEAAAIBRAA7", "https://hips.hearstapps.com/hmg-prod.s3.amazonaws.com/images/gettyimages-876664826-1511189111.jpg?crop=1.00xw:0.753xh;0,0.0772xh&resize=300:*"], "top_img": "https://hips.hearstapps.com/hmg-prod.s3.amazonaws.com/images/taylor-harry-social-1521712708.jpg?crop=1.00xw:1.00xh;0,0&resize=1200:*", "keywords": [], "authors": ["Amy Mackelden", "Weekend Editor", "Amy Mackelden Is The Weekend Editor At Harpersbazaar.Com", "Where She Writes About Entertainment", "Celebrity News", "Beauty"], "canonical_link": "https://www.marieclaire.com/celebrity/music/a19558022/harry-styles-taylor-swift-reunion/", "title": "Harry Styles Mentions His Ex Taylor Swift, and Fans Are Ready for a Reunion", "meta_data": {"x-ua-compatible": "IE=edge,chrome=1", "viewport": "width=device-width,initial-scale=1,maximum-scale=6", "msapplication-tap-highlight": "no", "theme-color": "#EC008C", "og": {"type": "article", "site_name": "Marie Claire", "title": "Harry Styles Mentions His Ex Taylor Swift, and Fans Are Ready for a Reunion", "description": "\"I don't know about you...\"", "url": "https://www.marieclaire.com/celebrity/music/a19558022/harry-styles-taylor-swift-reunion/", "image": {"identifier": "https://hips.hearstapps.com/hmg-prod.s3.amazonaws.com/images/taylor-harry-social-1521712708.jpg?crop=1.00xw:1.00xh;0,0&resize=1200:*", "width": 1200, "height": 600}}, "fb": {"app_id": 128598260542816, "pages": 10799255126}, "article": {"publisher": "https://www.facebook.com/MarieClaire", "modified_time": "2018-05-02 02:35:03", "published_time": "2018-03-22 10:01:00", "section": "Music", "opinion": "false"}, "twitter": {"site": "@marieclaire", "card": "summary_large_image", "image": "https://hips.hearstapps.com/hmg-prod.s3.amazonaws.com/images/taylor-harry-social-1521712708.jpg?crop=1.00xw:1.00xh;0,0&resize=640:*"}, "google-site-verification": "21t3kl6tV4kpBdF4RZeyQAZd2D32Yzv-g9TAHaxCVvE", "title": "Harry Styles Mentions His Ex Taylor Swift, and Fans Are Ready for a Reunion", "description": "Harry Styles talks about ex-girlfriend Taylor Swift onstage at a gig: \"I don't know about you...\"", "keywords": "harry styles, taylor swift, 22, harry styles dated taylor swift, harry styles girlfriend, harry styles dating, harry styles one direction, one direction names, taylor swift songs about harry styles, taylor swift songs, harry styles concert", "auto-publish": "timely", "thumbnail": "https://hips.hearstapps.com/hmg-prod.s3.amazonaws.com/images/taylor-harry-social-1521712708.jpg?crop=0.502xw:1.00xh;0.498xw,0&resize=320:*", "sailthru.contenttype": "standard-article", "sailthru.tags": "Celebrity,celebrity,music", "sailthru.date": "2018-03-22T10:01:00Z", "sailthru.image.full": "https://hips.hearstapps.com/hmg-prod.s3.amazonaws.com/images/taylor-harry-social-1521712708.jpg?crop=1.00xw:1.00xh;0,0", "sailthru.image.thumb": "https://hips.hearstapps.com/hmg-prod.s3.amazonaws.com/images/taylor-harry-social-1521712708.jpg?crop=0.502xw:1.00xh;0.498xw,0", "sailthru.socialtitle": "Harry Styles Mentions His Ex Taylor Swift, and Fans Are Ready for a Reunion", "m1": ".content-hed", "m2": ".content-dek p"}, "movies": [], "publish_date": 1521709260.0, "source": "https://www.marieclaire.com", "summary": ""}