{"url": "https://abc13.com/news/watch-out-officer-fights-off-goose/1887390/", "text": "CLARKSVILLE, Indiana (KTRK) -- Police officers put their lives on the line every day, facing all kinds of danger. But it was a ferocious waterfowl that threatened Detective Hall on his way to work at the Clarksville Police Department in Indiana.Hall was attacked by a goose as he tried to walk down the sidewalk into the building.Clarksville P.D. Lieutenant Shane Basset shared footage from a surveillance camera at police headquarters saying, \"Detective Hall forgot his keys... He then attempts to enter the building and is challenged by our local geese.\"Hall defended himself with a bag and eventually made it to his office.", "images": ["https://cdn.abcotvs.net/abcotv/static/ktrk/logos/ktrk_logo_2x.png", "https://cdn.abcotvs.com/dip/images/8209015_112320-ktrk-ewn-6pm-MHA-woman-set-on-fire-follow-pkg-monica-vid.jpg?w=630&r=16%3A9", "https://cdn.abcotvs.com/dip/images/1781779_News-App-Banner-3.gif", "https://cdn.abcotvs.com/dip/images/1887440_041817-me-hanson-goose-attacks-detective-vid.jpg?w=1600", "https://cdn.abcotvs.com/dip/images/8279197_112620-ktrk-cfi-mayor-curfew-sarah-vid.jpg?w=630&r=16%3A9", "https://cdn.abcotvs.com/dip/images/1323867_050416-ktrk-girl-attacked-goose-img.jpg", "https://www.facebook.com/tr?id=301587867451487&ev=PageView&noscript=1", "https://cdn.abcotvs.com/dip/images/8280654_OMWTHU11AM.png?w=630&r=16%3A9"], "top_img": "https://cdn.abcotvs.com/dip/images/1887440_041817-me-hanson-goose-attacks-detective-vid.jpg?w=1600", "keywords": [], "authors": [], "canonical_link": "https://abc13.com/goose-police-attack-indiana/1887390/", "title": "Detective attacked by goose on his way into work", "meta_data": {"description": "Police officers put their lives on the line every day, facing all kinds of danger. But it was a ferocious waterfowl that threatened Detective Hall on his way to work at the Clarksville Police Department in Indiana.", "keywords": "goose, police, attack, Indiana, Clarksville, geese", "tags": "geese,animal-attack,animals,police-officer", "apple-itunes-app": "app-id=407345290, affiliate-data=ct=ktrk-smart-banner&pt=302756, app-argument=https://abc13.com/story/1887390", "fb": {"app_id": 1452463148319056, "pages": 42354254341}, "og": {"site_name": "ABC13 Houston", "url": "https://abc13.com/1887390/", "title": "Detective attacked by goose on his way into work", "description": "Cop attacked by goose", "image": "https://cdn.abcotvs.com/dip/images/1887440_041817-me-hanson-goose-attacks-detective-vid.jpg?w=1600", "type": "article", "locale": "en_US"}, "twitter": {"site": "@ABC13Houston", "creator": "@ABC13Houston", "url": "https://abc13.com/1887390/", "title": "Detective attacked by goose on his way into work", "description": "Cop attacked by goose", "card": "summary_large_image", "image": "https://cdn.abcotvs.com/dip/images/1887440_041817-me-hanson-goose-attacks-detective-vid.jpg?w=1600", "app": {"name": {"iphone": "ktrk", "googleplay": "ktrk"}, "id": {"iphone": 407345290, "googleplay": "com.abclocal.ktrk.news"}}}, "article": {"published_time": 1492606571, "modified_time": "2017-04-19T12:56:11.000Z", "section": "news"}, "title": "Detective attacked by goose on his way into work", "medium": "website", "viewport": "initial-scale=1.0, maximum-scale=1.0, user-scalable=no", "robots": "NOODP,NOYDIR"}, "movies": [], "publish_date": null, "source": "https://abc13.com", "summary": ""}