{"url": "http://www.msnbc.com/rachel-maddow/watch/schneiderman-suing-trump-over-daca-cites-discriminatory-animus-1040994371897", "text": "New York Attorney General Eric Schneiderman talks with Rachel Maddow about the coalition of states suing Donald Trump over his suspension of DACA.", "images": ["https://media2.s-nbcnews.com/j/newscms/2018_33/2532546/the_beat_8913ddd1d5467fde290ceafb6549ae4f.focal-120x180.jpg", "https://media4.s-nbcnews.com/j/newscms/2018_33/2532516/morning_joe_8913ddd1d5467fde290ceafb6549ae4f.focal-120x180.jpg", "https://media3.s-nbcnews.com/j/newscms/2018_33/2532491/deadline_whitehouse_8913ddd1d5467fde290ceafb6549ae4f.focal-120x180.jpg", "https://media1.s-nbcnews.com/j/newscms/2018_33/2532536/rachel_maddow_8913ddd1d5467fde290ceafb6549ae4f.focal-120x180.jpg", "https://media1.s-nbcnews.com/j/MSNBC/Components/Video/201709/2017-09-07T01-39-32-133Z--1280x720.nbcnews-fp-1200-630.jpg", "https://media2.s-nbcnews.com/j/newscms/2018_33/2532511/last_word_card_8913ddd1d5467fde290ceafb6549ae4f.focal-120x180.jpg", "https://media3.s-nbcnews.com/j/newscms/2018_33/2532541/the_11th_hour_card_8913ddd1d5467fde290ceafb6549ae4f.focal-120x180.jpg", "https://media2.s-nbcnews.com/j/newscms/2020_39/3414400/Joy-Reid_d63739deaf52e623e8fbc0322d2c0c40.focal-120x180.jpg", "https://media4.s-nbcnews.com/j/newscms/2018_33/2532471/all_in_with_chris_hayes_8913ddd1d5467fde290ceafb6549ae4f.focal-120x180.jpg", "https://media4.s-nbcnews.com/j/newscms/2018_33/2532521/mtp_daily_8913ddd1d5467fde290ceafb6549ae4f.focal-120x180.jpg"], "top_img": "https://media1.s-nbcnews.com/j/MSNBC/Components/Video/201709/2017-09-07T01-39-32-133Z--1280x720.nbcnews-fp-1200-630.jpg", "keywords": [], "authors": ["Sept."], "canonical_link": "https://www.msnbc.com/rachel-maddow/watch/schneiderman-suing-trump-over-daca-cites-discriminatory-animus-1040994371897", "title": "Schneiderman suing Trump over DACA cites 'discriminatory animus'", "meta_data": {"msapplication-TileColor": "#FFFFFF", "msapplication-TileImage": "https://nodeassets.nbcnews.com/cdnassets/projects/ramen/favicon/msnbc/all-other-sizes-PNG.ico/ms-icon-144x144.png", "msapplication-config": "https://nodeassets.nbcnews.com/cdnassets/projects/ramen/favicon/msnbc/all-other-sizes-PNG.ico/browserconfig.xml", "fb": {"app_id": 351594351545594, "pages": 809948162383434}, "og": {"site_name": "MSNBC.com", "locale": "en_US", "url": "https://www.msnbc.com/rachel-maddow/watch/schneiderman-suing-trump-over-daca-cites-discriminatory-animus-1040994371897", "title": "'Discriminatory animus': Trump sued on DACA", "description": "New York Attorney General Eric Schneiderman talks with Rachel Maddow about the coalition of states suing Donald Trump over his suspension of DACA.", "image": {"identifier": "https://media1.s-nbcnews.com/j/MSNBC/Components/Video/201709/2017-09-07T01-39-32-133Z--1280x720.nbcnews-fp-1200-630.jpg", "secure_url": "https://media1.s-nbcnews.com/j/MSNBC/Components/Video/201709/2017-09-07T01-39-32-133Z--1280x720.nbcnews-fp-1200-630.jpg", "width": 1200, "height": 630}, "type": "article"}, "twitter": {"site": "@MSNBC", "creator": "MSNBC", "image": {"identifier": "https://media1.s-nbcnews.com/j/MSNBC/Components/Video/201709/2017-09-07T01-39-32-133Z--1280x720.nbcnews-fp-1024-512.jpg", "src": "https://media1.s-nbcnews.com/j/MSNBC/Components/Video/201709/2017-09-07T01-39-32-133Z--1280x720.nbcnews-fp-1024-512.jpg"}, "title": "'Discriminatory animus': Trump sued on DACA", "description": "New York Attorney General Eric Schneiderman talks with Rachel Maddow about the coalition of states suing Donald Trump over his suspension of DACA.", "card": "summary_large_image"}, "viewport": "width=device-width, initial-scale=1, user-scalable=yes", "description": "New York Attorney General Eric Schneiderman talks with Rachel Maddow about the coalition of states suing Donald Trump over his suspension of DACA.", "thumbnail": "https://media1.s-nbcnews.com/j/MSNBC/Components/Video/201709/2017-09-07T01-39-32-133Z--1280x720.social_share_1024x768_scale.jpg", "next-head-count": 72}, "movies": [], "publish_date": null, "source": "http://www.msnbc.com", "summary": ""}