{"url": "hollywoodlife.com/2017/09/13/brad-pitt-storms-off-movie-set-director-fight-angelina-jolie-divorce/", "text": "Brad Pitt has returned to acting, but the stress of his divorce from Angelina Jolie is still on his mind. We\u2019ve got EXCLUSIVE details on how he stormed off the set after fighting with his director on his new film.\n\nIt\u2019s been so long since we\u2019ve seen Brad Pitt, 53, on the silver screen, being the dreamy movie star that he is. Nearly a year after Angelina Jolie, 42, filed for divorce from him, he\u2019s hard at work filming the sci-fi thriller Ad Astra. But the pain of his personal life is never far from his mind. \u201cBrad stormed off set after one of his toughest days yesterday. He has been really stressed out over his divorce with Angelina and yesterday while shooting difficult scenes including stunts, his emotions got the best of him,\u201d a source close to the actor tells HollywoodLife.com EXCLUSIVELY.\n\nJim Gray, whom he has known for decades got very heated. There was some creative tension, but it wasn\u2019t anything that could have derailed the production in any way. Sometimes friends fight and that\u2019s what happened between Brad and the director,\u201d our insider continues. According to imdb.com, the film\u2019s plot is \u201cAn Army Corps engineer searches across the galaxy for his father, who disappeared on a mission to find alien life 20 years ago.\u201d That means some tricky stunt work and that helped push the star over the edge. \u201cIt was a grueling day, Brad had been attached to wires, it was intense and his discussions with his director,, whom he has known for decades got very heated. There was some creative tension, but it wasn\u2019t anything that could have derailed the production in any way. Sometimes friends fight and that\u2019s what happened between Brad and the director,\u201d our insider continues.\n\n\u201cBrad is a passionate filmmaker intent on making sure every movie he makes is the best production possible, it was his passions that led to the blowup,\u201d our source adds. \u201cBrad has been working hard at being his best self. He has been living very clean, and has not been drinking, smoking or vaping and that has been challenging for Brad too. Yesterday all that tension came to a head and things kinda got out of hand just a bit.\u201d See pics of Brad, right here\n\nThe superstar is still one of the most loved and respected actors in the biz, and true to form he bounced right back from having a rough day. \u201cBrad is a true professional. He shook it all off however and was back to work the next day like a pro,\u201d our insider says. We\u2019re stoked that he\u2019s returned to making movies , as we haven\u2019t seen him on the big screen since 2016\u2019s Allied. After all he went through over the past year with Angelina and their nasty divorce and custody battle, at least he\u2019s at a place where he\u2019s physically and emotionally ready to get back to the business of being a movie superstar!\n\nHollywoodLifers, are you excited that Brad has returned to acting?", "images": ["https://hollywoodlife.com/wp-content/uploads/2020/11/lori-harvey-michael.b-jordan-spotted-ap-ftr-1.jpg?w=143&h=80&crop=1", "https://hollywoodlife.com/wp-content/uploads/2017/09/brad-pitt-bradley-cooper-hang-out-women-ftr1.jpg", "https://footwearnews.com/wp-content/uploads/2020/11/AP_20329096381069-e1606248495668.jpg?w=230&crop=1", "https://www.sheknows.com/wp-content/uploads/2020/08/oprah-favorite-spanx-leggings.jpg?w=230&crop=1", "https://hollywoodlife.com/wp-content/uploads/2016/04/beth_shiliday.jpg?w=48", "https://hollywoodlife.com/wp-content/uploads/2020/11/Megan-Thee-Stallion-Admits-She-Has-\u2018Chemistry-With-DaBaby-ap-ftr.jpg?w=143&h=80&crop=1", "https://hollywoodlife.com/wp-content/uploads/2020/11/christina-milian-one-piece-swimsuit-splashnews-ftr.jpg?w=143&h=80&crop=1", "https://www.rollingstone.com/wp-content/uploads/2020/09/macys-parade-going-virtual.jpg?w=230&crop=1", "http://pixel.quantserve.com/pixel?a.1=p-6fKiDaopTGEQg&a.2=p-31f3D02tYU8zY", "https://tvline.com/wp-content/uploads/2020/11/the-prom-movie-trailer.jpg?w=230&crop=1", "https://sb.scorecardresearch.com/p?c1=2&c2=6035310&c3=&c4=&c5=&c6=&c15=&cv=2.0&cj=1", "https://stylecaster.com/wp-content/uploads/2020/11/rothys-black-friday-collection-copy.jpg?w=230&crop=1", "https://hollywoodlife.com/wp-content/uploads/2017/09/brad-pitt-bradley-cooper-hang-out-women-ftr1.jpg?w=620", "data:image/gif;base64,R0lGODlhAQABAIAAAAAAAP///yH5BAEAAAAALAAAAAABAAEAAAIBRAA7"], "top_img": "https://hollywoodlife.com/wp-content/uploads/2017/09/brad-pitt-bradley-cooper-hang-out-women-ftr1.jpg", "keywords": [], "authors": ["Beth Shilliday", "Daisy Maldonado", "Bella Gerard", "Andy Swift", "Claire Shaffer", "Samantha Mcdonald", "Senior Evening Writer"], "canonical_link": "https://hollywoodlife.com/2017/09/13/brad-pitt-storms-off-movie-set-director-fight-angelina-jolie-divorce/", "title": "Brad Pitt Storms Off Set After \u2018Tough Day\u2019 Of Filming: How Angelina Jolie Divorce Is Stressing Him Out", "meta_data": {"description": "Brad Pitt stormed off the set of his new movie after fighting with the director. Is the stress of his divorce from Angelina Jolie becoming too much?", "news_keywords": "Brad Pitt", "apple-itunes-app": "app-id=1400650284", "generator": "WordPress 5.5.2", "author": "Beth Shilliday", "theme-color": "#fff", "apple-mobile-web-app-capable": "yes", "mobile-web-app-capable": "yes", "apple-touch-fullscreen": "YES", "apple-mobile-web-app-title": "Hollywood Life", "application-name": "Hollywood Life", "fb": {"pages": 94724837471}, "robots": "max-image-preview:large", "onesignal": "wordpress-plugin", "og": {"type": "article", "title": "Brad Pitt Storms Off Set After \u2018Tough Day\u2019 Of Filming: How Angelina Jolie Divorce Is Stressing Him Out", "url": "https://hollywoodlife.com/2017/09/13/brad-pitt-storms-off-movie-set-director-fight-angelina-jolie-divorce/", "description": "Brad Pitt has returned to acting, but the stress of his divorce from Angelina Jolie is still on his mind. We\u2019ve got EXCLUSIVE details on how he stormed off the set after fighting with his dir\u2026", "site_name": "Hollywood Life", "image": {"identifier": "https://hollywoodlife.com/wp-content/uploads/2017/09/brad-pitt-bradley-cooper-hang-out-women-ftr1.jpg", "width": 620, "height": 352}, "locale": "en_US"}, "article": {"published_time": "2017-09-13T21:08:45+00:00", "modified_time": "2017-09-14T02:53:16+00:00"}, "twitter": {"text": {"title": "Brad Pitt Storms Off Set After \u2018Tough Day\u2019 Of Filming: How Angelina Jolie Divorce Is Stressing Him Out"}, "image": "https://hollywoodlife.com/wp-content/uploads/2017/09/brad-pitt-bradley-cooper-hang-out-women-ftr1.jpg?w=620", "card": "summary_large_image", "site": "@HollywoodLife", "title": "Brad Pitt Storms Off Set After \u2018Tough Day\u2019 Of Filming: How Angelina Jolie Divorce Is Stressing Him Out", "description": "Brad Pitt stormed off the set of his new movie after fighting with the director. Is the stress of his divorce from Angelina Jolie becoming too much?"}, "msapplication-TileImage": "https://hollywoodlife.com/wp-content/uploads/2018/06/hl_logo.png?w=128"}, "movies": [], "publish_date": 1505253600.0, "source": "http://hollywoodlife.com", "summary": ""}