{"url": "https://www.usatoday.com/story/life/people/2018/10/16/prince-william-kate-celebrate-pippa-middletons-baby-birth-boy/1658165002/", "text": "Prince William, Kate are 'thrilled' to welcome nephew as social media congratulates Pippa\n\nSara M Moniuszko | USA TODAY\n\nShow Caption Hide Caption Pippa Middleton welcomes baby boy Pippa Middleton welcomed her first child with husband James Matthew on Monday, Oct. 15, 2018.\n\nCongratulations are pouring in for the birth of Pippa Middleton's first baby, a boy, born Monday afternoon.\n\nAmong the well-wishers is sister Duchess Kate, who, along with husband Prince William, said they are thrilled for the new parents.\n\n\u201cThe Duke and Duchess of Cambridge are thrilled for Pippa and James,\" Kensington Palace said in a statement.\n\nThe newborn adds another grandchild to the Middleton clan and a first first-cousin for William and Kate's Prince George, Princess Charlotte and baby Prince Louis of Cambridge.\n\nNon-royals also took to social media to congratulate the couple on the newest addition to the family.\n\n\"Congratulations James and Pippa Matthews,\" one user tweeted.\n\nCongratulations James and Pippa Matthews pic.twitter.com/Pi99hKv4Xf \u2014 Bridgette (@Bridget82848197) October 16, 2018\n\n\"Babies everywhere!!\" another said with the hashtags #pippa and #MeghanAndHarry.\n\n\"Congratulations to Pippa Middleton & James Matthews for their first baby... best wishes and it's a boy!\" one well-wisher chimed in.\n\nCongratulations to Pippa Middleton& James Matthews for their first baby\ud83c\udf89best wishes and it's a boy!\ud83d\ude48#PippaMiddleton \u2014 Duchess but not real (@duchessdnz1c) October 16, 2018\n\n\"omg pippa middleton had her baby,\" another said.\n\nomg pippa middleton had her baby \u2014 \ud835\udc4d (@jgyIIenhaaI) October 16, 2018\n\n\"Friday - Eugenie gets married\n\nMonday - Meghan's pregnant\n\nTuesday - Pippa gives birth\n\nI can't wait to see Kate's next move,\" another tweeted.\n\nFriday - Eugenie gets married\n\nMonday - Meghan's pregnant\n\nTuesday - Pippa gives birth\n\nI can't wait to see Kate's next move. \u2014 Katie Storey (@KEStorey) October 16, 2018\n\nMeanwhile, some found humor in the news. One user wrote, \"So, Pippa Middleton has had a baby. And?? No one raves on about the fact that I\u2019ve had 5!!!!\"\n\nSo, Pippa Middleton has had a baby.\n\n\n\nAnd??\n\n\n\nNo one raves on about the fact that I\u2019ve had 5!!!! \ud83d\ude44 \u2014 Mad(ame) Me \ud83d\udc8b\ud83d\udc95 (@DYSONlife4real) October 16, 2018\n\nMore: Pippa Middleton captures the royal wedding spotlight again with pregnancy style\n\nMore: Pregnant Pippa Middleton glows in frilly frock at Wimbledon", "images": ["https://www.gannett-cdn.com/appservices/universal-web/universal/icons/icon-play-alt-white.svg", "https://media.gannett-cdn.com/29906170001/29906170001_5849500906001_5849502879001-vs.jpg?pubId=29906170001", "https://www.gannett-cdn.com/appservices/universal-web/universal/icons/icon-instagram_24.png", "https://www.gannett-cdn.com/presto/2018/10/16/USAT/b7045174-0b94-4dab-8e63-0867c105d740-Pippa_n_Kate_25.jpg?auto=webp&crop=1999,1127,x0,y0&format=pjpg&width=1200"], "top_img": "https://www.gannett-cdn.com/presto/2018/10/16/USAT/b7045174-0b94-4dab-8e63-0867c105d740-Pippa_n_Kate_25.jpg?auto=webp&crop=1999,1127,x0,y0&format=pjpg&width=1200", "keywords": [], "authors": ["Sara M Moniuszko"], "canonical_link": "https://www.usatoday.com/story/life/people/2018/10/16/prince-william-kate-celebrate-pippa-middletons-baby-birth-boy/1658165002/", "title": "Prince William, Kate are 'thrilled' to welcome nephew as social media congratulates Pippa", "meta_data": {"viewport": "width=device-width,initial-scale=1", "HandheldFriendly": "True", "MobileOptimized": 320, "apple-itunes-app": "app-id=504631398, app-argument=https://www.usatoday.com/story/life/people/2018/10/16/prince-william-kate-celebrate-pippa-middletons-baby-birth-boy/1658165002/life/people", "theme-color": "#ffffff", "og": {"type": "article", "title": "Prince William, Kate are 'thrilled' to welcome nephew as social media congratulates Pippa", "description": "Congratulations are pouring in for the birth of Pippa Middleton's\\u00a0first baby, including from sister Duchess Kate and Prince William.", "site_name": "USA TODAY", "image": {"identifier": "https://www.gannett-cdn.com/presto/2018/10/16/USAT/b7045174-0b94-4dab-8e63-0867c105d740-Pippa_n_Kate_25.jpg?auto=webp&crop=1999,1127,x0,y0&format=pjpg&width=1200", "width": 1200, "height": 675}}, "article": {"content_tier": "free", "opinion": "false"}, "fb": {"pages": 13652355666}, "description": "Congratulations are pouring in for the birth of Pippa Middleton's\\u00a0first baby, including from sister Duchess Kate and Prince William.", "twitter": {"site": "@usatoday", "creator": "@usatoday", "card": "summary_large_image"}}, "movies": [], "publish_date": 1539640800.0, "source": "https://www.usatoday.com", "summary": ""}