{"url": "https://people.com/tv/teen-mom-catelynn-lowell-highs-and-lows/", "text": "The couple\u2019s concerns about being kept away from Carly mounted in season 7. Catelynn broke down while the two were talking to Dawn after they had made plans to meet Carly\u2019s adoptive parents. \u201cI try not to make it difficult,\u201d she said, tearing up. \"I\u2019m willing and trying and offering. And then I get ignored for months and I try. I feel like I get punished because my kid asks questions about me, or she wants to know where she comes from. What [did they] think adoption is? She\u2019s going to do that.\"", "images": ["https://imagesvc.meredithcorp.io/v3/mm/image?url=https%3A%2F%2Fstatic.onecms.io%2Fwp-content%2Fuploads%2Fsites%2F20%2F2018%2F01%2Fteen-mom-2.jpg", "https://imagesvc.meredithcorp.io/v3/mm/image?url=https%3A%2F%2Fstatic.onecms.io%2Fwp-content%2Fuploads%2Fsites%2F20%2F2018%2F01%2Fcatelynn-baltierra.jpg", "https://imagesvc.meredithcorp.io/v3/mm/image?url=https%3A%2F%2Fstatic.onecms.io%2Fwp-content%2Fuploads%2Fsites%2F20%2F2018%2F01%2Fcatelynn-baltierra-1-1.jpg", "https://imagesvc.meredithcorp.io/v3/mm/image?url=https%3A%2F%2Fstatic.onecms.io%2Fwp-content%2Fuploads%2Fsites%2F20%2F2018%2F01%2Fcatelynn-highs-lows-2.jpg", "https://imagesvc.meredithcorp.io/v3/mm/image?url=https%3A%2F%2Fstatic.onecms.io%2Fwp-content%2Fuploads%2Fsites%2F20%2F2020%2F08%2F04%2Fcoyote-ugly-2000.jpg", "https://imagesvc.meredithcorp.io/v3/mm/image?url=https%3A%2F%2Fstatic.onecms.io%2Fwp-content%2Fuploads%2Fsites%2F20%2F2020%2F07%2F19%2Ftiaras-2.jpg", "https://imagesvc.meredithcorp.io/v3/mm/image?url=https%3A%2F%2Fstatic.onecms.io%2Fwp-content%2Fuploads%2Fsites%2F20%2F2015%2F05%2Fcatelynn-lowell-800.jpg", "https://imagesvc.meredithcorp.io/v3/mm/image?url=https%3A%2F%2Fstatic.onecms.io%2Fwp-content%2Fuploads%2Fsites%2F20%2F2018%2F02%2Ftyler-baltierra-1.jpg", "https://imagesvc.meredithcorp.io/v3/mm/image?url=https%3A%2F%2Fstatic.onecms.io%2Fwp-content%2Fuploads%2Fsites%2F20%2F2018%2F01%2Fcatelynn-tyler-baltierra.jpg", "https://imagesvc.meredithcorp.io/v3/mm/image?url=https%3A%2F%2Fstatic.onecms.io%2Fwp-content%2Fuploads%2Fsites%2F20%2F2018%2F01%2Fcatelynn-lowell.jpg", "https://imagesvc.meredithcorp.io/v3/mm/image?url=https%3A%2F%2Fstatic.onecms.io%2Fwp-content%2Fuploads%2Fsites%2F20%2F2018%2F01%2Fcatelynn-highs-lows-8.jpg", "https://imagesvc.meredithcorp.io/v3/mm/image?url=https%3A%2F%2Fstatic.onecms.io%2Fwp-content%2Fuploads%2Fsites%2F20%2F2020%2F11%2F12%2Fthanksgiving-covid-150x150.jpg", "https://imagesvc.meredithcorp.io/v3/mm/image?url=https%3A%2F%2Fstatic.onecms.io%2Fwp-content%2Fuploads%2Fsites%2F20%2F2018%2F01%2Fcatelynn-highs-lows-5.jpg", "https://imagesvc.meredithcorp.io/v3/mm/image?url=https%3A%2F%2Fstatic.onecms.io%2Fwp-content%2Fuploads%2Fsites%2F20%2F2018%2F01%2Fteen-mom-catelynn.jpg", "data:image/svg+xml,%3Csvg%20xmlns='http://www.w3.org/2000/svg'%20viewBox='0%200%20100%20100'%3E%3C/svg%3E", "data:image/svg+xml,%3Csvg%20xmlns='http://www.w3.org/2000/svg'%20viewBox='0%200%20100%2067'%3E%3C/svg%3E", "https://imagesvc.meredithcorp.io/v3/mm/image?url=https%3A%2F%2Fstatic.onecms.io%2Fwp-content%2Fuploads%2Fsites%2F20%2F2018%2F01%2Fcatelynn-highs-lows-7-2000.jpg", "https://imagesvc.meredithcorp.io/v3/mm/image?url=https%3A%2F%2Fstatic.onecms.io%2Fwp-content%2Fuploads%2Fsites%2F20%2F2018%2F01%2Fcatelynn-highs-lows-4.jpg", "data:image/svg+xml,%3Csvg%20xmlns='http://www.w3.org/2000/svg'%20viewBox='0%200%20100%20133'%3E%3C/svg%3E", "https://imagesvc.meredithcorp.io/v3/mm/image?url=https%3A%2F%2Fstatic.onecms.io%2Fwp-content%2Fuploads%2Fsites%2F20%2F2016%2F05%2F06%2Fprincess-diana-21.jpg", "https://imagesvc.meredithcorp.io/v3/mm/image?url=https%3A%2F%2Fstatic.onecms.io%2Fwp-content%2Fuploads%2Fsites%2F20%2F2018%2F01%2Fcatelynn-highs-lows-6.jpg", "https://imagesvc.meredithcorp.io/v3/mm/image?url=https%3A%2F%2Fstatic.onecms.io%2Fwp-content%2Fuploads%2Fsites%2F20%2F2018%2F01%2Fcatelynn-highs-lows-3.jpg", "https://imagesvc.meredithcorp.io/v3/mm/image?url=https%3A%2F%2Fstatic.onecms.io%2Fwp-content%2Fuploads%2Fsites%2F20%2F2018%2F01%2Fcatelynn-highs-lows-1.jpg", "https://imagesvc.meredithcorp.io/v3/mm/image?url=https%3A%2F%2Fstatic.onecms.io%2Fwp-content%2Fuploads%2Fsites%2F20%2F2018%2F01%2Fcatelynn-baltierra-1.jpg", "https://imagesvc.meredithcorp.io/v3/mm/image?url=https%3A%2F%2Fstatic.onecms.io%2Fwp-content%2Fuploads%2Fsites%2F20%2F2018%2F01%2Fcatelynn-baltierra-7.jpg", "https://imagesvc.meredithcorp.io/v3/mm/image?url=https%3A%2F%2Fstatic.onecms.io%2Fwp-content%2Fuploads%2Fsites%2F20%2F2018%2F01%2Fcatelynn.jpg", "https://imagesvc.meredithcorp.io/v3/mm/image?url=https%3A%2F%2Fstatic.onecms.io%2Fwp-content%2Fuploads%2Fsites%2F20%2F2018%2F01%2Ftyler-baltierra-butch-1.jpg", "https://imagesvc.meredithcorp.io/v3/mm/image?q=85&c=sc&poi=face&w=2000&h=1047&url=https%3A%2F%2Fstatic.onecms.io%2Fwp-content%2Fuploads%2Fsites%2F20%2F2018%2F01%2Fcatelynn-lowell.jpg", "https://imagesvc.meredithcorp.io/v3/mm/image?url=https%3A%2F%2Fstatic.onecms.io%2Fwp-content%2Fuploads%2Fsites%2F20%2F2020%2F07%2F23%2Ftout.jpg", "https://imagesvc.meredithcorp.io/v3/mm/image?url=https%3A%2F%2Fstatic.onecms.io%2Fwp-content%2Fuploads%2Fsites%2F20%2F2020%2F11%2F12%2Fcat-phone.jpg"], "top_img": "https://imagesvc.meredithcorp.io/v3/mm/image?q=85&c=sc&poi=face&w=2000&h=1047&url=https%3A%2F%2Fstatic.onecms.io%2Fwp-content%2Fuploads%2Fsites%2F20%2F2018%2F01%2Fcatelynn-lowell.jpg", "keywords": [], "authors": ["Alexia Fernandez"], "canonical_link": "https://people.com/tv/teen-mom-catelynn-lowell-highs-and-lows/", "title": "Teen Mom's Catelynn Lowell Ups and Downs", "meta_data": {"viewport": "width=device-width, initial-scale=1", "keywords": "Catelynn Lowell,News,Photos,Teen Mom,Teen Mom OG,TV Watch,Tyler Baltierra", "news_keywords": "Catelynn Lowell,News,Photos,Teen Mom,Teen Mom OG,TV Watch,Tyler Baltierra", "description": "Catelynn Lowell Baltierra's major moments during Teen Mom have shown her overcoming challenges, causing audiences to fall in love with the young mother", "og": {"title": "Teen Mom OG's Catelynn Lowell Baltierra's Highs and Lows, from a Baby on the Way to PPD", "type": "article", "site_name": "PEOPLE.com", "url": "https://people.com/tv/teen-mom-catelynn-lowell-highs-and-lows/", "description": "Catelynn Lowell Baltierra's major moments during Teen Mom have shown her overcoming challenges, causing audiences to fall in love with the young mother", "image": {"identifier": "https://imagesvc.meredithcorp.io/v3/mm/image?q=85&c=sc&poi=face&w=2000&h=1047&url=https%3A%2F%2Fstatic.onecms.io%2Fwp-content%2Fuploads%2Fsites%2F20%2F2018%2F01%2Fcatelynn-lowell.jpg", "width": 2000, "height": 1047}}, "pinterest": {"url": "https://people.com/tv/teen-mom-catelynn-lowell-highs-and-lows/", "description": "Catelynn Lowell Baltierra's major moments during Teen Mom have shown her overcoming challenges, causing audiences to fall in love with the young mother", "media": "https://imagesvc.meredithcorp.io/v3/mm/image?url=https%3A%2F%2Fstatic.onecms.io%2Fwp-content%2Fuploads%2Fsites%2F20%2F2018%2F01%2Fcatelynn-lowell.jpg"}, "twitter": {"card": "summary_large_image", "url": "https://people.com/tv/teen-mom-catelynn-lowell-highs-and-lows/", "title": "Teen Mom OG's Catelynn Lowell Baltierra's Highs and Lows, from a Baby on the Way to PPD", "description": "Catelynn Lowell Baltierra's major moments during Teen Mom have shown her overcoming challenges, causing audiences to fall in love with the young mother", "site": "@people", "image": "https://imagesvc.meredithcorp.io/v3/mm/image?q=85&c=sc&poi=face&w=2000&h=1047&url=https%3A%2F%2Fstatic.onecms.io%2Fwp-content%2Fuploads%2Fsites%2F20%2F2018%2F01%2Fcatelynn-lowell.jpg"}, "robots": "max-image-preview:large", "fb": {"app_id": 610948219662029, "pages": 95926963131}, "article": {"opinion": "false"}, "p": {"domain_verify": "755183be01bfc739a9cac6673f1f2c1b"}, "url": "https://people.com/tv/teen-mom-catelynn-lowell-highs-and-lows/"}, "movies": [], "publish_date": null, "source": "https://people.com", "summary": ""}