{"url": "http://www.politico.com/arena/perm/John_Lewis_C42BBD6A-7821-4081-9870-082C08FF364E.html", "text": "SIGN UP Loading\n\nBy signing up you agree to receive email newsletters or updates from POLITICO and you agree to our privacy policy and terms of service. You can unsubscribe at any time and you can contact us here. This sign-up form is protected by reCAPTCHA and the Google Privacy Policy and Terms of Service apply.", "images": ["https://static.politico.com/c3/25/eab0b99343e58be53e6f947eca5d/gettyimages-1230220168-1.jpg", "https://static.politico.com/72/0c/ad927f3e447a8ad2b6606d2d0fc7/1221mcconnell12.jpg", "http://www.politico.com/images/website/shared/template/trans-3by2-placeholder.png", "https://static.politico.com/ba/ac/b50c1f104e1bbf185e73058bb8fb/secureicons4.png", "https://static.politico.com/ac/aa/9226248b44f0846616bfac182b22/logo-politicopro-200x2.png", "https://static.politico.com/c5/3e/61932970404b9ab6df29978461df/spacing-all-black-google.png", "https://static.politico.com/2c/63/da729d674013b94d1c099ace5583/gettyimages-1230251679-1.jpg", "https://static.politico.com/b2/74/addd33374e7eb1d4ac4a4694f25c/apple2.png", "https://static.politico.com/da/f5/44342c424c68b675719324b1106b/politico.jpg", "https://static.politico.com/3a/a3/4e68a5ee4073ad04580bf0949744/gettyimages-1292320929.jpg", "data:image/gif;base64,R0lGODlhAQABAAAAACH5BAEKAAEALAAAAAABAAEAAAICTAEAOw==", "https://static.politico.com/0b/63/437fda84437f80dc3d864f2e690d/webp.net-resizeimage%20(48).jpg", "https://static.politico.com/3d/93/6a387d8844ba99660f88ebe166f1/20201221-biden-trump-ap-773.jpg"], "top_img": "https://static.politico.com/da/f5/44342c424c68b675719324b1106b/politico.jpg", "keywords": [], "authors": ["Burgess Everett", "Heather Caygle", "Marianne Levine", "Sarah Ferris", "Melanie Zanona", "Andrew Desiderio", "Brian Faler", "Susannah Luthi", "Rachel Roubein", "Zachary Warmbrodt"], "canonical_link": "https://www.politico.com/", "title": "Politics, Policy, Political News", "meta_data": {"description": "Nobody knows politics like POLITICO.", "og": {"description": "Nobody knows politics like POLITICO.", "type": "website", "url": "http://politi.co/11aRJyl", "image": "https://static.politico.com/da/f5/44342c424c68b675719324b1106b/politico.jpg", "fb_appid": 114037015331397, "site_name": "POLITICO"}, "viewport": "width=device-width, initial-scale=1", "theme-color": "#dc0228", "fb": {"pages": 62317591679}, "twitter": {"card": "summary_large_image", "site": "@politico", "creator": "@politico"}, "host": "www.politico.com", "build": "2020-12-21T17:56:35Z"}, "movies": [], "publish_date": null, "source": "http://www.politico.com", "summary": ""}