{"url": "https://www.vogue.com/article/bootcut-jeans-revival-classic-denim-trends", "text": "A cursory glance at the Spring \u201916 collections reveals that fashion is in the midst of a major shift. The minimalism that ruled the runways (and our wardrobes) for the better part of five years has been replaced by a cobbled-together, anything-goes sensibility; now more than ever, women are being encouraged to mix, match, and wear only what they love. To many of us, Gucci\u2019s glittering knits and Vetements\u2019s tablecloth boots are an invitation to get creative\u2014but to the uninitiated, it could all simply read as tacky. The concept of \u201cgood\u201d vs. \u201cbad\u201d taste has been of recent debate here in the Vogue offices\u2014how do you determine what\u2019s chic and what isn\u2019t? Or is some degree of tackiness the secret to inspired style?\n\nThe continued \u201990s revival indicates the answer is yes\u2014and that counts for denim, too. Super-wide \u201970s flares and faded Levi\u2019s 501s are great, but those looking to make a quieter, less literal statement may want to consider the oft-forgotten boot-cut jean. More curve-hugging than a flare but longer and leaner than a straight-leg, it nails the tricky middle ground between familiar and au courant. \u201cThe boot-cut is back!\u201d says Kelly Connor, Vogue.com\u2019s resident denim expert. \u201cThey\u2019re flattering, lengthening, and perfect for those who aren\u2019t so into the full, high-rise flares we\u2019ve been seeing everywhere.\u201d\n\n\n\nJane Birkin Photo: Getty Images\n\nWhile images of denim icons like Fran\u00e7oise Hardy and Jane Birkin instantly spring to mind, Connor\u2019s personal boot-cut muses might surprise you. \u201cI love the boot-cut jeans of the early \u201900s\u2014Britney Spears, Halle Berry, and all those glossy blondes from The Hills and Laguna Beach,\u201d she says. \u201cIn retrospect, Kristin Cavallari was quite chic and ahead of her time!\u201d\n\nPerhaps boot-cut jeans are refreshing because they are considered a tad tacky. Or maybe it\u2019s because we haven\u2019t worn them in a while; chances are you\u2019ve got a pair tucked away in the back of your closet. Either way, there\u2019s no denying the thigh-slimming, rear-lifting powers of a fitted, dark-rinse, mid- or high-rise jean that kicks out just below the knee. The sharp, sleek silhouette will quickly upgrade the chunky sweaters, lace blouses, and anything else you\u2019re buying this fall\u2014not to mention the obvious choice: a great pair of boots.", "images": ["http://www.vogue.com/wp-content/uploads/2015/04/02/denim-article-banner.jpg", "https://www.vogue.com/verso/static/vogue/assets/logo-reverse.6a82b670944358df962661548626eac01b620865.svg", "https://www.vogue.com/verso/static/vogue/assets/logo-header.add9642f2c5dac444cd16b75c2b62961dde03a89.svg", "https://assets.vogue.com/photos/5d8a9c9c4372630008e3d513/1:1/w_90%2Cc_limit/undefined", "https://assets.vogue.com/photos/5891c94cb4a4bd4660129917/master/w_2560%2Cc_limit/holding-boot-cut-jeans.jpg", "https://assets.vogue.com/photos/5891c94a8c64075803ad28eb/master/w_1600%2Cc_limit/embed-bootcut-jeans.jpg", "https://assets.vogue.com/photos/5891c94cb4a4bd4660129917/16:9/w_1280,c_limit/holding-boot-cut-jeans.jpg", "https://www.vogue.com/verso/static/vogue/assets/logo.2205c564f6d6f18aff0de7245e2b6db6b1102569.svg"], "top_img": "https://assets.vogue.com/photos/5891c94cb4a4bd4660129917/16:9/w_1280,c_limit/holding-boot-cut-jeans.jpg", "keywords": [], "authors": ["Emily Farra", "Emily Farr"], "canonical_link": "https://www.vogue.com/article/bootcut-jeans-revival-classic-denim-trends", "title": "The Boot-Cut Is Back! Will You Kick Your Skinny Jeans to the Curb?", "meta_data": {"msapplication-tap-highlight": "no", "viewport": "width=device-width, initial-scale=1", "author": "Emily Farra", "copyright": "Copyright (c) Cond\u00e9 Nast 2020", "description": "Time to give your \u201970s flares a break\u2014boot-cut jeans are officially back. Find out why Vogue editors are wearing them now, plus their unlikely Laguna Beach inspirations.", "id": "5891c94c8c64075803ad28ee", "keywords": "trends,runway,denim,web", "news_keywords": "trends,runway,denim,web", "robots": "index, follow, max-image-preview:large", "content-type": "article", "parsely-post-id": "5891c94c8c64075803ad28ee", "parsely-metadata": "{\"description\":\"Time to give your \u201970s flares a break\u2014boot-cut jeans are officially back. Find out why Vogue editors are wearing them now, plus their unlikely Laguna Beach inspirations.\",\"image-16-9\":\"https://assets.vogue.com/photos/5891c94cb4a4bd4660129917/16:9/w_1000,c_limit/holding-boot-cut-jeans.jpg\",\"image-1-1\":\"https://assets.vogue.com/photos/5891c94cb4a4bd4660129917/1:1/w_1000,c_limit/holding-boot-cut-jeans.jpg\"}", "og": {"description": "Time to give your \u201970s flares a break\u2014boot-cut jeans are officially back. Find out why Vogue editors are wearing them now, plus their unlikely Laguna Beach inspirations.", "image": "https://assets.vogue.com/photos/5891c94cb4a4bd4660129917/16:9/w_1280,c_limit/holding-boot-cut-jeans.jpg", "site_name": "Vogue", "title": "The Boot-Cut Is Back! Will You Kick Your Skinny Jeans to the Curb?", "type": "article", "url": "https://www.vogue.com/article/bootcut-jeans-revival-classic-denim-trends"}, "article": {"content_tier": "free", "opinion": "false"}, "twitter": {"card": "summary_large_image", "creator": "@voguemagazine", "description": "Time to give your \u201970s flares a break\u2014boot-cut jeans are officially back. Find out why Vogue editors are wearing them now, plus their unlikely Laguna Beach inspirations.", "domain": "https://www.vogue.com", "image": {"src": "https://assets.vogue.com/photos/5891c94cb4a4bd4660129917/16:9/w_1280,c_limit/holding-boot-cut-jeans.jpg?mbid=social_retweet"}, "site": "@voguemagazine", "title": "The Boot-Cut Is Back! Will You Kick Your Skinny Jeans to the Curb?"}, "fb": {"app_id": 812270538813681, "pages": 42933792278}, "monetization": "$spsp.coil.com/donate/condenast"}, "movies": [], "publish_date": null, "source": "https://www.vogue.com", "summary": ""}