{"url": "https://www.brides.com/story/nikki-bella-talks-wedding-dress-details", "text": "Matthew Perry is Engaged to Girlfriend Molly Hurwitz and We Couldn't BE Any Happier\n\nThe two have been together since 2018.", "images": ["https://www.brides.com/thmb/x5zxVN8e_yBl-AKqHTdnfbEuwzQ=/1000x1000/filters:fill(auto,1)/socialfallback-Brides-28c8bb9abb034b17a268663f962a59b9.png", "https://:0"], "top_img": "https://www.brides.com/thmb/x5zxVN8e_yBl-AKqHTdnfbEuwzQ=/1000x1000/filters:fill(auto,1)/socialfallback-Brides-28c8bb9abb034b17a268663f962a59b9.png", "keywords": [], "authors": [], "canonical_link": "https://www.brides.com/weddings-and-celebs-4691999", "title": "Celebrity Weddings and Engagements", "meta_data": {"robots": "max-image-preview:large, NOODP, NOYDIR", "viewport": "width=device-width, initial-scale=1.0", "description": "All the latest celebrity wedding news\u2013from J.Lo and ARod's engagement to Sophie Turner and Joe Jonas's surprise Vegas wedding.", "emailvertical": "BRIDES", "article": {"section": "Brides"}, "fb": {"app_id": 785196361567992}, "og": {"type": "article", "site_name": "Brides", "url": "https://www.brides.com/weddings-and-celebs-4691999", "title": "Celebrity Weddings and Engagements", "description": "All the latest celebrity wedding news\u2013from J.Lo and ARod's engagement to Sophie Turner and Joe Jonas's surprise Vegas wedding.", "image": "https://www.brides.com/thmb/x5zxVN8e_yBl-AKqHTdnfbEuwzQ=/1000x1000/filters:fill(auto,1)/socialfallback-Brides-28c8bb9abb034b17a268663f962a59b9.png"}, "twitter": {"card": "summary", "site": "@Brides", "title": "Celebrity Weddings and Engagements", "description": "All the latest celebrity wedding news\u2013from J.Lo and ARod's engagement to Sophie Turner and Joe Jonas's surprise Vegas wedding.", "image": "https://www.brides.com/thmb/x5zxVN8e_yBl-AKqHTdnfbEuwzQ=/1000x1000/filters:fill(auto,1)/socialfallback-Brides-28c8bb9abb034b17a268663f962a59b9.png"}, "msapplication-TileColor": "#F4F4F4", "msapplication-TileImage": "/static/1.101.0/icons/favicons/mstile-144x144.png", "msapplication-square70x70logo": "/static/1.101.0/icons/favicons/mstile-70x70.png", "msapplication-square150x150logo": "/static/1.101.0/icons/favicons/mstile-150x150.png", "msapplication-square310x310logo": "/static/1.101.0/icons/favicons/mstile-310x310.png", "msapplication-wide310x150logo": "/static/1.101.0/icons/favicons/mstile-310x150.png"}, "movies": [], "publish_date": null, "source": "https://www.brides.com", "summary": ""}