{"url": "https://www.bet.com/celebrities/news/2018/05/22/report--khloe-kardashian-is-ready-to-marry-tristan-thompson-and-.html", "text": "\u00a9 Viacom International Media Networks 2020 / All Rights Reserved. BET and all related titles and logos are trademarks of Viacom International Inc.", "images": ["https://www.bet.com/favicon.ico"], "top_img": "https://www.bet.com/favicon.ico", "keywords": [], "authors": [], "canonical_link": "https://www.betintl.co.uk", "title": "BET UK", "meta_data": {"app_version": "dd4eb956d-2191-2020-11-26", "robots": "noydir,noodp", "viewport": "width=device-width, initial-scale=1, user-scalable=1, maximum-scale=2", "theme-color": "#000000", "msapplication-config": "/browserconfig.xml", "apple-itunes-app": "app-id=1115778249", "google-play-app": "app-id=com.vmn.playplex.bet", "description": "Watch BET UK on Sky 173, Virgin 184 Freesat 140", "original-source": "https://www.betintl.co.uk", "search": {"title": "Webplex - BET - UK - HomePage", "description": "Watch BET UK on Sky 173, Virgin 184 Freesat 140", "url": "/"}, "og": {"site_name": "BET United Kingdom", "image": {"type": "image/jpeg", "width": 640, "height": 360}, "description": "Watch BET UK on Sky 173, Virgin 184 Freesat 140", "title": "Home - BET UK", "url": "https://www.betintl.co.uk", "type": "website"}, "twitter": {"card": "summary_large_image", "description": "Watch BET UK on Sky 173, Virgin 184 Freesat 140", "title": "Home - BET UK"}}, "movies": [], "publish_date": 1526940000.0, "source": "https://www.bet.com", "summary": ""}