{"url": "www.elle.com/culture/celebrities/a19674683/justin-bieber-wants-selena-gomez-back-report/", "text": "The reality of Justin Bieber and Selena Gomez's break becoming a permanent breakup may be sinking in for the Biebs, or so People's new report suggests. A source close to Bieber told the outlet that despite all the Baskin Champion romance talk, Justin Bieber just wants to have Gomez back with him\u2014at church, the ice rink, and beyond. \u201cHe loves her. He wants her back,\u201d the source said, adding that Bieber \u201cmisses\u201d Gomez.\n\nThis content is imported from {embed-name}. You may be able to find the same content in another format, or you may be able to find more information, at their web site.\n\nBieber and Gomez's last big public date was his father's wedding in Jamaica, where they recreated their 2011 wedding kiss. They spent 6 out of 7 consecutive days together that week, indicating they were stronger than ever and might make their on-off relationship permanently on this time, according to the tabloids.\n\nBut Gomez's family never approved of the Biebs, a major factor that led to their break, some outlets reported. And Bieber, according to Us Weekly's source, started acting selfish again, annoying Gomez. \u201c[He] doesn\u2019t care about anyone but himself,\" the source told Us on March 12. \"The second she saw it, she walked away, especially now with her health. She knows she doesn\u2019t need him.\u201d\n\nThe break seemed to be instigated by Gomez right around Bieber's March 1 birthday. Bieber never wanted this: \"Justin has been upset about the recent break from Selena and is trying to keep busy until they work things out,\" a source told E! on March 21. \"It wasn't his choice for them to split, and he is really taking time to focus on himself right now.\"\n\nMeanwhile, Gomez had a realization, E! reported on March 26: that he may be better, but they may still not be right... at least right now. \"Selena realized even though he's made some positive improvements, they just aren't a perfect match right now,\" a source told the outlet.\n\nBut Gomez's birthday post to Bieber remains on her Instagram, a sign that hope may not be lost yet.\n\nThis content is imported from {embed-name}. You may be able to find the same content in another format, or you may be able to find more information, at their web site.\n\nGomez was most recently photographed with her friends yesterday, posing in pink pajamas and Puma merch. She was also filmed lipsyncing in the car by her assistant Theresa Mingus:\n\nInstagram\n\nBieber attended Holy Wednesday church service with Baskin Champion but has not been photographed with her since. His last appearance was on his social media on Easter, when he posted four bunny selfies.\n\nThis content is imported from Instagram. You may be able to find the same content in another format, or you may be able to find more information, at their web site.\n\nAlyssa Bailey News and Strategy Editor Alyssa Bailey is the news and strategy editor at ELLE.com, where she oversees coverage of celebrities and royals (particularly Meghan Markle and Kate Middleton).\n\nThis content is created and maintained by a third party, and imported onto this page to help users provide their email addresses. You may be able to find more information about this and similar content at piano.io", "images": ["data:image/gif;base64,R0lGODlhAQABAIAAAAAAAP///yH5BAEAAAAALAAAAAABAAEAAAIBRAA7", "https://hips.hearstapps.com/hmg-prod.s3.amazonaws.com/images/justin-bieber-selena-gomez-1522789523.jpg?crop=1.00xw:1.00xh;0,0&resize=1200:*"], "top_img": "https://hips.hearstapps.com/hmg-prod.s3.amazonaws.com/images/justin-bieber-selena-gomez-1522789523.jpg?crop=1.00xw:1.00xh;0,0&resize=1200:*", "keywords": [], "authors": ["Alyssa Bailey", "News", "Strategy Editor", "Alyssa Bailey Is The News", "Strategy Editor At Elle.Com", "Where She Oversees Coverage Of Celebrities", "Royals", "Particularly Meghan Markle", "Kate Middleton ."], "canonical_link": "https://www.elle.com/culture/celebrities/a19674683/justin-bieber-wants-selena-gomez-back-report/", "title": "All Justin Bieber Wants Is to Get Back Together With Selena Gomez", "meta_data": {"x-ua-compatible": "IE=edge,chrome=1", "viewport": "width=device-width,initial-scale=1,maximum-scale=6", "msapplication-tap-highlight": "no", "theme-color": "#EC008C", "og": {"type": "article", "site_name": "ELLE", "title": "All Justin Bieber Wants Is to Get Back Together With Selena Gomez", "description": "\"He misses her.\"", "url": "https://www.elle.com/culture/celebrities/a19674683/justin-bieber-wants-selena-gomez-back-report/", "image": {"identifier": "https://hips.hearstapps.com/hmg-prod.s3.amazonaws.com/images/justin-bieber-selena-gomez-1522789523.jpg?crop=1.00xw:1.00xh;0,0&resize=1200:*", "width": 1200, "height": 600}}, "fb": {"app_id": 364664413547847, "pages": 31911516300}, "article": {"publisher": "https://www.facebook.com/ellemagazine", "modified_time": "2018-04-03 09:11:46", "published_time": "2018-04-03 09:11:00", "section": "Celebrity News 2020", "opinion": "false"}, "twitter": {"site": "@ELLEmagazine", "card": "summary_large_image", "image": "https://hips.hearstapps.com/hmg-prod.s3.amazonaws.com/images/justin-bieber-selena-gomez-1522789523.jpg?crop=1.00xw:1.00xh;0,0&resize=640:*"}, "google-site-verification": "W6SOBCzCmb2sA5l3z9YK1yO7I7bPYArVQCP09_e2zck", "title": "Justin Bieber Still Loves Selena Gomez Back - Bieber Misses Selena, Wants to Reconcile Report", "description": "The reality of Justin Bieber and Selena Gomez's break becoming a permanent breakup\u200bmay be sinking in for the Biebs, or so \u200bPeople\u200b's new report suggests\u200b. A source close to Bieber told the outlet quite simply that, forget all the Baskin Champion rom\u200bance talk\u200b\u200b, Justin Bieber just wants to have Gomez back with him at church, the ice rink\u200b, and beyond.", "keywords": "justin bieber, selena gomez, jelena, justin bieber selena gomez, justin bieber dating, selena gomez justin bieber breakup, justin bieber girlfriend", "auto-publish": "timely", "thumbnail": "https://hips.hearstapps.com/hmg-prod.s3.amazonaws.com/images/justin-bieber-selena-gomez-1522789523.jpg?crop=0.502xw:1.00xh;0,0&resize=320:*", "sailthru.contenttype": "standard-article", "sailthru.tags": "Culture,culture,celebrities,justin bieber,Selena Gomez", "sailthru.date": "2018-04-03T21:11:00Z", "sailthru.image.full": "https://hips.hearstapps.com/hmg-prod.s3.amazonaws.com/images/justin-bieber-selena-gomez-1522789523.jpg?crop=1.00xw:1.00xh;0,0", "sailthru.image.thumb": "https://hips.hearstapps.com/hmg-prod.s3.amazonaws.com/images/justin-bieber-selena-gomez-1522789523.jpg?crop=0.502xw:1.00xh;0,0", "sailthru.socialtitle": "All Justin Bieber Wants Is to Get Back Together With Selena Gomez", "m1": ".content-hed", "m2": ".content-dek p"}, "movies": [], "publish_date": 1522739460.0, "source": "http://www.elle.com", "summary": ""}