{"url": "https://people.com/movies/amanda-bynes-resurfaces-twitter-flower-photo/", "text": "Amanda Bynes was pictured smiling next to a large arrangement of flowers with a friend\n\nAmanda Bynes Makes a Rare Appearance on Twitter and Stops 'To Smell the Flowers' in Cute Snap\n\nAmanda Bynes is back on social media.\n\nThe former Nickelodeon star, 31, surprised fans by sharing a photo on Twitter Sunday after a two-month hiatus from her account. The actress and an unidentified friend are seen posing next to a large arrangement of pink and white flowers.\n\nGet push notifications with news, features and more.\n\n\u201cStopping to smell the flowers on a gorgeous Sunday!\u201d she captioned the snap.\n\nLast week, Bynes stepped out with a friend for a hike in North Hollywood, as she wore an all-black getup and a pair of sunglasses.\n\nAfter a turbulent few years, Bynes has rarely made public appearances, instead shifting her focus from acting to her budding fashion career.\n\nBynes last posted to Twitter in February to shoot down rumors that she was engaged and pregnant.\n\n\u201cI am not getting married and I am not pregnant,\u201d the child star said in response to a fake Twitter account that posted an image of a woman (who bears a resemblance to Bynes) getting an ultrasound.\n\n\u201cI have asked repeatedly. This person continues to impersonate and harass me and twitter needs to take the account down,\u201d she continued.\n\nImage zoom\n\nThe Hairspray star previously surprised her 3.3 million followers in August with an update on her life post-Hollywood.\n\n\u201cHi everybody! I haven\u2019t tweeted in a long time and I want to say hi! I\u2019ve been really busy at FIDM, and I just finished my midterms,\u201d Bynes wrote.\n\nRELATED VIDEO: Amanda Bynes By the Numbers\n\nBynes first enrolled at the Fashion Institute of Design & Merchandising (FIDM) campus near Orange County in spring 2014 to study product development, and later transferred to the Los Angeles campus in October 2015.\n\n\u201cAmanda is doing exceptionally well,\u201d her lawyer David Esquibias told PEOPLE at the time. \u201cShe is attending school and, as always, devoted to fashion.\u201d", "images": ["https://imagesvc.meredithcorp.io/v3/mm/image?url=https%3A%2F%2Fstatic.onecms.io%2Fwp-content%2Fuploads%2Fsites%2F20%2F2020%2F11%2F12%2Fthanksgiving-covid-150x150.jpg", "https://imagesvc.meredithcorp.io/v3/mm/image?url=https%3A%2F%2Fstatic.onecms.io%2Fwp-content%2Fuploads%2Fsites%2F20%2F2016%2F05%2F06%2Fprincess-diana-21.jpg", "https://imagesvc.meredithcorp.io/v3/mm/image?url=https%3A%2F%2Fstatic.onecms.io%2Fwp-content%2Fuploads%2Fsites%2F20%2F2020%2F07%2F23%2Ftout.jpg", "data:image/svg+xml,%3Csvg%20xmlns='http://www.w3.org/2000/svg'%20viewBox='0%200%20100%20133'%3E%3C/svg%3E", "https://peopledotcom.files.wordpress.com/2018/09/thumbnail_generic.png", "https://imagesvc.meredithcorp.io/v3/mm/image?url=https%3A%2F%2Fstatic.onecms.io%2Fwp-content%2Fuploads%2Fsites%2F20%2F2017%2F04%2Famanda-bynes-1.jpg", "https://imagesvc.meredithcorp.io/v3/mm/image?q=85&c=sc&poi=face&w=1152&h=603&url=https%3A%2F%2Fstatic.onecms.io%2Fwp-content%2Fuploads%2Fsites%2F20%2F2017%2F04%2Famanda-bynes-1.jpg", "data:image/svg+xml,%3Csvg%20xmlns='http://www.w3.org/2000/svg'%20viewBox='0%200%20100%20100'%3E%3C/svg%3E", "https://imagesvc.meredithcorp.io/v3/mm/image?url=https%3A%2F%2Fstatic.onecms.io%2Fwp-content%2Fuploads%2Fsites%2F20%2F2020%2F08%2F04%2Fcoyote-ugly-2000.jpg", "https://imagesvc.meredithcorp.io/v3/mm/image?url=https%3A%2F%2Fstatic.onecms.io%2Fwp-content%2Fuploads%2Fsites%2F20%2F2020%2F07%2F19%2Ftiaras-2.jpg", "https://imagesvc.meredithcorp.io/v3/mm/image?url=https%3A%2F%2Fstatic.onecms.io%2Fwp-content%2Fuploads%2Fsites%2F20%2F2020%2F11%2F12%2Fcat-phone.jpg", "https://imagesvc.meredithcorp.io/v3/mm/image?url=https%3A%2F%2Fstatic.onecms.io%2Fwp-content%2Fuploads%2Fsites%2F20%2F2019%2F03%2Famanda-bynes.jpg"], "top_img": "https://imagesvc.meredithcorp.io/v3/mm/image?q=85&c=sc&poi=face&w=1152&h=603&url=https%3A%2F%2Fstatic.onecms.io%2Fwp-content%2Fuploads%2Fsites%2F20%2F2017%2F04%2Famanda-bynes-1.jpg", "keywords": [], "authors": ["Stephanie Petit"], "canonical_link": "https://people.com/movies/amanda-bynes-resurfaces-twitter-flower-photo/", "title": "Amanda Bynes Returns to Twitter with Flower Photo", "meta_data": {"viewport": "width=device-width, initial-scale=1", "keywords": "Amanda Bynes,Movie Celebrities,News", "news_keywords": "Amanda Bynes,Movie Celebrities,News", "description": "Amanda Bynes was pictured smiling next to a large arrangement of flowers with a friend", "og": {"title": "Amanda Bynes Returns to Twitter with Flower Photo", "type": "article", "site_name": "PEOPLE.com", "url": "https://people.com/movies/amanda-bynes-resurfaces-twitter-flower-photo/", "description": "Amanda Bynes was pictured smiling next to a large arrangement of flowers with a friend", "image": {"identifier": "https://imagesvc.meredithcorp.io/v3/mm/image?q=85&c=sc&poi=face&w=1152&h=603&url=https%3A%2F%2Fstatic.onecms.io%2Fwp-content%2Fuploads%2Fsites%2F20%2F2017%2F04%2Famanda-bynes-1.jpg", "width": 1152, "height": 603}}, "pinterest": {"url": "https://people.com/movies/amanda-bynes-resurfaces-twitter-flower-photo/", "description": "Amanda Bynes was pictured smiling next to a large arrangement of flowers with a friend", "media": "https://imagesvc.meredithcorp.io/v3/mm/image?url=https%3A%2F%2Fstatic.onecms.io%2Fwp-content%2Fuploads%2Fsites%2F20%2F2017%2F04%2Famanda-bynes-1.jpg"}, "twitter": {"card": "summary_large_image", "url": "https://people.com/movies/amanda-bynes-resurfaces-twitter-flower-photo/", "title": "Amanda Bynes Returns to Twitter with Flower Photo", "description": "Amanda Bynes was pictured smiling next to a large arrangement of flowers with a friend", "site": "@people", "image": "https://imagesvc.meredithcorp.io/v3/mm/image?q=85&c=sc&poi=face&w=1152&h=603&url=https%3A%2F%2Fstatic.onecms.io%2Fwp-content%2Fuploads%2Fsites%2F20%2F2017%2F04%2Famanda-bynes-1.jpg"}, "robots": "max-image-preview:large", "fb": {"app_id": 610948219662029, "pages": 95926963131}, "article": {"opinion": "false"}, "p": {"domain_verify": "755183be01bfc739a9cac6673f1f2c1b"}}, "movies": [], "publish_date": null, "source": "https://people.com", "summary": ""}