{"url": "variety.com/2017/film/news/leonardo-dicaprio-black-hand-adaptation-1201974560/", "text": "Leonardo DiCaprio will star in and produce an adaptation of Stephan Talty\u2019s book \u201cThe Black Hand\u201d for Paramount Pictures.\n\nThe true story about the origins of the mafia in America follows Joe Petrosino \u2014 nicknamed the \u201cItalian Sherlock Holmes\u201d \u2014 an NYPD cop who goes after the ruthless gang in the early 190os. The thugs (with the calling card black hand) migrated from Italy to America, and kidnapped people to extort money from their families. They were loathed by law-abiding Italian families who were frightened, but nevertheless helped Petrosino behind the scenes.\n\nEllen Goldsmith-Vein and Jeremy Bell of The Gotham Group will produce. DiCaprio\u2019s producing partner, Jennifer Davisson, will also produce with Gotham, as well as Nathaniel Posey on behalf of his Appian Way Productions.\n\nTalty is the New York Times-bestselling author of six nonfiction books focused on history and individual achievement. As a ghostwriter, Talty\u2019s work includes \u201cA Captain\u2019s Duty,\u201d which was the basis for the 2013 Oscar-nominated Tom Hanks-starrer \u201cCaptain Phillips.\u201d\n\nDiCaprio recently starred in \u201cBefore the Flood,\u201d the 2016 documentary about climate change directed by Fisher Stevens. He will next play Sam Phillips, a pioneer in the music industry during the 1950s who helped launch the careers of Elvis Presley, Johnny Cash, and Jerry Lee Lewis.\n\nParamount has been busy acquiring material for DiCaprio following his new first-look deal, which he signed in 2015. Appain Way is developing a reboot of the \u201cCaptain Planet\u201d series with Glen Powell, among its many projects.\n\nDiCaprio is repped by LBI Entertainment. The news was first reported by Deadline Hollywood.", "images": ["https://variety.com/wp-content/themes/pmc-variety-2020/assets/public/lazyload-fallback.gif", "https://www.facebook.com/tr?id=315552255725686&ev=PageView&noscript=1", "https://variety.com/wp-content/uploads/2017/01/leonardo-dicaprio.jpg?w=1000", "http://pixel.quantserve.com/pixel?a.1=&a.2=p-31f3D02tYU8zY", "https://px.ads.linkedin.com/collect/?pid=1429113&fmt=gif", "https://sb.scorecardresearch.com/p?c1=2&c2=6035310&c3=&c4=&c5=&c6=&c15=&cv=2.0&cj=1", "https://www.facebook.com/tr?id=586935388485447&ev=PageView&noscript=1"], "top_img": "https://variety.com/wp-content/uploads/2017/01/leonardo-dicaprio.jpg?w=1000", "keywords": [], "authors": ["Justin Kroll"], "canonical_link": "https://variety.com/2017/film/news/leonardo-dicaprio-black-hand-adaptation-1201974560/", "title": "Leonardo DiCaprio to Star in, Produce Paramount Adaptation \u2018The Black Hand\u2019", "meta_data": {"theme-color": "#fff", "viewport": "width=device-width, initial-scale=1.0", "apple-mobile-web-app-status-bar-style": "black-translucent", "msapplication-config": "https://variety.com/wp-content/themes/pmc-variety-2020/assets/app/browserconfig.xml", "msapplication-TileImage": "https://variety.com/wp-content/uploads/2018/06/variety-favicon.png?w=128", "msapplication-TileColor": "#eff4ff", "description": "Leonardo DiCaprio will star in and produce an adaptation of Stephan Talty's book \"The Black Hand\" for Paramount Pictures.", "alexaVerifyID": "4IBqfMBcohHTnitnTLanYijElhs", "fb": {"admins": 697514199}, "cXenseParse": {"pmc-lob": "variety", "pmc-page_type": "article", "articleid": 1201974560, "author": "Justin Kroll", "pmc-category": "News", "pmc-over_1_year": "yes", "pmc-post_type": "post", "recs": {"publishtime": "2017-01-31T12:28:09"}, "pmc-tag": "Leonardo Dicaprio", "title": "Leonardo DiCaprio to Star in, Produce Paramount Adaptation \u2018The Black Hand\u2019", "pageclass": "article", "pmc-vertical": "film", "pmc-primary-category": "News", "pmc-primary-vertical": "film", "pmc-is_vyvip_article": "no"}, "apple-itunes-app": "app-id=416179538", "generator": "WordPress 5.5.2", "author": "Justin Kroll", "apple-mobile-web-app-capable": "yes", "mobile-web-app-capable": "yes", "apple-touch-fullscreen": "YES", "apple-mobile-web-app-title": "Variety", "application-name": "Variety", "robots": "max-image-preview:large", "content_type": "Article", "post_id": 1201974560, "title": "Leonardo DiCaprio to Star in, Produce Paramount Adaptation 'The Black Hand'", "published_at": "2017-01-31 12:28:09", "image": "https://variety.com/wp-content/uploads/2017/01/leonardo-dicaprio.jpg?w=1000", "comment_count": 3, "tags": "Leonardo Dicaprio", "topics": "News", "appeared_in_print": "No", "body": "Leonardo DiCaprio will star in and produce an adaptation of Stephan Talty's book \"The Black Hand\" for Paramount Pictures.\r\n\r\nThe true story\u00a0about\u00a0the origins of the mafia in America follows\u00a0Joe Petrosino -- nicknamed the \"Italian Sherlock Holmes\" -- an NYPD cop who goes after the ruthless gang in the early 190os. The thugs (with the calling card black hand)\u00a0migrated from Italy to America, and kidnapped people to\u00a0extort money from their families. They were loathed by law-abiding Italian families who were frightened, but nevertheless helped Petrosino behind the scenes.\r\n\r\nEllen Goldsmith-Vein and Jeremy Bell of The Gotham Group will produce. DiCaprio's producing partner, Jennifer Davisson, will also produce with Gotham, as well as Nathaniel Posey on behalf of his Appian Way Productions.\r\n\r\n\r\n\r\nTalty is the New York Times-bestselling author of six nonfiction books focused on history and individual achievement. As a ghostwriter, Talty's work includes \"A Captain's Duty,\" which was the basis for the 2013 Oscar-nominated Tom Hanks-starrer \"Captain Phillips.\"\r\n\r\nDiCaprio recently starred in \"Before the Flood,\" the 2016 documentary about climate change directed by Fisher Stevens. He will next play Sam Phillips,\u00a0a pioneer in the music industry during the 1950s who helped launch the careers of Elvis Presley, Johnny Cash, and Jerry Lee Lewis.\r\n\r\nParamount has been busy acquiring material for DiCaprio following his new first-look deal, which he signed in 2015. Appain Way is developing a reboot of the \"Captain Planet\" series with Glen Powell, among its many projects.\r\n\r\nDiCaprio is repped by LBI Entertainment. The news was first reported by Deadline Hollywood.", "onesignal": "wordpress-plugin", "fragment": "!", "og": {"type": "article", "title": "Leonardo DiCaprio to Star in, Produce Paramount Adaptation \u2018The Black Hand\u2019", "url": "https://variety.com/2017/film/news/leonardo-dicaprio-black-hand-adaptation-1201974560/", "description": "Leonardo DiCaprio will star in and produce an adaptation of Stephan Talty\u2019s book \u201cThe Black Hand\u201d for Paramount Pictures. The true story\u00a0about\u00a0the origins of the mafia in America \u2026", "site_name": "Variety", "image": {"identifier": "https://variety.com/wp-content/uploads/2017/01/leonardo-dicaprio.jpg?w=1000", "width": 1000, "height": 563, "alt": "Leonardo DiCaprio The Black Hand"}, "locale": "en_US"}, "article": {"published_time": "2017-01-31T20:28:09+00:00", "modified_time": "2017-01-31T21:03:45+00:00"}, "twitter": {"site": "@variety", "text": {"title": "Leonardo DiCaprio to Star in, Produce Paramount Adaptation \u2018The Black Hand\u2019"}, "image": {"identifier": "https://variety.com/wp-content/uploads/2017/01/leonardo-dicaprio.jpg?w=1000", "alt": "Leonardo DiCaprio The Black Hand"}, "card": "summary_large_image", "creator": "@krolljvar", "title": "Leonardo DiCaprio to Star in, Produce Paramount Adaptation \u2018The Black Hand\u2019", "description": "Leonardo DiCaprio will star in and produce an adaptation of Stephan Talty's book \"The Black Hand\" for Paramount Pictures."}}, "movies": [], "publish_date": 1485894489.0, "source": "http://variety.com", "summary": ""}