{"url": "https://www.aceshowbiz.com/news/view/00107974.html", "text": "TV\n\nIn the 15-second promo, the new lady is seen expressing her excitement for the upcoming 13th season of the dating competition which will premiere on May 22.\n\nApr 12, 2017\n\nAceShowbiz - The very first promo of Rachel Lindsay's season of \"The Bachelorette\" has arrived online as it's just six weeks away from the premiere. The promo highlights Rachel, the new lady for the upcoming 13th season of the ABC dating competition.\n\nAlthough the promo mostly consists of old footage, it reminds us of how much the Bachelor Nation loved the lady. Accompanied by Fifth Harmony's \"That's My Girl\", Rachel makes an entrance looking beautiful in a red lace gown. The promo offers the background story of the 31-year-old Dallas attorney during her appearance on \"The Bachelor\". It also includes the \"After the Rose\" special when she met the four contestants.\n\nProducer Mike Fleiss took to Twitter in March to share the first photo of Rachel as the rose-giver. Rachel was seen wearing a sleeveless white patterned gown during the night one of the filming in \"Bachelor\" mansion in Agoura Hills, California. Host Chris Harrison was also present in the photo.\n\nIn a previous interview with PEOPLE, Rachel's \"The Bachelorette\" predecessor JoJo Fletcher gave advice to the new leading lady. JoJo said, \"So I think I would just tell her not to overthink every situation and at the end of this whole thing, whatever happens she needs to go with your first instinct or whatever thought you keep coming back to. And it's tough, try not to overthink, really trust yourself, and stay that smart, confident woman that you are. Don\u2019t make these men make you feel any different.\"\n\n\"The Bachelorette\" featuring Rachel Lindsay premieres on May 22 at 8 P.M. on ABC.", "images": ["https://www.aceshowbiz.com/display/images/160x117/2020/11/27/00163092.jpg", "https://www.aceshowbiz.com/display/images/90x60/2020/11/18/00162678.jpg", "https://www.aceshowbiz.com/display/images/160x117/2020/11/27/00163085.jpg", "https://www.aceshowbiz.com/display/images/160x117/2020/11/25/00162989.jpg", "https://www.aceshowbiz.com/display/images/90x60/2020/11/11/00162371.jpg", "https://www.aceshowbiz.com/display/images/300x400/2020/11/24/00162958.jpg", "https://www.aceshowbiz.com/assets/img/logo.png", "https://www.aceshowbiz.com/display/images/160x117/2020/11/25/00162985.jpg", "https://www.aceshowbiz.com/display/images/160x117/2020/11/25/00162987.jpg", "https://www.aceshowbiz.com/display/images/160x117/2020/11/26/00163039.jpg", "https://www.aceshowbiz.com/display/images/160x117/2020/11/27/00163071.jpg", "https://www.aceshowbiz.com/display/images/160x117/2020/11/26/00163044.jpg", "https://www.aceshowbiz.com/display/images/160x117/2020/11/25/00162963.jpg", "https://www.aceshowbiz.com/display/images/90x60/2020/11/25/00162987.jpg", "https://www.aceshowbiz.com/images/news/bachelorette-rachel-lindsay-s-first-promo-is-here.jpg", "https://www.aceshowbiz.com/display/images/90x60/2020/10/29/00161860.jpg", "https://www.aceshowbiz.com/display/images/160x117/2020/11/26/00163055e.jpg"], "top_img": "https://www.aceshowbiz.com/images/news/bachelorette-rachel-lindsay-s-first-promo-is-here.jpg", "keywords": [], "authors": [], "canonical_link": "https://www.aceshowbiz.com/news/view/00107974.html", "title": "That's Our Girl! First 'Bachelorette' Promo Featuring Rachel Lindsay Is Here", "meta_data": {"description": "In the 15-second promo, the new lady is seen expressing her excitement for the upcoming 13th season of the dating competition which will premiere on May 22.", "viewport": "width=device-width, initial-scale=1", "fb": {"app_id": 320088948016615}, "og": {"title": "That's Our Girl! First 'Bachelorette' Promo Featuring Rachel Lindsay Is Here", "type": "article", "url": "https://www.aceshowbiz.com/news/view/00107974.html", "image": {"identifier": "https://www.aceshowbiz.com/images/news/bachelorette-rachel-lindsay-s-first-promo-is-here.jpg", "alt": "That's Our Girl! First 'Bachelorette' Promo Featuring Rachel Lindsay Is Here"}, "site_name": "AceShowbiz", "description": "In the 15-second promo, the new lady is seen expressing her excitement for the upcoming 13th season of the dating competition which will premiere on May 22."}, "twitter": {"title": "That's Our Girl! First 'Bachelorette' Promo Featuring Rachel Lindsay Is Here", "description": "In the 15-second promo, the new lady is seen expressing her excitement for the upcoming 13th season of the dating competition which will premiere on May 22.", "image": "https://www.aceshowbiz.com/images/news/bachelorette-rachel-lindsay-s-first-promo-is-here.jpg", "card": "summary_large_image", "site": "@aceshowbiz", "creator": "@aceshowbiz", "domain": "aceshowbiz.com"}, "robots": "index, follow", "Googlebot-news": "index, follow", "apple-mobile-web-app-capable": "yes", "apple-mobile-web-app-status-bar-style": "black", "theme-color": "#5F256F"}, "movies": [], "publish_date": null, "source": "https://www.aceshowbiz.com", "summary": ""}