{"url": "www.pinterest.dk/pin/120189883789612552/", "text": "", "images": ["https://s.pinimg.com/webapp/style/images/logo_trans_144x144-5e37c0c6.png"], "top_img": "https://s.pinimg.com/webapp/style/images/logo_trans_144x144-5e37c0c6.png", "keywords": [], "authors": [], "canonical_link": "", "title": "", "meta_data": {"viewport": "width=device-width, initial-scale=1", "application-name": "Pinterest", "msapplication-TileColor": "#ffffff", "msapplication-TileImage": "https://s.pinimg.com/webapp/style/images/logo_trans_144x144-5e37c0c6.png", "referrer": "origin", "fb": {"app_id": 274266067164}, "og": {"site_name": "Pinterest"}}, "movies": [], "publish_date": null, "source": "http://www.pinterest.dk", "summary": ""}