{"url": "http://www.brighthorizons.com/about/aboutbh.aspx", "text": "Our History\n\nBright Horizons has been changing the way the world works for 30 years. Way back in 1986, our founders saw that child care was an enormous obstacle for working parents. Providing on-site centers became just one way we responded to help whole organizations work better. Today we offer child care, elder care, and help for education and careers -- tools used by more than 1,000 of the world\u2019s top employers and that today power many of the world's best brands.", "images": ["http://www.brighthorizons.com/-/media/BH-New/Evergreen-Images/Who-We-Are/2-10_WHO_Diversity_IMG_6114.ashx", "http://www.brighthorizons.com/-/media/BH-New/Headshots/Our-Leaders/headshot_swells.ashx", "http://www.brighthorizons.com/-/media/Images/Placeholder/Logos/2017-Training-Top-125.ashx", "http://www.brighthorizons.com/-/media/BH-New/Headshots/Our-Leaders/headshot_EB-updated.ashx", "http://www.brighthorizons.com/-/media/BH-New/Headshots/Our-Leaders/Board-of-Directors/Mary-Ann-740.ashx", "http://www.brighthorizons.com/-/media/BH-New/Evergreen-Images/Homepage-Images/resources-employers-2.ashx", "http://www.brighthorizons.com/-/media/BH-New/Evergreen-Images/Who-We-Are/2-06_WHO_heart-m_IMG_0307.ashx", "http://www.brighthorizons.com/-/media/BH-New/Headshots/Our-Leaders/headshot_maribeth_4-(2).ashx", "http://www.brighthorizons.com/-/media/BH-New/Headshots/Our-Leaders/Board-of-Directors/Jordan-Hitch-740.ashx", "http://www.brighthorizons.com/-/media/BH-New/Headshots/Our-Leaders/Board-of-Directors/Dr-Sara-LawrenceLightfoot-740.ashx", "http://www.brighthorizons.com/-/media/Images/Placeholder/Logos/TPTW_2018_vert.ashx", "http://www.brighthorizons.com/-/media/BH-New/Headshots/Our-Leaders/headshot_eric_2.ashx", "http://www.brighthorizons.com/-/media/BH-New/Headshots/Our-Leaders/Board-of-Directors/Lawrence-Alleva-740.ashx", "http://www.brighthorizons.com/-/media/BH-New/454A7651.ashx", "http://www.brighthorizons.com/-/media/BH-New/Evergreen-Images/Homepage-Images/resources-families-2.ashx", "http://www.brighthorizons.com/apple-touch-icon.png?v=9BPYbn7Pwa", "http://www.brighthorizons.com/-/media/BH-New/Evergreen-Images/Who-We-Are/2-09_WHO_Foundation-m_OC0oV3mQ.ashx", "http://www.brighthorizons.com/-/media/Images/Placeholder/Logos/HRC-CEI-2018-logo.ashx", "http://www.brighthorizons.com/-/media/BH-New/Headshots/Our-Leaders/Board-of-Directors/Laurel-Richie-740.ashx", "https://px.ads.linkedin.com/collect/?pid=116151&fmt=gif", "http://www.brighthorizons.com/-/media/BH-New/Headshots/Our-Leaders/Board-of-Directors/Marguerite-Kondracke-740.ashx", "http://www.brighthorizons.com/-/media/BH-New/Headshots/Our-Leaders/Board-of-Directors/Dave-Lissy-740.ashx", "http://www.brighthorizons.com/-/media/BH-New/Headshots/Our-Leaders/Board-of-Directors/Roger-Brown-740.ashx", "http://www.brighthorizons.com/-/media/BH-New/Headshots/Our-Leaders/Board-of-Directors/Linda-Mason-740.ashx", "http://www.brighthorizons.com/-/media/BH-New/Headshots/Our-Leaders/headshot_MLB_2.ashx", "http://www.brighthorizons.com/-/media/BH-New/Headshots/Our-Leaders/Board-of-Directors/Joshua-Bekenstein-740.ashx", "http://www.brighthorizons.com/-/media/BH-New/Headshots/Our-Leaders/Patrick-Donovan-Bright-Horizons-740x555.ashx", "http://www.brighthorizons.com/-/media/Images/Placeholder/Logos/logo-bh-horiz-v2.ashx", "http://www.brighthorizons.com/-/media/BH-New/Headshots/Our-Leaders/K_cunningham_updated.ashx", "http://www.brighthorizons.com/-/media/Images/Placeholder/Logos/logo-bh-stacked-v2.ashx", "http://www.brighthorizons.com/-/media/BH-New/Headshots/Our-Leaders/Board-of-Directors/headshot_SHK-740x566.ashx", "http://www.brighthorizons.com/-/media/Images/Placeholder/Logos/gptw.ashx", "http://www.brighthorizons.com/-/media/BH-New/Headshots/Our-Leaders/Board-of-Directors/Cathy-Minehan-740.ashx", "http://www.brighthorizons.com/-/media/BH-New/Headshots/Our-Leaders/Board-of-Directors/Julie-Atkinson-740.ashx"], "top_img": "http://www.brighthorizons.com/apple-touch-icon.png?v=9BPYbn7Pwa", "keywords": [], "authors": [], "canonical_link": "https://www.brighthorizons.com/who-we-are", "title": "Who We Are", "meta_data": {"viewport": "width=device-width, initial-scale=1", "description": "We offer a unique early education experience built on 30 years of expertise. Bright Horizons offer child care, elder care, and help for education and careers.", "og": {"url": "https://www.brighthorizons.com/who-we-are"}, "msapplication-TileColor": "#ffc40d", "msapplication-config": "/favicons/browserconfig.xml?v=9BPYbn7Pwa", "theme-color": "#ffffff"}, "movies": [], "publish_date": null, "source": "http://www.brighthorizons.com", "summary": ""}