{"url": "www.usmagazine.com/celebrity-news/news/betty-white-turns-95-celebs-and-fans-wish-her-happy-birthday-w461403/", "text": "A golden birthday! Betty White turned 95 on Tuesday, January 17, and the beloved Golden Girl got an outpouring of love on social media from celebrities and fans. (Watch White\u2019s greatest onscreen moments in the video above!)\n\nKatie Couric tweeted about sitting down with the Mary Tyler Moore Show actress for a birthday interview. \u201cHow lucky am I? I got to wish my girl crush @BettyMWhite a happy\u2026wait for it\u202695th birthday!!\u201d she tweeted alongside a photo of the pair holding up a fruit tart with a candle. White later reposted the photo, writing, \u201cNo better way to kick off 95 than with a visit from my dear friend, @katiecouric.\u201d\n\nReese Witherspoon shared a GIF of White dabbing and tweeted, \u201cProof of why #BettyWhite is my all time fav! HBD @BettyMWhite !!\u201d and Craig Ferguson reminisced about his first acting gig with The Proposal star, tweeting, \u201cHappy Birthday to my beautiful pal @BettyMWhite. First actress I ever worked with in Hollywood. Spoiled me for the rest. I love you Betty. X.\u201d\n\nEven the Cleveland Indians\u2019 official Twitter account sent White a special shout-out in reference to her TV Land comedy Hot in Cleveland. \u201cIt\u2019s 55 degrees today, which for January qualifies as Hot in Cleveland. Happy birthday to our favorite 95-year-old fan, Betty White!\u201d the tweet said.\n\nSee more birthday messages for the iconic actress below:", "images": ["https://www.usmagazine.com/wp-content/themes/us-weekly/assets/img/svg-icons/logo-tag-registered-green.svg", "https://i1.wp.com/www.usmagazine.com/wp-content/uploads/477966844_betty-white-zoom-fc5fd6c0-0ab8-45d3-a182-3fe12dc50f65.jpg?crop=1px%2C16px%2C1999px%2C1049px&resize=1200%2C630&ssl=1&quality=86&strip=all", "https://www.usmagazine.com/wp-content/themes/us-weekly/assets/img/placeholders/default-usweekly.svg", "https://www.usmagazine.com/wp-content/themes/us-weekly/assets/img/svg-icons/logo-tag-registered.svg", "https://www.usmagazine.com/wp-content/themes/us-weekly/assets/img/svg-icons/icon-download.svg", "https://www.usmagazine.com/wp-content/themes/us-weekly/assets/img/bg-subscribe.png"], "top_img": "https://i1.wp.com/www.usmagazine.com/wp-content/uploads/477966844_betty-white-zoom-fc5fd6c0-0ab8-45d3-a182-3fe12dc50f65.jpg?crop=1px%2C16px%2C1999px%2C1049px&resize=1200%2C630&ssl=1&quality=86&strip=all", "keywords": [], "authors": ["Megan French"], "canonical_link": "https://www.usmagazine.com/celebrity-news/news/betty-white-turns-95-celebs-and-fans-wish-her-happy-birthday-w461403/", "title": "Betty White Turns 95: Celebs and Fans Wish Her Happy Birthday", "meta_data": {"viewport": "width=device-width, initial-scale=1", "ir-site-verification-token": "-206090124", "fo-verify": "49e6fc6a-c68d-447f-9978-70e3eac455ac", "theme-color": "#fff", "description": "Betty White turned 95 on Tuesday, January 17, and got an outpouring of love on social media \u2014 see birthday wishes from celebs and fans!", "robots": "index, follow, max-snippet:-1, max-image-preview:large, max-video-preview:-1", "og": {"locale": "en_US", "type": "article", "title": "Betty White Turns 95: Celebs and Fans Wish Her Happy Birthday", "description": "Betty White turned 95 on Tuesday, January 17, and got an outpouring of love on social media \u2014 see birthday wishes from celebs and fans!", "url": "https://www.usmagazine.com/celebrity-news/news/betty-white-turns-95-celebs-and-fans-wish-her-happy-birthday-w461403/", "site_name": "Us Weekly", "updated_time": "2017-10-15T20:15:42+00:00", "image": {"identifier": "https://i1.wp.com/www.usmagazine.com/wp-content/uploads/477966844_betty-white-zoom-fc5fd6c0-0ab8-45d3-a182-3fe12dc50f65.jpg?crop=1px%2C16px%2C1999px%2C1049px&resize=1200%2C630&ssl=1&quality=86&strip=all", "secure_url": "https://i1.wp.com/www.usmagazine.com/wp-content/uploads/477966844_betty-white-zoom-fc5fd6c0-0ab8-45d3-a182-3fe12dc50f65.jpg?crop=1px%2C16px%2C1999px%2C1049px&resize=1200%2C630&ssl=1&quality=86&strip=all", "width": 1200, "height": 630}}, "article": {"publisher": "https://www.facebook.com/UsWeekly", "published_time": "2017-01-17T18:20:03+00:00", "modified_time": "2017-10-15T20:15:42+00:00"}, "fb": {"app_id": 1785612128341436}, "twitter": {"card": "summary_large_image", "title": "Betty White Turns 95: Celebs and Fans Wish Her Happy Birthday", "description": "Betty White turned 95 on Tuesday, January 17, and got an outpouring of love on social media \u2014 see birthday wishes from celebs and fans!", "image": "https://i1.wp.com/www.usmagazine.com/wp-content/uploads/477966844_betty-white-zoom-fc5fd6c0-0ab8-45d3-a182-3fe12dc50f65.jpg?crop=1px%2C16px%2C1999px%2C1049px&resize=1200%2C630&ssl=1&quality=86&strip=all", "creator": "@usweekly", "site": "@usweekly"}, "tragedy": "off", "generator": "WordPress 5.5.2", "msapplication-TileImage": "https://www.usmagazine.com/wp-content/uploads/2020/05/cropped-us-logo.png?w=270&quality=86&strip=all"}, "movies": [], "publish_date": 1484677203.0, "source": "http://www.usmagazine.com", "summary": ""}