{"url": "www.kinggossip.com/front/gossip-cop-busted-2404-stories-in-2016-national-enquirer-was-worst-offender-gossip-cop/", "text": "Get ready for some euphoric news. Zendaya is dropping some itty bitty clues about the two special episodes of Euphoria that are coming soon to HBO.", "images": ["https://imagez.tmz.com/image/ed/16by9/2020/11/25/ed1e71718da04422a127a42239edf767_xl.jpg", "https://imagez.tmz.com/image/12/16by9/2020/10/10/12414dda18184aaf966a4633faad9d7a_xl.jpg", "https://akns-images.eonline.com/eol_images/Entire_Site/20201023/rs_1200x1200-201123154940-1200x1200.halle-bailey-disney-lp.112320.jpg?fit=around|1080:1080&output-quality=90&crop=1080:1080;center,top", "https://akns-images.eonline.com/eol_images/Entire_Site/2019517/rs_600x600-190617091309-600.2cardi-b-bonaroo-rode-wardrobe-malfunction.jpg?fit=around|1080:1080&output-quality=90&crop=1080:1080;center,top", "https://akns-images.eonline.com/eol_images/Entire_Site/20201018/rs_1200x1200-201118173930-1200-candace-cameron-bure-my-self-care-routine-christmas-mh.jpg?fit=around|1080:1080&output-quality=90&crop=1080:1080;center,top", "https://imagez.tmz.com/image/72/16by9/2020/11/25/72b0924786ef453ebd539f74e309ffd8_xl.jpg", "https://akns-images.eonline.com/eol_images/Entire_Site/2020820/rs_1200x1200-200920175032-1200-2020-Emmys-Zendaya-Presenting.jpg?fit=around|1080:1080&output-quality=90&crop=1080:1080;center,top", "https://akns-images.eonline.com/eol_images/Entire_Site/202031/1200-jennifer-lopez-selena.cm.112420.jpg?fit=around|1080:1080&output-quality=90&crop=1080:1080;center,top", "https://imagez.tmz.com/image/30/16by9/2020/11/23/301c67cae54b4212ba5af84f62babad0_xl.jpg", "https://imagez.tmz.com/image/97/16by9/2020/11/25/97d51a1184414545b59d9526eba11ba3_xl.jpg"], "top_img": "https://akns-images.eonline.com/eol_images/Entire_Site/20201023/rs_1200x1200-201123154940-1200x1200.halle-bailey-disney-lp.112320.jpg?fit=around|1080:1080&output-quality=90&crop=1080:1080;center,top", "keywords": [], "authors": [], "canonical_link": "", "title": "King Gossip \u2013 Celebrity News \u2013 Celebrity Gossip \u2013 King Gossip get the latest celebrity news and more gossip about your favorite hollywood celebrities.", "meta_data": {"viewport": "width=device-width, initial-scale=1", "generator": "WordPress 5.5.3"}, "movies": [], "publish_date": null, "source": "http://www.kinggossip.com", "summary": ""}