{"url": "www.wonderwall.com/celebrity/julia-roberts-not-forcing-danny-moder-to-follow-detox-diet-despite-report-3012753.article", "text": "Julia Roberts is not forcing her husband Danny Moder to go on the same detox diet that she supposedly follows, despite a made-up report. Gossip Cop can exclusively debunk this story. We're told there's no truth to it.\n\nGetty Images\n\n\"Pretty Flabby Woman? Julia's Detox Diet Driving Danny Moder Mad,\" reads a new RadarOnline headline. The accompanying article says Roberts is trying to lose weight after portraying a frumpy mom in the upcoming drama Ben Is Back, but she's also making her husband eat the same healthy foods as her.\n\nA supposed source tells the site, \"She's demanding they eat only 'colorful' fruits and veggies, raw nuts and seeds\u2026 No meat, no dairy, no sugar, no processed stuff.\" The alleged insider further contends that Roberts acts like \"a crazed hungry person\" and gets \"irritable\" whenever she's dieting, which leads to fights between the actress and her husband.\n\nThe suspicious tipster also claims that Moder will sometimes attempt \"to sneak out for a snack,\" but \"Julia actually smells his breath when he gets back.\" The unreliable blog ends its piece by randomly recycling old rumors about the cinematographer because jealous of his wife's \"reconnection with former Pretty Woman co-star Richard Gere,\" which isn't the case.\n\nBut Gossip Cop checked in with a source close to the situation, who exclusively assures us that Roberts isn't on any sort of \"detox diet,\" nor is she concerned about her weight. In fact, photos from the set of Ben Is Back show that the actress isn't the least bit \"flabby,\" despite the blog's mean assertion otherwise.\n\nAlso, Roberts has revealed in the past what she eats during a typical day, and her meals don't consist of what's listed above. The actress acknowledges she stays healthy by eating lots of protein and vegetables, but also admitted, \"I love a good cookie!\" Roberts further noted that she'll often indulge in pasta dishes.\n\nUnfortunately, we're not surprised by RadarOnline's bogus story, considering that the site frequently alleges that Roberts and Moder are having marriage problems. Gossip Cop previously called out the website for wrongly reporting that the actress was caught kissing a \"mystery man\" at a restaurant. The so-called \"mystery man\" was actually Roberts' longtime agent, Richard Lovett, and there was nothing remotely romantic about their smooch. This latest article surrounding a \"detox diet\" is more lies.\n\nMore on Gossip Cop:\n\nJennifer Aniston and Brad Pitt are NOT getting married again despite report\n\nFergie's national anthem is NOT a result of drug relapse despite report\n\nIs Tiffany Haddish dating Lamar Odom?", "images": ["https://i0.wp.com/www.wonderwall.com/wp-content/uploads/sites/2/2020/11/gettyimages-1287106769.jpg?crop=0px%2C0px%2C2518px%2C2518px&resize=200%2C200&quality=90&ssl=1", "https://i1.wp.com/www.wonderwall.com/wp-content/uploads/sites/2/2020/11/155744_5985.jpg?crop=0px%2C0px%2C1998px%2C1998px&resize=200%2C200&quality=90&ssl=1", "https://www.wonderwall.com/wp-content/uploads/sites/2/2020/04/ww-logo.svg", "https://www.wonderwall.com/wp-content/uploads/sites/2/2020/04/whalerock-logo.svg", "https://i2.wp.com/www.wonderwall.com/wp-content/uploads/sites/2/2020/08/shutterstock_editorial_10372335h.jpg?crop=0px%2C0px%2C3186px%2C3186px&resize=200%2C200&quality=90&ssl=1", "https://i0.wp.com/www.wonderwall.com/wp-content/uploads/sites/2/2017/10/1012808-calzedonia-legs-show.jpg?crop=0px%2C0px%2C3712px%2C1948px&resize=1200%2C630&ssl=1", "https://www.wonderwall.com/wp-content/uploads/sites/2/2017/10/1012808-calzedonia-legs-show.jpg?h=1000", "https://i1.wp.com/www.wonderwall.com/wp-content/uploads/sites/2/2020/11/nup_192277_0042.JPG?crop=8px%2C84px%2C659px%2C659px&resize=200%2C200&quality=90&ssl=1"], "top_img": "https://i0.wp.com/www.wonderwall.com/wp-content/uploads/sites/2/2017/10/1012808-calzedonia-legs-show.jpg?crop=0px%2C0px%2C3712px%2C1948px&resize=1200%2C630&ssl=1", "keywords": [], "authors": [], "canonical_link": "https://www.wonderwall.com/celebrity/julia-roberts-not-forcing-danny-moder-to-follow-detox-diet-despite-report-3012753.article", "title": "Julia Roberts NOT Forcing Danny Moder To Follow Detox Diet, Despite Report", "meta_data": {"viewport": "width=device-width, initial-scale=1", "description": "Julia Roberts is not forcing her husband Danny Moder to go on the same detox diet that she supposedly follows, despite a made-up report...", "robots": "max-snippet:-1, max-image-preview:large, max-video-preview:-1", "og": {"locale": "en_US", "type": "article", "title": "Julia Roberts NOT Forcing Danny Moder To Follow Detox Diet, Despite Report | Wonderwall.com", "description": "Julia Roberts is not forcing her husband Danny Moder to go on the same detox diet that she supposedly follows, despite a made-up report...", "url": "https://www.wonderwall.com/celebrity/julia-roberts-not-forcing-danny-moder-to-follow-detox-diet-despite-report-3012753.article", "site_name": "Wonderwall.com", "updated_time": "2020-04-26T14:46:36+00:00", "image": "https://i0.wp.com/www.wonderwall.com/wp-content/uploads/sites/2/2017/10/1012808-calzedonia-legs-show.jpg?crop=0px%2C0px%2C3712px%2C1948px&resize=1200%2C630&ssl=1"}, "article": {"publisher": "https://facebook.com/Wonderwall", "tag": "Julia Roberts", "section": "Celebs", "published_time": "2018-02-20T18:18:00+00:00", "modified_time": "2020-04-26T14:46:36+00:00"}, "twitter": {"card": "summary_large_image", "description": "Julia Roberts is not forcing her husband Danny Moder to go on the same detox diet that she supposedly follows, despite a made-up report...", "title": "Julia Roberts NOT Forcing Danny Moder To Follow Detox Diet, Despite Report | Wonderwall.com", "site": "@Wonderwall", "image": "https://www.wonderwall.com/wp-content/uploads/sites/2/2017/10/1012808-calzedonia-legs-show.jpg?crop=0px,0px,3712px,1948px&resize=1200,630", "creator": "@Wonderwall"}, "generator": "WordPress 5.5.2", "msapplication-TileImage": "https://www.wonderwall.com/wp-content/uploads/sites/2/2020/04/cropped-favicon-96x96-1-192x192-1.png?w=192"}, "movies": [], "publish_date": 1519150680.0, "source": "http://www.wonderwall.com", "summary": ""}