{"url": "http://www.npr.org/blogs/itsallpolitics/2015/04/13/399415802/transcript-nprs-full-interview-with-sen-marco-rubio", "text": "NPR\u2019s sites use cookies, similar tracking and storage technologies, and information about the device you use to access our sites (together, \u201ccookies\u201d) to enhance your viewing, listening and user experience, personalize content, personalize messages from NPR\u2019s sponsors, provide social media features, and analyze NPR\u2019s traffic. This information is shared with social media, sponsorship, analytics, and other vendors or service providers. See details.\n\nYou may click on \u201cYour Choices\u201d below to learn about and use cookie management tools to limit use of cookies when you visit NPR\u2019s sites. You can adjust your cookie choices in those tools at any time. If you click \u201cAgree and Continue\u201d below, you acknowledge that your cookie choices in those tools will be respected and that you otherwise agree to the use of cookies on NPR\u2019s sites.", "images": ["https://media.npr.org/chrome_svg/npr-logo.svg"], "top_img": "", "keywords": [], "authors": [], "canonical_link": "", "title": "NPR Cookie Consent and Choices", "meta_data": {"robots": "noindex, nofollow", "viewport": "width=device-width, initial-scale=1, minimum-scale=1, maximum-scale=1, shrink-to-fit=no"}, "movies": [], "publish_date": 1428876000.0, "source": "http://www.npr.org", "summary": ""}