{"url": "https://ca.hellomagazine.com/film/02017050935625/diane-lane-turned-down-pretty-woman-role/", "text": "Find out which Hollywood actress turned down the lead role in Pretty Woman By Sharnaz Shahid\n\nJulia Roberts\u2019s life-changing role in Pretty Woman was almost played by a different actress! Diane Lane has revealed she was originally tipped to play the role of Vivian Ward in the film but was forced to turn it down due to \"conflicting schedules\". During an appearance on Watch What Happens Live with Andy Cohen, the 52-year-old confessed the role was highly popular and that \"every actress in town\" auditioned for it.\n\n\"Everybody in town went for that role. At that time - as I've said on other shows \u2013 it's true, it was a very different [film],\" she explained. \"It kind of got Disney-fied and it turned out to be a feel good movie. Originally, this crazy [woman] was kicked out of a rolling limo in the end because she was delusional that she thought this guy was in love with her. She was only hired for the weekend. And we had such compassion for her.\" She later teased: \"I think that movie needs to get made. I want to direct it, let's make it happen.\"\n\nThe Hollywood film was originally pitched as a cautionary tale of drug use, but after Disney and director Gary Marshall came on board, the film became more light-hearted. Julia, who played Vivian, had to re-audition and luckily landed the part again before screen-testing with male actors to find her leading man. Other stars such as Al Pacino and Michelle Pfeiffer also went for the lead roles.\n\nGarry, who passed away last year, confessed the movie would of went in a completely different direction if he didn't cast Richard Gere and his leading lady Julia. He told Vanity Fair: \"It would definitely have been a different movie if had it been Al Pacino and Michelle Pfeiffer. It might have been closer to the original script and maybe not have had a happy ending. But the chemistry between Julia and Richard, it is palpable on the screen, it was palpable in auditions. You can\u2019t really see how it could end any other way, because they just light up with each other.\"", "images": ["https://www.himgs.com/css/hello/img/logo.png", "https://ca.hellomagazine.com/film/02017050935625/diane-lane-turned-down-pretty-woman-role/\nhttps:/www.facebook.com/tr?id=1728383620790976&ev=PageView&noscript=1", "https://ca.hellomagazine.com/images/stories/0/2017/05/09/000/463/486/featured_5_3.jpg", "https://certify.alexametrics.com/atrk.gif?account=HS7uq1SZw320l9", "https://www.himgs.com/imagenes/hello-canada/common/sjc-black.png"], "top_img": "https://ca.hellomagazine.com/images/stories/0/2017/05/09/000/463/486/featured_5_3.jpg", "keywords": [], "authors": ["Hello"], "canonical_link": "https://ca.hellomagazine.com/diane-lane-turned-down-pretty-woman-role", "title": "Find out which Hollywood actress turned down the lead role in Pretty Woman", "meta_data": {"viewport": "width=device-width, initial-scale=1", "title": "Find out which Hollywood actress turned down the lead role in Pretty Woman | HELLO! Canada", "description": "The role made famous by Julia Roberts was almost played by another A-list star.", "keywords": "Diane Lane, Julia Roberts, Film, Home", "dc.title": "Find out which Hollywood actress turned down the lead role in Pretty Woman | HELLO! Canada", "origen": "ca.hellomagazine.com", "author": "HELLO! Canada", "DC.Creator": "HELLO! Canada", "organization": "HELLO! Canada", "DC.Language": "English", "lang": "en-CA", "Locality": "Ottawa, CA", "distribution": "global", "resource-type": "document", "fb": {"pages": 69132375226}, "og": {"title": "Find out which Hollywood actress turned down the lead role in Pretty Woman | HELLO! Canada", "description": "The role made famous by Julia Roberts was almost played by another A-list star.", "site_name": "ca.hellomagazine.com", "image": "https://ca.hellomagazine.com/images/stories/0/2017/05/09/000/463/486/featured_5_3.jpg"}, "twitter": {"card": "summary", "site": "https://ca.hellomagazine.com", "creator": "HelloCanada", "url": "/diane-lane-turned-down-pretty-woman-role", "title": "Find out which Hollywood actress turned down the lead role in Pretty Woman | HELLO! Canada", "description": "The role made famous by Julia Roberts was almost played by another A-list star.", "image": "https://ca.hellomagazine.com/images/stories/0/2017/05/09/000/463/486/featured_5_3.jpg"}, "p": {"domain_verify": "64e5ad43640404508ca81965e23ed045"}}, "movies": ["https://www.youtube.com/embed/_loZVZtjtp0"], "publish_date": 1494280800.0, "source": "https://ca.hellomagazine.com", "summary": ""}