{"url": "https://article.wn.com/view/2017/04/13/Survivors_Handling_of_Zeke_Smiths_Outing_Proves_It_Just_Migh/", "text": "", "images": ["https://ecdn4.wn.com/or/assets/assets/wn/img/logo.png", "https://ecdn6.wn.com/ph/img/ec/1e/7f5b8e460d5708dcf59f2acaba69-medium.jpg", "https://ecdn3.wn.com/ph/img/e0/3e/9095187b0b2e7e61dda37ed455af-medium.jpg", "https://ecdn7.wn.com/ph/img/f2/92/44415cdee1eb47113bcd2affc901-medium.jpg", "https://ecdn5.wn.com/ph/img/c9/0d/5639afe67c6b38cd55af00f1b205-medium.jpg", "https://ecdn0.wn.com/ph/img/63/d3/dd779849de7e241161790b817c84-medium.jpg", "https://ecdn1.wn.com/ph/img/8c/8f/3c47c3a76cace82389fab66706f7-medium.jpg", "https://ecdn0.wn.com/ph/img/c6/de/d22bcff786bd86ca206f211bd2d9-medium.jpg", "https://ecdn4.wn.com/ph/img/f1/5a/a14f2b4e44b7da5397274eee051d-medium.jpg", "https://ecdn8.wn.com/ph/img/99/ad/11c59fb2683f698cc608f357a28b-medium.jpg", "https://ecdn7.wn.com/ph/img/e2/6f/386d99d154b0a95854c1f2fd557b-medium.jpg", "https://ecdn9.wn.com/ph/img/a6/62/613a1a31e2e63bc027ae7d3f08df-medium.jpg", "https://ecdn8.wn.com/ph/img/f6/c3/8d8905b747ca07ca5c85b848c978-medium.jpg", "https://ecdn6.wn.com/ph/img/95/29/4528fec66520c701f862429c3267-medium.jpg", "https://ecdn0.wn.com/st/favicon-20131209.ico", "https://ecdn4.wn.com/ph/img/fc/70/b19452e3836ce3c4a6706b7f639f-medium.jpg", "https://ecdn0.wn.com/ph/img/b9/a0/fa5b5a51e5482bd1348f23797ea1-medium.jpg"], "top_img": "https://ecdn0.wn.com/st/favicon-20131209.ico", "keywords": [], "authors": [], "canonical_link": "https://article.wn.com/view/2017/04/13/Survivors_Handling_of_Zeke_Smiths_Outing_Proves_It_Just_Migh/", "title": "Survivor's Handling of Zeke Smith's Outing Proves It Just Might Be the Most Lowkey Progressive ...", "meta_data": {"referrer": "no-referrer-when-downgrade", "viewport": "width=device-width, initial-scale=1, maximum-scale=1, minimum-scale=1, user-scalable=no", "keywords": "showbiz", "description": "When Jeff Varner outed fellow contestant Zeke Smith as a transgender man during tribal council last night, Survivor fans were shocked--and not just by Varner's stunningly desperate decision to... ...", "twitter": {"card": "summary_large_image", "site": "@worldnewsdotcom", "title": "Survivor's Handling of Zeke Smith's Outing Proves It Just Might Be the Most Lowkey Progressive ..."}, "og": {"title": "Survivor's Handling of Zeke Smith's Outing Proves It Just Might Be the Most Lowkey Progressive ...", "url": "https://article.wn.com/view/2017/04/13/Survivors_Handling_of_Zeke_Smiths_Outing_Proves_It_Just_Migh/"}}, "movies": [], "publish_date": 1492034400.0, "source": "https://article.wn.com", "summary": ""}