{"url": "https://www.usmagazine.com/celebrity-news/news/kendra-wilkinson-posts-birthday-tribute-to-hugh-hefner-w475887/", "text": "Forever grateful! Kendra Wilkinson posted a heartfelt tribute to Hugh Hefner on his 91st birthday on Sunday, April 9.\n\nThe former centerfold thanked the Playboy magazine founder with an emotional Instagram message.\n\n\u201cHappy birthday Hef!!\u201d she wrote. \u201cThank you for EVERYTHING. People might not understand you but that\u2019s because they\u2019ve never had the chance to know you like I do. I\u2019ll celebrate you forever!!!\u201d\n\nHappy birthday Hef!! Thank you for EVERYTHING. People might not understand you but that's because they've never had the chance to know you like I do. I'll celebrate you forever!!! A post shared by Kendra Wilkinson Baskett (@kendra_wilkinson_baskett) on Apr 9, 2017 at 10:12am PDT\n\nWilkinson became a household name when she was just 18-years-old and moved into the Playboy mansion to star in The Girls Next Door.\n\nShe appeared on the reality series alongside Hefner\u2019s other girlfriends, Holly Madison and Bridget Marquardt.\n\nWilkinson left the mansion and moved in with her now husband Hank Baskett in 2009, but went on to land two other reality shows, Kendra followed by Kendra on Top.\n\nThe 31-year-old maintains a good relationship with Hefner and has described him as \u201cfamily\u201d and an \u201cangel.\u201d\n\nTo celebrate Hefner\u2019s milestone, Us Weekly rounded up some of his best \u2014 and most ridiculous \u2014 life lessons.\n\nWatch the video above to see some of his infamous quotes from the 1970s to today!", "images": ["https://www.usmagazine.com/wp-content/themes/us-weekly/assets/img/svg-icons/logo-tag-registered-green.svg", "https://www.usmagazine.com/wp-content/themes/us-weekly/assets/img/placeholders/default-usweekly.svg", "https://www.usmagazine.com/wp-content/themes/us-weekly/assets/img/svg-icons/logo-tag-registered.svg", "https://www.usmagazine.com/wp-content/themes/us-weekly/assets/img/svg-icons/icon-download.svg", "https://i1.wp.com/www.usmagazine.com/wp-content/uploads/kendra-wilkinson-hugh-hefner-96565fb5-748f-4f78-bb18-2bb041b8053c.jpg?crop=0px%2C0px%2C1216px%2C638px&resize=1200%2C630&ssl=1&quality=86&strip=all", "https://www.usmagazine.com/wp-content/themes/us-weekly/assets/img/bg-subscribe.png"], "top_img": "https://i1.wp.com/www.usmagazine.com/wp-content/uploads/kendra-wilkinson-hugh-hefner-96565fb5-748f-4f78-bb18-2bb041b8053c.jpg?crop=0px%2C0px%2C1216px%2C638px&resize=1200%2C630&ssl=1&quality=86&strip=all", "keywords": [], "authors": ["Hannah Hargrave"], "canonical_link": "https://www.usmagazine.com/celebrity-news/news/kendra-wilkinson-posts-birthday-tribute-to-hugh-hefner-w475887/", "title": "Kendra Wilkinson Posts Birthday Tribute to Hugh Hefner", "meta_data": {"viewport": "width=device-width, initial-scale=1", "ir-site-verification-token": "-206090124", "fo-verify": "49e6fc6a-c68d-447f-9978-70e3eac455ac", "theme-color": "#fff", "description": "Kendra Wilkinson shared a sweet tribute to Hugh Hefner on his 91st birthday - see what the former Playboy centerfold wrote", "robots": "index, follow, max-snippet:-1, max-image-preview:large, max-video-preview:-1", "og": {"locale": "en_US", "type": "article", "title": "Kendra Wilkinson Posts Heartfelt Message to Hugh Hefner on His 91st Birthday", "description": "Kendra Wilkinson shared a sweet tribute to Hugh Hefner on his 91st birthday - see what the former Playboy centerfold wrote", "url": "https://www.usmagazine.com/celebrity-news/news/kendra-wilkinson-posts-birthday-tribute-to-hugh-hefner-w475887/", "site_name": "Us Weekly", "updated_time": "2018-02-08T22:18:20+00:00", "image": {"identifier": "https://i1.wp.com/www.usmagazine.com/wp-content/uploads/kendra-wilkinson-hugh-hefner-96565fb5-748f-4f78-bb18-2bb041b8053c.jpg?crop=0px%2C0px%2C1216px%2C638px&resize=1200%2C630&ssl=1&quality=86&strip=all", "secure_url": "https://i1.wp.com/www.usmagazine.com/wp-content/uploads/kendra-wilkinson-hugh-hefner-96565fb5-748f-4f78-bb18-2bb041b8053c.jpg?crop=0px%2C0px%2C1216px%2C638px&resize=1200%2C630&ssl=1&quality=86&strip=all", "width": 1200, "height": 630}}, "article": {"publisher": "https://www.facebook.com/UsWeekly", "published_time": "2017-04-10T08:46:00+00:00", "modified_time": "2018-02-08T22:18:20+00:00"}, "fb": {"app_id": 1785612128341436}, "twitter": {"card": "summary_large_image", "title": "Kendra Wilkinson Posts Heartfelt Message to Hugh Hefner on His 91st Birthday", "description": "Kendra Wilkinson shared a sweet tribute to Hugh Hefner on his 91st birthday - see what the former Playboy centerfold wrote", "image": "https://i1.wp.com/www.usmagazine.com/wp-content/uploads/kendra-wilkinson-hugh-hefner-96565fb5-748f-4f78-bb18-2bb041b8053c.jpg?crop=0px%2C0px%2C1216px%2C638px&resize=1200%2C630&ssl=1&quality=86&strip=all", "creator": "@usweekly", "site": "@usweekly"}, "tragedy": "off", "generator": "WordPress 5.5.2", "msapplication-TileImage": "https://www.usmagazine.com/wp-content/uploads/2020/05/cropped-us-logo.png?w=270&quality=86&strip=all"}, "movies": [], "publish_date": 1491813960.0, "source": "https://www.usmagazine.com", "summary": ""}