{"url": "https://www.vogue.com.au/miss-vogue/news/lifesize-the-sequel-is-happening-and-tyra-banks-is-on-board/news-story/04186e26c268493388a0f12bbb01e36a", "text": "Vogue Australia\n\nYou need to enable JavaScript to run this app.", "images": ["https://content.api.news/v3/images/bin/a549dd1a95b2c149a9c5d210bb2ce433"], "top_img": "https://content.api.news/v3/images/bin/a549dd1a95b2c149a9c5d210bb2ce433", "keywords": [], "authors": [], "canonical_link": "https://www.vogue.com.au/miss-vogue/news/lifesize-the-sequel-is-happening-and-tyra-banks-is-on-board/news-story/04186e26c268493388a0f12bbb01e36a", "title": "Vogue", "meta_data": {"viewport": "width=device-width, initial-scale=1, shrink-to-fit=no", "theme-color": "#000000", "google-site-verification": "1j07G6Nu2IDJrC-g23wwzTEjb-d0Va1h15olpbRuxYI", "og": {"type": "article", "title": "Life-Size the sequel is happening and Tyra Banks is on board", "url": "https://www.vogue.com.au/miss-vogue/news/lifesize-the-sequel-is-happening-and-tyra-banks-is-on-board/news-story/04186e26c268493388a0f12bbb01e36a", "description": "Filming has officially begun.", "site_name": "Vogue Australia", "image": {"identifier": "https://content.api.news/v3/images/bin/a549dd1a95b2c149a9c5d210bb2ce433", "width": 650, "height": 809}, "locale": "en_US"}, "article": {"published_time": "2018-10-15T01:00:00.000+00:00", "modified_time": "2018-10-15T01:09:52.000+00:00", "author": "Lilith Hardie Lupica", "publisher": "//www.facebook.com.au/VogueAustralia"}, "twitter": {"text": {"title": "Life-Size the sequel is happening and Tyra Banks is on board"}, "image": {"identifier": "https://content.api.news/v3/images/bin/a549dd1a95b2c149a9c5d210bb2ce433", "src": "https://content.api.news/v3/images/bin/a549dd1a95b2c149a9c5d210bb2ce433", "alt": "Life-Size the sequel is happening and Tyra Banks is on board"}, "card": "summary_large_image", "site": {"identifier": "@VogueAustralia", "id": "@VogueAustralia"}, "title": "Life-Size the sequel is happening and Tyra Banks is on board", "description": "Filming has officially begun."}, "description": "Filming has officially begun.", "msapplication-TileImage": "https://origin.go.vogue.com.au/wp-content/uploads/2019/10/cropped-cropped-vogue-favicon-1.png?w=270"}, "movies": [], "publish_date": 1539565200.0, "source": "https://www.vogue.com.au", "summary": ""}