{"url": "https://www.cosmopolitan.com/uk/entertainment/a9244918/listen-to-harry-styles-sign-of-the-times/", "text": "YOU GUYS, Harry Styles from One Direction just played his debut solo single 'Sign Of The Times' on BBC Radio 1 during a 2-hour interview with Nick Grimshaw - AND IT'S SO GOOD.\n\nSince One Direction went on hiatus last summer, Harry Styles has been a busy little bee - after landing a role in Christopher Nolan's Dunkirk and going to Jamaica to record his debut solo album.\n\nToday, he released the first single 'Sign Of The Times'. So, you wanna hear it? HERE IT IS:\n\nYeah, we're obsessed.\n\nHarry also spoke to Nick for two hours (TWO HOURS) about everything from what Adele gave him for his birthday to his 'weird' and 'wrong' approach to dating.\n\nOn the topic of his forthcoming album, Harry said he was nervous about the reaction it would receive, but also incredibly proud of it. He commented:\n\n\"It\u2019s a bit weird, I feel like I\u2019ve been hibernating for so long now and you hear it in the safety of the studio and now it\u2019s time to give birth \u2026 it\u2019s the song (debut single) I\u2019m most proud of writing.\n\n\"In the least weird way possible, it\u2019s my favourite album to listen to at the moment\u2026 I think if you put out something that you don\u2019t stand behind and really love\u2026then if it doesn\u2019t go well then you could regret not doing what you wanted to do. Whereas if nothing happens with it, I love it you know so I think that\u2019s what you should do.\"\n\nOn what inspired the album, Harry added:\n\n\u201cI think a lot of people, especially at labels separate it because they work in music that it\u2019s a broader understanding of music than people who are listening\u2026 I think we are all fans of music and I think we made it as the fan\u2026 I hope we did a good job but I really like the album so I hope people like it.\u201d\n\nYou go, Glen Coco.\n\nDusty Baxter-Wright Senior Entertainment & Lifestyle Writer Dusty Baxter-Wright is Cosmopolitan's Senior Entertainment and Lifestyle Writer, covering celebrities, movies, TV and books as well as travel, interiors, food and drink on a daily basis.\n\nThis content is created and maintained by a third party, and imported onto this page to help users provide their email addresses. You may be able to find more information about this and similar content at piano.io", "images": ["https://hips.hearstapps.com/hmg-prod.s3.amazonaws.com/images/screen-shot-2017-04-07-at-08-02-49-1491548596.png?crop=1.00xw:0.500xh;0,0.155xh&resize=1200:*", "data:image/gif;base64,R0lGODlhAQABAIAAAAAAAP///yH5BAEAAAAALAAAAAABAAEAAAIBRAA7", "https://www.cosmopolitan.com/sites/cosmopolitan/assets/images/logos/ipso_regulated_hires.png"], "top_img": "https://hips.hearstapps.com/hmg-prod.s3.amazonaws.com/images/screen-shot-2017-04-07-at-08-02-49-1491548596.png?crop=1.00xw:0.500xh;0,0.155xh&resize=1200:*", "keywords": [], "authors": ["Dusty Baxter-Wright", "Senior Entertainment", "Lifestyle Writer", "Dusty Baxter-Wright Is Cosmopolitan'S Senior Entertainment", "Covering", "Celebrities", "Movies", "Tv", "Books As Well As Travel", "Interiors"], "canonical_link": "https://www.cosmopolitan.com/uk/entertainment/a9244918/listen-to-harry-styles-sign-of-the-times/", "title": "Listen to Harry Styles' first solo single 'Sign Of The Times'", "meta_data": {"x-ua-compatible": "IE=edge,chrome=1", "viewport": "width=device-width,initial-scale=1,maximum-scale=6", "msapplication-tap-highlight": "no", "theme-color": "#EC008C", "og": {"type": "article", "site_name": "Cosmopolitan", "title": "Listen to Harry Styles' first solo single 'Sign Of The Times'", "description": "IT'S SO GOOD YOU'RE GONNA LOVE IT", "url": "https://www.cosmopolitan.com/uk/entertainment/a9244918/listen-to-harry-styles-sign-of-the-times/", "image": {"identifier": "https://hips.hearstapps.com/hmg-prod.s3.amazonaws.com/images/screen-shot-2017-04-07-at-08-02-49-1491548596.png?crop=1.00xw:0.500xh;0,0.155xh&resize=1200:*", "width": 1200, "height": 600}}, "fb": {"app_id": 211620818858710}, "article": {"publisher": "https://facebook.com/cosmopolitanuk", "modified_time": "2018-03-27 05:19:09", "published_time": "2017-04-07 07:11:00", "section": "Entertainment", "opinion": "false"}, "twitter": {"site": "@CosmopolitanUK", "card": "summary_large_image", "image": "https://hips.hearstapps.com/hmg-prod.s3.amazonaws.com/images/screen-shot-2017-04-07-at-08-02-49-1491548596.png?crop=1.00xw:0.500xh;0,0.155xh&resize=640:*"}, "google-site-verification": "9QqScyr6oRc1iBU6yEjb9Ww8aQvv8v-cCm0TKu2J2iw", "title": "Listen to Harry Styles' first solo single 'Sign Of The Times'", "description": "One Direction's Harry Styles played his debut solo song 'Sign Of The Times' on Nick Grimshaw's BBC Radio 1 show - and it's SO GOOD.", "keywords": "Harry Styles, One Direction, Sign Of The Times, Listen, Single, song, solo song, debut solo song, stream online, harry styles leaked, track, listen", "auto-publish": "timely", "thumbnail": "https://hips.hearstapps.com/hmg-prod.s3.amazonaws.com/images/screen-shot-2017-04-07-at-08-02-49-1491548596.png?crop=1.00xw:1.00xh;0,0&resize=320:*", "sailthru.contenttype": "standard-article", "sailthru.tags": "Entertainment,entertainment", "sailthru.date": "2017-04-07T07:11:00Z", "sailthru.image.full": "https://hips.hearstapps.com/hmg-prod.s3.amazonaws.com/images/screen-shot-2017-04-07-at-08-02-49-1491548596.png?crop=1.00xw:0.500xh;0,0.155xh", "sailthru.image.thumb": "https://hips.hearstapps.com/hmg-prod.s3.amazonaws.com/images/screen-shot-2017-04-07-at-08-02-49-1491548596.png?crop=1.00xw:1.00xh;0,0", "sailthru.socialtitle": "Listen to Harry Styles' first solo single 'Sign Of The Times'", "m1": ".content-hed", "m2": ".content-dek p"}, "movies": [], "publish_date": 1491541860.0, "source": "https://www.cosmopolitan.com", "summary": ""}