{"url": "http://blogs.desmoinesregister.com/dmr/index.php/2009/12/18/grassley-camps-in-office-friday-night-to-make-720-a-m-vote/", "text": "Democrat Rita Hart asks Congress to investigate 2nd District race\n\nHart filed her petition challenging the results of the race for Iowa's 2nd District after her six-vote loss to Miller-Meeks was certified in November.", "images": ["https://www.gannett-cdn.com/presto/2020/12/16/PIOC/d0ed41ef-db59-4762-bc60-544507e297c2-201215-Rita_Hart-001.JPG?crop=3467,1951,x0,y0", "https://www.gannett-cdn.com/presto/2020/03/19/PDEM/57a63518-7f45-4c60-823a-2ddbb34ba998-007-fareway-0319.JPG?crop=3499,1969,x0,y0&quality=50&width=270", "https://www.gannett-cdn.com/appservices/universal-web/universal/icons/icon-instagram_24.png", "https://www.gannett-cdn.com/presto/2020/12/19/PDEM/a61b5056-429f-4700-abdd-666176328828-20201218_002_capitol_bp.JPG?crop=3499,1969,x0,y177&quality=50&width=270", "https://www.gannett-cdn.com/sites/desmoinesregister/images/favicon.png"], "top_img": "https://www.gannett-cdn.com/sites/desmoinesregister/images/favicon.png", "keywords": [], "authors": [], "canonical_link": "", "title": "Home", "meta_data": {"viewport": "width=device-width,initial-scale=1", "HandheldFriendly": "True", "MobileOptimized": 320, "apple-itunes-app": "app-id=524153305, app-argument=http://www.desmoinesregister.com/home", "theme-color": "#ffffff", "og": {"site_name": "Des Moines Register"}}, "movies": [], "publish_date": 1261090800.0, "source": "http://blogs.desmoinesregister.com", "summary": ""}