{"url": "http://www.scoopnest.com/user/enews/855777159784394753", "text": "Think of what an ignoramus Biden has to be to repeatedly invoke the \u201cBook of Palms .\u201d He means \u201cPsalms\u201d but evidently he believes the S\u2014not the P\u2014is silent. Funny how the same people who berated Trump for how he pronounced \u201cThailand\u201d are dead silent on this one", "images": ["http://www.scoopnest.com/assets/icons/trending-up.svg", "http://www.scoopnest.com/assets/flags/co.png", "http://www.scoopnest.com/assets/flags/bo.png", "http://www.scoopnest.com/assets/flags/ru.png", "http://www.scoopnest.com/assets/flags/jp.png", "http://www.scoopnest.com/assets/flags/gb.png", "http://www.scoopnest.com/assets/logo_alert.svg", "http://www.scoopnest.com/assets/flags/be.png", "http://www.scoopnest.com/assets/misc/loading.gif", "http://pbs.twimg.com/profile_images/1303834216187047936/HL6Gotwt_normal.jpg", "http://www.scoopnest.com/assets/flags/de.png", "http://www.scoopnest.com/assets/flags/us.png", "http://www.scoopnest.com/assets/flags/ec.png", "http://www.scoopnest.com/assets/flags/in.png", "http://www.scoopnest.com/assets/flags/br.png", "http://www.scoopnest.com/assets/icons/add_list.svg", "http://www.scoopnest.com/assets/flags/ar.png", "http://www.scoopnest.com/assets/logo/logo_72.png", "http://www.scoopnest.com/assets/flags/au.png", "http://www.scoopnest.com/assets/icons/flame.svg", "http://www.scoopnest.com/assets/flags/pe.png", "http://www.scoopnest.com/assets/flags/ch.png", "https://www.scoopnest.com/assets/logo/logo_256.png", "http://www.scoopnest.com/assets/flags/it.png", "http://www.scoopnest.com/assets/flags/ie.png", "http://www.scoopnest.com/assets/flags/cl.png", "http://www.scoopnest.com/assets/flags/mx.png", "http://www.scoopnest.com/assets/flags/pt.png", "http://www.scoopnest.com/assets/flags/fr.png", "http://www.scoopnest.com/assets/icons/thumbs-up.svg", "http://www.scoopnest.com/assets/icons/thumbs-down.svg", "http://www.scoopnest.com/assets/flags/za.png", "http://www.scoopnest.com/assets/flags/kr.png", "http://www.scoopnest.com/assets/icons/share.svg?v1", "http://www.scoopnest.com/assets/flags/es.png", "http://www.scoopnest.com/assets/icons/ruby.svg", "http://www.scoopnest.com/assets/icons/megaphone.svg", "http://www.scoopnest.com/assets/flags/ca.png"], "top_img": "https://www.scoopnest.com/assets/logo/logo_256.png", "keywords": [], "authors": ["E", "Dinesh D'Souza", "Marc Benioff", "Jeffrey Wright", "Daily Mail U.K.", "Mirror Celeb", "Mirror Tv"], "canonical_link": "https://www.scoopnest.com/en_US/user/enews/855777159784394753-saturday-savings-whitney-port39s-designer-sandals-are-55-off", "title": "Saturday Savings Whitney Port Designer Sandals", "meta_data": {"description": "Saturday Savings: Whitney Port's Designer Sandals Are 55% Off", "keywords": "Saturday Savings,whitney,designer Sandals,Saturday,savings,whitney,port,designer,sandals,scoopnest,news,actu,noticias", "og": {"title": "Saturday Savings Whitney Port Designer Sandals | Scoopnest", "site_name": "Scoopnest", "image": {"identifier": "https://www.scoopnest.com/assets/logo/logo_256.png", "secure_url": "https://www.scoopnest.com/assets/logo/logo_256.png"}, "type": "article", "url": "https://www.scoopnest.com/user/enews/855777159784394753-saturday-savings-whitney-port39s-designer-sandals-are-55-off"}, "twitter": {"image": "https://www.scoopnest.com/assets/logo/logo_256.png"}, "viewport": "width=device-width, initial-scale=1, maximum-scale=2, user-scalable=yes", "publisher": "BigBird", "naver-site-verification": "6ad8fd51233ecda288c96862fc0ed67dd882992b", "robots": "index,follow"}, "movies": [], "publish_date": null, "source": "http://www.scoopnest.com", "summary": ""}