{"url": "http://time.com/4732927/anna-wintour-auction-sunglasses-trevor-project/", "text": "Anna Wintour, U.S. Vogue\u2018s revered editor-in-chief, has decided to auction off a pair of her iconic Chanel sunglasses to raise money for the LGBTQ suicide prevention hotline, The Trevor Project.\n\nThe auction will take place on April 27-28, following performances of the musical Ryan Raftery Is the Most Powerful Woman In Fashion, which stars Ryan Raftery and parodies Wintour\u2019s decision to place Kim Kardashian and Kanye West on the cover of Vogue. The show originally premiered three years ago, but was revived by Raftery after President Donald Trump rolled back bathroom guidelines for transgender students.\n\nIn an interview with V Magazine, Raftery described Wintour\u2019s decision to donate her sunglasses to the auction, which also includes a $1,000 gift certificate for the men\u2019s clothing store Bergdorf Goodman, as \u201cthrilling.\u201d He added: \u201cI\u2019m very happy that the proceeds\u200b will\u200b benefit this organization so dear to me and\u200b necessary to\u200b thousands of LGBT youth across the country.\u201d\n\n[H/T Refinery29]\n\nGet our Health Newsletter. Sign up to receive the latest health and science news, plus answers to wellness questions and expert tips. Please enter a valid email address. Sign Up Now Check the box if you do not wish to receive promotional offers via email from TIME. You can unsubscribe at any time. By signing up you are agreeing to our Terms of Use and Privacy Policy . This site is protected by reCAPTCHA and the Google Privacy Policy and Terms of Service apply. Thank you! For your security, we've sent a confirmation email to the address you entered. Click the link to confirm your subscription and begin receiving our newsletters. If you don't get the confirmation within 10 minutes, please check your spam folder.\n\nWrite to Kate Samuelson at kate.samuelson@time.com.", "images": ["https://api.time.com/wp-content/uploads/2020/09/TIM201005_RBG.CoverFINAL-1.jpg?quality=85&w=1024", "https://api.time.com/wp-content/uploads/2020/11/bts-army.jpg?quality=85&w=600", "http://time.com/img/loading-circle.gif", "https://api.time.com/wp-content/uploads/2020/07/edward-enninful-racially-profiled-vogue.jpg?quality=85&w=585", "http://time.com/img/newsletter-round.svg", "https://api.time.com/wp-content/uploads/2017/09/time-newsletter-tout-footer.png", "http://time.com/img/Paper-plane.svg", "https://api.time.com/wp-content/uploads/2016/02/gettyimages-507523168.jpg?quality=85&w=1200&h=628&crop=1", "https://api.time.com/wp-content/uploads/2016/02/gettyimages-507523168.jpg", "https://api.time.com/wp-content/uploads/2020/11/INT_TIM201130_EUROPE.jpg?quality=85&w=1024"], "top_img": "https://api.time.com/wp-content/uploads/2016/02/gettyimages-507523168.jpg?quality=85&w=1200&h=628&crop=1", "keywords": [], "authors": ["Kate Samuelson"], "canonical_link": "https://time.com/4732927/anna-wintour-auction-sunglasses-trevor-project/", "title": "Why Anna Wintour Is Auctioning Off Her Chanel Sunglasses", "meta_data": {"viewport": "width=device-width, initial-scale=1, maximum-scale=1, minimum-scale=1, user-scalable=no", "keywords": "anna wintour, Anna Wintour sunglasses, Anna Wintour vogue, Anna Wintour sunglasses auction, Anna Wintour charity, The Trevor Project, Ryan Raftery Is the Most Powerful Woman In Fashion, Ryan Raftery, anna wintour ryan raftery", "news_keywords": "anna wintour, Anna Wintour sunglasses, Anna Wintour vogue, Anna Wintour sunglasses auction, Anna Wintour charity, The Trevor Project, Ryan Raftery Is the Most Powerful Woman In Fashion, Ryan Raftery, anna wintour ryan raftery", "description": "Find out why Anna Wintour, Vogue's editor-in-chief, is auctioning off a pair of her Chanel sunglasses to raise money for The Trevor Project.", "og": {"title": "Why Anna Wintour Is Auctioning Off a Pair of Her Chanel Sunglasses", "type": "article", "site_name": "Time", "url": "https://time.com/4732927/anna-wintour-auction-sunglasses-trevor-project/", "description": "It\u2019s for a very good cause", "image": {"identifier": "https://api.time.com/wp-content/uploads/2016/02/gettyimages-507523168.jpg?quality=85&w=1200&h=628&crop=1", "width": 1200, "height": 628}}, "article": {"content_tier": "free", "opinion": "false"}, "pinterest": {"url": "https://time.com/4732927/anna-wintour-auction-sunglasses-trevor-project/", "description": "Find out why Anna Wintour, Vogue's editor-in-chief, is auctioning off a pair of her Chanel sunglasses to raise money for The Trevor Project.", "media": "https://api.time.com/wp-content/uploads/2016/02/gettyimages-507523168.jpg?quality=85&w=1200&h=628&crop=1"}, "twitter": {"card": "summary_large_image", "url": "https://time.com/4732927/anna-wintour-auction-sunglasses-trevor-project/", "title": "Why Anna Wintour Is Auctioning Off a Pair of Her Chanel Sunglasses", "description": "It\u2019s for a very good cause", "site": "@TIME", "image": "https://api.time.com/wp-content/uploads/2016/02/gettyimages-507523168.jpg?quality=85&w=1024&h=512&crop=1"}, "fb": {"app_id": 53177223193, "pages": 10606591490}, "recaptcha-key": "6LfZrtgZAAAAAJ8n221oa1YgG6cVvoOPgamCm6oT"}, "movies": [], "publish_date": null, "source": "http://time.com", "summary": ""}