{"url": "www.today.com/popculture/blake-shelton-remembers-brother-s-death-27-years-ago-it-t118783", "text": "No one ever truly gets over losing a loved one, and Blake Shelton is no exception. He was just 14 when his older brother Richie died on Nov. 13, 1990. And, as Shelton noted in a tweet Monday, \"It changed my life forever.\"\n\nLost my brother 27 years ago today. I was only 14 at the time but it changed my life forever... Made me realize that life is precious and there's no time like RIGHT NOW to go for it... We still miss you Richie!! \u2014 Blake Shelton (@blakeshelton) November 13, 2017\n\nRichie was 24 when he died in a car accident in the Sheltons' home state of Oklahoma. Two years ago, Shelton sent out a message for the 25th anniversary of his loss:\n\nWow... 25 years ago today we lost my brother Richie Shelton. He's still my hero going strong. Wish everyone could've known him. \u2014 Blake Shelton (@blakeshelton) November 13, 2015\n\nRichie, who was Blake's half-brother (they shared a mother), was a passenger in a car that collided with a school bus in Ada, south of Oklahoma City.\n\nRichie, driver Redena McManus and a 3-year-old boy, Christopher McManus, all died during or shortly after the collision, while the bus driver and passengers were uninjured, according to police reports.\n\nThe accident has clearly remained with Blake, who told 60 Minutes in 2014, \"I remember picking up the phone to call him a week after he was dead, to tell him something. I was picking up the phone to call him, to tell him something I just saw on TV or, and it was like constantly a shock to me that he was dead.\"\n\nBlake Shelton playing at TODAY's Halloween Extravaganza in New York City on Oct. 31. Getty Images\n\nIn 2011, Blake and his then-wife Miranda Lambert wrote a single called \"Over You,\" which was inspired by Richie.\n\nStill, the two brothers had bonded despite the age difference; both shared a love of country music. \"His bedroom was right across the hallway from mine when I was little,\" Blake said in that interview. \"And he was listening to Hank Williams, Jr. or Waylon, Lynyrd Skynyrd or Bob Seeger. I just, whatever was popular really, Richie loved all music.\n\n\"And I would be sitting there going, 'Man, that guy's my hero. That's the coolest guy. He\u2019s my big brother.'\"\n\nFollow Randee Dawn on Twitter.", "images": ["https://media3.s-nbcnews.com/j/newscms/2018_52/2696461/videos_v2_4430f66e4555be0684b8f4bf6875e1e8.focal-120x180.jpg", "https://media3.s-nbcnews.com/j/newscms/2017_46/1296113/blake-shelton-today-tease-171114_4c22631a529e0949c2ffb32b11723bd6.social_share_1200x630_center.jpg", "https://media2.s-nbcnews.com/j/newscms/2018_52/2696456/style_v2_4430f66e4555be0684b8f4bf6875e1e8.focal-120x180.jpg", "https://media2.s-nbcnews.com/j/newscms/2018_52/2696441/popculture_v2_4430f66e4555be0684b8f4bf6875e1e8.focal-120x180.jpg", "https://media3.s-nbcnews.com/j/newscms/2018_52/2696436/parenting_v2_4430f66e4555be0684b8f4bf6875e1e8.focal-120x180.jpg", "https://media4.s-nbcnews.com/j/newscms/2018_52/2696446/shop_v2_4430f66e4555be0684b8f4bf6875e1e8.focal-120x180.jpg", "https://media3.s-nbcnews.com/j/newscms/2018_52/2696431/home_v2_4430f66e4555be0684b8f4bf6875e1e8.focal-120x180.jpg", "https://media3.s-nbcnews.com/j/newscms/2018_52/2696466/wellness_v2_4430f66e4555be0684b8f4bf6875e1e8.focal-120x180.jpg", "https://media4.s-nbcnews.com/j/newscms/2018_52/2696481/today_4bc7d2146c228dd9a02a3c15b38527d0.10000;74;7;80;3.png", "https://media3.s-nbcnews.com/j/newscms/2019_18/1432044/today-3rd-hour_9370906f7c40d78db8842bc0c3e628a7.10000;74;7;80;3.png", "https://media3.s-nbcnews.com/j/newscms/2019_18/1432043/hodaandjenna_00d9547321553d5a5f55c2b3973c514b.10000;74;7;80;3.png", "https://media4.s-nbcnews.com/j/newscms/2020_03/1529838/weekend-today-menu_94be02e0ac821819fdb22a090c28163f.10000;74;7;80;3.png", "https://media2.s-nbcnews.com/j/newscms/2018_52/2696491/williegeist_4bc7d2146c228dd9a02a3c15b38527d0.10000;74;7;80;3.png", "https://media2.s-nbcnews.com/j/MSNBC/Components/Video/201711/tdy_pop_klg_blake_shelton_171106.focal-760x428.jpg", "https://media4.s-nbcnews.com/j/newscms/2018_52/2696426/food_v2_4430f66e4555be0684b8f4bf6875e1e8.focal-120x180.jpg"], "top_img": "https://media3.s-nbcnews.com/j/newscms/2017_46/1296113/blake-shelton-today-tease-171114_4c22631a529e0949c2ffb32b11723bd6.social_share_1200x630_center.jpg", "keywords": [], "authors": [], "canonical_link": "https://www.today.com/popculture/blake-shelton-remembers-brother-s-death-27-years-ago-it-t118783", "title": "Blake Shelton remembers brother's death 27 years ago: 'It changed my life forever'", "meta_data": {"msapplication-TileColor": "#FFFFFF", "msapplication-TileImage": "https://nodeassets.nbcnews.com/cdnassets/projects/ramen/favicon/today/all-other-sizes-PNG.ico/ms-icon-144x144.png", "msapplication-config": "https://nodeassets.nbcnews.com/cdnassets/projects/ramen/favicon/today/all-other-sizes-PNG.ico/browserconfig.xml", "fb": {"app_id": 122384521533, "admins": 100001657893615, "pages": 157687092983}, "og": {"site_name": "TODAY.com", "locale": "en_US", "url": "https://www.today.com/popculture/blake-shelton-remembers-brother-s-death-27-years-ago-it-t118783", "title": "Blake Shelton posts tribute to his late brother, 27 years after his death", "description": "The country superstar was just 14 when his older brother Richie died in a car crash.", "image": {"identifier": "https://media3.s-nbcnews.com/j/newscms/2017_46/1296113/blake-shelton-today-tease-171114_4c22631a529e0949c2ffb32b11723bd6.social_share_1200x630_center.jpg", "secure_url": "https://media3.s-nbcnews.com/j/newscms/2017_46/1296113/blake-shelton-today-tease-171114_4c22631a529e0949c2ffb32b11723bd6.social_share_1200x630_center.jpg", "type": "image/jpeg", "width": 1200, "height": 630}, "type": "article"}, "twitter": {"site": "@TodayShow", "creator": "TodayShow", "image": "https://media3.s-nbcnews.com/j/newscms/2017_46/1296113/blake-shelton-today-tease-171114_4c22631a529e0949c2ffb32b11723bd6.social_share_1024x512_center.jpg", "title": "Blake Shelton posts tribute to his late brother, 27 years after his death", "description": "The country superstar was just 14 when his older brother Richie died in a car crash.", "card": "summary_large_image"}, "viewport": "width=device-width, initial-scale=1, user-scalable=yes", "description": "Blake Shelton tweeted a tribute to his late brother, Richie, who died in a car crash when Shelton was 14.", "article": {"opinion": "false", "content_tier": "free", "published": "Tue Nov 14 2017 13:46:00 GMT+0000 (UTC)", "modified": "Tue Nov 14 2017 13:51:31 GMT+0000 (UTC)"}, "thumbnail": "https://media3.s-nbcnews.com/j/newscms/2017_46/1296113/blake-shelton-today-tease-171114_4c22631a529e0949c2ffb32b11723bd6.social_share_1024x768_scale.jpg", "next-head-count": 77}, "movies": [], "publish_date": 1510667160.0, "source": "http://www.today.com", "summary": ""}