{"url": "www.celebsnow.co.uk/celebrity-news/brad-pitt-sienna-miller-angelina-jolie-679541", "text": "Has Brad found himself a new romance?\n\nFollowing his split with wife of three years Angelina Jolie, Brad Pitt has been keeping a pretty low profile.\n\nBut after spending the weekend at Glastonbury, reports have emerged that the dad of six has found a new romance with none other than Hollywood actress, Sienna Miller.\n\nYup, \u2018Brienna\u2019 has been born after it was claimed that the US mega stars have been trying to keep their dates a secret but their cover was reportedly blown when they were seen looking VERY cosy in a Glastonbury VIP area.\n\nRead: All the Latest Celebrity News\n\nOh to be a fly on the wall in there\u2026\n\nA source told The Sun: \u2018It\u2019s early days, but they are very into each other and enjoying a carefree, casual summer romance.\n\n\u2018They\u2019re both absolutely determined to keep everything under wraps.\n\n\u2018Their goal is to explore things without any massive publicity. It could all fizzle out, so they\u2019re waiting to see.\u2019\n\nMore: \u2018I was boozing too much\u2019: Brad Pitt opens up about Angelina Jolie divorce for first time in candid interview\n\nApparently the Fight Club actor is desperate to keep his reported romance on the down low after his marriages to Angelina and Friends star Jennifer Aniston have been made so public.\n\nAlthough despite the claims, apparently 35-year-old Sienna has completely dismissed claims she\u2019s dating Brad and is actually seeing her Foxcatcher director, Bennett Miller.\n\nInsiders told MailOnline: \u2018Sienna\u2019s finding it all very funny with friends have been texting her about Brienna laughing.\n\n\u2018She\u2019s happily with Bennett and has no idea where these rumours keep coming from.\u2019\n\nBefore adding: \u2018They\u2019re just not true. Brad\u2019s a great friend but nothing more. They were hanging out at the Rabbit Hole at Glastonbury but they were with a big group.\u2019\n\nFair enough!", "images": ["https://keyassets-p2.timeincuk.net/wp/prod/wp-content/uploads/sites/30/2019/02/bio-image-150x150.jpg", "https://keyassets-p2.timeincuk.net/wp/prod/wp-content/uploads/sites/30/2015/12/now-small-logox@2.png?v=7770314446351835136", "https://keyassets-p2.timeincuk.net/wp/prod/wp-content/uploads/sites/30/2016/01/Untitled-1.png?v=7770314446351835136", "https://keyassets-p2.timeincuk.net/wp/prod/wp-content/uploads/sites/30/2015/12/Celebs-Now-ACTUAL-web.jpg", "https://keyassets-p2.timeincuk.net/wp/prod/wp-content/uploads/sites/30/2015/12/now-logox@2.png?v=7770314446351835136", "https://keyassets-p2.timeincuk.net/wp/prod/wp-content/uploads/sites/30/2017/06/brad-pitt-and-sienna-miller-main-623x830.jpg", "http://keyassets-p2.timeincuk.net/wp/prod/wp-content/uploads/sites/30/2015/04/now-join-us-now.gif", "https://keyassets-p2.timeincuk.net/wp/prod/wp-content/uploads/sites/30/2015/12/now-logo.png?v=7770314446351835136"], "top_img": "https://keyassets-p2.timeincuk.net/wp/prod/wp-content/uploads/sites/30/2017/06/brad-pitt-and-sienna-miller-main-623x830.jpg", "keywords": [], "authors": ["Naomi Bartram"], "canonical_link": "https://www.celebsnow.co.uk/latest-celebrity-news/brad-pitt-sienna-miller-angelina-jolie-679541", "title": "Is Brad Pitt secretly dating Sienna Miller following split from Angelina Jolie?", "meta_data": {"viewport": "width=device-width, initial-scale=1.0", "description": "Reports have emerged that Brad Pitt has found a new romance with none other than Hollywood actress, Sienna Miller following his split from Angelina Jolie.", "og": {"locale": "en_US", "type": "article", "title": "Is Brad Pitt secretly dating Sienna Miller following split from Angelina Jolie?", "description": "Reports have emerged that Brad Pitt has found a new romance with none other than Hollywood actress, Sienna Miller following his split from Angelina Jolie.", "url": "https://www.celebsnow.co.uk/latest-celebrity-news/brad-pitt-sienna-miller-angelina-jolie-679541", "site_name": "CelebsNow", "image": {"identifier": "https://keyassets-p2.timeincuk.net/wp/prod/wp-content/uploads/sites/30/2017/06/brad-pitt-and-sienna-miller-main-623x830.jpg", "secure_url": "https://keyassets-p2.timeincuk.net/wp/prod/wp-content/uploads/sites/30/2017/06/brad-pitt-and-sienna-miller-main-623x830.jpg", "width": 623, "height": 830}}, "article": {"publisher": "https://www.facebook.com/NowMag", "tag": "Sienna Miller", "section": "Latest Celebrity News", "published_time": "2017-06-28T12:30:04+01:00"}, "twitter": {"image0": "https://keyassets-p2.timeincuk.net/wp/prod/wp-content/uploads/sites/30/2017/06/brad-pitt-sienna-miller-630x473.jpg", "image1": "https://keyassets-p2.timeincuk.net/wp/prod/wp-content/uploads/sites/30/2017/01/brad-feature-630x473.jpg", "image2": "https://keyassets-p2.timeincuk.net/wp/prod/wp-content/uploads/sites/30/2017/01/Angelina-Jolie-and-Brad-Pitt-feat-623x830.jpg", "card": "summary", "description": "Reports have emerged that Brad Pitt has found a new romance with none other than Hollywood actress, Sienna Miller following his split from Angelina Jolie.", "title": "Is Brad Pitt secretly dating Sienna Miller following split from Angelina Jolie?", "site": "@celebsnow", "image": "https://keyassets-p2.timeincuk.net/wp/prod/wp-content/uploads/sites/30/2017/06/brad-pitt-and-sienna-miller-main.jpg", "creator": "@celebsnow"}, "fb": {"pages": 267087179034}, "application-name": "CelebsNow", "msapplication-tooltip": "The latest celebrity news from the Now Magazine team", "msapplication-starturl": "https://www.celebsnow.co.uk", "msapplication-TileImage": "https://keyassets-p2.timeincuk.net/wp/prod/wp-content/uploads/sites/30/2015/05/now-touch-logo.jpg"}, "movies": [], "publish_date": 1498649404.0, "source": "http://www.celebsnow.co.uk", "summary": ""}