{"url": "www.deccanchronicle.com/entertainment/hollywood/151217/brad-pitt-and-jennifer-lawrence-are-not-dating.html", "text": "While reports that Brad Pitt has moved on with Jennifer Lawrence have been doing the rounds lately, a source close to the actor told DailyMail.com that the news is false. \u201cIt is completely false,\u201d the source explained. Lawrence recently split with 48-year-old director Darren Aronofsky, while Pitt divorced Angelina Jolie last year.\n\nAn insider from Star magazine earlier reported, \u201cBrad and Jennifer have been enjoying lots of late nights together. There\u2019s an intense connection between them!\u201d The insider added, \u201cBrad has had his eye on Jennifer for years.\u201d Pitt reportedly got the beautiful actress\u2019 number from a mutual friend.", "images": ["http://www.deccanchronicle.com/images/blank_dc.png", "https://s3.ap-southeast-1.amazonaws.com/images.deccanchronicle.com/dc-Cover-uj9ubboe4lok4l6sg2ucmo6oq7-20171215022957.Medi.jpeg", "https://d2u6vujtbrga6l.cloudfront.net/images/logo.png", "http://www.deccanchronicle.com/images/app_store_iconWhite.png", "http://www.deccanchronicle.com/images/Ipl-Logo.jpg", "https://sb.scorecardresearch.com/p?c1=2&c2=17503308&cv=2.0&cj=1", "https://s3.ap-southeast-1.amazonaws.com/cdn.deccanchronicle.com/images/archives.jpg", "https://s3-ap-southeast-1.amazonaws.com/cdn.deccanchronicle.com/images/logo-black-amp.png"], "top_img": "https://s3.ap-southeast-1.amazonaws.com/images.deccanchronicle.com/dc-Cover-uj9ubboe4lok4l6sg2ucmo6oq7-20171215022957.Medi.jpeg", "keywords": [], "authors": [], "canonical_link": "http://www.deccanchronicle.com/entertainment/hollywood/151217/brad-pitt-and-jennifer-lawrence-are-not-dating.html", "title": "Brad Pitt and Jennifer Lawrence are not dating", "meta_data": {"viewport": "width=device-width, initial-scale=1.0, maximum-scale=2.0, user-scalable=2", "yandex-verification": "e502bb5a3d9da9dc", "Keywords": "Brad Pitt, Jennifer Lawrence", "Description": "Reports claimed that Pitt, who divorced Angelina Jolie last year, got JLaw\u2019s number from a mutual friend.", "google-site-verification": "7lulWq6PYz8EHCUJqlvaWyz3RgNqIdvKw8ZJVn4yYuk", "msvalidate.01": "74E782D3908B699165199FBFE9B55491", "fb": {"pages": 99543192159, "app_id": 551152421719400}, "news_keywords": "Entertainment,Hollywood,brad pitt, jennifer lawrence", "og": {"locale": "en_US", "site_name": "Deccan Chronicle", "title": "Brad Pitt and Jennifer Lawrence are not dating", "image": {"identifier": "https://s3.ap-southeast-1.amazonaws.com/images.deccanchronicle.com/dc-Cover-uj9ubboe4lok4l6sg2ucmo6oq7-20171215022957.Medi.jpeg", "type": "image/jpeg", "alt": "Brad Pitt and Jennifer Lawrence are not dating", "width": 400, "height": 224}, "description": "Reports claimed that Pitt, who divorced Angelina Jolie last year, got JLaw\u2019s number from a mutual friend.", "url": "http://www.deccanchronicle.com/entertainment/hollywood/151217/brad-pitt-and-jennifer-lawrence-are-not-dating.html", "type": "article"}, "article": {"published_time": "Dec 15, 2017, 2:31 am IST", "modified_time": "Dec 15, 2017, 2:31 am IST", "section": "Hollywood", "tag": "jennifer lawrence"}, "category": "Hollywood", "tweetmeme-title": "Brad Pitt and Jennifer Lawrence are not dating", "twitter": {"card": "summary_large_image", "site": "@deccanchronicle", "domain": "deccanchronicle.com", "url": "http://www.deccanchronicle.com/entertainment/hollywood/151217/brad-pitt-and-jennifer-lawrence-are-not-dating.html", "title": "Brad Pitt and Jennifer Lawrence are not dating", "description": "Reports claimed that Pitt, who divorced Angelina Jolie last year, got JLaw\u2019s number from a mutual friend.", "image": {"src": "https://s3.ap-southeast-1.amazonaws.com/images.deccanchronicle.com/dc-Cover-uj9ubboe4lok4l6sg2ucmo6oq7-20171215022957.Medi.jpeg"}, "creator": "@deccanchronicle"}, "Deccan Chronicle": "app-id=478674381"}, "movies": [], "publish_date": 1513301460.0, "source": "http://www.deccanchronicle.com", "summary": ""}