{"url": "https://web.archive.org/web/20170418065424/http://www.bravotv.com:80/blogs/lisa-vanderpump-beverly-hills-dog-show", "text": "Listen, there are lots of dog shows out there and we love them all: The National Dog Show, the Westminster Dog Show, pretty much every episode of The Real Housewives of Beverly Hills. But there is only one that combines both the competition and the glamour of all of the above, and that\u2019s the Beverly Hills Dog Show (presented by Purina).\n\nAiring this Sunday at 8 PM on USA, the dog show takes a more entertaining approach than its staid counterparts. While it does feature trophies, it also highlights over 1,000 dogs parading down a puppy red carpet\u2014and Lisa Vanderpump will be presenting the Best in Show award!\n\nWatch a sneak peek above!", "images": ["https://web.archive.org/web/20170418065424im_/http://www.bravotv.com/sites/nbcubravotv/files/styles/related-posts--computer/public/field_blog_image/2017/03/unleashed-lisa-vanderpump-harrison.jpg?itok=eE17h_8E&timestamp=1488818412", "https://web.archive.org/web/20170418065424im_/http://www.bravotv.com/sites/all/modules/custom/common_site/images/transp-bg-60-black.png", "https://web.archive.org/web/20170418065424im_/http://www.bravotv.com/sites/nbcubravotv/files/styles/microsite-logo--mobile-1_5x/public/2017/02/verticals-logos-720x280-unleashed.png?itok=xzmy2nke&timestamp=1486472420", "https://web.archive.org/web/20170418065424im_/http://www.bravotv.com/sites/nbcubravotv/files/styles/related-posts--computer/public/field_cover_item/2015/10/dish-100515-vanderpump-yulin-event-cover.jpg?itok=CidQoMFB&timestamp=1444074139", "https://web.archive.org/web/20170418065424im_/http://www.bravotv.com/sites/nbcubravotv/files/field_blog_image/2017/04/unleashed-lisa-v-dog-show.jpg"], "top_img": "https://web.archive.org/web/20170418065424im_/http://www.bravotv.com/sites/nbcubravotv/files/field_blog_image/2017/04/unleashed-lisa-v-dog-show.jpg", "keywords": [], "authors": ["Kristyn Pomranz"], "canonical_link": "https://web.archive.org/web/20170418065424/http://www.bravotv.com/blogs/lisa-vanderpump-beverly-hills-dog-show", "title": "Lisa Vanderpump Will Be Handing Out \u201cBest in Show\u201d at the Beverly Hills Dog Show", "meta_data": {"viewport": "width=device-width, initial-scale=1.0, maximum-scale=1.0, user-scalable=no", "vertical_name": "Unleashed", "fb": {"app_id": 1592250694320227}, "og": {"site_name": "Bravo TV Official Site", "type": "article", "title": "Lisa Vanderpump Will Be Handing Out \u201cBest in Show\u201d at the Beverly Hills Dog Show", "url": "https://web.archive.org/web/20170418065424/http://www.bravotv.com/blogs/lisa-vanderpump-beverly-hills-dog-show", "description": "Listen, there are lots of dog shows out there and we love them all: The National Dog Show, the Westminster Dog Show, pretty much every episode of The Real Housewives of Beverly Hills. But there is only one that combines both the competition and the glamour of all of the above, and that\u2019s the Beverly Hills Dog Show (presented by Purina).", "image": "https://web.archive.org/web/20170418065424im_/http://www.bravotv.com/sites/nbcubravotv/files/field_blog_image/2017/04/unleashed-lisa-v-dog-show.jpg"}, "twitter": {"card": "summary_large_image", "site": "@bravotv", "url": "https://web.archive.org/web/20170418065424im_/http://www.bravotv.com/blogs/lisa-vanderpump-beverly-hills-dog-show", "title": "Lisa Vanderpump Will Be Handing Out \u201cBest in Show\u201d at the Beverly Hills Dog Show", "description": "Listen, there are lots of dog shows out there and we love them all: The National Dog Show, the Westminster Dog Show, pretty much every episode of The Real Housewives of Beverly Hills. But there is only one that combines both the competition and the glamour of all of the above, and that\u2019s the Beverly Hills Dog Show (presented by Purina).", "image": "https://web.archive.org/web/20170418065424im_/http://www.bravotv.com/sites/nbcubravotv/files/field_blog_image/2017/04/unleashed-lisa-v-dog-show.jpg"}, "article": {"published_time": "2017-04-13T13:25:00-04:00", "modified_time": "2017-04-13T16:47:06-04:00"}}, "movies": [], "publish_date": 1492104300.0, "source": "https://web.archive.org", "summary": ""}