{"url": "https://www.hollywoodreporter.com/heat-vision/mark-hamill-does-an-outstanding-han-solo-bad-lip-reading-installment-991641", "text": "Of course, he is not talking as Luke Skywalker, but he does a killer Han Solo.\n\nActually, all the voice actors involved sell it, and in some cases, it's really hard to believe the silly lines are not what our heroes are actually saying.\n\nThe best, in our nerd opinion over here at Heat Vision, is the Kylo Ren portion. Just classic. \"It puts the lotion on ...\"\n\nThe video has been up for just a few hours and already has more than 75,000 views.\n\nAlso cool, the new video is dedicated to the late Carrie Fisher.\n\nUpdate: On Thursday evening, the video was removed, with this notice posted on YouTube: \"This video is no longer available due to a copyright claim by Dramatists Play Service.\" The Bad Lip Reading Twitter account addressed the takedown. As of Friday morning the video had returned online and things were back to normal.\n\nHi everyone -- working on getting the video back up. Was apparently some kind of clerical error, but the timing couldn't have been worse... https://t.co/ryft1CsVMN \u2014 Bad Lip Reading (@BadLipReading) April 7, 2017", "images": ["https://www.hollywoodreporter.com/assets/1606142862/images/blogs/promoflag-thr-latest-news.png?5de16d88930168405795", "http://b.scorecardresearch.com/p?c1=2&c2=7395269&cv=2.0&cj=1", "https://static.hollywoodreporter.com/wp-content/uploads/2020/11/Horizontal_Split_1296_730_Preta-4-copy-1606342282-e1606342717793-1296x730.jpg", "https://www.hollywoodreporter.com/assets/1606142862/images/brand/thr-logo-grey.png?5de16d88930168405795", "https://www.hollywoodreporter.com/assets/1606142862/images/homepage-icons/heat-vision-white.svg?5de16d88930168405795", "https://www.hollywoodreporter.com/assets/1606142862/images/brand/thr-logo-white.svg?5de16d88930168405795", "https://static.hollywoodreporter.com/wp-content/uploads/2020/11/Godzilla2019_05-copy-1606342377-compressed.jpg", "https://www.hollywoodreporter.com/assets/1606142862/images/homepage-icons/heat-vision.svg?5de16d88930168405795", "https://www.hollywoodreporter.com/assets/1606142862/images/brand/favicon.ico?5de16d88930168405795"], "top_img": "https://www.hollywoodreporter.com/assets/1606142862/images/brand/favicon.ico?5de16d88930168405795", "keywords": [], "authors": ["Ryan Parker", "Ryan.Parker Thr.Com", "Brian Davids", "Kim Masters", "Borys Kit", "Mike Barnes", "Cathy Whitlock"], "canonical_link": "https://www.hollywoodreporter.com/heat-vision/mark-hamill-does-an-outstanding-han-solo-bad-lip-reading-installment-991641", "title": "Mark Hamill Does an Outstanding Han Solo in 'Bad Lip Reading' Installment", "meta_data": {"viewport": "width=device-width", "sailthru.title": "Mark Hamill Does an Outstanding Han Solo in 'Bad Lip Reading' Installment", "sailthru.description": "The video has been up for just a few hours and already has more than 75,000 views.", "sailthru.author": "Ryan Parker", "sailthru.vertical": "Heat Vision", "sailthru.date": "2017-04-06 07:41:05"}, "movies": ["https://www.youtube.com/embed/Sv_hGITmNuo"], "publish_date": 1491457265.0, "source": "https://www.hollywoodreporter.com", "summary": ""}