{"url": "http://www.newslocker.com/en-us/person/david-hasselhoff/is-david-hasselhoff-hiring-the-bachelor-twins-as-his-personal-assistants-e-online/", "text": "", "images": ["https://img.newslocker.com/2020/11/13/222096986_350.jpg", "https://img.newslocker.com/2020/10/03/218767857_350.jpg", "https://img.newslocker.com/2020/11/02/221191318_350.jpg", "https://img.newslocker.com/2020/11/18/222391192_350.jpg", "https://img.newslocker.com/2020/11/08/221678644_350.jpg", "https://img.newslocker.com/2020/10/15/219711095_350.jpg", "https://img.newslocker.com/2020/09/28/218285694_350.jpg", "http://akns-images.eonline.com/eol_images/Entire_Site/201716/rs_600x600-170206142652-600.David-Hasselhoff-2017-DGA-Awards-Beverly-Hills.kg.020417.jpg?downsize=450:*&crop=450:350;left,top", "http://www.newslocker.com/images/newslocker-logo.png", "https://img.newslocker.com/2020/10/30/220952489_725.jpg", "https://img.newslocker.com/2020/10/30/220952491_350.jpg", "https://img.newslocker.com/2020/11/13/222096987_350.jpg", "https://img.newslocker.com/2020/10/03/218767858_350.jpg", "http://www.newslocker.com/images/rss.png", "https://img.newslocker.com/2020/09/16/217294257_350.jpg", "https://img.newslocker.com/2020/09/14/217093390_350.jpg", "https://img.newslocker.com/2020/10/27/220685899_350.jpg", "https://img.newslocker.com/2020/09/14/217093391_350.jpg", "https://img.newslocker.com/2020/10/03/218767859_350.jpg", "https://static.addtoany.com/buttons/share_save_120_16.gif", "http://www.newslocker.com/images/share-linkedin.png", "https://img.newslocker.com/2020/10/06/218957266_350.jpg", "https://img.newslocker.com/2020/10/15/219711096_350.jpg", "http://www.newslocker.com/images/newslocker-cube.png", "http://www.newslocker.com/images/share-twitter.png", "https://img.newslocker.com/2020/10/30/220952488_350.jpg", "https://img.newslocker.com/2020/10/30/220952486_350.jpg", "https://img.newslocker.com/2020/10/30/220953653_350.jpg", "http://www.newslocker.com/images/share-facebook.png", "https://img.newslocker.com/2020/11/10/221877321_350.jpg", "https://img.newslocker.com/2020/09/25/218056982_350.jpg", "https://img.newslocker.com/2020/11/18/222391191_350.jpg", "https://img.newslocker.com/2020/10/03/218767860_725.jpg"], "top_img": "http://akns-images.eonline.com/eol_images/Entire_Site/201716/rs_600x600-170206142652-600.David-Hasselhoff-2017-DGA-Awards-Beverly-Hills.kg.020417.jpg?downsize=450:*&crop=450:350;left,top", "keywords": [], "authors": [], "canonical_link": "https://www.newslocker.com/en-us/person/david-hasselhoff/is-david-hasselhoff-hiring-the-bachelor-twins-as-his-personal-assistants-e-online/", "title": "Is David Hasselhoff Hiring The Bachelor Twins as His Personal Assistants?", "meta_data": {"description": "E! Online\nIs David Hasselhoff Hiring The Bachelor Twins as His Personal Assistants?\nE! Online\nThe Bachelor's fan-favorites Haley and Emily Ferguson are going from professional twins to professional personal assistants on The Twins: Happily Ever After. And David Hasselhoff is helping them make the transition. In tonight's episode of their ...and more\u00a0\u00bb", "og": {"title": "Is David Hasselhoff Hiring The Bachelor Twins as His Personal Assistants? - E! Online - David Hasselhoff news - NewsLocker", "description": "E! Online\nIs David Hasselhoff Hiring The Bachelor Twins as His Personal Assistants?\nE! Online\nThe Bachelor's fan-favorites Haley and Emily Ferguson are going from professional twins to professional personal assistants on The Twins: Happily Ever After. And David Hasselhoff is helping them make the transition. In tonight's episode of their ...and more\u00a0\u00bb", "type": "website", "url": "https://www.newslocker.com/en-us/person/david-hasselhoff/is-david-hasselhoff-hiring-the-bachelor-twins-as-his-personal-assistants-e-online/", "image": "http://akns-images.eonline.com/eol_images/Entire_Site/201716/rs_600x600-170206142652-600.David-Hasselhoff-2017-DGA-Awards-Beverly-Hills.kg.020417.jpg?downsize=450:*&crop=450:350;left,top", "site_name": "Newslocker"}, "fb": {"admins": 1335791813}, "robots": "index", "google-site-verification": "wAInSoPxz3OEgOXCHtETx-x7ukmlX40FRoiPZpO7ww4", "msvalidate.01": "2F0DB39856FAA0E47C70E9E1FF8653AA"}, "movies": [], "publish_date": 1493045520.0, "source": "http://www.newslocker.com", "summary": ""}