{"url": "www.imdb.com/news/ni61473983", "text": "IMDb.com, Inc. takes no responsibility for the content or accuracy of the above news articles, Tweets, or blog posts. This content is published for the entertainment of our users only. The news articles, Tweets, and blog posts do not represent IMDb's opinions nor can we guarantee that the reporting therein is completely factual. Please visit the source responsible for the item in question to report any concerns you may have regarding content or accuracy.", "images": ["http://fls-na.amazon.com/1/batch/1/OP/A1EVAM02EL8SFB:146-1558011-5348307:3M9QWYPN58SNVV3GZ5SQ$uedata=s:%2Frd%2Fuedata%3Fnoscript%26id%3D3M9QWYPN58SNVV3GZ5SQ:0", "https://m.media-amazon.com/images/G/01/imdb/images/social/imdb_logo._CB410901634_.png", "https://sb.scorecardresearch.com/p?c1=2&c2=6034961&cj=1&cs_ucfr=", "http://fls-na.amazon.com/1/batch/1/OP/A1EVAM02EL8SFB:146-1558011-5348307:3M9QWYPN58SNVV3GZ5SQ$uedata=s:%2Frd%2Fuedata%3Fstaticb%26id%3D3M9QWYPN58SNVV3GZ5SQ:0"], "top_img": "https://m.media-amazon.com/images/G/01/imdb/images/social/imdb_logo._CB410901634_.png", "keywords": [], "authors": ["Andrew Shuster"], "canonical_link": "https://www.imdb.com/news/ni61473983", "title": "Kanye West Not Rejected From \u2018American Idol\u2019 Reboot, Despite Report", "meta_data": {"apple-itunes-app": "app-id=342792525, app-argument=imdb:///news/ni61473983?src=mdot", "og": {"url": "http://www.imdb.com/news/ni61473983", "image": "https://m.media-amazon.com/images/G/01/imdb/images/social/imdb_logo._CB410901634_.png", "title": "Kanye West Not Rejected From \u2018American Idol\u2019 Reboot, Despite Report - IMDb", "site_name": "IMDb", "description": "IMDb, the world's most popular and authoritative source for movie, TV and celebrity content."}, "theme-color": "#000000", "pageId": "ni61473983", "pageType": "news", "subpageType": "single", "fb": {"app_id": 115109575169727}, "title": "Kanye West Not Rejected From \u2018American Idol\u2019 Reboot, Despite Report - IMDb", "description": "IMDb, the world's most popular and authoritative source for movie, TV and celebrity content.", "keywords": "news, movies, films, television, TV, celebrities, hollywood, stars, actors, actresses, directors", "request_id": "3M9QWYPN58SNVV3GZ5SQ"}, "movies": [], "publish_date": null, "source": "http://www.imdb.com", "summary": ""}