{"url": "www.lifeandstylemag.com/posts/jennifer-lopez-drake-marc-anthony-124412/photos/jennifer-lopez-dating-history-1-206982", "text": "Not everyone is excited about Jennifer Lopez and Drake\u2018s new romance!\n\nJust weeks after the \u201cAin\u2019t Your Mama\u201d singer was spotted getting cozy with the Canadian rapper on Instagram, sources are revealing exclusively to Life & Style that Marc Anthony is \u201cabsolutely devastated.\u201d\n\nMORE: Jennifer Lopez Suffers Wardrobe Malfunction on the Red Carpet!\n\nMarc and J.Lo, who divorced in 2014 after 10 years of marriage, shared a kiss at the Latin Grammys \u2014 and Marc, 48, was hoping to rekindle their relationship after filing for divorce from his fourth wife Shannon De Lima.\n\nMarc \u201chas never stopped loving her,\u201d says an insider. \u201cHe wants her back.\u201d\n\nLast month, Life & Style reported that Jennifer was talking marriage again with Marc, whom she called \u201cthe love of her life.\u201d However, she\u2019s hesitant to get back together with her ex and is currently smitten by Drake, 30.\n\n\u201cShe was having major doubts because of the trust issues she\u2019s always had with Marc,\u201d the source says.\n\nMORE: Sign Up For Our Newsletter to Keep Up to Date On All Life & Style Exclusives!\n\nJen, who shares eight-year-old twins Max and Emme with Marc, \u201cdidn\u2019t want to put the kids through the emotional turmoil of possibly getting back together with their dad if it wasn\u2019t on solid ground,\u201d the source added.\n\nMeanwhile, the brunette beauty has reportedly already introduced her kids to the Degrassi alum.\n\nMORE: Jennifer Lopez Shares Sexy Bedroom Photo \u2014 Is It for Drake?\n\n\u201cDrake has been hanging out at Jennifer\u2019s new house in Bel Air. He has been there several times and is getting to know her kids,\u201d a source told Us Weekly. \u201cThey all have a lot of fun together. Her kids really like him and they know all of his songs. They like having him around.\u201d\n\n\u201c[Drake] loves seeing Jennifer in \u2018mom mode,'\u201d the insider added.\n\nFor more exclusive celebrity news, be sure to pick up the latest issue of Life & Style, on newsstands now. For a look back at J.Lo\u2019s dating history, click through the gallery below!", "images": ["https://www.lifeandstylemag.com/wp-content/uploads/2017/02/jennifer-lopez-dating-history-2.jpg?fit=200%2C273", "data:image/gif;base64,R0lGODlhAQABAIAAAAUEBAAAACwAAAAAAQABAAACAkQBADs=", "https://www.lifeandstylemag.com/wp-content/uploads/2017/02/jlo-marc-anthony-kiss-latin-grammys.jpg?w=680&crop=1&resize=1000%2C738", "https://www.lifeandstylemag.com/wp-content/uploads/2017/04/jennifer-lopez-dating-history-1.jpg?resize=1075%2C630", "https://www.lifeandstylemag.com/wp-content/uploads/2017/04/jennifer-lopez-dating-history-1.jpg?fit=200%2C279", "https://www.lifeandstylemag.com/wp-content/uploads/2020/10/LS4420_cover_final.jpg?w=300"], "top_img": "https://www.lifeandstylemag.com/wp-content/uploads/2017/04/jennifer-lopez-dating-history-1.jpg?resize=1075%2C630", "keywords": [], "authors": ["Life", "Style Magazine"], "canonical_link": "https://www.lifeandstylemag.com/posts/jennifer-lopez-drake-marc-anthony-124412/", "title": "Marc Anthony Devastated by Jennifer Lopez\u2019s Romance With Drake! (EXCLUSIVE)", "meta_data": {"viewport": "width=device-width, initial-scale=1.0", "theme-color": "#ffffff", "msvalidate.01": "097DBAAF43A9B61E9E4259AA7D75B069", "description": "Not everyone is excited about Jennifer Lopez and Drake's new romance! Just weeks after the \"Ain't Your Mama\" singer was spotted getting", "robots": "index, follow, max-snippet:-1, max-image-preview:large, max-video-preview:-1", "og": {"locale": "en_US", "type": "article", "title": "Marc Anthony Devastated by Jennifer Lopez's Romance With Drake! (EXCLUSIVE)", "description": "Not everyone is excited about Jennifer Lopez and Drake\u2018s new romance! Just weeks after the \u201cAin\u2019t Your Mama\u201d singer was spotted getting cozy with the Canadian rapper on Instagram, sources are revealing exclusively...", "url": "https://www.lifeandstylemag.com/posts/jennifer-lopez-drake-marc-anthony-124412/", "site_name": "Life & Style", "updated_time": "2017-04-24T14:12:34+00:00", "image": {"identifier": "https://www.lifeandstylemag.com/wp-content/uploads/2017/04/jennifer-lopez-dating-history-1.jpg?resize=1075%2C630", "secure_url": "https://www.lifeandstylemag.com/wp-content/uploads/2017/04/jennifer-lopez-dating-history-1.jpg?resize=1075%2C630", "width": 1200, "height": 630}}, "article": {"publisher": "https://www.facebook.com/LifeStyleWeekly", "published_time": "2017-02-01T14:00:15+00:00", "modified_time": "2017-04-24T14:12:34+00:00"}, "fb": {"app_id": 741277405933843, "admins": 593583017, "pages": 229184533343}, "twitter": {"card": "summary_large_image", "title": "Marc Anthony Devastated by Jennifer Lopez's Romance With Drake! (EXCLUSIVE)", "description": "Not everyone is excited about Jennifer Lopez and Drake\u2018s new romance! Just weeks after the \u201cAin\u2019t Your Mama\u201d singer was spotted getting cozy with the Canadian rapper on Instagram, sources are revealing exclusively...", "image": "https://www.lifeandstylemag.com/wp-content/uploads/2017/04/jennifer-lopez-dating-history-1.jpg?resize=1075%2C630", "creator": "@Life_and_Style", "site": "@Life_and_Style"}, "generator": "WordPress 5.5.2", "msapplication-TileImage": "https://www.lifeandstylemag.com/wp-content/uploads/2020/11/android-chrome-384x384-1.png?fit=270%2C270"}, "movies": [], "publish_date": 1485957615.0, "source": "http://www.lifeandstylemag.com", "summary": ""}