{"url": "www.thehollywoodgossip.com/2017/07/brad-pitt-partying-at-nightclubs-as-friends-fear-relapse/", "text": "Back in May, following months of rumors about his personal life and the state of his mental health, Brad Pitt admitted to struggling with a drinking problem and seeking treatment for substance abuse.\n\nIn a surprisingly candid interview with GQ, the 53-year-old Pitt revealed that he had been drinking heavily since college and couldn't recall going a single day in his adult life without some sort of inebriant.\n\nAfter a tumultuous year, Pitt's life is reportedly settling back down these days.\n\nHis formerly contentious custody battle with Angelina Jolie is said to have reached a more civil stage in which both parties are working together to figure out an arrangement that works best for their kids.\n\nThe actor is working again, and there are rumors that Pitt is romantically involved with Sienna Miller.\n\nOf course, his sobriety is still relatively new, and thus, rather fragile.\n\nAnyone who's struggled with addiction can tell you that at the point Pitt's at now, it's a near-constant battle.\n\nSo it's no surprise that friends are said to be concerned by reports that Pitt was recently spotted partying at a nightclub into the wee hours.\n\nAccording to Radar online, Pitt was \"the last man standing\" at the Rabbit Hole Club in England on June 23, where he partied until 3 am after spending the day at the Glastonbury Festival.\n\n\"At this rate, Brad\u2019s heading for a major relapse, and he\u2019s only going to push Angie\u2019s buttons if she thinks Brad\u2019s flirting with Sienna,\" a source close to the situation tells Radar.\n\nA relapse, of course, would be devastating not only in terms of Pitt's health and overall well-being, but also with regard to his custody rights.\n\nInsiders say he and Jolie have reached a point where they're amicably co-parenting their six children, but that peace is rumored to be tenuous.\n\n\"Right now Angie holds all the aces in terms of custody, so Brad needs to keep on her good side,\" says the source.\n\nHopefully, Pitt's been able to party without getting drunk or high.\n\nIf that's not the case, we hope for both his sake and the sake of his children that he'll be able to find the help he needs.", "images": ["https://www.thehollywoodgossip.com/assets/logo-white-beee066818238b0eb075767349f71cae.png", "https://the-hollywood-gossip-res.cloudinary.com/iu/s--Me72ovUb--/t_full/cs_srgb,f_auto,fl_strip_profile.lossy,q_auto:420/v1496858856/brad-pitt-is-so-cute.jpg"], "top_img": "https://the-hollywood-gossip-res.cloudinary.com/iu/s--Me72ovUb--/t_full/cs_srgb,f_auto,fl_strip_profile.lossy,q_auto:420/v1496858856/brad-pitt-is-so-cute.jpg", "keywords": [], "authors": ["Tyler Johnson"], "canonical_link": "https://www.thehollywoodgossip.com/2017/07/brad-pitt-partying-at-nightclubs-as-friends-fear-relapse/", "title": "Brad Pitt: Partying at Nightclubs as Friends Fear Relapse", "meta_data": {"viewport": "width=device-width, initial-scale=1.0", "fb": {"app_id": 277650442346327}, "og": {"site_name": "The Hollywood Gossip", "type": "article", "url": "https://www.thehollywoodgossip.com/2017/07/brad-pitt-partying-at-nightclubs-as-friends-fear-relapse/", "title": "Brad Pitt: Partying at Nightclubs as Friends Fear Relapse", "description": "Brad Pitt recently got sober after a stint in rehab. Now, friends are reportedly worried he's returned to his old ways.", "image": {"identifier": "https://the-hollywood-gossip-res.cloudinary.com/iu/s--409x6xBR--/t_full/cs_srgb,f_auto,fl_strip_profile.lossy,q_auto:420/v1474625377/brad-pitt-wearing-glasses-and-smiling.jpg", "type": "image/jpeg", "width": 630, "height": 805}}, "article": {"published_time": "2017-07-18T17:46:58-04:00", "modified_time": "2017-07-18T17:46:14-04:00", "tag": "Celebrity Gossip", "author": "Tyler Johnson"}, "twitter": {"site": "thgossip", "card": "summary_large_image", "title": "Brad Pitt: Partying at Nightclubs as Friends Fear Relapse", "description": "Brad Pitt recently got sober after a stint in rehab. Now, friends are reportedly worried he's returned to his old ways.", "image": {"src": "https://the-hollywood-gossip-res.cloudinary.com/iu/s--Me72ovUb--/t_full/cs_srgb,f_auto,fl_strip_profile.lossy,q_auto:420/v1496858856/brad-pitt-is-so-cute.jpg"}}, "description": "Brad Pitt recently got sober after a stint in rehab. Now, friends are reportedly worried he's returned to his old ways."}, "movies": [], "publish_date": 1500414418.0, "source": "http://www.thehollywoodgossip.com", "summary": ""}