{"url": "http://www.cbsnews.com/news/isis-ramadi-iraq-air-campaign-us-ground-troops/", "text": "The territorial gains of the Islamic State of Iraq and Syria (ISIS) in the Middle East over the past week have prompted a fresh look at what the U.S. can do to stop the militant group. But lawmakers are still divided about whether a military or political strategy provides the best shot at success.\n\n\"We need to have a more robust strategy. We need more troops on the ground, we need forward air controllers - we're just referring to air strikes,\" said Senate Armed Services Committee Chairman John McCain, R-Arizona, on CBS' \"Face the Nation\" Sunday. \"We found in Vietnam War that if you don't have the right strategy, airpower is minimal in its effect, but we need to have forward air controllers, we need to have special forces, we need to have more of those kind of raids that were so successful into Syria. We need to have a strategy. There is no strategy. And anyone that says that there is, I'd like to hear what it is because it certainly isn't apparent now and right now.\"\n\nHe said that there should be a few thousand more American troops on the ground to carry out that kind of mission.\n\nBut California Rep. Adam Schiff, the top Democrat on the House Intelligence Committee, says the U.S. will not be able to sustain any victories in Iraq unless the government is able to resolve its political differences.\n\nDuring the Iraq War, Schiff said, \"We won Ramadi but it didn't stay won because the political problems that preceded the first Iraq war haven't been solved and that is the Sunnis have not been brought into the government adequately, Sunni forces haven't been adequately trained and integrated into the military.\n\n\"Until those changes are made, until Iraq makes the political decision to fully incorporate the Sunnis we can add more forces we can win these battles but they're not going to stay won. I think that's the real lesson of the last Iraq War and what's going on now,\" he said.\n\nHe warned that sending in a lot of American troops could \"aggravate\" the threat that ISIS already poses and risk further escalation of the fight.\n\nMcCain, for his part, argues that President Obama never should have pulled troops out of the country entirely in 2011 because the 2007 troop surge had succeeded.\n\n\"George W. Bush at least had the guts to reverse and sponsor the surge which...eventually then succeeded. I wish, I pray that Barack Obama would do the same thing,\" he said.\n\nFor now, Schiff said there is an \"ebb and flow and a largely stalemated situation in the war against ISIS.\" He said he is concerned that the administration appears to be measuring success by the number of bombing runs it is able to carry out in the region.\n\n\"I think the more important metrics are how are doing in stopping foreign fighters from entering the country, how are we doing in drying up ISIS' resources, how are we doing in working with our gulf allies in fighting the ideological fight within Islam that we're not positioned to fight ourselves, and how are we doing in terms of our military support,\" he said.", "images": ["https://cbsnews1.cbsistatic.com/hub/i/2015/02/27/9a77d295-1a09-4d2b-b817-2484edd8ef16/5780a305f2e8f89d33858173d333a58b/promocbsn.jpg#", "https://cbsnews1.cbsistatic.com/hub/i/r/2018/06/24/7acb4ee3-a1dd-4044-b40d-d4c7917a293e/thumbnail/300x190/cb996f3331b5768bfd4c2429fad5f3c4/20180624-cru-ftn-8259.jpg#", "https://cbsnews2.cbsistatic.com/hub/i/r/2014/06/30/0d35bdd6-089e-4ddf-8ca2-2ba0ec62dd03/thumbnail/1200x630/5779656094bf54917332592bd0b296f9/iraqap111217020911.jpg"], "top_img": "https://cbsnews2.cbsistatic.com/hub/i/r/2014/06/30/0d35bdd6-089e-4ddf-8ca2-2ba0ec62dd03/thumbnail/1200x630/5779656094bf54917332592bd0b296f9/iraqap111217020911.jpg", "keywords": [], "authors": ["Rebecca Kaplan"], "canonical_link": "https://www.cbsnews.com/news/isis-ramadi-iraq-air-campaign-us-ground-troops/", "title": "Should ISIS' gains lead to more U.S. troops in Iraq?", "meta_data": {"robots": "index, follow", "description": "Sen. McCain tells &quot;Face the Nation&quot; the Vietnam War was a lesson for limitations of air power that should be heeded in fight against ISIS", "keywords": "palmyra, ISIS attacks, iraq war, george bush, Ramadi, ISIS, syria, john mccain, barack obama, iraq", "viewport": "width=1000px", "al": {"web": {"url": "https://www.cbsnews.com/news/isis-ramadi-iraq-air-campaign-us-ground-troops/"}, "ios": {"app_name": "CBS News", "app_store_id": 334256223, "url": "cbsnewsapp://cbsnews.com/news/isis-ramadi-iraq-air-campaign-us-ground-troops/"}, "android": {"app_name": "CBS News", "package": "com.treemolabs.apps.cbsnews"}}, "og": {"type": "article", "url": "https://www.cbsnews.com/news/isis-ramadi-iraq-air-campaign-us-ground-troops/", "title": "Should ISIS' gains lead to more U.S. troops in Iraq?", "description": "Sen. McCain tells \"Face the Nation\" the Vietnam War was a lesson for limitations of air power that should be heeded in fight against ISIS", "image": {"identifier": "https://cbsnews2.cbsistatic.com/hub/i/r/2014/06/30/0d35bdd6-089e-4ddf-8ca2-2ba0ec62dd03/thumbnail/1200x630/5779656094bf54917332592bd0b296f9/iraqap111217020911.jpg", "width": 1200, "height": 630}, "video": {"url": "https://splice.amlg.io/api/v2/video/hmIi_o2fC3BKa1dnJdLY6_A_P5vVBXHb/preview/", "secure_url": "https://splice.amlg.io/api/v2/video/hmIi_o2fC3BKa1dnJdLY6_A_P5vVBXHb/preview/", "type": "application/x-mpegURL", "width": 1920, "height": 1080}}, "fb": {"app_id": 1536620209892267, "pages": 114352081949970}, "article": {"publisher": "https://www.facebook.com/FaceTheNation", "content_tier": "free", "opinion": "false"}, "twitter": {"dnt": "on", "app": {"country": "US", "name": {"iphone": "CBS News", "ipad": "CBS News", "googleplay": "CBS News"}, "id": {"iphone": 334256223, "ipad": 334256223, "googleplay": "com.treemolabs.apps.cbsnews"}, "url": {"iphone": "cbsnewsapp://cbsnews.com/news/isis-ramadi-iraq-air-campaign-us-ground-troops/", "ipad": "cbsnewsapp://cbsnews.com/news/isis-ramadi-iraq-air-campaign-us-ground-troops/", "googleplay": "cbsnewsapp://cbsnews.com/news/isis-ramadi-iraq-air-campaign-us-ground-troops/"}}, "site": "@facethenation", "title": "Should ISIS' gains lead to more U.S. troops in Iraq?", "description": "Sen. McCain tells \"Face the Nation\" the Vietnam War was a lesson for limitations of air power that should be heeded in fight against ISIS", "image": "https://cbsnews2.cbsistatic.com/hub/i/r/2014/06/30/0d35bdd6-089e-4ddf-8ca2-2ba0ec62dd03/thumbnail/1200x630/5779656094bf54917332592bd0b296f9/iraqap111217020911.jpg", "card": "summary_large_image"}, "news_keywords": "palmyra, ISIS attacks, iraq war, george bush, Ramadi, ISIS, syria, john mccain, barack obama, iraq", "theme-color": "#101010", "apple-mobile-web-app-capable": "yes", "apple-mobile-web-app-title": "CBS News", "apple-mobile-web-app-status-bar-style": "black"}, "movies": [], "publish_date": null, "source": "http://www.cbsnews.com", "summary": ""}