{"url": "http://www.bbc.co.uk/newsbeat/article/39705244/miley-cyrus-features-in-guardians-of-the-galaxy-vol-2", "text": "He says he wanted Miley because her voice has \"a great harshness to it that is awesome\" and he thought \"it would be perfect for a robot\".", "images": ["https://ichef.bbci.co.uk/news/385/cpsprodpb/7155/production/_114931092_index_lockdown_lookup_v2_b_976.png", "https://ichef.bbci.co.uk/news/385/cpsprodpb/4669/production/_115652081_gettyimages-1253863485.jpg", "https://c.files.bbci.co.uk/1691/production/_95777750_gettyimages-502061328.jpg", "https://ichef.bbci.co.uk/news/385/cpsprodpb/249F/production/_115657390_mediaitem115657389.jpg", "https://ichef.bbci.co.uk/news/385/cpsprodpb/DD27/production/_115651665_jack-rosca2.jpg", "https://ichef.bbci.co.uk/news/385/cpsprodpb/B3C9/production/_115652064_bros_grahameva.jpg", "https://ichef.bbci.co.uk/news/1024/branded_news/1691/production/_95777750_gettyimages-502061328.jpg", "https://ichef.bbci.co.uk/news/385/cpsprodpb/11B44/production/_115661527_mediaitem115661526.jpg", "https://ichef.bbci.co.uk/news/385/cpsprodpb/1088E/production/_115662776_p08zrksh.jpg", "https://c.files.bbci.co.uk/1054/production/_90008140_gog1.jpg", "https://ichef.bbci.co.uk/news/385/cpsprodpb/11899/production/_115333817_mediaitem115333713.jpg", "https://c.files.bbci.co.uk/F97B/production/_95776836_gotg976.jpg", "https://ichef.bbci.co.uk/news/385/cpsprodpb/D238/production/_115661835_p08zrd1b.jpg", "https://ichef.bbci.co.uk/news/385/cpsprodpb/2C09/production/_115637211_pope1_reu.jpg"], "top_img": "https://ichef.bbci.co.uk/news/1024/branded_news/1691/production/_95777750_gettyimages-502061328.jpg", "keywords": [], "authors": [], "canonical_link": "https://www.bbc.co.uk/news/newsbeat-39705244", "title": "Miley Cyrus features in Guardians of the Galaxy Vol. 2", "meta_data": {"viewport": "width=device-width, initial-scale=1", "description": "Guardians of the Galaxy Vol.2 is out this week and Miley Cyrus is in it.", "theme-color": "#FFFFFF", "article": {"author": "https://www.facebook.com/bbcnews", "section": "Newsbeat"}, "fb": {"admins": 100004154058350, "app_id": 1609039196070050, "pages": "1143803202301544,317278538359186,1392506827668140,742734325867560,185246968166196,156060587793370,137920769558355,193435954068976,21263239760,156400551056385,929399697073756,154344434967,228735667216,80758950658,260212261199,294662213128,1086451581439054,283348121682053,295830058648,239931389545417,304314573046,310719525611571,647687225371774,1159932557403143,286567251709437,1731770190373618,125309456546,163571453661989,285361880228,512423982152360,238003846549831,176663550714,260967092113,118450564909230,100978706649892,15286229625,122103087870579,120655094632228,102814153147070,124715648647,153132638110668,150467675018739"}, "og": {"description": "Guardians of the Galaxy Vol.2 is out this week and Miley Cyrus is in it.", "image": {"identifier": "https://ichef.bbci.co.uk/news/1024/branded_news/1691/production/_95777750_gettyimages-502061328.jpg", "alt": "Miley Cyrus"}, "locale": "en_GB", "site_name": "BBC News", "title": "Miley Cyrus features in Guardians of the Galaxy Vol. 2", "type": "article", "url": "https://www.bbc.co.uk/news/newsbeat-39705244"}, "twitter": {"card": "summary_large_image", "creator": "@BBCNews", "description": "Guardians of the Galaxy Vol.2 is out this week and Miley Cyrus is in it.", "domain": "www.bbc.co.uk", "image": {"src": "https://ichef.bbci.co.uk/news/1024/branded_news/1691/production/_95777750_gettyimages-502061328.jpg", "alt": "Miley Cyrus"}, "site": "@BBCNews", "title": "Miley Cyrus features in Guardians of the Galaxy Vol. 2"}, "application-name": "BBC News", "mobile-web-app-capable": "yes", "msapplication-TileImage": "BBC News", "msapplication-TileColor": "#bb1919", "cleartype": "on"}, "movies": [], "publish_date": null, "source": "http://www.bbc.co.uk", "summary": ""}