{"url": "www.harpersbazaar.com/celebrity/latest/a21234420/david-beckham-victoria-beckham-divorce-rumors-response/", "text": "The Beckhams aren't getting a divorce, despite rumors circulating social media today. A representative for Victoria Beckham shut down the gossip to Harper's BAZAAR UK, saying, \"This is nonsense.\" A rep for David Beckham also denied rumors.\n\n\"There is no statement due, no divorce,\" a spokeswoman for the couple also told The Sun, calling the speculation \"fake social media news.\" \"This is all very bizarre and an embarrassing waste of time,\" the rep added.\n\nThe Beckhams have been married for 18 years after tying the knot in July 1999 in a posh ceremony at a castle in Ireland. They share four children together: Brooklyn, 19, Romeo, 15, Cruz, 13, and Harper, 6.\n\n\n\nThe couple was last seen out together at Prince Harry and Meghan Markle's royal wedding on May 19 at Windsor Castle. \"It was just the best day,\" the fashion designer and former Spice Girl previously said of the big event.\n\nGetty Images\n\nJust this morning, Victoria shared a sweet note to David on Instagram, saying she misses him. \"Morning cuddles x So much love \ud83d\ude4f\ud83c\udffb We love and miss u @davidbeckham \ud83d\udc95\ud83d\udc95\ud83d\udc95\ud83d\udc95,\" she captioned an image with their daughter Harper.\n\nThis content is imported from Instagram. You may be able to find the same content in another format, or you may be able to find more information, at their web site.\n\nIn fact, both Beckhams are apt to share heartfelt family moments on Instagram, from joint outings and vacations to down time at home.\n\nThis content is imported from Instagram. You may be able to find the same content in another format, or you may be able to find more information, at their web site.\n\nThis content is imported from Instagram. You may be able to find the same content in another format, or you may be able to find more information, at their web site.\n\nVictoria and David met at a Manchester United players' lounge, and she described it as \"love at first sight\" in an open letter to her younger self in 2016. The designer noted that Beckham was standing with his family while his teammates drank at the bar, which reminded her about her close relationship with her own family. She added that David later asked for her number on a London-to-Manchester plane ticket\u2014which he still has.\n\nDavid credited their long-lasting marriage to having a \"strong family unit,\" he told BBC in a 2016 radio interview. \"Of course you make mistakes, and we all know that marriage is difficult at times. It is about working through it,\" the star athlete said. \"We have come up against tough times. But we know each other better than anyone else knows us. And we talk.\"\n\n\n\nHe added, \"Do we stay together because it is a brand? Of course not. We stay together because we love each other and because we have four amazing children.\"\n\nSince linking up in the '90s, the Beckhams have been known for acing the art of couple style, from matching leather get-ups to royal wedding-worthy wardrobes. Take a look back at their best joint sartorial moments below.\n\nThis content is created and maintained by a third party, and imported onto this page to help users provide their email addresses. You may be able to find more information about this and similar content at piano.io", "images": ["https://hips.hearstapps.com/hmg-prod.s3.amazonaws.com/images/hbz-david-beckham-victoria-beckham-2018-gettyimages-906434392-1527878978.jpg?crop=1.00xw:0.334xh;0,0.0427xh&resize=1200:*", "data:image/gif;base64,R0lGODlhAQABAIAAAAAAAP///yH5BAEAAAAALAAAAAABAAEAAAIBRAA7"], "top_img": "https://hips.hearstapps.com/hmg-prod.s3.amazonaws.com/images/hbz-david-beckham-victoria-beckham-2018-gettyimages-906434392-1527878978.jpg?crop=1.00xw:0.334xh;0,0.0427xh&resize=1200:*", "keywords": [], "authors": ["Erica Gonzales"], "canonical_link": "https://www.harpersbazaar.com/celebrity/latest/a21234420/david-beckham-victoria-beckham-divorce-rumors-response/", "title": "David and Victoria Beckham Shut Down Divorce Rumors", "meta_data": {"x-ua-compatible": "IE=edge,chrome=1", "viewport": "width=device-width,initial-scale=1,maximum-scale=6", "msapplication-tap-highlight": "no", "theme-color": "#606060", "og": {"type": "article", "site_name": "Harper's BAZAAR", "title": "David and Victoria Beckham Just Shut Down Divorce Rumors So We Can All Relax", "description": "\"This is nonsense.\"", "url": "https://www.harpersbazaar.com/celebrity/latest/a21234420/david-beckham-victoria-beckham-divorce-rumors-response/", "image": {"identifier": "https://hips.hearstapps.com/hmg-prod.s3.amazonaws.com/images/hbz-david-beckham-victoria-beckham-2018-gettyimages-906434392-1527878978.jpg?crop=1.00xw:0.334xh;0,0.0427xh&resize=1200:*", "width": 1200, "height": 600}}, "fb": {"app_id": 227018747326504, "pages": 8327967561}, "article": {"publisher": "https://www.facebook.com/HarpersBazaar", "modified_time": "2018-06-08 04:35:48", "published_time": "2018-06-08 04:34:00", "section": "Celebrity News", "opinion": "false"}, "twitter": {"site": "@harpersbazaarus", "card": "summary_large_image", "image": "https://hips.hearstapps.com/hmg-prod.s3.amazonaws.com/images/hbz-david-beckham-victoria-beckham-2018-gettyimages-906434392-1527878978.jpg?crop=1.00xw:0.334xh;0,0.0427xh&resize=640:*"}, "google-site-verification": "bNUXKPTEqUVDbaxHrYA-c1kj007Ao4VsMKdoU80EyiU", "title": "David and Victoria Beckham Shut Down Divorce Rumors - Beckhams Not Getting Divorced", "description": "David and Victoria Beckham shut down rumors that they're divorcing after 18 years of marriage. The couple wed in 1999 and have four children together: Brooklyn, 19, Romeo, 15, Cruz, 13, and Harper, 6.", "keywords": "david beckham, david victoria beckham, victoria beckham, david victoria beckham divorce, david beckham victoria beckham divorce, david beckham victoria beckham, david beckham and victoria beckham,  david victoria beckham divorce rumors,  david victoria beckham not getting divorced", "auto-publish": "timely", "thumbnail": "https://hips.hearstapps.com/hmg-prod.s3.amazonaws.com/images/hbz-david-beckham-victoria-beckham-2018-gettyimages-906434392-1527878978.jpg?crop=1.00xw:0.668xh;0,0&resize=320:*", "sailthru.contenttype": "standard-article", "sailthru.tags": "Celebrity,celebrity,latest,david beckham kids,david victoria beckham,brooklyn beckham,David Beckham,victoria beckham", "sailthru.date": "2018-06-08T16:34:00Z", "sailthru.image.full": "https://hips.hearstapps.com/hmg-prod.s3.amazonaws.com/images/hbz-david-beckham-victoria-beckham-2018-gettyimages-906434392-1527878978.jpg?crop=1.00xw:0.334xh;0,0.0427xh", "sailthru.image.thumb": "https://hips.hearstapps.com/hmg-prod.s3.amazonaws.com/images/hbz-david-beckham-victoria-beckham-2018-gettyimages-906434392-1527878978.jpg?crop=1.00xw:0.668xh;0,0", "sailthru.socialtitle": "David and Victoria Beckham Just Shut Down Divorce Rumors So We Can All Relax", "m1": ".content-hed", "m2": ".content-dek p"}, "movies": [], "publish_date": 1528425240.0, "source": "http://www.harpersbazaar.com", "summary": ""}