{"url": "www.refinery29.com/2018/08/206132/katie-holmes-jamie-foxx-relationship-timeline-explained", "text": "Meanwhile, Foxx was building an impressive acting career with roles in blockbusters like Ray, Dreamgirls, and Django Unchained. As for romance, he's been extremely tight-lipped. He has two daughters, the mothers of whom he's never named. To allow himself to be even slightly romantically linked to Holmes is new territory for him, something that perhaps changed when rumors started bubbling after he was seen dancing with Holmes onstage at the 4th Annual Apollo in the Hamptons Benefit in 2013. According to E! News, what followed were unsourced claims that he was spending time in Holmes's apartment, but it wasn't until 2015 that the first picture of them together emerged, and the dating speculation truly got its footing", "images": ["http://www.refinery29.com/assets/a70678be6c693f8a9915bec2fa49ee49.svg", "http://www.refinery29.com/assets/d27ad8510dcf0eef13f6419f4f9a76e6.svg", "https://www.refinery29.com/images/9879700.png", "https://s1.r29static.com/bin/entry/ca0/0,0,2000,1050/x,80/2006382/image.jpg"], "top_img": "https://s1.r29static.com/bin/entry/ca0/0,0,2000,1050/x,80/2006382/image.jpg", "keywords": [], "authors": ["Ineye Komonibo", "Natalie Morin", "Katie Holmes Jamie Fox Mystery Relationship Explained"], "canonical_link": "https://www.refinery29.com/en-us/2018/08/206132/katie-holmes-jamie-foxx-relationship-timeline-explained", "title": "Katie Holmes Jamie Fox Mystery Relationship Explained", "meta_data": {"title": "Katie Holmes Jamie Fox Mystery Relationship Explained", "description": "Katie Holmes might finally be free from her old tabloid narrative.", "og": {"url": "https://www.refinery29.com/en-us/2018/08/206132/katie-holmes-jamie-foxx-relationship-timeline-explained", "title": "Why Katie Holmes & Jamie Foxx's Full-Blown PDA Is Changing Holmes' Tabloid Narrative", "description": "Katie Holmes might finally be free from her old tabloid narrative.", "image": {"identifier": "https://s1.r29static.com/bin/entry/ca0/0,0,2000,1050/x,80/2006382/image.jpg", "secure_url": "https://s1.r29static.com/bin/entry/ca0/0,0,2000,1050/x,80/2006382/image.jpg", "width": 2000, "height": 1050}, "type": "article"}, "twitter": {"title": "Why Katie Holmes & Jamie Foxx's Full-Blown PDA Is Changing Holmes' Tabloid Narrative", "card": "summary_large_image", "site": "@refinery29", "description": "Katie Holmes might finally be free from her old tabloid narrative.", "image": "https://s1.r29static.com/bin/entry/ca0/0,0,2000,1050/x,80/2006382/image.jpg"}, "pinterest": {"image": "https://s3.r29static.com/bin/entry/58f/112,0,1776,2400/x,80/2006380/image.jpg"}, "fb": {"app_id": 155023867867753, "pages": "86973707921,587074007996399,269626263209765,509115739117952,1562713254009921,583745561686633,656112191237463,284423314989162,974273182666651,192477361634120"}, "article": {"publisher": "refinery29"}, "viewport": "width=device-width, initial-scale=1", "theme-color": "#fd5b4e", "p": {"domain_verify": "b10faeb45f92f5ebf0073a215d615ea9"}, "entry_template": "entry.article", "author": "Kathryn Lindsay", "channel": {"tag": "trends-in-entertainment"}}, "movies": [], "publish_date": 1534716000.0, "source": "http://www.refinery29.com", "summary": ""}