{"url": "tribune.com.pk/story/1667348/4-jennifer-aniston-brad-pitt-might-getting-back-together/", "text": "PHOTO: POPSUGAR\n\nPHOTO: VOGUE ITALY\n\nPHOTO: EVENING STANDARD\n\nActors Brad Pitt and Jennifer Aniston are reportedly considering giving their relationship another chance.Brad and Jennifer have been secretly meeting after George Clooney encouraged Brad to reach out to Jennifer following her split from Justin Theroux.\"They've been secretly getting together for late night hook ups and it's all because of George. George was the first person to call him when his marriage to Angelina Jolie imploded. After Jennifer and Justin announced their split, he encouraged Brad reach out and give their relationship another chance,\" a source told Star magazine.While Jennifer was close to George when she was with the Pitt in late 1990s until early 2005, George was shunted out of Brad's life by Angelina.Now that Angelina has left Brad, George took the opportunity to get Brad back together with Jennifer.Have something to add to the story? Share in the comments below.", "images": ["https://i.tribune.com.pk/media/images/11606245828-0/11606245828-0-198x140.jpg", "https://i.tribune.com.pk/media/images/uzair11606208092-0/uzair11606208092-0-198x140.jpg", "https://i.tribune.com.pk/media/images/magazine+thumbs/magazine-20201108.jpg", "https://i.tribune.com.pk/media/images/1587249-imranjannew-1513619852/1587249-imranjannew-1513619852-76x58.jpg", "https://i.tribune.com.pk/media/images/1649081-courtney-1519977036/1649081-courtney-1519977036-262x165.jpg", "https://i.tribune.com.pk/media/images/1014120-Rupeesx-1450742950/1014120-Rupeesx-1450742950-198x140.JPG", "https://i.tribune.com.pk/assets/images/trendingbar--100.png", "https://i.tribune.com.pk/media/images/1363965-burjkhalifapakistan-1490284603/1363965-burjkhalifapakistan-1490284603-198x140.jpg", "https://c.tribune.com.pk/2018/03/angelina_eveningstandard-1521780471.jpg", "https://i.tribune.com.pk/assets/images/footer-tribune.logo.png", "https://i.tribune.com.pk/media/images/528032-studentsPhotoAPP-1364495925/528032-studentsPhotoAPP-1364495925-198x140.JPG", "https://i.tribune.com.pk/media/images/1635729-jennifer-1518755223/1635729-jennifer-1518755223-262x165.jpg", "https://i.tribune.com.pk/media/images/00231606306668-0/00231606306668-0-198x140.jpg", "https://tribune-reloaded.s3.amazonaws.com/media/images/1667348-bradjenn_celebrityinsider_cover-1521780494/1667348-bradjenn_celebrityinsider_cover-1521780494.jpg", "https://i.tribune.com.pk/media/images/1667348-bradjenn_celebrityinsider_cover-1521780494/1667348-bradjenn_celebrityinsider_cover-1521780494.jpg", "https://i.tribune.com.pk/media/images/e-paper-1.jpeg", "https://i.tribune.com.pk/media/images/Durdana-Najam1602756503-0/Durdana-Najam1602756503-0-76x58.jpg", "https://c.tribune.com.pk/2018/03/jenngeorge_vogue-1521780454.jpg", "https://i.tribune.com.pk/media/images/online_pharmacy_660_0412190732201606138929-0/online_pharmacy_660_0412190732201606138929-0-76x58.jpg", "https://i.tribune.com.pk/media/images/Editorial-Opinion-copy1/Editorial-Opinion-copy1-76x58.jpg", "https://i.tribune.com.pk/media/images/1638141-brad-1518942970/1638141-brad-1518942970-262x165.jpg", "https://i.tribune.com.pk/media/images/1109591-agriculturereuterx-1464124889/1109591-agriculturereuterx-1464124889-198x140.jpg", "https://c.tribune.com.pk/2018/03/jennjustin_popsugar-1521780433.jpg", "https://i.tribune.com.pk/media/images/Nawaz-gilgit-message-screen1605388642-0/Nawaz-gilgit-message-screen1605388642-0-198x140.jpg", "https://d5nxst8fruw4z.cloudfront.net/atrk.gif?account=UTRSn1QolK10mh", "https://i.tribune.com.pk/media/images/rickshaw-driver-coronavirus-pakistan-afp1594212661-0/rickshaw-driver-coronavirus-pakistan-afp1594212661-0-198x140.jpg", "https://i.tribune.com.pk/media/images/Pakistan-Israel-Flags1606308019-0/Pakistan-Israel-Flags1606308019-0-198x140.jpg"], "top_img": "https://tribune-reloaded.s3.amazonaws.com/media/images/1667348-bradjenn_celebrityinsider_cover-1521780494/1667348-bradjenn_celebrityinsider_cover-1521780494.jpg", "keywords": [], "authors": [], "canonical_link": "https://tribune.com.pk/story/1667348/4-jennifer-aniston-brad-pitt-might-getting-back-together", "title": "Jennifer Aniston and Brad Pitt might be getting back together", "meta_data": {"viewport": "width=device-width", "ahrefs-site-verification": "80d91b866834629ca6d4329f97e56e8b3e664a02379ef1426de12c9cf7ce2c34", "fb": {"admins": 503171569, "app_id": 278477199157577, "pages": 111457038871331}, "twitter": {"widgets": {"csp": "on"}, "card": "summary_large_image", "site": "@etribune", "title": "Jennifer Aniston and Brad Pitt might be getting back together", "description": "The two have been reportedly meeting in secret", "image": {"src": "https://tribune-reloaded.s3.amazonaws.com/media/images/1667348-bradjenn_celebrityinsider_cover-1521780494/1667348-bradjenn_celebrityinsider_cover-1521780494.jpg"}}, "csrf-token": "p496qm4bxSE5v6dAn54uIiTIDWvBf6szmHYQnzf5", "robots": "noodp", "og": {"locale": "en_US", "url": "http://tribune.com.pk/story/1667348/4-jennifer-aniston-brad-pitt-might-getting-back-together", "site_name": "The Express Tribune", "type": "article", "title": "Jennifer Aniston and Brad Pitt might be getting back together | The Express Tribune", "description": "The two have been reportedly meeting in secret", "image": "https://tribune-reloaded.s3.amazonaws.com/media/images/1667348-bradjenn_celebrityinsider_cover-1521780494/1667348-bradjenn_celebrityinsider_cover-1521780494.jpg"}, "description": "The two have been reportedly meeting in secret", "title": "Jennifer Aniston and Brad Pitt might be getting back together", "article": {"tag": "Latest", "publisher": "https://tribune.com.pk", "author": "https://tribune.com.pk/author/377", "section": "Life & Style", "published_time": "2018-03-22T23:50:02+00:00"}, "keywords": "Hollywood, Angelina Jolie, brad pitt, George Clooney, Jennifer Aniston, Latest"}, "movies": [], "publish_date": 1521762602.0, "source": "http://tribune.com.pk", "summary": ""}