{"url": "http://www.ilga.gov/legislation/BillStatus.asp?GA=93&DocTypeID=SB&DocNum=130&GAID=3&SessionID=3&LegID=784", "text": "\u00d7\n\nThe Illinois General Assembly offers the Google Translate\u2122 service for visitor convenience. In no way should it be considered accurate as to the translation of any content herein.\n\nVisitors of the Illinois General Assembly website are encouraged to use other translation services available on the internet.\n\nThe English language version is always the official and authoritative version of this website.\n\nNOTE: To return to the original English language version, select the \"Show Original\" button on the Google Translate\u2122 menu bar at the top of the window.", "images": ["http://www.ilga.gov/images/1ptrans.gif", "https://www.gstatic.com/images/branding/googlelogo/1x/googlelogo_color_42x16dp.png", "http://www.ilga.gov/LISlogo1.ico", "http://www.ilga.gov/images/lislogo.jpg", "http://www.ilga.gov/images/logo_sm.gif"], "top_img": "http://www.ilga.gov/LISlogo1.ico", "keywords": [], "authors": [], "canonical_link": "", "title": "Illinois General Assembly", "meta_data": {"classification": "Government", "distribution": "Global", "rating": "General", "contactState": "IL", "siteTitle": "Illinois General Assembly", "keywords": "Illinois General Assembly, legislation, bill status", "description": "Bill Status - Illinois General Assembly", "createDate": "3/21/2001", "dateofLastModification": "3/21/2001", "timePeriodTextual": "2001-2002", "originalControlIdentifier": 1, "medium": "Web Site", "PermanentPublicAccess": "yes", "agencyProgram": "Illinois General Assembly", "language": "EN", "govType": "State", "contactName": "Legislative Information System", "contactOrganization": "LIS Staff Services", "contactStreetAddress1": "705 Stratton Office Building", "contactCity": "Springfield", "contactZipcode": 62706, "contactNetworkAddress": "webmaster@ilga.gov", "contactPhoneNumber": "217-782-3944", "contactFaxNumber": "217-524-6059", "originatorJurisdiction": "State Of Illinois", "originatorOffice": "Illinois General Assembly", "originatorDepartment": "Legislative Information System", "originatorDivision": "Web Staff", "Classification": "Government--State Government--Illinois General Assembly"}, "movies": [], "publish_date": null, "source": "http://www.ilga.gov", "summary": ""}