{"url": "variety.com/2017/tv/reviews/tv-review-saturday-night-live-weekend-update-summer-edition-michael-che-colin-jost-1202523590/", "text": "If \u201cSaturday Night Live\u2019s\u201d enduring \u201c \u201d segment is your cup of tea, then a standalone summer edition will be a welcome respite. If not, \u201cWeekend Update: Summer Edition\u201d is unlikely to seduce you. NBC\u2019s special edition of the faux newscast stretches the segment and adds a commercial break, which that means more than ever its success rests not on the momentum of the evening, the charisma of the host, or the enthusiasm of the studio audience but on the talents and chemistry of anchors Colin Jost and Michael Che. Those two are still grappling with a stilted awkwardness in their \u201cWeekend Update\u201d personas that make them both less engaging than they would otherwise be on their own. But as \u201cSaturday Night Live\u201d has enjoyed a resurgence in ratings and cultural relevancy, Jost\u2019s and Che\u2019s growing pains have smoothed out into a predictable dynamic.\n\nTonight\u2019s premiere of \u201cWeekend Update: Summer Edition\u201d had the advantage of a ton of Trump-related material to work with and several guest appearances: \u201cSNL\u201d cast member Leslie Jones, featured cast members Mikey Day and Alex Moffat, and alum Bill Hader (in a committed impression as Anthony Scaramucci). Jost\u2019s biggest laugh \u2014 one punctuated with gasps and groans \u2014 came from a remark about how even President Franklin Roosevelt knew when to stand up. Che, meanwhile, found his sweet spot in the midst of a long analogy about how the Statue of Liberty had gotten \u201cbougie\u201d lately, which ended with his exclamation: \u201cBitch, you ain\u2019t China!\u201d\n\nStill, with the news being what it is \u2014 and with so many other shows in the satirical news space \u2014 the humor didn\u2019t quite match up to the material. During the regular season, \u201cWeekend Update\u201d gets a handicap precisely because it is buried in the middle of a 90-minute live sketch show with just one week to throw everything together. On its own, the premiere of the summer edition was a reminder of how sharp and hilarious the political satire game can be elsewhere.\n\nWhere \u201cWeekend Update\u201d can stand out is in its commitment to things that aren\u2019t funny-ish one-liners based on headlines. That\u2019s why Jones\u2019 appearances as a randomly horny version of herself are always so welcome. Oddly, the best joke of the night was Moffat as Eric Trump, aah-ing over a fidget spinner, maybe because it barely had to be written at all: Moffat just stared at it, while Day (as Donald Jr.) spun it for him.\n\nWith the threat of nuclear war in the headlines, it\u2019s nice that \u201cWeekend Update\u201d is around for the summer to add a little more levity to a news cycle that is full of fire and fury. And for fans of \u201cSaturday Night Live,\u201d \u201cWeekend Update: Summer Edition\u201d promises to feature contributions from a number of the show\u2019s key cast members during the next few weeks, providing a nice holdover until the mothership returns for Season 43 in the fall.", "images": ["https://variety.com/wp-content/themes/pmc-variety-2020/assets/public/lazyload-fallback.gif", "https://www.facebook.com/tr?id=315552255725686&ev=PageView&noscript=1", "http://pixel.quantserve.com/pixel?a.1=&a.2=p-31f3D02tYU8zY", "https://px.ads.linkedin.com/collect/?pid=1429113&fmt=gif", "https://sb.scorecardresearch.com/p?c1=2&c2=6035310&c3=&c4=&c5=&c6=&c15=&cv=2.0&cj=1", "https://variety.com/wp-content/uploads/2017/08/nup_179345_0004.jpg?w=1024", "https://www.facebook.com/tr?id=586935388485447&ev=PageView&noscript=1"], "top_img": "https://variety.com/wp-content/uploads/2017/08/nup_179345_0004.jpg?w=1024", "keywords": [], "authors": ["Sonia Saraiya"], "canonical_link": "https://variety.com/2017/tv/reviews/tv-review-saturday-night-live-weekend-update-summer-edition-michael-che-colin-jost-1202523590/", "title": "TV Review: \u2018Saturday Night Live: Weekend Update\u2019", "meta_data": {"theme-color": "#fff", "viewport": "width=device-width, initial-scale=1.0", "apple-mobile-web-app-status-bar-style": "black-translucent", "msapplication-config": "https://variety.com/wp-content/themes/pmc-variety-2020/assets/app/browserconfig.xml", "msapplication-TileImage": "https://variety.com/wp-content/uploads/2018/06/variety-favicon.png?w=128", "msapplication-TileColor": "#eff4ff", "description": "\u201cWeekend Update\u201d comes to the summer for four weeks of fake news \u2014\u00a0and Bill Hader as Anthony Scaramucci", "alexaVerifyID": "4IBqfMBcohHTnitnTLanYijElhs", "fb": {"admins": 697514199}, "cXenseParse": {"pmc-lob": "variety", "pmc-page_type": "article", "articleid": 1202523590, "author": "Sonia Saraiya", "pmc-category": "Reviews", "pmc-over_1_year": "yes", "pmc-post_type": "post", "recs": {"publishtime": "2017-08-10T19:58:49"}, "pmc-tag": "Saturday Night Live,Weekend Update", "title": "TV Review: \u2018Saturday Night Live: Weekend Update\u2019", "pageclass": "article", "pmc-vertical": "tv", "pmc-primary-category": "Reviews", "pmc-primary-vertical": "tv", "pmc-is_vyvip_article": "no"}, "apple-itunes-app": "app-id=416179538", "generator": "WordPress 5.5.2", "author": "Sonia Saraiya", "apple-mobile-web-app-capable": "yes", "mobile-web-app-capable": "yes", "apple-touch-fullscreen": "YES", "apple-mobile-web-app-title": "Variety", "application-name": "Variety", "robots": "max-image-preview:large", "content_type": "Article", "post_id": 1202523590, "title": "TV Review: 'Saturday Night Live: Weekend Update'", "published_at": "2017-08-10 19:58:49", "image": "https://variety.com/wp-content/uploads/2017/08/nup_179345_0004.jpg?w=1024", "comment_count": 8, "tags": "Weekend Update", "topics": "Reviews", "appeared_in_print": "No", "body": "If \u201cSaturday Night Live\u2019s\u201d enduring \u201cWeekend Update\u201d segment is your cup of tea, then a standalone summer edition will be a welcome respite. If not, \u201cWeekend Update: Summer Edition\u201d is unlikely to seduce you. NBC's special edition of the faux newscast stretches the segment and adds a commercial break, which that means more than ever its success rests not on the momentum of the evening, the charisma of the host, or the enthusiasm of the studio audience but on the talents and chemistry of anchors Colin Jost and Michael Che. Those two are still grappling with a stilted awkwardness in their \"Weekend Update\" personas that make them both less engaging than they would otherwise be on their own. But as \u201cSaturday Night Live\u201d has enjoyed a resurgence in ratings and cultural relevancy, Jost\u2019s and Che\u2019s growing pains have smoothed out into a predictable dynamic. \r\nTonight's premiere of \u201cWeekend Update: Summer Edition\u201d had the advantage of a ton of Trump-related material to work with and several guest appearances: \u201cSNL\u201d cast member Leslie Jones, featured cast members Mikey Day and Alex Moffat, and alum Bill Hader (in a committed impression as Anthony Scaramucci). Jost\u2019s biggest laugh \u2014 one punctuated with gasps and groans \u2014 came from a remark about how even President Franklin Roosevelt knew when to stand up. Che, meanwhile, found his sweet spot in the midst of a long analogy about how the Statue of Liberty had gotten \u201cbougie\u201d lately, which ended with his exclamation: \u201cBitch, you ain\u2019t China!\u201d\r\nStill, with the news being what it is \u2014 and with so many other shows in the satirical news space \u2014 the humor didn\u2019t quite match up to the material. During the regular season, \u201cWeekend Update\u201d gets a handicap precisely because it is buried in the middle of a 90-minute live sketch show with just one week to throw everything together. On its own, the premiere of the summer edition was a reminder of how sharp and hilarious the political satire game can be elsewhere. \r\nWhere \u201cWeekend Update\u201d can stand out is in its commitment to things that aren\u2019t funny-ish one-liners based on headlines. That's why Jones\u2019 appearances as a randomly horny version of herself are always so welcome. Oddly, the best joke of the night was Moffat as Eric Trump, aah-ing over a fidget spinner, maybe because it barely had to be written at all: Moffat just stared at it, while Day (as Donald Jr.) spun it for him.\r\nWith the threat of nuclear war in the headlines, it\u2019s nice that \u201cWeekend Update\u201d is around for the summer to add a little more levity to a news cycle that is full of fire and fury. And for fans of \u201cSaturday Night Live,\u201d \u201cWeekend Update: Summer Edition\u201d promises to feature contributions from a number of the show's key cast members during the next few weeks, providing a nice holdover until the mothership returns for Season 43 in the fall.", "onesignal": "wordpress-plugin", "fragment": "!", "og": {"type": "article", "title": "TV Review: \u2018Saturday Night Live: Weekend Update\u2019", "url": "https://variety.com/2017/tv/reviews/tv-review-saturday-night-live-weekend-update-summer-edition-michael-che-colin-jost-1202523590/", "description": "If \u201cSaturday Night Live\u2019s\u201d enduring \u201cWeekend Update\u201d segment is your cup of tea, then a standalone summer edition will be a welcome respite. If not, \u201cWeekend Update: Summer Edition\u201d is unlikely to \u2026", "site_name": "Variety", "image": {"identifier": "https://variety.com/wp-content/uploads/2017/08/nup_179345_0004.jpg?w=1024", "width": 1024, "height": 576, "alt": "SATURDAY NIGHT LIVE: WEEKEND UPDATE -- Season 1 -- Pictured: (l-r) Colin Jost, Michael Che -- (Photo by: Mark Ellen Matthews/NBC)"}, "locale": "en_US"}, "article": {"published_time": "2017-08-11T02:58:49+00:00", "modified_time": "2017-08-11T14:34:59+00:00"}, "twitter": {"site": "@variety", "text": {"title": "TV Review: \u2018Saturday Night Live: Weekend Update\u2019"}, "image": {"identifier": "https://variety.com/wp-content/uploads/2017/08/nup_179345_0004.jpg?w=1024", "alt": "SATURDAY NIGHT LIVE: WEEKEND UPDATE -- Season 1 -- Pictured: (l-r) Colin Jost, Michael Che -- (Photo by: Mark Ellen Matthews/NBC)"}, "card": "summary_large_image", "creator": "@soniasaraiya", "title": "TV Review: \u2018Saturday Night Live: Weekend Update\u2019", "description": "\u201cWeekend Update\u201d comes to the summer for four weeks of fake news \u2014\u00a0and Bill Hader as Anthony Scaramucci"}}, "movies": [], "publish_date": 1502420329.0, "source": "http://variety.com", "summary": ""}