{"url": "https://web.archive.org/web/20171228120424/https://twitter.com/RepMaloney/status/842422482518867969", "text": "Tweet with a location\n\nYou can add location information to your Tweets, such as your city or precise location, from the web and via third-party applications. You always have the option to delete your Tweet location history. Learn more", "images": ["https://web.archive.org/web/20171228120424im_/https://pbs.twimg.com/profile_images/842951054161408000/du2kIqKd_normal.jpg", "https://web.archive.org/web/20171228120424im_/https://pbs.twimg.com/profile_images/378800000357423543/3661b7e17517bcd05c25616db4372c94_normal.jpeg", "https://web.archive.org/web/20171228120424im_/https://pbs.twimg.com/profile_images/696126375976005632/IdQ5V8jF_bigger.jpg", "https://web.archive.org/web/20171228120424im_/https://pbs.twimg.com/profile_images/941541691969896448/oXoLCMKq_normal.jpg", "https://web.archive.org/web/20171228120424im_/https://pbs.twimg.com/profile_images/889672450933485568/nJvAC7qt_bigger.jpg", "https://web.archive.org/web/20171228120424im_/https://pbs.twimg.com/profile_images/646399715781701632/2xqiPGwm_normal.jpg", "https://web.archive.org/web/20171228120424im_/https://abs.twimg.com/sticky/default_profile_images/default_profile_normal.png", "https://web.archive.org/web/20171228120424im_/https://abs.twimg.com/a/1513886749/img/search/ic_places_yelp_logo.png", "https://web.archive.org/web/20171228120424im_/https://pbs.twimg.com/ext_tw_video_thumb/842422375064969219/pu/img/SmJadYgH1T7o2rs1.jpg", "https://web.archive.org/web/20171228120424im_/https://pbs.twimg.com/profile_images/833570868768940032/OfqB-rXe_normal.jpg", "https://web.archive.org/web/20171228120424im_/https://pbs.twimg.com/profile_images/842059480842047488/j3HHDZiW_bigger.jpg", "https://web.archive.org/web/20171228120424im_/https://pbs.twimg.com/profile_images/766959630400491520/42WJJtAz_normal.jpg", "https://web.archive.org/web/20171228120424im_/https://pbs.twimg.com/profile_images/461260597623914496/JKt7fcAR_normal.jpeg", "https://web.archive.org/web/20171228120424im_/https://pbs.twimg.com/profile_images/842059480842047488/j3HHDZiW_400x400.jpg", "https://web.archive.org/web/20171228120424im_/https://pbs.twimg.com/profile_banners/258900199/1509543435/1500x500", "https://web.archive.org/web/20171228120424im_/https://pbs.twimg.com/profile_images/842059480842047488/j3HHDZiW_normal.jpg", "https://web.archive.org/web/20171228120424im_/https://abs.twimg.com/a/1513886749/img/search/ic_places_foursquare_logo.png", "https://web.archive.org/web/20171228120424im_/https://pbs.twimg.com/profile_images/528310434994999296/N64aSzLz_normal.png"], "top_img": "https://web.archive.org/web/20171228120424im_/https://pbs.twimg.com/ext_tw_video_thumb/842422375064969219/pu/img/SmJadYgH1T7o2rs1.jpg", "keywords": [], "authors": ["Replying To"], "canonical_link": "https://web.archive.org/web/20171228120424/https://twitter.com/repmaloney/status/842422482518867969", "title": "Carolyn B. Maloney on Twitter: \"Women's health & wellbeing don\u2019t seem to count in the math of the GOP's merciless #PayMoreForLess healthcare bill. We must not defund @PPFA! https:", "meta_data": {"robots": "NOODP", "msapplication-TileImage": "//abs.twimg.com/favicons/win8-tile-144.png", "msapplication-TileColor": "#00aced", "swift-page-name": "permalink", "swift-page-section": "permalink", "al": {"ios": {"url": "twitter://status?id=842422482518867969", "app_store_id": 333903271, "app_name": "Twitter"}, "android": {"url": "twitter://status?status_id=842422482518867969", "package": "com.twitter.android", "app_name": "Twitter"}}, "og": {"type": "video", "url": "https://web.archive.org/web/20171228120424/https://twitter.com/RepMaloney/status/842422482518867969", "title": "Carolyn  B. Maloney on Twitter", "image": "https://web.archive.org/web/20171228120424im_/https://pbs.twimg.com/ext_tw_video_thumb/842422375064969219/pu/img/SmJadYgH1T7o2rs1.jpg", "description": "\u201cWomen's health &amp; wellbeing don\u2019t seem to count in the math of the GOP's merciless #PayMoreForLess healthcare bill. We must not defund @PPFA! https://t.co/vFdqZtv4jD\u201d", "site_name": "Twitter", "video": {"url": "https://web.archive.org/web/20171228120424/https://twitter.com/i/videos/842422482518867969?embed_source=facebook", "secure_url": "https://web.archive.org/web/20171228120424/https://twitter.com/i/videos/842422482518867969?embed_source=facebook", "type": "text/html", "width": 1200, "height": 675}}, "fb": {"app_id": 2231777543}}, "movies": [], "publish_date": null, "source": "https://web.archive.org", "summary": ""}