{"url": "https://www.etonline.com/news/215881_justin_bieber_looks_back_at_2014_arrest", "text": "Justin Bieber posted a meaningful throwback pic to Instagram on Sunday, one that allowed the 23-year-old singer to reflect on a troublesome period in his life.\n\nThe pic contrasts Bieber's infamous January 2014 mugshot alongside a more recent snap of his face.\n\n\n\nWATCH: Justin Bieber Teases New Music In Recording Studio Pics\n\n\"I LOVE THIS because it reminds me IM NOT EXACTLY WHERE I WANT TO BE BUT THANK GOD IM NOT WHERE I USED TO BE!!\" he captioned the snap.\n\nThe mugshot comes from the \"Sorry\" singer's Miami Beach, Florida, arrest for driving under the influence, resisting arrest and having an expired license. At the time, the singer also admitted to having smoked marijuana and taken prescription medication.\n\nThat arrest came amidst a spate of legal trouble for the young Biebs, who also faced charges that year for egging a neighbor's home in Calabasas, California, and dangerous driving during a date with Selena Gomez, in his hometown in Canada.\n\n\n\nNEWS: Justin Bieber Gets Giant Eagle Tattoo On His Stomach\n\nThankfully, Bieber seems to have kept himself largely out of trouble and on the right side of the law more recently. Instead, he's focusing on his Purpose world tour -- and there may even be some new music in the works, according to snaps the singer shared to social media earlier this month.\n\nTake a peek at what the Biebs is teasing in the video below.", "images": ["https://www.etonline.com/sites/default/files/styles/60x60/public/images/2020-11/gettyimages-1287936130.jpg?h=cb5c14b4&itok=WT_pEecL", "https://www.etonline.com/sites/default/files/styles/60x60/public/images/2020-05/gettyimages-1202208195_0.jpg?h=c673cd1c&itok=apk9YTG5", "data:image/gif;base64,R0lGODlhAQABAAAAACwAAAAAAQABAAA=", "https://www.etonline.com/sites/default/files/styles/max_1280x720/public/images/2017-04/et_0423_SocialStudy4_720.png?itok=-B0U25hy"], "top_img": "https://www.etonline.com/sites/default/files/styles/max_1280x720/public/images/2017-04/et_0423_SocialStudy4_720.png?itok=-B0U25hy", "keywords": [], "authors": ["Lynda Brendish"], "canonical_link": "https://www.etonline.com/news/215881_justin_bieber_looks_back_at_2014_arrest", "title": "Justin Bieber Looks Back at 2014 Arrest: 'Thank God I'm Not Where I Used to Be'", "meta_data": {"article": {"opinion": "false"}, "title": "Justin Bieber Looks Back at 2014 Arrest: 'Thank God I'm Not Where I Used to Be' | Entertainment Tonight", "og": {"site_name": "Entertainment Tonight", "type": "Article", "url": "https://www.etonline.com/news/215881_justin_bieber_looks_back_at_2014_arrest", "title": "Justin Bieber Looks Back at 2014 Arrest: 'Thank God I'm Not Where I Used to Be'", "description": "Biebs is in a much better place now!", "image": {"identifier": "https://www.etonline.com/sites/default/files/styles/max_1280x720/public/images/2017-04/et_0423_SocialStudy4_720.png?itok=-B0U25hy", "width": 1280, "height": 720}}, "fb": {"pages": 106843036179, "admins": 3111204, "app_id": 145337045558621}, "robots": "index", "apple-mobile-web-app-capable": "yes", "twitter": {"card": "summary_large_image", "description": "Biebs is in a much better place now!", "site": {"identifier": "@etnow", "id": 23603092}, "title": "Justin Bieber Looks Back at 2014 Arrest: 'Thank God I'm Not Where I Used to Be'", "creator": "Lynda Brendish", "url": "https://www.etonline.com/news/215881_justin_bieber_looks_back_at_2014_arrest", "image": "https://www.etonline.com/sites/default/files/styles/max_1280x720/public/images/2017-04/et_0423_SocialStudy4_720.png?itok=-B0U25hy"}, "description": "Biebs is in a much better place now!", "msvalidate.01": "DC10472F438B55F3A58638BC31271706", "google-site-verification": "hKpIt34FKZ_qMU81xUdLUw2YzuyZY1pS76p0622Hc7w", "keywords": "News, Justin Bieber", "Generator": "Drupal 8 (https://www.drupal.org)", "MobileOptimized": "width", "HandheldFriendly": "true", "viewport": "width=device-width, initial-scale=1.0, minimum-scale=1.0"}, "movies": [], "publish_date": null, "source": "https://www.etonline.com", "summary": ""}