{"url": "www.thisisinsider.com/miley-cyrus-liam-hemsworth-called-off-wedding-according-to-rumours-2018-7", "text": "Reports suggest Miley Cyrus and Liam Hemsworth have called off their wedding \u2014 again.\n\nA source reportedly told OK! Australia on Thursday that the couple couldn't agree on when to have children.\n\nWhile the article appears to have since been taken down, the news has spread like wildfire.\n\nThe rumours come after Cyrus deleted all of her Instagram posts last week.\n\n\n\nMiley Cyrus and Liam Hemsworth have reportedly called off their wedding yet again \u2014 and it's apparently because of a disagreement over when to have kids.\n\nOK! Australia reportedly published the news on Thursday after a source told the site that 28-year-old Hemsworth was keen to become a dad, while 25-year-old Cyrus wasn't ready.\n\nWhile the article appears to have since been taken down, the news has spread like wildfire and has since been reported by the likes of The Daily Mail, The Sun, and the Evening Standard.\n\nAccording the the Mail, the source told OK!: \"He wants kids and doesn't want to keep putting it off but it's not quite the timeline Miley had in mind\u2026 he is left heartbroken.\n\n\"Miley put off plans for the wedding and Liam was growing tired of it\u2026 they haven't been getting along in recent months.\n\n\"[She] didn't really want to get married. It's something that everyone else seemed to get but Liam. [His] family had been begging him to see the light for a long time, but he had faith in Miley. Now he feels like an idiot.\"\n\nRodin Eckenroth / Getty\n\nCyrus sparked attention when she deleted all of her Instagram posts last week.\n\nWhile fans speculated it might mean new music is on the way, it's possible it may have had as much to do with her relationship troubles.\n\nIf true, this is hardly the first time the couple has split \u2014 or called off a wedding.\n\nThey first announced their engagement in 2012, split in 2013, then got back together in 2015.", "images": ["https://i.insider.com/5b50505351dfbe1c008b4568?width=700", "data:image/svg+xml,%3Csvg xmlns='http://www.w3.org/2000/svg' viewBox='0 0 1 1'%3E%3C/svg%3E", "https://i.insider.com/5b5053a251dfbe1e008b456b?width=600&format=jpeg&auto=webp", "http://www.thisisinsider.com/miley-cyrus-liam-hemsworth-called-off-wedding-according-to-rumours-2018-7?width=600&format=jpeg&auto=webp", "https://i.insider.com/5b50506751dfbe1f008b4569?width=1200&format=jpeg"], "top_img": "https://i.insider.com/5b50506751dfbe1f008b4569?width=1200&format=jpeg", "keywords": [], "authors": ["Alison Millington"], "canonical_link": "https://www.insider.com/miley-cyrus-liam-hemsworth-called-off-wedding-according-to-rumours-2018-7", "title": "Reports suggest Miley Cyrus and Liam Hemsworth have called off their wedding again \u2014 and it's apparently because of a disagreement over having kids", "meta_data": {"viewport": "width=device-width, initial-scale=1", "title": "Reports suggest Miley Cyrus and Liam Hemsworth have called off their wedding again \u2014 and it's apparently because of a disagreement over having kids", "date": "2018-07-19", "pubdate": "2018-07-19T09:17:41Z", "lastmod": "2018-07-19T17:48:18Z", "news_keywords": "Miley Cyrus, Liam Hemsworth, celebrity couple, Celebrity Split, Celebrity Breakup, breakup, Alison Millington", "description": "OK! Australia reportedly published the news on Thursday after a source told the site that 28-year-old Hemsworth was keen to become a dad, while 25-year-old Cyrus wasn't ready. The article since appears to have been taken down, but the news has spread like wildfire.", "author": "Alison Millington", "article": {"publisher": "insider", "content_tier": "free", "opinion": "false"}, "tbi-vertical": "People", "og": {"title": "Reports suggest Miley Cyrus and Liam Hemsworth have called off their wedding again \u2014 and it's apparently because of a disagreement over having kids", "description": "OK! Australia reportedly published the news on Thursday after a source told the site that 28-year-old Hemsworth was keen to become a dad, while 25-year-old Cyrus wasn't ready. The article since appears to have been taken down, but the news has spread like wildfire.", "type": "article", "url": "https://www.insider.com/miley-cyrus-liam-hemsworth-called-off-wedding-according-to-rumours-2018-7", "image": "https://i.insider.com/5b50506751dfbe1f008b4569?width=1200&format=jpeg", "site_name": "Insider"}, "robots": "max-image-preview:large", "sailthru.title": "Reports suggest Miley Cyrus and Liam Hemsworth have called off their wedding again \u2014 and it's apparently because of a disagreement over having kids", "sailthru.date": "2018-07-19", "sailthru.tags": "Miley Cyrus, Liam Hemsworth, celebrity couple, Celebrity Split, Celebrity Breakup, breakup, Alison Millington", "sailthru.description": "OK! Australia reportedly published the news on Thursday after a source told the site that 28-year-old Hemsworth was keen to become a dad, while 25-year-old Cyrus wasn't ready. The article since appears to have been taken down, but the news has spread like wildfire.", "sailthru.author": "Alison Millington", "sailthru.verticals": "people, bi", "sailthru.image.full": "https://i.insider.com/5b50505351dfbe1c008b4568?width=1200&format=jpeg", "sailthru.image.thumb": "https://i.insider.com/5b50505351dfbe1c008b4568?width=160&format=jpeg", "twitter": {"card": "summary_large_image", "site": "@thisisinsider"}, "Insider": "Snapchat", "Reports suggest Miley Cyrus and Liam Hemsworth have called off their wedding again \u2014 and it's apparently because of a disagreement over having kids": "The Fastest Way to Share a Moment!", "fb": {"pages": 1413475698959824}, "linkedin": {"owner": "mid:1d5f7b"}, "viking-id": "5b504fbd51dfbe2b008b4567", "env": "prod", "msapplication-config": "//www.insider.com/public/assets/INSIDER/US/favicons/browserconfig.xml?12-31-19", "theme-color": "#ffffff"}, "movies": [], "publish_date": 1531951200.0, "source": "http://www.thisisinsider.com", "summary": ""}