{"url": "https://hollywoodlife.com/2017/05/11/natalya-neidhart-brie-bella-mom-interview-daughter-birdie/", "text": "Brie Bella became a new mom days ago, and already friends are showering her & hubby Daniel Bryan with love. Revealing to us EXCLUSIVELY just how thrilled she is for Brie, WWE star Natalya Neidhart gushed about how \u2018spoiled\u2019 baby Birdie is going to be, AND that she thinks Daniel will be the diaper king!\n\nAt over 41 weeks pregnant, Brie Bella, 33, FINALLY gave birth to her and her husband Daniel Bryan\u2018s(real name Bryan Danielson,) 35, first child on May 9! The two welcomed daughter Birdie Joe Danielson into the world at 11:58 p.m., and already they\u2019re completely in love with the little angel. SO in love in fact that fellow WWE Superstar Natalya Neidhart, 34, is already predicting Birdie will be one adorably spoiled child!\n\n\u201cI\u2019m so happy for Brie! She\u2019s wanted to be a mom her whole life and now her dreams are finally coming true,\u201d Natalya revealed to HollywoodLife.com EXCLUSIVELY. \u201cShe and Bryan are going to make amazing parents and it\u2019s going to be such an exciting, new journey for them!\u201d Of course the athlete couldn\u2019t help mentioning the couple\u2019s newborn daughter, who she happens to think is already a daddy\u2019s girl.\u201dBirdie is going to be so loved and so spoiled,\u201d Natalya continued. \u201cI somehow have a feeling Bryan will be on diaper duty a lot!\u201d LOL.\n\nAlthough competitors in the ring, Natalya and Brie are friends IRL, and we love how excited she is for her fellow Total Divas star! After all, Natalya IS right, Brie\u2019s wanted to have a child for quite a while now. She even told Fit Pregnancy magazine earlier this year that becoming pregnant was \u201cone of the greatest moments\u201d of her life!\n\n\u201cWhen I saw the positive \u2014 you know, I\u2019m an athlete \u2014 it felt like I had won a championship! It took my breath away. I screamed out to tell Bryan,\u201d she gushed to the publication. We can totally see Daniel being an amazing dad too, and we hope Natalya\u2019s right \u2014 the athlete on diaper duty sounds WAY too precious.\n\nTell us, HollywoodLifers, can you too see Daniel on diaper duty a lot? Are you excited to see Birdie\u2019s first pic?", "images": ["https://hollywoodlife.com/wp-content/uploads/2020/11/travis-scott-skips-houston-for-kylie-and-stormi-mega-ftr.jpg?w=143&h=80&crop=1", "https://hollywoodlife.com/wp-content/uploads/2020/11/sport-bra-ftr.jpg?w=143&h=80&crop=1", "https://www.sheknows.com/wp-content/uploads/2020/05/celebrity-women-who-arent-afraid-of-talking-about-masturbation.jpg?w=230&crop=1", "https://www.rollingstone.com/wp-content/uploads/2020/11/tyson-vs-jones-live-stream.jpg?w=230&crop=1", "https://pixel.quantserve.com/pixel?a.1=p-6fKiDaopTGEQg&a.2=p-31f3D02tYU8zY", "https://hollywoodlife.com/wp-content/uploads/2017/05/brie-bella-new-mom-ftr.jpg", "https://hollywoodlife.com/wp-content/uploads/2017/06/kathleen-harper.jpg?w=43", "https://sb.scorecardresearch.com/p?c1=2&c2=6035310&c3=&c4=&c5=&c6=&c15=&cv=2.0&cj=1", "https://stylecaster.com/wp-content/uploads/2020/11/etsy-BF.gif?w=230&crop=1", "https://hollywoodlife.com/wp-content/uploads/2017/05/brie-bella-new-mom-ftr.jpg?w=600", "https://footwearnews.com/wp-content/uploads/2020/11/vanessa-hudgens-crop-top-jeans.jpg?w=230&crop=1", "data:image/gif;base64,R0lGODlhAQABAIAAAAAAAP///yH5BAEAAAAALAAAAAABAAEAAAIBRAA7", "https://tvline.com/wp-content/uploads/2020/11/the-masked-singer-paul-anka-broccoli-season-4-interview-video.jpg?w=230&crop=1", "https://hollywoodlife.com/wp-content/uploads/2020/11/patrick-mahomes-fiancee-baby-bump-ap-images-ftr.jpg?w=143&h=80&crop=1"], "top_img": "https://hollywoodlife.com/wp-content/uploads/2017/05/brie-bella-new-mom-ftr.jpg", "keywords": [], "authors": ["Kathleen Harper", "Erika Janes", "Claire Gillespie", "Mia Maguire", "Kimberly Roots", "Tim Chan", "Claudia Miller", "Celebrity Baeditor"], "canonical_link": "https://hollywoodlife.com/2017/05/11/natalya-neidhart-brie-bella-mom-interview-daughter-birdie/", "title": "Natalya Neidhart \u2018So Happy\u2019 For New Mom Brie Bella: Predicts \u2018Diaper Duty\u2019 For Daniel Bryan", "meta_data": {"description": "Revealing to us EXCLUSIVELY just how thrilled she is for new mom Brie Bella, WWE star Natalya Neidhart gushed about how 'spoiled' baby Birdie is going to be, AND that she thinks Daniel will be diaper duty king!", "news_keywords": "Brie Bella, Daniel Bryan, Natalya Neidhart, Sports, Total Bellas", "apple-itunes-app": "app-id=1400650284", "generator": "WordPress 5.5.2", "author": "Kathleen Harper", "theme-color": "#fff", "apple-mobile-web-app-capable": "yes", "mobile-web-app-capable": "yes", "apple-touch-fullscreen": "YES", "apple-mobile-web-app-title": "Hollywood Life", "application-name": "Hollywood Life", "fb": {"pages": 94724837471}, "ia": {"markup_url_dev": "https://hollywoodlife.com/2017/05/11/natalya-neidhart-brie-bella-mom-interview-daughter-birdie/?ia_markup=1"}, "robots": "max-image-preview:large", "onesignal": "wordpress-plugin", "og": {"type": "article", "title": "Natalya Neidhart \u2018So Happy\u2019 For New Mom Brie Bella: Predicts \u2018Diaper Duty\u2019 For Daniel Bryan", "url": "https://hollywoodlife.com/2017/05/11/natalya-neidhart-brie-bella-mom-interview-daughter-birdie/", "description": "Brie Bella became a new mom days ago, and already friends are showering her & hubby Daniel Bryan with love. Revealing to us EXCLUSIVELY just how thrilled she is for Brie, WWE star Natalya Neidh\u2026", "site_name": "Hollywood Life", "image": {"identifier": "https://hollywoodlife.com/wp-content/uploads/2017/05/brie-bella-new-mom-ftr.jpg", "width": 600, "height": 598, "alt": "Daniel Bryan and Brie Bella"}, "locale": "en_US"}, "article": {"published_time": "2017-05-11T18:11:27+00:00", "modified_time": "2017-05-11T18:15:22+00:00"}, "twitter": {"text": {"title": "Natalya Neidhart \u2018So Happy\u2019 For New Mom Brie Bella: Predicts \u2018Diaper Duty\u2019 For Daniel Bryan"}, "image": {"identifier": "https://hollywoodlife.com/wp-content/uploads/2017/05/brie-bella-new-mom-ftr.jpg?w=600", "alt": "Daniel Bryan and Brie Bella"}, "card": "summary_large_image", "site": "@HollywoodLife", "title": "Natalya Neidhart \u2018So Happy\u2019 For New Mom Brie Bella: Predicts \u2018Diaper Duty\u2019 For Daniel Bryan", "description": "Revealing to us EXCLUSIVELY just how thrilled she is for new mom Brie Bella, WWE star Natalya Neidhart gushed about how 'spoiled' baby Birdie is going to be, AND that she thinks Daniel will be diaper duty king!"}, "msapplication-TileImage": "https://hollywoodlife.com/wp-content/uploads/2018/06/hl_logo.png?w=128"}, "movies": ["https://www.youtube.com/embed/4Ce5lHPG29E?version=3&rel=1&showsearch=0&showinfo=1&iv_load_policy=1&fs=1&hl=en-US&autohide=2&wmode=transparent"], "publish_date": 1494453600.0, "source": "https://hollywoodlife.com", "summary": ""}