{"url": "http://time.com/4745103/richard-simmons-hospitalized-severe-indigestion/", "text": "Fitness guru Richard Simmons has been hospitalized in California for \u201csevere indigestion.\u201d\n\nSimmons\u2019s spokesperson Michael Catalano told ABC News that he the 68-year-old celebrity is doing better after he was hospitalized in an \u201cundisclosed location\u201d Monday.\n\n\u201cAfter a few days of battling severe indigestion and discomfort while eating, we agreed it was best for him to seek treatment,\u201d Catalano told ABC.\n\nSimmons been out of a public eye for a number of years. His absence spurred the podcast Missing Richard Simmons. Earlier this month, however, Simmons signed a merchandising deal after the podcast brought his story back into the public eye.\n\nSimmons is expected to make a full recovery, according to Catalano.\n\nGet The Brief. Sign up to receive the top stories you need to know right now. Please enter a valid email address. Sign Up Now Check the box if you do not wish to receive promotional offers via email from TIME. You can unsubscribe at any time. By signing up you are agreeing to our Terms of Use and Privacy Policy . This site is protected by reCAPTCHA and the Google Privacy Policy and Terms of Service apply. Thank you! For your security, we've sent a confirmation email to the address you entered. Click the link to confirm your subscription and begin receiving our newsletters. If you don't get the confirmation within 10 minutes, please check your spam folder.\n\nContact us at letters@time.com.", "images": ["https://api.time.com/wp-content/uploads/2020/09/TIM201005_RBG.CoverFINAL-1.jpg?quality=85&w=1024", "https://api.time.com/wp-content/uploads/2020/11/bts-army.jpg?quality=85&w=600", "https://api.time.com/wp-content/uploads/2020/08/ryan-reynolds-blake-lively-plantation-wedding-regret.jpg?quality=85&w=600", "http://time.com/img/loading-circle.gif", "https://api.time.com/wp-content/uploads/2017/04/rs.jpg?quality=85&w=1200&h=628&crop=1", "http://time.com/img/newsletter-round.svg", "https://api.time.com/wp-content/uploads/2017/09/time-newsletter-tout-footer.png", "http://time.com/img/Paper-plane.svg", "https://api.time.com/wp-content/uploads/2017/04/rs.jpg", "https://api.time.com/wp-content/uploads/2020/11/INT_TIM201130_EUROPE.jpg?quality=85&w=1024"], "top_img": "https://api.time.com/wp-content/uploads/2017/04/rs.jpg?quality=85&w=1200&h=628&crop=1", "keywords": [], "authors": ["Lisa Marie Segarra"], "canonical_link": "https://time.com/4745103/richard-simmons-hospitalized-severe-indigestion/", "title": "Richard Simmons Hospitalized for 'Severe Indigestion'", "meta_data": {"viewport": "width=device-width, initial-scale=1, maximum-scale=1, minimum-scale=1, user-scalable=no", "keywords": "richard simmons, richard simmons hospitalized, richard simmons missing, richard simmons hospital, richard simmons found, richard simmons california, is richard simmons dead, where is richard simmons", "news_keywords": "richard simmons, richard simmons hospitalized, richard simmons missing, richard simmons hospital, richard simmons found, richard simmons california, is richard simmons dead, where is richard simmons", "description": "Fitness guru Richard Simmons has been hospitalized in California for \"severe indigestion.\" His spokesman said he's expected to recover", "og": {"title": "Richard Simmons Hospitalized for 'Severe Indigestion'", "type": "article", "site_name": "Time", "url": "https://time.com/4745103/richard-simmons-hospitalized-severe-indigestion/", "description": "The fitness guru is expected to make a full recovery", "image": {"identifier": "https://api.time.com/wp-content/uploads/2017/04/rs.jpg?quality=85&w=1200&h=628&crop=1", "width": 1200, "height": 628}}, "article": {"content_tier": "free", "opinion": "false"}, "pinterest": {"url": "https://time.com/4745103/richard-simmons-hospitalized-severe-indigestion/", "description": "Fitness guru Richard Simmons has been hospitalized in California for \"severe indigestion.\" His spokesman said he's expected to recover", "media": "https://api.time.com/wp-content/uploads/2017/04/rs.jpg?quality=85&w=1200&h=628&crop=1"}, "twitter": {"card": "summary_large_image", "url": "https://time.com/4745103/richard-simmons-hospitalized-severe-indigestion/", "title": "Richard Simmons Hospitalized for 'Severe Indigestion'", "description": "The fitness guru is expected to make a full recovery", "site": "@TIME", "image": "https://api.time.com/wp-content/uploads/2017/04/rs.jpg?quality=85&w=1024&h=512&crop=1"}, "fb": {"app_id": 53177223193, "pages": 10606591490}, "recaptcha-key": "6LfZrtgZAAAAAJ8n221oa1YgG6cVvoOPgamCm6oT"}, "movies": [], "publish_date": null, "source": "http://time.com", "summary": ""}