{"url": "https://people.com/celebrity/kylie-jenner-las-vegas-protesters/", "text": "Kylie Jenner\u2018s appearance in Las Vegas on Saturday night was overshadowed by protesters.\n\nJenner arrived several hours late to her advertised appearance at Sugar Factory\u2019s Las Vegas grand opening on Saturday, waving to the hundreds of fans who waited for about three hours to simply get a glimpse of the 19-year-old makeup mogul.\n\nGet push notifications with news, features and more.\n\nFans screamed from the ground floor and from an overhanging balcony when the Keeping Up with the Kardashians star showed up to the red carpet, where she wore a figure-flattering striped bodycon dress. Moments after she was there, four protesters, dressed in casual clothes, stood up and began shouting, \u201cShe\u2019s got blood on her hands,\u201d referencing the times Jenner\u2019s worn fur.\n\nAfter quickly moving inside, Jenner was surrounded by friends. There, she toured the restaurant-confectionery and took selfies with fans but clearly felt shaken by the ordeal.\n\nImage zoom\n\nShe shared a solo shot of her fur-free look on Instagram, captioning with two black heart emojis.\n\nShe had also announced her arrival to Sin City prior to the appearance, dressed in sweats and a crop top.\n\nRELATED VIDEO: Kylie Jenner Opens up About the First Time She Saw Her Dad in Women\u2019s Clothing\n\nMeanwhile, ex-boyfriend Tyga was spotted with a Jenner look-a-like in Los Angeles earlier this week.", "images": ["https://imagesvc.meredithcorp.io/v3/mm/image?url=https%3A%2F%2Fstatic.onecms.io%2Fwp-content%2Fuploads%2Fsites%2F20%2F2020%2F11%2F12%2Fthanksgiving-covid-150x150.jpg", "https://imagesvc.meredithcorp.io/v3/mm/image?url=https%3A%2F%2Fstatic.onecms.io%2Fwp-content%2Fuploads%2Fsites%2F20%2F2016%2F05%2F06%2Fprincess-diana-21.jpg", "https://imagesvc.meredithcorp.io/v3/mm/image?url=https%3A%2F%2Fstatic.onecms.io%2Fwp-content%2Fuploads%2Fsites%2F20%2F2020%2F07%2F23%2Ftout.jpg", "data:image/svg+xml,%3Csvg%20xmlns='http://www.w3.org/2000/svg'%20viewBox='0%200%20100%20133'%3E%3C/svg%3E", "https://imagesvc.meredithcorp.io/v3/mm/image?q=85&c=sc&poi=face&w=1416&h=741&url=https%3A%2F%2Fstatic.onecms.io%2Fwp-content%2Fuploads%2Fsites%2F20%2F2017%2F04%2Fkylie-jenner-a1-2000.jpg", "https://peopledotcom.files.wordpress.com/2018/09/thumbnail_generic.png", "data:image/svg+xml,%3Csvg%20xmlns='http://www.w3.org/2000/svg'%20viewBox='0%200%20100%20100'%3E%3C/svg%3E", "data:image/svg+xml,%3Csvg%20xmlns='http://www.w3.org/2000/svg'%20viewBox='0%200%20100%2067'%3E%3C/svg%3E", "https://imagesvc.meredithcorp.io/v3/mm/image?url=https%3A%2F%2Fstatic.onecms.io%2Fwp-content%2Fuploads%2Fsites%2F20%2F2020%2F08%2F04%2Fcoyote-ugly-2000.jpg", "https://imagesvc.meredithcorp.io/v3/mm/image?url=https%3A%2F%2Fstatic.onecms.io%2Fwp-content%2Fuploads%2Fsites%2F20%2F2020%2F07%2F19%2Ftiaras-2.jpg", "https://imagesvc.meredithcorp.io/v3/mm/image?url=https%3A%2F%2Fstatic.onecms.io%2Fwp-content%2Fuploads%2Fsites%2F20%2F2020%2F11%2F12%2Fcat-phone.jpg", "https://imagesvc.meredithcorp.io/v3/mm/image?url=https%3A%2F%2Fstatic.onecms.io%2Fwp-content%2Fuploads%2Fsites%2F20%2F2017%2F04%2Fkylie-jenner-b-1-2000.jpg", "https://imagesvc.meredithcorp.io/v3/mm/image?url=https%3A%2F%2Fstatic.onecms.io%2Fwp-content%2Fuploads%2Fsites%2F20%2F2017%2F04%2Fkylie-jenner-a1-2000.jpg"], "top_img": "https://imagesvc.meredithcorp.io/v3/mm/image?q=85&c=sc&poi=face&w=1416&h=741&url=https%3A%2F%2Fstatic.onecms.io%2Fwp-content%2Fuploads%2Fsites%2F20%2F2017%2F04%2Fkylie-jenner-a1-2000.jpg", "keywords": [], "authors": ["Mark Gray", "Katherine Richter"], "canonical_link": "https://people.com/celebrity/kylie-jenner-las-vegas-protesters/", "title": "Protesters Disrupt Kylie Jenner's Las Vegas Appearance", "meta_data": {"viewport": "width=device-width, initial-scale=1", "keywords": "Kendall Jenner,Kylie Jenner,News,TV", "news_keywords": "Kendall Jenner,Kylie Jenner,News,TV", "description": "Kylie Jenner's public appearance on Saturday night was overshadowed by protesters", "og": {"title": "Protesters Disrupt Kylie Jenner's Las Vegas Appearance", "type": "article", "site_name": "PEOPLE.com", "url": "https://people.com/celebrity/kylie-jenner-las-vegas-protesters/", "description": "Kylie Jenner's public appearance on Saturday night was overshadowed by protesters", "image": {"identifier": "https://imagesvc.meredithcorp.io/v3/mm/image?q=85&c=sc&poi=face&w=1416&h=741&url=https%3A%2F%2Fstatic.onecms.io%2Fwp-content%2Fuploads%2Fsites%2F20%2F2017%2F04%2Fkylie-jenner-a1-2000.jpg", "width": 1416, "height": 741}}, "pinterest": {"url": "https://people.com/celebrity/kylie-jenner-las-vegas-protesters/", "description": "Kylie Jenner's public appearance on Saturday night was overshadowed by protesters", "media": "https://imagesvc.meredithcorp.io/v3/mm/image?url=https%3A%2F%2Fstatic.onecms.io%2Fwp-content%2Fuploads%2Fsites%2F20%2F2017%2F04%2Fkylie-jenner-a1-2000.jpg"}, "twitter": {"card": "summary_large_image", "url": "https://people.com/celebrity/kylie-jenner-las-vegas-protesters/", "title": "Protesters Disrupt Kylie Jenner's Las Vegas Appearance", "description": "Kylie Jenner's public appearance on Saturday night was overshadowed by protesters", "site": "@people", "image": "https://imagesvc.meredithcorp.io/v3/mm/image?q=85&c=sc&poi=face&w=1416&h=741&url=https%3A%2F%2Fstatic.onecms.io%2Fwp-content%2Fuploads%2Fsites%2F20%2F2017%2F04%2Fkylie-jenner-a1-2000.jpg"}, "robots": "max-image-preview:large", "fb": {"app_id": 610948219662029, "pages": 95926963131}, "article": {"opinion": "false"}, "p": {"domain_verify": "755183be01bfc739a9cac6673f1f2c1b"}}, "movies": [], "publish_date": null, "source": "https://people.com", "summary": ""}