{"url": "www.newshub.co.nz/home/entertainment/2018/05/khloe-kardashian-wants-her-daughter-true-to-marry-prince-george-report.html", "text": "Sorry!\n\nThis content is not available in your region", "images": ["http://www.newshub.co.nz/home/entertainment/2018/05/assets/favicon.ico"], "top_img": "http://www.newshub.co.nz/home/entertainment/2018/05/assets/favicon.ico", "keywords": [], "authors": [], "canonical_link": "", "title": "Country Restricted", "meta_data": {"viewport": "width=device-width, initial-scale=1.0"}, "movies": [], "publish_date": null, "source": "http://www.newshub.co.nz", "summary": ""}