{"url": "https://www.onenewspage.com/n/Entertainment/75e71qqm4/Dorinda-Medley-Goes-After-Sonja-Morgan-With-Vaginal.htm", "text": "\n\nRome airport poised to try 'COVID tested\" flights from US ROME (AP) \u2014 Italian authorities will soon approve an experiment with \u201cCOVID tested\u201d flights from three U.S. airports with the aim of eliminating the...\n\n\n\n\n\n\n\nHow to Carve a Turkey Ray Venezia, master butcher and Fairway Market meat consultant, shows how to carve a turkey.\n\n\n\n\n\n\n\nJohnny Depp denied appeal in libel case Johnny Depp has been denied an appeal in his recently lost libel case against The Sun newspaper. American actor Johnny Depp gestures to the media as he arrives...\n\n\n\n\n\n\n\nSparta Prague v Celtic Preview followed by live coverage of Thursday's Europa League game between Sparta Prague and Celtic.\n\n\n\n\n\n\n\nA Turkey Recipe for 2020 How to feel better about this horrible year.\n\n\n\n\n\n\n\nNew Mexico passes $330 million coronavirus relief bill The largest appropriation of the bill will go directly to all types of unemployed workers\u200b in the form of a one-time $1,200 check and up to $50,000 for certain...\n\n\n\n", "images": ["https://pixel.quantserve.com/pixel/p-bd2hUjN1_kgv6.gif", "https://cdn.newsserve.net/ONPglobe256.png", "https://sb.scorecardresearch.com/p?c1=2&c2=19293788&cv=2.0&cj=1"], "top_img": "https://cdn.newsserve.net/ONPglobe256.png", "keywords": [], "authors": [], "canonical_link": "https://www.onenewspage.com/", "title": "One News Page", "meta_data": {"description": "One News Page: News and Video Portal Trusted Since 2008. Featuring 100 million news articles, headlines and videos from hand-curated, verified  global media sources.", "keywords": "one news page, trusted news, factual videos, verified sources", "viewport": "width=device-width", "robots": "max-snippet:160, max-image-preview:large, max-video-preview:10", "msapplication-TileColor": "#2b5797", "theme-color": "#ffffff", "og": {"locale": "en_US", "type": "website", "title": "One News Page | Trusted News and Video Discovery", "description": "One News Page: News and Video Portal Trusted Since 2008. Featuring 100 million news articles, headlines and videos from hand-curated, verified  global media sources.", "url": "https://www.onenewspage.com/", "site_name": "One News Page", "image": {"identifier": "https://cdn.newsserve.net/ONPglobe256.png", "type": "image/png", "width": 256, "height": 256, "alt": "One News Page | Trusted News and Video Discovery"}}, "fb": {"admins": 1031771666, "app_id": 177726528911085, "pages": 221369294711}, "twitter": {"card": "summary", "site": "@One_News_Page", "url": "https://www.onenewspage.com/", "title": "One News Page | Trusted News and Video Discovery", "description": "One News Page: News and Video Portal Trusted Since 2008. Featuring 100 million news articles, headlines and videos from hand-curated, verified  global media sources.", "image": "https://cdn.newsserve.net/ONPglobe256.png"}}, "movies": [], "publish_date": null, "source": "https://www.onenewspage.com", "summary": ""}