{"url": "https://web.archive.org/web/20180412001952/https://evanjenkins.house.gov/media-center/press-releases/rep-jenkins-opioid-crisis-funding-should-be-based-need", "text": "WASHINGTON \u2013 U.S. Representative Evan Jenkins (R-W.Va.) is continuing to push for passage of his legislation to ensure federal opioid epidemic funding goes to the states most affected, like West Virginia.\n\nThe federal Substance Abuse and Mental Health Administration announced on Monday that West Virginia will be receiving $330,000 in additional funding, as our state has the highest overdose death rate in the nation.\n\nThis supplemental funding was needed because the formula for funding under the 21st Century Cures Act sent large amounts of funding to populous states, while states most impacted saw smaller amounts and had unmet needs.\n\n\u201cI appreciate and welcome this additional funding to help our state combat the drug crisis. Federal agencies must prioritize aid to the states struggling the most, and West Virginia must be at the very top of the list. President Trump unveiled his opioid response plan this week, and it is time for Congress to pass my legislation to make sure that West Virginia and other states hardest hit by the drug crisis get the resources they need to truly make an impact in combating this epidemic. We must to everything possible to help people in need find recovery and stop the flood of opioids and other drugs into our communities,\u201d Rep. Jenkins said.\n\nThe 21st Century Cures Act, bipartisan legislation signed into law in 2016, included $1 billion in funding to address the drug crisis. In distributing these funds, the U.S. Health and Human Services Department and the Substance Abuse and Mental Health Services Administration relied on a funding formula that benefited states with larger populations.\n\nThe Federal Opioid Response Fairness Act, introduced by Jenkins and Rep. Annie Kuster (D-N.H.), would make clear that per capita overdose deaths should be a part of the formula used to distribute 21st Century Cures Act funding. The introduction of this bill followed an announcement by the U.S. Health and Human Services Department and SAMHSA that there would be no change in the funding formula for the distribution of opioid State Targeted Response grants.", "images": ["https://web.archive.org/web/20180412001952im_/https://evanjenkins.house.gov/sites/evanjenkins.house.gov/files/Seal_of_the_United_States_House_of_Representatives.png", "https://web.archive.org/web/20180412001952im_/https://evanjenkins.house.gov/sites/evanjenkins.house.gov/themes/twelve_evanjenkins/logo.png", "https://web.archive.org/web/20180412001952im_/https://evanjenkins.house.gov/sites/all/themes/member_omega2/images/burger-close.png", "https://web.archive.org/web/20180412001952im_/https://evanjenkins.house.gov/sites/evanjenkins.house.gov/files/styles/congress_office_location_thumbnail/public/featured_image/office_location/Office-DCSmall.jpg?itok=WaO-hwUx", "https://web.archive.org/web/20180412001952im_/https://evanjenkins.house.gov/sites/evanjenkins.house.gov/files/styles/congress_office_location_thumbnail/public/featured_image/office_location/Office-Door-1Small.jpg?itok=fHClpvKF", "https://web.archive.org/web/20180412001952im_/https://evanjenkins.house.gov/sites/all/themes/member_omega2/images/burger-open.png"], "top_img": "https://web.archive.org/web/20180412001952im_/https://evanjenkins.house.gov/sites/evanjenkins.house.gov/files/Seal_of_the_United_States_House_of_Representatives.png", "keywords": [], "authors": [], "canonical_link": "https://web.archive.org/web/20180412001952/https://evanjenkins.house.gov/media-center/press-releases/rep-jenkins-opioid-crisis-funding-should-be-based-need", "title": "REP. JENKINS: OPIOID CRISIS FUNDING SHOULD BE BASED ON NEED", "meta_data": {"viewport": "width=device-width, initial-scale=1, maximum-scale=1, minimum-scale=1, user-scalable=yes", "description": "WASHINGTON \u2013 U.S. Representative Evan Jenkins (R-W.Va.) is continuing to push for passage of his legislation to ensure federal opioid epidemic funding goes to the states most affected, like West Virginia. The federal Substance Abuse and Mental Health Administration announced on Monday that West Virginia will be receiving $330,000 in additional funding, as our state has the highest overdose death rate in the nation.", "og": {"site_name": "Congressman Evan Jenkins", "type": "article", "url": "https://web.archive.org/web/20180412001952/https://evanjenkins.house.gov/media-center/press-releases/rep-jenkins-opioid-crisis-funding-should-be-based-need", "title": "REP. JENKINS: OPIOID CRISIS FUNDING SHOULD BE BASED ON NEED", "description": "WASHINGTON \u2013 U.S. Representative Evan Jenkins (R-W.Va.) is continuing to push for passage of his legislation to ensure federal opioid epidemic funding goes to the states most affected, like West Virginia. The federal Substance Abuse and Mental Health Administration announced on Monday that West Virginia will be receiving $330,000 in additional funding, as our state has the highest overdose death rate in the nation.", "updated_time": "2018-03-20T13:56:46-04:00"}, "article": {"published_time": "2018-03-20T13:56:46-04:00", "modified_time": "2018-03-20T13:56:46-04:00"}}, "movies": [], "publish_date": 1521568606.0, "source": "https://web.archive.org", "summary": ""}