{"url": "hollywoodlife.com/2017/11/24/travis-scott-kylie-jenner-thanksgiving-fight-hiding-pregnancy/", "text": "Travis Scott wanted Kylie Jenner to celebrate Thanksgiving with him in Houston but she said now. Now, we\u2019ve EXCLUSIVELY learned these two fought over her decision to hide her alleged pregnancy from the public!\n\nTravis Scott, 25, nearly had the perfect Thanksgiving. He was missing just one ingredient: Kylie Jenner! The 20-year-old Keeping up with the Kardashians star was invited to join Travis in his hometown of Houston, but she decided to kick it with her family at home (where she would be far from the public eye.) This, needless to say, left Travis with a bad taste in his mouth. \u201cTravis is super supportive of Kylie and obviously wants her to do whatever she needs to do to take the best care of herself but he does wish she\u2019d come out of hiding,\u201d a source close to Travis EXCLUSIVELY tells HollywoodLife.com.\n\n\u201cIt\u2019s hard for him because he wants them to do normal stuff together, instead of just hiding out at her house,\u201d the source tells HollywoodLife.com. The insider brought up that Travis and Cactus Jack Records hosted a turkey drive for Hurricane Harvey relief in downtown Houston on Nov. 23. \u201cHe was begging her to come out and do it with him, but she said no. She doesn\u2019t want to be photographed at all right now. They had a bit of a fight over it. He\u2019s proud of her and wanted her there by his side. He was disappointed she wouldn\u2019t come.\u201d\n\nOh no! Does this mean that Kylie and her alleged baby daddy are on the rocks? Thankfully, this was just a bump in the road, as the insider told HollywoodLife.com that \u201cthey made up\u201d afterward. \u201cHe can\u2019t ever stay mad at her for long but this whole thing of her wanting to say in hiding is an issue for him. He\u2019s trying his best to be understanding but he does question this whole need for her to stay in hiding,\u201d the insider added. \u201cHe doesn\u2019t really get it.\n\nTravis may need to \u201cget it\u201d soon, because Kylie reportedly doesn\u2019t want to go out in public until her alleged baby is born. She wants to \u201cdisappear\u201d and focus on her health and happiness during this reported pregnancy, and she reportedly won\u2019t even address it until she gives birth. Kylie is also reportedly \u201chorrified\u201d with how her body has changed with pregnancy, and the last thing she wants to do is leave the house. Well, it seems Travis better not expect Ky to join him if he celebrates Christmas in Clutch City. Maybe next year?\n\nWhat do you think Travis and Kylie should do, HollywoodLifers? Do you think he should be more understanding?", "images": ["https://www.rollingstone.com/wp-content/uploads/2019/11/Surface-Pro-7.jpg?w=230&crop=1", "https://tvline.com/wp-content/uploads/2020/11/swat-4x04-1.jpg?w=230&crop=1", "https://hollywoodlife.com/wp-content/uploads/2020/11/sport-bra-ftr.jpg?w=143&h=80&crop=1", "https://hollywoodlife.com/wp-content/uploads/2017/06/jason_brow.jpg?w=48", "http://pixel.quantserve.com/pixel?a.1=p-6fKiDaopTGEQg&a.2=p-31f3D02tYU8zY", "https://hollywoodlife.com/wp-content/uploads/2017/11/kylie-jenner-travis-scott-are-fighting-over-her-decision-to-stay-in-hiding-while-pregnant-ftr.jpg", "https://stylecaster.com/wp-content/uploads/2020/11/rothys-black-friday-collection-copy.jpg?w=230&crop=1", "https://www.sheknows.com/wp-content/uploads/2020/10/what-a-free-thanksgiving-dinner-really-means-to-a-family-like-mine.jpg?w=230&crop=1", "https://sb.scorecardresearch.com/p?c1=2&c2=6035310&c3=&c4=&c5=&c6=&c15=&cv=2.0&cj=1", "https://hollywoodlife.com/wp-content/uploads/2020/07/kelsey-nicole-5-things-to-know-ap-images-ftr.jpg?w=143&h=80&crop=1", "https://footwearnews.com/wp-content/uploads/2020/11/vanessa-hudgens-crop-top-jeans.jpg?w=230&crop=1", "https://hollywoodlife.com/wp-content/uploads/2020/11/kourtney-kardashian-and-kylie-jenner-wasted-meme-ap-images-ftr.jpg?w=143&h=80&crop=1", "data:image/gif;base64,R0lGODlhAQABAIAAAAAAAP///yH5BAEAAAAALAAAAAABAAEAAAIBRAA7"], "top_img": "https://hollywoodlife.com/wp-content/uploads/2017/11/kylie-jenner-travis-scott-are-fighting-over-her-decision-to-stay-in-hiding-while-pregnant-ftr.jpg", "keywords": [], "authors": ["Jason Brow", "Kimberly Zapata", "Bella Gerard", "Matt Webb Mitovich", "Tim Chan", "Brandt Ranj", "Claudia Miller", "Music", "Sports Editor"], "canonical_link": "https://hollywoodlife.com/2017/11/24/travis-scott-kylie-jenner-thanksgiving-fight-hiding-pregnancy/", "title": "Kylie Jenner & Travis Scott Are Fighting Over Her Decision To Stay in Hiding While Pregnant", "meta_data": {"description": "Kylie Jenner turned down Travis Scott's invite to have Thanksgiving in Houston, and they had a fight over her decision to hide from public.", "news_keywords": "Kylie Jenner, Travis Scott", "apple-itunes-app": "app-id=1400650284", "generator": "WordPress 5.5.2", "author": "Jason Brow", "theme-color": "#fff", "apple-mobile-web-app-capable": "yes", "mobile-web-app-capable": "yes", "apple-touch-fullscreen": "YES", "apple-mobile-web-app-title": "Hollywood Life", "application-name": "Hollywood Life", "fb": {"pages": 94724837471}, "robots": "max-image-preview:large", "onesignal": "wordpress-plugin", "og": {"type": "article", "title": "Kylie Jenner & Travis Scott Are Fighting Over Her Decision To Stay in Hiding While Pregnant", "url": "https://hollywoodlife.com/2017/11/24/travis-scott-kylie-jenner-thanksgiving-fight-hiding-pregnancy/", "description": "Travis Scott wanted Kylie Jenner to celebrate Thanksgiving with him in Houston but she said now. Now, we\u2019ve EXCLUSIVELY learned these two fought over her decision to hide her alleged pregnancy from\u2026", "site_name": "Hollywood Life", "image": {"identifier": "https://hollywoodlife.com/wp-content/uploads/2017/11/kylie-jenner-travis-scott-are-fighting-over-her-decision-to-stay-in-hiding-while-pregnant-ftr.jpg", "width": 620, "height": 350}, "locale": "en_US"}, "article": {"published_time": "2017-11-24T22:20:38+00:00", "modified_time": "2017-11-27T23:53:29+00:00"}, "twitter": {"text": {"title": "Kylie Jenner & Travis Scott Are Fighting Over Her Decision To Stay in Hiding While Pregnant"}, "image": "https://hollywoodlife.com/wp-content/uploads/2017/11/kylie-jenner-travis-scott-are-fighting-over-her-decision-to-stay-in-hiding-while-pregnant-ftr.jpg?w=620", "card": "summary_large_image", "site": "@HollywoodLife", "title": "Kylie Jenner & Travis Scott Are Fighting Over Her Decision To Stay in Hiding While Pregnant", "description": "Kylie Jenner turned down Travis Scott's invite to have Thanksgiving in Houston, and they had a fight over her decision to hide from public."}, "msapplication-TileImage": "https://hollywoodlife.com/wp-content/uploads/2018/06/hl_logo.png?w=128"}, "movies": [], "publish_date": 1511478000.0, "source": "http://hollywoodlife.com", "summary": ""}