{"url": "https://www.si.com/swim-daily/2017/04/17/kate-upton-sexy-schoolgirl-britney-spears-lip-sync-battle", "text": "Hit me, baby, one more time!\n\nIf you just did a double take, you're not alone. SI Swimsuit cover model Kate Upton is taking it to the next level in this short preview from her upcoming Lip Sync Battle appearance. In a duel against '90s heartthrob Ricky Martin, our favorite blonde bombshell pulled out all of her best moves as she channeled Britney Spears for her performance of \"...Baby One More Time.\"\n\nSpike\n\nSpike\n\nDecked out in the sexiest schoolgirl outfit you have literally ever seen\u2014thigh highs, pigtails and a tied-up white shirt, anyone?!\u2014Kate brings the heat as she crawls across the stage and does that signature body roll move we all know and love. Kate nails the impression so well that even fellow SI Swimsuit model and Lip Sync Battle color commentator Chrissy Teigen finds herself needing to pick her jaw up off the floor.\n\nDon't believe us? See for yourself in the steamy clip below:\n\nThey say history repeats itself...and this time, we are most definitely NOT complaining.\n\nBONUS: See all of Kate's incredible photos from SI Swimsuit 2017!\n\n", "images": ["https://swimsuit.si.com/.image/c_fit%2Ccs_srgb%2Cfl_progressive%2Ch_406%2Cq_auto:good%2Cw_620/MTY5MjQzMjYwNjU3NzM5MjI3/swim163_tk1_2754-rawwmfinal1920jpg.jpg", "https://swimsuit.si.com/.image/t_share/MTY5MjQzMzIxMzIyNDQ4MzQ3/kate-upton-spears-academyjpg.jpg", "https://swimsuit.si.com/.image/ar_8:10%2Cc_fill%2Ccs_srgb%2Cfl_progressive%2Cg_faces:center%2Cq_auto:good%2Cw_620/MTc2MzkyNTQwODA5ODY0Mzgy/0c2302bf-a316-4b88-b788-b899eade874c.jpg", "https://swimsuit.si.com/.image/ar_8:10%2Cc_fill%2Ccs_srgb%2Cfl_progressive%2Cg_faces:center%2Cq_auto:good%2Cw_620/MTc2ODgzMDc0NjYxODg1ODk0/black-friday-deals.jpg", "https://swimsuit.si.com/.image/ar_8:10%2Cc_fill%2Ccs_srgb%2Cfl_progressive%2Cg_faces:center%2Cq_auto:good%2Cw_620/MTc2OTMxMTI5OTc3MjE5MDE0/holiday-gift-guide.jpg", "https://swimsuit.si.com/.image/ar_8:10%2Cc_fill%2Ccs_srgb%2Cfl_progressive%2Cg_faces:center%2Cq_auto:good%2Cw_620/MTc2ODg0NDIzNTUwMDUxOTIz/brooks.jpg", "https://swimsuit.si.com/.image/ar_8:10%2Cc_fill%2Ccs_srgb%2Cfl_progressive%2Cg_faces:center%2Cq_auto:good%2Cw_620/MTc2NjI2ODU2NTA4Nzk0MDY1/joo.jpg", "https://swimsuit.si.com/.image/ar_8:10%2Cc_fill%2Ccs_srgb%2Cfl_progressive%2Cg_faces:center%2Cq_auto:good%2Cw_620/MTc3MDQ3NzU4MjAzODU2MzQ0/13a54da1-2898-4a8b-81ec-5ad537921bd3.jpg", "https://swimsuit.si.com/.image/MTczODc3MTE5OTMwMzQ0NTEy/webassets-01.svg", "https://swimsuit.si.com/.image/ar_8:10%2Cc_fill%2Ccs_srgb%2Cfl_progressive%2Cg_faces:center%2Cq_auto:good%2Cw_620/MTc2MzcxODY4MDU4NTI2ODkz/0.jpg", "https://swimsuit.si.com/.image/t_share/MTY5MjQzMzIxODYyMzk5NDUx/kate-upton-spears-crawljpg.jpg", "https://swimsuit.si.com/.image/ar_8:10%2Cc_fill%2Ccs_srgb%2Cfl_progressive%2Cg_faces:center%2Cq_auto:good%2Cw_620/MTc3MDUxMjMwNDE2MTUxNjk1/untitled-design-16.jpg"], "top_img": "https://swimsuit.si.com/.image/t_share/MTY5MjQzMzIxMzIyNDQ4MzQ3/kate-upton-spears-academyjpg.jpg", "keywords": [], "authors": ["Kelsey Hendrix"], "canonical_link": "https://swimsuit.si.com/news/kate-upton-sexy-schoolgirl-britney-spears-lip-sync-battle", "title": "Kate Upton is sexy schoolgirl on Lip Sync Battle", "meta_data": {"author": "Kelsey Hendrix", "description": "Kate Upton looks just like Britney Spears in epic Lip Sync Battle performance.", "keywords": "Kate Upton,lip sync battle,britney spears,News", "section": "News", "pagetype": "article", "robots": "max-image-preview:large", "item-id": "ci025945ed40012521", "published": "2017-04-17T17:01:26Z", "dcterms.rightsHolder": "ABG-SI LLC. SPORTS ILLUSTRATED is a registered trademark of ABG-SI LLC. All Rights Reserved. Use of this site constitutes acceptance of our Terms of Use and Privacy Policy", "dcterms.dateCopyrighted": 2020, "twitter": {"card": "summary_large_image", "url": "https://swimsuit.si.com/news/kate-upton-sexy-schoolgirl-britney-spears-lip-sync-battle", "image": "https://swimsuit.si.com/.image/t_share/MTY5MjQzMzIxMzIyNDQ4MzQ3/kate-upton-spears-academyjpg.jpg", "description": "Kate Upton looks just like Britney Spears in epic Lip Sync Battle performance.", "domain": "swimsuit.si.com"}, "og": {"type": "article", "url": "https://swimsuit.si.com/news/kate-upton-sexy-schoolgirl-britney-spears-lip-sync-battle", "title": "Kate Upton is sexy schoolgirl on Lip Sync Battle", "description": "Kate Upton looks just like Britney Spears in epic Lip Sync Battle performance.", "image": "https://swimsuit.si.com/.image/t_share/MTY5MjQzMzIxMzIyNDQ4MzQ3/kate-upton-spears-academyjpg.jpg", "site_name": "Swimsuit | SI.com"}, "pinterest-rich-pin": "true", "apple-mobile-web-app-title": "Swimsuit | SI.com", "parsely-title": "Kate Upton is sexy schoolgirl on Lip Sync Battle - Swimsuit | SI.com", "parsely-link": "https://swimsuit.si.com/news/kate-upton-sexy-schoolgirl-britney-spears-lip-sync-battle", "parsely-image-url": "https://swimsuit.si.com/.image/c_fill%2Ccs_srgb%2Cfl_progressive%2Ch_400%2Cq_auto:good%2Cw_620/MTY5MjQzMzIxMzIyNDQ4MzQ3/kate-upton-spears-academyjpg.jpg", "parsely-post-id": "ci025945ed40012521", "parsely-pub-date": "2017-04-17T17:01:26Z", "parsely-section": "News", "parsely-author": "Kelsey Hendrix", "parsely-tags": "Kate Upton,lip sync battle,britney spears,News", "sailthru.title": "Kate Upton is sexy schoolgirl on Lip Sync Battle", "sailthru.image.full": "https://swimsuit.si.com/.image/t_share/MTY5MjQzMzIxMzIyNDQ4MzQ3/kate-upton-spears-academyjpg.jpg", "sailthru.date": "2017-04-17T17:01:26Z", "sailthru.author": "Kelsey Hendrix", "sailthru.tags": "Kate Upton,lip sync battle,britney spears,News", "sailthru.description": "Kate Upton looks just like Britney Spears in epic Lip Sync Battle performance.", "phx": {"content-item-id": "ci025945ed40012521", "content-object-type": "ContentArticle"}, "viewport": "width=device-width, initial-scale=1", "referrer": "unsafe-url", "HandheldFriendly": "True", "MobileOptimized": 320, "apple-mobile-web-app-capable": "no", "apple-mobile-web-app-status-bar-style": "black", "format-detection": "address=no", "generator": "Tempest - maven.io", "pinterest": "nohover"}, "movies": [], "publish_date": 1492380000.0, "source": "https://www.si.com", "summary": ""}