{"url": "https://people.com/tv/chrisley-knows-best-100-episodes-exclusive/", "text": "Todd Chrisley Recalls Getting His Mother Arrested as Chrisley Knows Best Celebrates 100 Episodes\n\nChrisley Knows Best is celebrating a major milestone.\n\nOn June 19, the USA Network series will air its 100th episode \u2014 and PEOPLE can exclusively reveal your first look at the promo. In the clip, patriarch Todd Chrisley reflects on his favorite moments since the series premiered in 2014 alongside wife Julie and kids Savannah, Chase and Grayson.\n\nGet push notifications with news, features and more.\n\nIn addition to the launch of Savannah\u2019s clothing line and celebrating Julie being five years cancer-free, one of the show\u2019s highlights was the iconic moment Todd decided to teach his mother Nanny Faye a lesson by tricking her into thinking she was getting arrested after he found out she was driving around on a suspended license for failure to appear in traffic court.\n\nImage zoom Credit: USA Network\n\n\u201cTo all you fans that have been with us for 100 episodes \u2014 can you believe, 100 episodes? \u2014 I thank you,\u201d says Todd in the clip. \u201cI love you, I appreciate you, from the bottom of my heart.\u201d\n\nRELATED VIDEO: Todd Chrisley Not Surprised Savannah & Luke Kennard Broke Up \u2014 \u2018When You Crawl in Bed with a Snake, Don\u2019t Bitch When It Bites\u2019\n\nThis season of Chrisley Knows Best will follow Todd and Julie as they prepare to move into a new home, put on their first pageant and start a dessert business. Meanwhile, fans will get to see how newly single Chase reacts to Todd meddling in his love life, while Savannah faces her own relationship insecurities.", "images": ["https://imagesvc.meredithcorp.io/v3/mm/image?url=https%3A%2F%2Fstatic.onecms.io%2Fwp-content%2Fuploads%2Fsites%2F20%2F2018%2F06%2Ftodd-chrisley.jpg", "https://imagesvc.meredithcorp.io/v3/mm/image?url=https%3A%2F%2Fstatic.onecms.io%2Fwp-content%2Fuploads%2Fsites%2F20%2F2020%2F11%2F12%2Fthanksgiving-covid-150x150.jpg", "https://imagesvc.meredithcorp.io/v3/mm/image?url=https%3A%2F%2Fstatic.onecms.io%2Fwp-content%2Fuploads%2Fsites%2F20%2F2016%2F05%2F06%2Fprincess-diana-21.jpg", "https://imagesvc.meredithcorp.io/v3/mm/image?url=https%3A%2F%2Fstatic.onecms.io%2Fwp-content%2Fuploads%2Fsites%2F20%2F2020%2F07%2F23%2Ftout.jpg", "https://imagesvc.meredithcorp.io/v3/mm/image?q=85&c=sc&poi=face&w=2000&h=1047&url=https%3A%2F%2Fstatic.onecms.io%2Fwp-content%2Fuploads%2Fsites%2F20%2F2018%2F06%2Ftodd-chrisley.jpg", "https://peopledotcom.files.wordpress.com/2018/09/thumbnail_generic.png", "data:image/svg+xml,%3Csvg%20xmlns='http://www.w3.org/2000/svg'%20viewBox='0%200%20100%20100'%3E%3C/svg%3E", "data:image/svg+xml,%3Csvg%20xmlns='http://www.w3.org/2000/svg'%20viewBox='0%200%20100%2067'%3E%3C/svg%3E", "https://imagesvc.meredithcorp.io/v3/mm/image?url=https%3A%2F%2Fstatic.onecms.io%2Fwp-content%2Fuploads%2Fsites%2F20%2F2020%2F08%2F04%2Fcoyote-ugly-2000.jpg", "https://imagesvc.meredithcorp.io/v3/mm/image?url=https%3A%2F%2Fstatic.onecms.io%2Fwp-content%2Fuploads%2Fsites%2F20%2F2020%2F07%2F19%2Ftiaras-2.jpg", "https://imagesvc.meredithcorp.io/v3/mm/image?url=https%3A%2F%2Fstatic.onecms.io%2Fwp-content%2Fuploads%2Fsites%2F20%2F2020%2F11%2F12%2Fcat-phone.jpg"], "top_img": "https://imagesvc.meredithcorp.io/v3/mm/image?q=85&c=sc&poi=face&w=2000&h=1047&url=https%3A%2F%2Fstatic.onecms.io%2Fwp-content%2Fuploads%2Fsites%2F20%2F2018%2F06%2Ftodd-chrisley.jpg", "keywords": [], "authors": ["Aurelie Corinthios"], "canonical_link": "https://people.com/tv/chrisley-knows-best-100-episodes-exclusive/", "title": "Todd Chrisley Recalls Getting His Mother Arrested: Watch the Clip", "meta_data": {"viewport": "width=device-width, initial-scale=1", "keywords": "Chrisley Knows Best,Exclusive,News,Savannah Chrisley,Todd Chrisley,TV", "news_keywords": "Chrisley Knows Best,Exclusive,News,Savannah Chrisley,Todd Chrisley,TV", "description": "Chrisley Knows Best airs Tuesdays (10 p.m. ET) on USA Network", "og": {"title": "Todd Chrisley Recalls Getting His Mother Arrested as\u00a0Chrisley Knows Best Celebrates 100 Episodes", "type": "article", "site_name": "PEOPLE.com", "url": "https://people.com/tv/chrisley-knows-best-100-episodes-exclusive/", "description": "Chrisley Knows Best airs Tuesdays (10 p.m. ET) on USA Network", "image": {"identifier": "https://imagesvc.meredithcorp.io/v3/mm/image?q=85&c=sc&poi=face&w=2000&h=1047&url=https%3A%2F%2Fstatic.onecms.io%2Fwp-content%2Fuploads%2Fsites%2F20%2F2018%2F06%2Ftodd-chrisley.jpg", "width": 2000, "height": 1047}}, "pinterest": {"url": "https://people.com/tv/chrisley-knows-best-100-episodes-exclusive/", "description": "Chrisley Knows Best airs Tuesdays (10 p.m. ET) on USA Network", "media": "https://imagesvc.meredithcorp.io/v3/mm/image?url=https%3A%2F%2Fstatic.onecms.io%2Fwp-content%2Fuploads%2Fsites%2F20%2F2018%2F06%2Ftodd-chrisley.jpg"}, "twitter": {"card": "summary_large_image", "url": "https://people.com/tv/chrisley-knows-best-100-episodes-exclusive/", "title": "Todd Chrisley Recalls Getting His Mother Arrested as\u00a0Chrisley Knows Best Celebrates 100 Episodes", "description": "Chrisley Knows Best airs Tuesdays (10 p.m. ET) on USA Network", "site": "@people", "image": "https://imagesvc.meredithcorp.io/v3/mm/image?q=85&c=sc&poi=face&w=2000&h=1047&url=https%3A%2F%2Fstatic.onecms.io%2Fwp-content%2Fuploads%2Fsites%2F20%2F2018%2F06%2Ftodd-chrisley.jpg"}, "robots": "max-image-preview:large", "fb": {"app_id": 610948219662029, "pages": 95926963131}, "article": {"opinion": "false"}, "p": {"domain_verify": "755183be01bfc739a9cac6673f1f2c1b"}}, "movies": [], "publish_date": null, "source": "https://people.com", "summary": ""}