{"url": "https://www.usatoday.com/story/life/movies/2018/10/10/smith-reveals-aladdin-lamp-has-trapped-his-genie/1595105002/", "text": "'Aladdin' releases first look at live-action film without showing its genie, Will Smith\n\nBryan Alexander | USA TODAY\n\nThe magical kingdom of director Guy Ritchie's \"Aladdin\" is being revealed.\n\nThe live-action film dropped its first teaser trailer Thursday. It came a day after Will Smith, who plays Genie, showed off the film's poster featuring the magical gold lamp.\n\nThe teaser set ups the menace Aladdin (Mena Massoud) faces finding the lamp, which grants wishes courtesy of Genie.\n\nA menacing voice refers to the street-wise character as \"a diamond in the rough\" before showing him about to take hold of the lamp.\n\nSmith has still not been revealed as Genie. The star teased that his magical character was stuck inside the gold lamp when he showed the poster on his Facebook page Wednesday.\n\n\"LEMME OUT!! :-),\" Smith wrote. \"Can\u2019t wait for y\u2019all to see Me BLUE!\n\nMore: 'Aladdin' casts its live-action Princess Jasmine, Aladdin and Genie at last\n\n\"Power Rangers\" star Naomi Scott (she played the Pink Ranger in the 2017 film) has the coveted role of Princess Jasmine.\n\nSmith has big shoes to fill playing the part made famous by Robin Williams in 1992's animated classic \"Aladdin.\"\n\nLast September, Smith posted a photo of himself with his cast members on the set. He promised he was \"gettin my Genie on.\"\n\nThe live-action version hits theaters May 24, 2019.", "images": ["https://www.gannett-cdn.com/presto/2018/10/10/USAT/0ad66aaa-603d-4394-af93-ba8c017c7b8e-Will_Smith.PNG?auto=webp&crop=641,365,x0,y0&format=pjpg&width=1200", "https://www.gannett-cdn.com/presto/2018/10/10/USAT/8791c90e-88c1-4e0c-b97a-445bda7625d3-Aladdin_Teaser_1-Sht_v1a_Sm.jpg?crop=863,640,x0,y331?width=320&height=240", "https://www.gannett-cdn.com/appservices/universal-web/universal/icons/icon-instagram_24.png", "https://www.gannett-cdn.com/presto/2018/10/10/USAT/8791c90e-88c1-4e0c-b97a-445bda7625d3-Aladdin_Teaser_1-Sht_v1a_Sm.jpg?crop=863,640,x0,y331?width=12&height=9"], "top_img": "https://www.gannett-cdn.com/presto/2018/10/10/USAT/0ad66aaa-603d-4394-af93-ba8c017c7b8e-Will_Smith.PNG?auto=webp&crop=641,365,x0,y0&format=pjpg&width=1200", "keywords": [], "authors": ["Bryan Alexander"], "canonical_link": "https://www.usatoday.com/story/life/movies/2018/10/10/smith-reveals-aladdin-lamp-has-trapped-his-genie/1595105002/", "title": "'Aladdin' releases first look at live-action film without showing its genie, Will Smith", "meta_data": {"viewport": "width=device-width,initial-scale=1", "HandheldFriendly": "True", "MobileOptimized": 320, "apple-itunes-app": "app-id=504631398, app-argument=https://www.usatoday.com/story/life/movies/2018/10/10/smith-reveals-aladdin-lamp-has-trapped-his-genie/1595105002/life/movies", "theme-color": "#ffffff", "og": {"type": "article", "title": "'Aladdin' releases first look at live-action film without showing its genie, Will Smith", "description": "Guy Ritchie's live-action 'Aladdin' dropped its first teaser trailer Thursday. Genie Will Smith? He's still trapped in the magic lamp.", "site_name": "USA TODAY", "image": {"identifier": "https://www.gannett-cdn.com/presto/2018/10/10/USAT/0ad66aaa-603d-4394-af93-ba8c017c7b8e-Will_Smith.PNG?auto=webp&crop=641,365,x0,y0&format=pjpg&width=1200", "width": 1200, "height": 675}}, "article": {"content_tier": "free", "opinion": "false"}, "fb": {"pages": 13652355666}, "description": "Guy Ritchie's live-action 'Aladdin' dropped its first teaser trailer Thursday. Genie Will Smith? He's still trapped in the magic lamp.", "twitter": {"site": "@usatoday", "creator": "@usatoday", "card": "summary_large_image"}}, "movies": ["https://www.youtube.com/embed/9g5knnlF7Zo?feature=oembed"], "publish_date": 1539122400.0, "source": "https://www.usatoday.com", "summary": ""}