{"url": "http://theboot.com/carrie-underwood-cma-awards-outfits/", "text": "Since her debut on American Idol as a fresh-faced blonde who could sing like nobody else, Carrie Underwood has taken the country music world by storm. Through the years, her style has evolved, but she's consistently proved herself to be quite the fashionista, especially on Country Music's Biggest Night, at the CMA Awards.\n\nUnderwood has donned everything from short and sparkly dresses to downright glamorous gowns, and the \"Southbound\" hitmaker can pull off every single color of the rainbow, from tangerine orange to kelly green. During her 11 years as co-host of the CMAs, Underwood's outfit changes throughout the show were expected -- looked forward to, even -- and she rarely disappointed.\n\nClick through the photo gallery below to see the singer's best looks from CMA Awards past, starting with her 2006 CMA Awards red carpet dress:\n\nFollowing the 2019 CMA Awards, Underwood stepped down as show co-host, leaving room for Reba McEntire and Darius Rucker to take her and Brad Paisley's place.\n\nThe 2020 CMA Awards are scheduled to take place on Nov. 11 and will air live from Nashville on ABC beginning at 8PM ET. Due to the novel coronavirus pandemic, the show will be hosted at Nashville's Music City Center, not Bridgestone Arena as is customary, and there will be no live audience.\n\nThe Boot will be staying up late covering the most buzzed-about winners, fashion and moments at the 2020 CMA Awards. Readers can watch along with us by checking back to TheBoot.com for the latest CMAs headlines, liking The Boot on Facebook and following The Boot on Twitter.", "images": ["http://townsquare.media/site/623/files/2017/10/theboot-logo.png", "https://townsquare.media/site/623/files/2019/11/Carrie-Underwood.jpg?w=1200&h=0&zc=1&s=0&a=t&q=89"], "top_img": "https://townsquare.media/site/623/files/2019/11/Carrie-Underwood.jpg?w=1200&h=0&zc=1&s=0&a=t&q=89", "keywords": [], "authors": ["Christina Vinson"], "canonical_link": "https://theboot.com/carrie-underwood-cma-awards-outfits/", "title": "Carrie Underwood's CMA Awards Fashion Is Always on Point", "meta_data": {"instagram_profile": "theboot_dotcom", "description": "See photos of Carrie Underwood's best CMA Awards looks through the years.", "keywords": "carrie underwood cma awards outfits, carrie underwood cma awards,cma awards,country news,exclusives,galleries,photos", "fb": {"app_id": 151086041747752, "admins": 59877105906, "pages": 59877105906}, "og": {"title": "LOOK: Carrie Underwood's CMA Awards Fashion Is Always on Point", "description": "See photos of Carrie Underwood's best CMA Awards looks through the years.", "url": "https://theboot.com/carrie-underwood-cma-awards-outfits/", "site_name": "The Boot", "type": "article", "image": {"identifier": "https://townsquare.media/site/623/files/2019/11/Carrie-Underwood.jpg?w=1200&h=0&zc=1&s=0&a=t&q=89", "width": 1200, "height": 630}}, "twitter": {"card": "summary_large_image", "site": "@thebootdotcom"}, "sailthru.description": "See photos of Carrie Underwood's best CMA Awards looks through the years.", "sailthru.date": "2020-10-21 12:18:44", "sailthru.title": "Carrie Underwood\u2019s CMA Awards Fashion Is Always on Point [PICTURES]", "sailthru.tags": "tsmsite-theboot, tsmmarket-national, tsmtype-national, carrie-underwood, cma-awards, editors-picks, cmas, country-news, exclusive, galleries, photos", "sailthru.author": "christinavinson", "sailthru.image.full": "https://townsquare.media/site/623/files/2019/11/Carrie-Underwood.jpg", "sailthru.image.thumb": "https://townsquare.media/site/623/files/2019/11/Carrie-Underwood.jpg", "msvalidate.01": "38FB0DB5D97FA0CEE1853CB708082BF1", "google-site-verification": "8HyMCcCYugAn3X0yijwTaOteWWEfkHDfVI0SOeHbcQ4", "viewport": "width=1286, initial-scale=1.0", "robots": "max-image-preview:large"}, "movies": [], "publish_date": 1603275524.0, "source": "http://theboot.com", "summary": ""}