{"url": "http://transcriptswire.cq.com/do/transcriptView?id=8293", "text": "Username\n\nPassword\n\nNeed help? Contact the CQ Hotline at(800) 678-8511 or hotline@cqrollcall.com", "images": ["HTTPS://bs.serving-sys.com/Serving/ActivityServer.bs?cn=as&ActivityID=1075966&ns=1", "http://transcriptswire.cq.com/do/img/apple-icon-57x57.png"], "top_img": "http://transcriptswire.cq.com/do/img/apple-icon-57x57.png", "keywords": [], "authors": [], "canonical_link": "http://plus.cq.com/login?fntoken&jumpto=https://plus.cq.com/transcripts", "title": "CQ", "meta_data": {"viewport": "width=device-width, initial-scale=1.0, maximum-scale=1.0, user-scalable=no", "build-version": "1.9.00", "build-time": "2020-12-16 23:36:28", "msapplication-TileColor": "#ffffff", "msapplication-TileImage": "img/ms-icon-144x144.png", "theme-color": "#ffffff", "title": "CQ", "description": "CQ", "image": "https://jukebox.cq.com/editorial/flatfiles/images/logo-cq.png", "publisher": "CQ", "og": {"url": "http://plus.cq.com/login?fntoken&jumpto=https://plus.cq.com/transcripts"}}, "movies": [], "publish_date": null, "source": "http://transcriptswire.cq.com", "summary": ""}