{"url": "www.etonline.com/media/videos/george-clooney-quitting-acting-see-what-he-said-90584", "text": "The new dad of two reveals why he's suddenly finding it hard to get in front of the camera.", "images": ["https://www.etonline.com/sites/default/files/styles/max_1280x720/public/brightcove/videos/images/posters/georgeclooney.jpg?h=c673cd1c&itok=5eeQ_GVG"], "top_img": "https://www.etonline.com/sites/default/files/styles/max_1280x720/public/brightcove/videos/images/posters/georgeclooney.jpg?h=c673cd1c&itok=5eeQ_GVG", "keywords": [], "authors": [], "canonical_link": "https://www.etonline.com/media/videos/george-clooney-quitting-acting-see-what-he-said-90584", "title": "Is George Clooney Quitting Acting? See What He Said", "meta_data": {"article": {"opinion": "false"}, "title": "Is George Clooney Quitting Acting? See What He Said | Entertainment Tonight", "og": {"site_name": "Entertainment Tonight", "type": "video.tv_show", "url": "https://www.etonline.com/media/videos/george-clooney-quitting-acting-see-what-he-said-90584", "title": "Is George Clooney Quitting Acting? See What He Said", "description": "The new dad of two reveals why he's suddenly finding it hard to get in front of the camera.", "video": {"identifier": "https://www.etonline.comEJbsvFObVfJEm7rEo1Xk3nNXqnvaIG9q&videoID=", "secure_url": "https://secure.brightcove.com/services/viewer/federated_f9/1250536613001?isVid=1&isUI=1&playerKey=AQ~~,AAABIWNF7qE~,EJbsvFObVfJEm7rEo1Xk3nNXqnvaIG9q&videoID=&secureConnections=true\"", "type": "application/x-shockwave-flash", "width": 640, "height": 360}, "image": {"identifier": "https://www.etonline.com/sites/default/files/styles/max_1280x720/public/brightcove/videos/images/posters/georgeclooney.jpg?h=c673cd1c&itok=5eeQ_GVG", "width": 1280, "height": 720}}, "fb": {"pages": 106843036179, "admins": 3111204, "app_id": 145337045558621}, "robots": "index", "apple-mobile-web-app-capable": "yes", "twitter": {"card": "summary_large_image", "title": "Is George Clooney Quitting Acting? See What He Said", "description": "The new dad of two reveals why he's suddenly finding it hard to get in front of the camera.", "site": {"identifier": "@etnow", "id": 23603092}, "url": "https://www.etonline.com/media/videos/george-clooney-quitting-acting-see-what-he-said-90584", "image": "https://www.etonline.com/sites/default/files/styles/max_1280x720/public/brightcove/videos/images/posters/georgeclooney.jpg?h=c673cd1c&itok=5eeQ_GVG", "player": {"identifier": "https://link.brightcove.com/services/player/bcpid1250536613001?bckey=AQ~~,AAABIWNF7qE~,EJbsvFObVfJEm7rEo1Xk3nNXqnvaIG9q&bctid=5034473817001&secureConnections=true&secureHTMLConnections=true&linkSrc=twitter&autoStart=false&height=100%25&width=100%25", "width": 640, "height": 360}}, "description": "The new dad of two reveals why he's suddenly finding it hard to get in front of the camera.", "msvalidate.01": "DC10472F438B55F3A58638BC31271706", "google-site-verification": "hKpIt34FKZ_qMU81xUdLUw2YzuyZY1pS76p0622Hc7w", "keywords": "Movies, George Clooney, Amal Clooney", "Generator": "Drupal 8 (https://www.drupal.org)", "MobileOptimized": "width", "HandheldFriendly": "true", "viewport": "width=device-width, initial-scale=1.0, minimum-scale=1.0"}, "movies": [], "publish_date": null, "source": "http://www.etonline.com", "summary": ""}