{"url": "http://www.nytimes.com/2015/07/24/us/politics/inquiry-is-sought-in-hillary-clinton-email-account.html", "text": "The department is now reviewing some 55,000 pages of emails. A first batch of 3,000 pages was made public on June 30.\n\nIn the course of the email review, State Department officials determined that some information in the messages should be retroactively classified. In the 3,000 pages that were released, for example, portions of two dozen emails were redacted because they were upgraded to \u201cclassified status.\u201d But none of those were marked as classified at the time Mrs. Clinton handled them.\n\nIn a second memo to Mr. Kennedy, sent on July 17, the inspectors general said that at least one email made public by the State Department contained classified information. The inspectors general did not identify the email or reveal its substance.\n\nThe memos were provided to The New York Times by a senior government official.\n\nThe inspectors general also criticized the State Department for its handling of sensitive information, particularly its reliance on retired senior Foreign Service officers to decide if information should be classified, and for not consulting with the intelligence agencies about its determinations.\n\nIn March, Mrs. Clinton insisted that she was careful in her handling of information on her private account. \u201cI did not email any classified material to anyone on my email,\u201d she said. \u201cThere is no classified material. So I\u2019m certainly well aware of the classification requirements and did not send classified material.\u201d\n\nIn May, the F.B.I. asked the State Department to classify a section of Mrs. Clinton\u2019s emails that related to suspects who may have been arrested in connection with the 2012 attacks in Benghazi, Libya. The information was not classified at the time Mrs. Clinton received it.", "images": ["https://static01.nyt.com/images/2015/07/24/us/clinton-email/clinton-email-videoSixteenByNine3000.jpg", "https://static01.nyt.com/images/2015/07/24/us/24emails/24emails-articleLarge.jpg?quality=75&auto=webp&disable=upscale", "https://static01.nyt.com/images/2015/07/24/us/24emails/24emails-facebookJumbo.jpg?year=2015&h=550&w=1050&sig=0x3d7ee5a04f5627874d2c7165d921f388"], "top_img": "https://static01.nyt.com/images/2015/07/24/us/24emails/24emails-facebookJumbo.jpg?year=2015&h=550&w=1050&sig=0x3d7ee5a04f5627874d2c7165d921f388", "keywords": [], "authors": ["Michael S. Schmidt", "Matt Apuzzo"], "canonical_link": "https://www.nytimes.com/2015/07/24/us/politics/inquiry-is-sought-in-hillary-clinton-email-account.html", "title": "Inquiry Sought in Hillary Clinton\u2019s Use of Email", "meta_data": {"article": {"published_time": "2015-07-24T02:59:54.000Z", "modified_time": "2018-08-20T20:08:02.649Z", "section": "U.S.", "author": "http://www.nytimes.com/by/matt-apuzzo", "tag": "Kennedy, Patrick F", "opinion": "false", "content_tier": "metered"}, "robots": "noarchive", "articleid": 100000003816534, "nyt_uri": "nyt://article/b8f18f8c-732f-56dc-96dd-0bf32b6343c5", "pubp_event_id": "pubp://event/a88863c8e7af4701a8b53907b8a3a1f7", "description": "Since her use of a private email account for State Department business was revealed in March, Hillary Rodham Clinton has repeatedly said she had no classified information on the account.", "image": "https://static01.nyt.com/images/2015/07/24/us/24emails/24emails-facebookJumbo.jpg?year=2015&h=550&w=1050&sig=0x3d7ee5a04f5627874d2c7165d921f388", "byl": "By Michael S. Schmidt and Matt Apuzzo", "thumbnail": "https://static01.nyt.com/images/2015/07/24/us/24emails/24emails-thumbStandard.jpg", "news_keywords": ",Hillary Clinton,,Email,Classified Information,State Department,Justice Department,2016 Presidential Election,US Politics,Patrick F Kennedy", "pdate": 20150723, "og": {"url": "https://www.nytimes.com/2015/07/24/us/politics/inquiry-is-sought-in-hillary-clinton-email-account.html", "type": "article", "title": "Inquiry Sought in Hillary Clinton\u2019s Use of Email (Published 2015)", "image": {"identifier": "https://static01.nyt.com/images/2015/07/24/us/24emails/24emails-facebookJumbo.jpg?year=2015&h=550&w=1050&sig=0x3d7ee5a04f5627874d2c7165d921f388", "alt": "Hillary Rodham Clinton at an event in West Columbia, S.C., on Thursday. Her email use while secretary of state has been an issue in the early part of her presidential run."}, "description": "Since her use of a private email account for State Department business was revealed in March, Hillary Rodham Clinton has repeatedly said she had no classified information on the account."}, "twitter": {"url": "https://www.nytimes.com/2015/07/24/us/politics/inquiry-is-sought-in-hillary-clinton-email-account.html", "title": "Inquiry Sought in Hillary Clinton\u2019s Use of Email (Published 2015)", "description": "Since her use of a private email account for State Department business was revealed in March, Hillary Rodham Clinton has repeatedly said she had no classified information on the account.", "image": {"identifier": "https://static01.nyt.com/images/2015/07/24/us/24emails/24emails-articleLarge.jpg?year=2015&h=407&w=600&sig=0xa625600c19c126d7e4b3be9aae73201a&tw=1", "alt": "Hillary Rodham Clinton at an event in West Columbia, S.C., on Thursday. Her email use while secretary of state has been an issue in the early part of her presidential run."}, "card": "summary_large_image", "app": {"name": {"googleplay": "NYTimes"}, "id": {"googleplay": "com.nytimes.android"}, "url": {"googleplay": "nyt://article/b8f18f8c-732f-56dc-96dd-0bf32b6343c5"}}, "site": "@nytimes"}, "CG": "us", "PT": "article", "PST": "News", "url": "https://www.nytimes.com/2015/07/24/us/politics/inquiry-is-sought-in-hillary-clinton-email-account.html", "msapplication-starturl": "https://www.nytimes.com", "al": {"android": {"url": "nyt://article/b8f18f8c-732f-56dc-96dd-0bf32b6343c5", "package": "com.nytimes.android", "app_name": "NYTimes"}, "iphone": {"url": "nytimes://www.nytimes.com/2015/07/24/us/politics/inquiry-is-sought-in-hillary-clinton-email-account.html", "app_store_id": 284862083, "app_name": "NYTimes"}, "ipad": {"url": "nytimes://www.nytimes.com/2015/07/24/us/politics/inquiry-is-sought-in-hillary-clinton-email-account.html", "app_store_id": 357066198, "app_name": "NYTimes"}}, "viewport": "width=device-width, initial-scale=1", "fb": {"app_id": 9869919170}}, "movies": [], "publish_date": 1437688800.0, "source": "http://www.nytimes.com", "summary": ""}