{"url": "https://abc.go.com/shows/marvels-agents-of-shield/video/vdka3648796", "text": "The Framework\n\n02:11 | 01.24.17 | TV-14 | CC\n\nIn her battle against Aida, May kicks her off the balcony. Aida disappears midair and reappears behind her, revealing May has been in a Framework simulation the whole time. From Marvel's Agents of S.H.I.E.L.D. Season 4, Episode 11: Wake Up. Watch all-new episodes TUESDAYS 10|9c on ABC.", "images": ["https://assets.cdn.watchdisneyfe.com/delta/assets/common/close.png", "https://cdn1.edgedatg.com/aws/v2/abc/MarvelsAgentsofSHIELD/showimages/6edd28d16c8046662f98e1831635a47a/350x117-Q80_6edd28d16c8046662f98e1831635a47a.png", "https://cdn1.edgedatg.com/aws/v2/abc/MarvelsAgentsofSHIELD/video/3648796/433307bac774499c0f674a18b516bd6a/579x325-Q100_433307bac774499c0f674a18b516bd6a.jpg", "https://assets.cdn.watchdisneyfe.com/delta/assets/abc/abc@2x.png", "https://assets.cdn.watchdisneyfe.com/delta/assets/common/search.png"], "top_img": "https://cdn1.edgedatg.com/aws/v2/abc/MarvelsAgentsofSHIELD/video/3648796/433307bac774499c0f674a18b516bd6a/579x325-Q100_433307bac774499c0f674a18b516bd6a.jpg", "keywords": [], "authors": [], "canonical_link": "https://abc.com/shows/marvels-agents-of-shield/video/vdka3648796", "title": "Marvel's Agents of S.H.I.E.L.D.", "meta_data": {"fb": {"app_id": 137585909851}, "twitter": {"player": "https://abc.go.com/twitter-video/VDKA3648796", "card": "summary_large_image", "site": "@AgentsofSHIELD", "image": "https://cdn1.edgedatg.com/aws/v2/abc/MarvelsAgentsofSHIELD/video/3648796/433307bac774499c0f674a18b516bd6a/579x325-Q100_433307bac774499c0f674a18b516bd6a.jpg", "description": "May fights against the simulation.", "title": "Marvel's Agents of S.H.I.E.L.D. | The Framework"}, "og": {"url": "https://abc.com/shows/marvels-agents-of-shield/video/vdka3648796", "app_id": 137585909851, "site_name": "ABC", "image": "https://cdn1.edgedatg.com/aws/v2/abc/MarvelsAgentsofSHIELD/video/3648796/433307bac774499c0f674a18b516bd6a/579x325-Q100_433307bac774499c0f674a18b516bd6a.jpg", "description": "May fights against the simulation.", "title": "Marvel's Agents of S.H.I.E.L.D. | The Framework", "video": {"type": "application/x-shockwave-flash", "width": 426, "height": 285}, "locale": "en_US"}, "description": "Watch Marvel's Agents of S.H.I.E.L.D.: May fights against the simulation. video at abc.com", "keywords": "The Framework, Marvel's Agents of S.H.I.E.L.D., video clip", "google-play-app": "app-id=com.disney.datg.videoplatforms.android.abc", "msApplication-PackageFamilyName": "ABC.ABCPlayer", "msvalidate.01": "0EABD001D404EA9DDE2025E9E4F14CAF", "msApplication-ID": "App", "msapplication-TileColor": "#2D2D2D", "viewport": "initial-scale=1.0, maximum-scale=1.0, user-scalable=no", "apple-itunes-app": "app-id=364191819, app-argument=https://abc.com/watch-live", "google-site-verification": "5ojqqxU4pdyoa-4TgjCukgNv4eEl-8TGQZPsRhznWXc", "msapplication-TileImage": "//cdn1.edgedatg.com/aws/abc/brand/fall2018/favicon_ie10.png", "format-detection": "telephone=no"}, "movies": [], "publish_date": null, "source": "https://abc.go.com", "summary": ""}