{"url": "https://web.archive.org/web/20150101095456/http://twitter.com/louiseslaughter/status/439092883166359552", "text": "\u0986\u09aa\u09a8\u09be\u09b0 \u09a8\u09c0\u099a\u09c7\u09b0 \u0993\u09af\u09bc\u09c7\u09ac\u09b8\u09be\u0987\u099f\u09c7 \u0995\u09cb\u09a1\u099f\u09bf \u0985\u09a8\u09c1\u09b2\u09bf\u09aa\u09bf \u09a6\u09cd\u09ac\u09be\u09b0\u09be \u098f\u0987 \u099f\u09c1\u0987\u099f \u09af\u09cb\u0997 \u0995\u09b0\u09c1\u09a8 * \u0986\u09b0\u0993 \u099c\u09be\u09a8\u09c1\u09a8\n\nAdd this video to your website by copying the code below. Learn more\n\n\u09b9\u09c1\u09ae, \u09b8\u09be\u09b0\u09cd\u09ad\u09be\u09b0\u09c7 \u09aa\u09cc\u0981\u099b\u09a8\u09cb\u09b0 \u098f\u0995\u099f\u09bf \u09b8\u09ae\u09b8\u09cd\u09af\u09be \u099b\u09bf\u09b2\u0964 \u09aa\u09b0\u09c7 \u0986\u09ac\u09be\u09b0 \u099a\u09c7\u09b7\u09cd\u099f\u09be \u0995\u09b0\u09ac\u09c7\u09a8? \u09aa\u09cd\u09b0\u0995\u09c3\u09a4 \u099f\u09c1\u0987\u099f \u0985\u09a8\u09cd\u09a4\u09b0\u09cd\u09ad\u09c1\u0995\u09cd\u09a4 \u0995\u09b0\u09c1\u09a8 \u0985\u09a8\u09cd\u09a4\u09b0\u09cd\u09ad\u09c1\u0995\u09cd\u09a4 \u09ae\u09bf\u09a1\u09bf\u09af\u09bc\u09be Include Tweet when logo is clicked", "images": ["https://web.archive.org/web/20150104002205im_/https://pbs.twimg.com/profile_images/474307315772817408/fG7xA9eC_400x400.jpeg", "https://web.archive.org/web/20150104002205im_/https://pbs.twimg.com/profile_images/378800000270574824/da3cf452a0ac667e15bc938b79270034_bigger.jpeg", "https://web.archive.org/web/20150104002205im_/https://pbs.twimg.com/profile_images/430051180/roc_normal.png", "https://web.archive.org/web/20150104002205im_/https://pbs.twimg.com/profile_images/2678629382/49e228b7a26c20c6b34defd43b56abc9_normal.jpeg", "https://web.archive.org/web/20150104002205im_/https://pbs.twimg.com/profile_images/538847634933706752/CIyKJb32_bigger.jpeg", "https://web.archive.org/web/20150104002205im_/https://pbs.twimg.com/profile_images/3617658228/041dbd83c2d18ba485d30d1ca75871e5_normal.jpeg", "https://web.archive.org/web/20150104002205im_/https://pbs.twimg.com/profile_images/521133607273107456/S2fap4go_normal.jpeg", "https://web.archive.org/web/20150104002205im_/https://pbs.twimg.com/profile_images/544698950012260354/eCC0r2SI_normal.jpeg", "https://web.archive.org/web/20150104002205im_/https://pbs.twimg.com/profile_images/538847634933706752/CIyKJb32_normal.jpeg", "https://web.archive.org/web/20150104002205im_/https://pbs.twimg.com/profile_images/474307315772817408/fG7xA9eC_bigger.jpeg", "https://web.archive.org/web/20150104002205im_/https://pbs.twimg.com/profile_images/418868782912659456/3xEwmlXI_normal.png"], "top_img": "https://web.archive.org/web/20150104002205im_/https://pbs.twimg.com/profile_images/474307315772817408/fG7xA9eC_400x400.jpeg", "keywords": [], "authors": [], "canonical_link": "https://web.archive.org/web/20150104002205/https://twitter.com/louiseslaughter/status/439092883166359552", "title": "Louise Slaughter on Twitter", "meta_data": {"robots": "NOODP", "msapplication-TileImage": "//abs.twimg.com/favicons/win8-tile-144.png", "msapplication-TileColor": "#00aced", "swift-page-name": "permalink", "og": {"type": "article", "url": "https://web.archive.org/web/20150104002205/https://twitter.com/louiseslaughter/status/439092883166359552", "title": "Louise Slaughter on Twitter", "image": "https://web.archive.org/web/20150104002205im_/https://pbs.twimg.com/profile_images/474307315772817408/fG7xA9eC_400x400.jpeg", "description": "\u201cBy 4th grade, 86 percent of African American boys and 82 percent Hispanic boys are reading below proficiency levels #MyBrothersKeeper #ROC\u201d", "site_name": "Twitter"}, "fb": {"app_id": 2231777543}}, "movies": [], "publish_date": null, "source": "https://web.archive.org", "summary": ""}