{"url": "www.harpersbazaar.com/celebrity/latest/a20729198/selena-gomez-justin-theroux-dating-rumors/", "text": "This content is imported from {embed-name}. You may be able to find the same content in another format, or you may be able to find more information, at their web site.\n\nFollowing very public breakups, longtime-acquaintances-turned friends Selena Gomez and Justin Theroux have reportedly become romantically involved.\n\nAccording to Wednesday's initial reports from Life & Style, the 25-year-old \"Bad Liar\" singer and the 46-year-old ex-husband of Jennifer Aniston have recently \"become closer than ever.\"\n\nThis content is imported from Instagram. You may be able to find the same content in another format, or you may be able to find more information, at their web site.\n\n\"They've known each other for years through their manager,\" an insider explained to the publication, adding that their shared experience of both going through headline-breaking splits has pushed the pair closer. \"Initially, they leaned on each other for emotional support after going through messy breakups,\" the sourced continued.\n\n\n\nIt's all simply speculation\u2014no confirmation has come from Gomez, Theroux or either of their reps\u2014though Life & Style's source adds fuel to the gossip by suggesting that Jennifer Aniston, \"is not happy\" about the rumored love connection between her Theroux and Gomez, her former husband of two years and friend, respectively.\n\nThis content is imported from Instagram. You may be able to find the same content in another format, or you may be able to find more information, at their web site.\n\nThere's certainly truth that Gomez and Theroux have been spending some time together. In early May, the two were spotted together in New York City, on a group outing with a whole crew of A-list pals, including Paul Rudd and his wife Julie Yaeger, Rooney Mara, and photographer friend to both Gomez and Theroux, Petra Collins.\n\nBACKGRID\n\nLike Gomez, Collins has also been linked to The Leftovers star, with romance rumors following shortly after Theroux and Aniston's public breakup back in February. But more recent reporting suggests that the pair are strictly platonic.\n\nThis content is imported from Instagram. You may be able to find the same content in another format, or you may be able to find more information, at their web site.\n\nDue to the gaping 21-year age difference between Gomez and Theroux, it's likely that The Leftovers star and the \"Fetish\" singer are no more than friends\u2014but in the small world of Hollywood, crazier things have happened.\n\nThis content is created and maintained by a third party, and imported onto this page to help users provide their email addresses. You may be able to find more information about this and similar content at piano.io", "images": ["data:image/gif;base64,R0lGODlhAQABAIAAAAAAAP///yH5BAEAAAAALAAAAAABAAEAAAIBRAA7", "https://hips.hearstapps.com/hmg-prod.s3.amazonaws.com/images/hbz-selena-gomez-justin-theroux-1526566059.jpg?crop=1xw:1xh;center,top&resize=1200:*"], "top_img": "https://hips.hearstapps.com/hmg-prod.s3.amazonaws.com/images/hbz-selena-gomez-justin-theroux-1526566059.jpg?crop=1xw:1xh;center,top&resize=1200:*", "keywords": [], "authors": ["Megan Decker"], "canonical_link": "https://www.harpersbazaar.com/celebrity/latest/a20729198/selena-gomez-justin-theroux-dating-rumors/", "title": "Selena Gomez & Justin Theroux May Be More Than Just Friends", "meta_data": {"x-ua-compatible": "IE=edge,chrome=1", "viewport": "width=device-width,initial-scale=1,maximum-scale=6", "msapplication-tap-highlight": "no", "theme-color": "#606060", "og": {"type": "article", "site_name": "Harper's BAZAAR", "title": "Selena Gomez & Justin Theroux May Be More Than Just Friends", "description": "The pair is rumored to be \"leaning on each other.\"", "url": "https://www.harpersbazaar.com/celebrity/latest/a20729198/selena-gomez-justin-theroux-dating-rumors/", "image": {"identifier": "https://hips.hearstapps.com/hmg-prod.s3.amazonaws.com/images/hbz-selena-gomez-justin-theroux-1526566059.jpg?crop=1xw:1xh;center,top&resize=1200:*", "width": 1200, "height": 600}}, "fb": {"app_id": 227018747326504, "pages": 8327967561}, "article": {"publisher": "https://www.facebook.com/HarpersBazaar", "modified_time": "2018-05-17 07:23:30", "published_time": "2018-05-17 06:08:00", "section": "Celebrity News", "opinion": "false"}, "twitter": {"site": "@harpersbazaarus", "card": "summary_large_image", "image": "https://hips.hearstapps.com/hmg-prod.s3.amazonaws.com/images/hbz-selena-gomez-justin-theroux-1526566059.jpg?crop=1xw:1xh;center,top&resize=640:*"}, "google-site-verification": "bNUXKPTEqUVDbaxHrYA-c1kj007Ao4VsMKdoU80EyiU", "title": "Selena Gomez & Justin Theroux Rumored To Be \"More Than Friends\"", "description": "Rumors fly alleging that Selena Gomez and Justin Theroux might be romantically involved.", "keywords": "justin theroux, selena gomez, selena gomez boyfriend, selena gomez justin bieber, selena gomez justin theroux, selena gomez justin theroux dating, selena gomez justin theroux friends, selena gomez justin theroux love, selena gomez justin theroux relationship, selena gomez justin theroux rumors", "auto-publish": "timely", "thumbnail": "https://hips.hearstapps.com/hmg-prod.s3.amazonaws.com/images/hbz-selena-gomez-justin-theroux-1526566059.jpg?crop=0.5xw:1xh;center,top&resize=320:*", "sailthru.contenttype": "standard-article", "sailthru.tags": "Celebrity,celebrity,latest,selena gomez justin theroux relationship,selena gomez justin theroux dating,selena gomez justin theroux,selena gomez boyfriend,selena gomez justin bieber,justin theroux,Selena Gomez", "sailthru.date": "2018-05-17T18:08:00Z", "sailthru.image.full": "https://hips.hearstapps.com/hmg-prod.s3.amazonaws.com/images/hbz-selena-gomez-justin-theroux-1526566059.jpg?crop=1xw:1xh;center,top", "sailthru.image.thumb": "https://hips.hearstapps.com/hmg-prod.s3.amazonaws.com/images/hbz-selena-gomez-justin-theroux-1526566059.jpg?crop=0.5xw:1xh;center,top", "sailthru.socialtitle": "Selena Gomez & Justin Theroux May Be More Than Just Friends", "m1": ".content-hed", "m2": ".content-dek p"}, "movies": [], "publish_date": 1526530080.0, "source": "http://www.harpersbazaar.com", "summary": ""}