{"url": "www.vanityfair.com/style/2017/03/kate-middleton-prince-william-ski-trip", "text": "One wouldn\u2019t want to be in Prince William\u2019s (dancing) shoes right now. Dubbed \u201cthrone idle\u201d in the British press after skipping a Commonwealth Day service earlier this week in order to go skiing with friends, the 34-year-old royal is also understood to be in the dog house with his wife.\n\nKate is said by Royal Watch sources to be understandably \u201cless than pleased\u201d that her husband has been filmed partying with his friends and an unidentified woman. The new footage, which emerged Wednesday in several tabloids, shows Prince William singing and dancing with friends during a boys-only skiing trip. Shot at the popular Farinet nightclub in Verbier, the video also shows the prince putting his hand on the waist of a mystery woman\n\nWilliam was also filmed \u201cdad dancing\u201d at the club and enjoying himself on the slopes just hours before senior royals including the Queen, Prince Charles and Prince Harry attended Westminster Abbey for a Commonwealth Day service. The Queen considers the date one of the most important in the royal calendar and William\u2019s decision not to attend was seen as significant and controversial. While the Duchess of Cambridge stayed at home with Prince George and Princess Charlotte, William, who is now back in the U.K, chose to have fun on the slopes instead of attending the service.\n\nVIDEO: 12 Facts About Kate Middleton\n\n\u201cIt was William\u2019s choice to go away, but make no mistake Kate wears the trousers in their marriage, and she won\u2019t be happy with William\u2019s antics. She thought his partying days and larking around with the boys was a thing of the past. I imagine she\u2019ll find this humiliating and William will have come in for a pasting,\u201d says a source.\n\nThe couple will put on a united front when they travel to Paris for a state visit on Friday, but the ski trip has once again put the spotlight on William who has so far carried out just 13 days of royal engagements this year. The Queen, who has been in poor health, has clocked up 24 days of official duties.\n\nLast February, the Cambridges posed on the slopes of Courchevel where they enjoyed their first family ski holiday with George and Charlotte. This year, in contrast, William opted to hit the slopes solo with a group of male friends who included Guy Pelly, James Meade, and Tom Van Straubenzee.\n\nAccording to The Sun newspaper, Wills and his pals spent Sunday night dancing to the band Hussy and looked \u201cvery worse for wear\u201d after downing \u201cseveral drinks.\u201d William, who is stepping down from his job as an air-ambulance pilot later this year, does have a history for having fun when he\u2019s out with the boys. At Tom van Straubenzee\u2019s wedding four years ago\u2014which Kate had to miss because she was pregnant with Prince George\u2014William reportedly ended up losing part of his front tooth after he was knocked in the face accidentally by his friend Tom Inskip during a marathon drinking session.\n\nAccording to sources on the slopes, the champagne\u2014and spirits\u2014were flowing in Verbier last weekend. Wills and his friends were photographed enjoying a liquid lunch with 24-year-old Australian model Sophie Taylor who works at the Farinet nightclub and a 30-year-old British former beautician from Blackpool named Rosie Peate who they met during the vacation. The group drank British beer, wine, and Jagerbombs and seemed to be in high spirits, with the prince high-fiving Sophie Taylor at one point during the lunch. Later William and his friends met up with the girls at another posh bar where the drinking continued.\n\nKate, who\u2019s not a big drinker, is apparently not the only wife said to be annoyed. Guy Pelly, whose other half, Lizzie Wilson, is about to give birth, is according to a source also \u201cin deep trouble.\u201d", "images": ["https://media.vanityfair.com/photos/54b92c7a2ba0dcc905abf5b1/master/w_1600%2Cc_limit/ss05-royals-skiing-duchess-of-york-sarah-ferguson-princess-eugenie-vf.jpg", "https://media.vanityfair.com/photos/58c7f1569a1bb337a29dbe1c/1:1/w_350%2Ch_350%2Cc_limit/prince-william-ski-trip.jpg", "http://www.vanityfair.com/verso/static/vanity-fair/assets/logo-header.b6748104d0d362745b508aebea5a86c913809200.svg", "https://media.vanityfair.com/photos/58ca993f65c51404f084186b/master/w_2560%2Cc_limit/kate-middleton-prince-william-ski-trip.jpg", "https://media.vanityfair.com/photos/54b92c6e9dd73aba54669d49/master/w_1600%2Cc_limit/ss01-royals-skiing-princess-diana-vf.jpg", "https://media.vanityfair.com/photos/54b92c799dd73aba54669dc1/master/w_1600%2Cc_limit/ss06-royals-skiing-prince-harry-william-charles-vf.jpg", "https://media.vanityfair.com/photos/58ca993f65c51404f084186b/16:9/w_1280,c_limit/kate-middleton-prince-william-ski-trip.jpg", "http://www.vanityfair.com/verso/static/vanity-fair/assets/logo-reverse.6ef96ab8686439a35176e2ff8b2c4487e92fbaae.svg", "https://media.vanityfair.com/photos/58a224dad1af756e234792e2/1:1/w_350%2Ch_350%2Cc_limit/kate-middleton-george-charlotte-william-family.jpg"], "top_img": "https://media.vanityfair.com/photos/58ca993f65c51404f084186b/16:9/w_1280,c_limit/kate-middleton-prince-william-ski-trip.jpg", "keywords": [], "authors": ["Katie Nicholl", "Katie Nichol", "Josh Dubof", "Kenzie Bryan"], "canonical_link": "https://www.vanityfair.com/style/2017/03/kate-middleton-prince-william-ski-trip", "title": "Kate Middleton Is \u201cLess than Pleased\u201d with Prince William\u2019s Ski-Trip Behavior", "meta_data": {"msapplication-tap-highlight": "no", "viewport": "width=device-width, initial-scale=1", "author": "Katie Nicholl", "copyright": "Copyright (c) Cond\u00e9 Nast 2020", "description": "The prince, caught on video at a nightclub with his arm around the waist of a mysterious brunette, has carried out 13 days of royal engagements this year.", "id": "58ca92df65c51404f0841865", "keywords": "royals,royal watch,prince william,kate middleton,web", "news_keywords": "royals,royal watch,prince william,kate middleton,web", "robots": "index, follow, max-image-preview:large", "content-type": "article", "parsely-post-id": "58ca92df65c51404f0841865", "parsely-metadata": "{\"description\":\"The prince, caught on video at a nightclub with his arm around the waist of a mysterious brunette, has carried out 13 days of royal engagements this year.\",\"image-16-9\":\"https://media.vanityfair.com/photos/58ca993f65c51404f084186b/16:9/w_1000,c_limit/kate-middleton-prince-william-ski-trip.jpg\",\"image-1-1\":\"https://media.vanityfair.com/photos/58ca993f65c51404f084186b/1:1/w_1000,c_limit/kate-middleton-prince-william-ski-trip.jpg\"}", "og": {"description": "The prince, caught on video at a nightclub with his arm around the waist of a mysterious brunette, has carried out 13 days of royal engagements this year.", "image": "https://media.vanityfair.com/photos/58ca993f65c51404f084186b/16:9/w_1280,c_limit/kate-middleton-prince-william-ski-trip.jpg", "site_name": "Vanity Fair", "title": "Kate Middleton Is \u201cLess than Pleased\u201d with Prince William\u2019s Ski-Trip Behavior", "type": "article", "url": "https://www.vanityfair.com/style/2017/03/kate-middleton-prince-william-ski-trip"}, "article": {"content_tier": "metered", "opinion": "false"}, "twitter": {"card": "summary_large_image", "creator": "@VanityFair", "description": "The prince, caught on video at a nightclub with his arm around the waist of a mysterious brunette, has carried out 13 days of royal engagements this year.", "domain": "https://www.vanityfair.com", "image": {"src": "https://media.vanityfair.com/photos/58ca993f65c51404f084186b/16:9/w_1280,c_limit/kate-middleton-prince-william-ski-trip.jpg?mbid=social_retweet"}, "site": "@VanityFair", "title": "Kate Middleton Is \u201cLess than Pleased\u201d with Prince William\u2019s Ski-Trip Behavior"}, "fb": {"app_id": 305927716147259, "pages": 8810407571}, "monetization": "$spsp.coil.com/donate/condenast", "google-signin-client_id": "1065629119444-svrqo31taikd2j0ji4dgjs9q3vul4133.apps.googleusercontent.com"}, "movies": [], "publish_date": null, "source": "http://www.vanityfair.com", "summary": ""}