{"url": "https://www.harpersbazaar.com/culture/film-tv/news/a20559/the-beguiled-trailer/", "text": "Sofia Coppola's newest project is bound to be your guilty pleasure of the summer. The Beguiled, based on the 1966 novel A Painted Devil by Thomas P. Cullinan, is set in an isolated Southern boarding school for girls during the Civil War. When a wounded Union soldier found nearby and treated at the seminary, his stay results in seduction, envy and betrayal.\n\nThe film boasts a star-studded cast: Nicole Kidman is headmistress Martha Farnsworth, Colin Farrell plays the soldier, Kirsten Dunst portrays a teacher named Edwina and Elle Fanning is her rival, a student named Alicia.\n\nThe Beguiled is actually a remake of a 1971 film of the same name, which starred Clint Eastwood in Farrell's role. Although the original movie revolved around the soldier, Coppola's edition puts the focus on the women, and their complex dynamic within their secluded setting.\n\n\"The main crux of the story is about the dynamics between a group of women all stuck together, and then also the power shifts between men and women,\" Coppola told Entertainment Weekly. \"So for me, it's very universal, but it's in this exotic setting of the Southern gentility.\"\n\nThe Beguiled comes to theaters on June 23. Watch the trailer below.\n\nThis content is imported from YouTube. You may be able to find the same content in another format, or you may be able to find more information, at their web site.\n\n[contentlinks align=\"center\" textonly=\"false\" numbered=\"false\" headline=\"Related%20Stories\" customtitles=\"This%20New%20Study%20Is%20Bad%20News%20for%20Women%20in%20Hollywood%7CFemale%20Directors%20in%20Hollywood%20Are%20Decreasing\" customimages=\"|\" content=\"article.20342|article.19941\"]\n\nErica Gonzales Erica Gonzales is the Culture and Content Strategy Editor for BAZAAR.com, where she oversees news and culture coverage, including celebrity, music, TV, movies, and more.\n\nThis content is created and maintained by a third party, and imported onto this page to help users provide their email addresses. You may be able to find more information about this and similar content at piano.io", "images": ["https://hips.hearstapps.com/hbz.h-cdn.co/assets/17/06/1280x640/landscape-1486594346-hbz-the-beguiled-index.jpg?resize=1200:*", "data:image/gif;base64,R0lGODlhAQABAIAAAAAAAP///yH5BAEAAAAALAAAAAABAAEAAAIBRAA7"], "top_img": "https://hips.hearstapps.com/hbz.h-cdn.co/assets/17/06/1280x640/landscape-1486594346-hbz-the-beguiled-index.jpg?resize=1200:*", "keywords": [], "authors": ["Erica Gonzales", "Erica Gonzales Is The Culture", "Content Strategy Editor For"], "canonical_link": "https://www.harpersbazaar.com/culture/film-tv/news/a20559/the-beguiled-trailer/", "title": "Nicole Kidman, Elle Fanning, Kirsten Dunst and Colin Farrell Star in 'The Beguiled' Remake", "meta_data": {"x-ua-compatible": "IE=edge,chrome=1", "viewport": "width=device-width,initial-scale=1,maximum-scale=6", "msapplication-tap-highlight": "no", "theme-color": "#606060", "og": {"type": "article", "site_name": "Harper's BAZAAR", "title": "Nicole Kidman, Elle Fanning, Kirsten Dunst and Colin Farrell Star in 'The Beguiled' Remake", "description": "Sofia Coppola takes on the 1971 Clint Eastwood film of the same name.", "url": "https://www.harpersbazaar.com/culture/film-tv/news/a20559/the-beguiled-trailer/", "image": {"identifier": "https://hips.hearstapps.com/hbz.h-cdn.co/assets/17/06/1280x640/landscape-1486594346-hbz-the-beguiled-index.jpg?resize=1200:*", "width": 1200, "height": 600}}, "fb": {"app_id": 227018747326504, "pages": 8327967561}, "article": {"publisher": "https://www.facebook.com/HarpersBazaar", "modified_time": "2018-04-10 02:32:54", "published_time": "2017-02-09 12:05:00", "section": "Film, TV & Theatre", "opinion": "false"}, "twitter": {"site": "@harpersbazaarus", "card": "summary_large_image", "image": "https://hips.hearstapps.com/hbz.h-cdn.co/assets/17/06/1280x640/landscape-1486594346-hbz-the-beguiled-index.jpg?resize=640:*"}, "google-site-verification": "bNUXKPTEqUVDbaxHrYA-c1kj007Ao4VsMKdoU80EyiU", "title": "Nicole Kidman, Elle Fanning, Kirsten Dunst and Colin Farrell Star in 'The Beguiled' Remake", "description": "Sofia Coppolla takes on the 1971 Clint Eastwood film of the same name.", "keywords": "sofia coppola,elle fanning,kirsten dunst,beguiled,beguiled movie", "auto-publish": "timely", "thumbnail": "https://hips.hearstapps.com/hbz.h-cdn.co/assets/17/06/640x640/square-1486594346-hbz-the-beguiled-index.jpg?resize=320:*", "sailthru.contenttype": "standard-article", "sailthru.tags": "Culture,culture,film-tv,beguiled movie,beguiled,kirsten dunst,sofia coppola,elle fanning", "sailthru.date": "2017-02-09T00:05:00Z", "sailthru.image.full": "https://hips.hearstapps.com/hbz.h-cdn.co/assets/17/06/1280x640/landscape-1486594346-hbz-the-beguiled-index.jpg", "sailthru.image.thumb": "https://hips.hearstapps.com/hbz.h-cdn.co/assets/17/06/640x640/square-1486594346-hbz-the-beguiled-index.jpg", "sailthru.socialtitle": "Nicole Kidman, Elle Fanning, Kirsten Dunst and Colin Farrell Star in 'The Beguiled' Remake", "m1": ".content-hed", "m2": ".content-dek p"}, "movies": [], "publish_date": 1486638300.0, "source": "https://www.harpersbazaar.com", "summary": ""}