{"url": "https://ew.com/movies/2017/04/18/keira-knightley-returns-in-pirates-5-international-trailer/", "text": "\u2018Ello again, poppet!\n\nKeira Knightley has been spotted in a new international trailer for the upcoming Disney release of Pirates of the Caribbean: Dead Men Tell No Tales, the fifth film in the swashbuckling franchise which, based on early reviews, returns the series to its Curse of the Black Pearl roots.\n\nAnd how better to do that than with the reemergence of two of the first film\u2019s key players, Knightley and Orlando Bloom? Their lovebirds Elizabeth and Will Turner essentially bid farewell to audiences at the end of the third film, At World\u2019s End, when Will was remanded to spend the better part of eternity cursed to be captain of the ghostly Flying Dutchman. A recent trailer finally offered a new glance at Bloom\u2019s character, however, thus raising the question of whether his wife would make a cameo as well.\n\nIndeed, she does reappear, although a glimpse may be all you\u2019ll really see of Knightley as Elizabeth Turner (nee Swann). Nevertheless, it\u2019s a smart match, if it\u2019s not too bold to say.\n\nIf you need even more Turner family news, the fifth movie will introduce audiences to Will and Elizabeth\u2019s son, Henry (Brenton Thwaites), who embarks on a search for answers about his father, accompanied by fierce academic Carina (Kaya Scodelario) and, of course, rum-soaked raisin Captain Jack Sparrow (Johnny Depp).\n\nPirates of the Caribbean: Dead Men Tell No Tales arrives in theaters May 26.", "images": ["https://imagesvc.meredithcorp.io/v3/mm/image?q=85&c=sc&poi=face&w=2000&h=1047&url=https%3A%2F%2Fstatic.onecms.io%2Fwp-content%2Fuploads%2Fsites%2F6%2F2017%2F04%2Fpirates-2000.jpg", "https://imagesvc.meredithcorp.io/v3/mm/image?url=https%3A%2F%2Fstatic.onecms.io%2Fwp-content%2Fuploads%2Fsites%2F6%2F2020%2F10%2F07%2FFamily-Halloween-Movies.jpg", "https://imagesvc.meredithcorp.io/v3/mm/image?url=https%3A%2F%2Fstatic.onecms.io%2Fwp-content%2Fuploads%2Fsites%2F6%2F2020%2F10%2F20%2FGettyImages-1027748034.jpg", "data:image/svg+xml,%3Csvg%20xmlns='http://www.w3.org/2000/svg'%20viewBox='0%200%20100%20100'%3E%3C/svg%3E", "https://imagesvc.meredithcorp.io/v3/mm/image?url=https%3A%2F%2Fstatic.onecms.io%2Fwp-content%2Fuploads%2Fsites%2F6%2F2020%2F10%2F12%2Fmockumentaries.jpg"], "top_img": "https://imagesvc.meredithcorp.io/v3/mm/image?q=85&c=sc&poi=face&w=2000&h=1047&url=https%3A%2F%2Fstatic.onecms.io%2Fwp-content%2Fuploads%2Fsites%2F6%2F2017%2F04%2Fpirates-2000.jpg", "keywords": [], "authors": ["Marc Snetiker"], "canonical_link": "https://ew.com/movies/2017/04/18/keira-knightley-returns-in-pirates-5-international-trailer/", "title": "Keira Knightley returns in Pirates 5' international trailer", "meta_data": {"viewport": "width=device-width, initial-scale=1", "keywords": "EW News Flash", "news_keywords": "EW News Flash", "description": "Elizabeth Turner is back", "og": {"title": "Keira Knightley Returns in New 'Pirates of the Caribbean 5' Trailer", "type": "article", "site_name": "EW.com", "url": "https://ew.com/movies/2017/04/18/keira-knightley-returns-in-pirates-5-international-trailer/", "description": "Elizabeth Turner is back", "image": {"identifier": "https://imagesvc.meredithcorp.io/v3/mm/image?q=85&c=sc&poi=face&w=2000&h=1047&url=https%3A%2F%2Fstatic.onecms.io%2Fwp-content%2Fuploads%2Fsites%2F6%2F2017%2F04%2Fpirates-2000.jpg", "width": 2000, "height": 1047}}, "pinterest": {"url": "https://ew.com/movies/2017/04/18/keira-knightley-returns-in-pirates-5-international-trailer/", "description": "Elizabeth Turner is back", "media": "https://imagesvc.meredithcorp.io/v3/mm/image?url=https%3A%2F%2Fstatic.onecms.io%2Fwp-content%2Fuploads%2Fsites%2F6%2F2017%2F04%2Fpirates-2000.jpg"}, "twitter": {"card": "summary_large_image", "url": "https://ew.com/movies/2017/04/18/keira-knightley-returns-in-pirates-5-international-trailer/", "title": "Keira Knightley Returns in New 'Pirates of the Caribbean 5' Trailer", "description": "Elizabeth Turner is back", "site": "@ew", "image": "https://imagesvc.meredithcorp.io/v3/mm/image?q=85&c=sc&poi=face&w=2000&h=1047&url=https%3A%2F%2Fstatic.onecms.io%2Fwp-content%2Fuploads%2Fsites%2F6%2F2017%2F04%2Fpirates-2000.jpg"}, "robots": "max-image-preview:large", "fb": {"app_id": 2485718348341688, "pages": 52150999700}, "article": {"opinion": "false"}}, "movies": [], "publish_date": 1492466400.0, "source": "https://ew.com", "summary": ""}