{"url": "http://www.radaronline.com/exclusives/2010/06/video-jersey-shore-cast-weathers-storm-sophomore-season-preview", "text": "Click to share on Twitter (Opens in new window)\n\nClick to share on Facebook (Opens in new window)\n\nThey\u2019re baaaaaackkk!!!\n\nA preview of the second season of the breakout hit Jersey Shore aired prior to the MTV Movie Awards on Sunday night.\n\nWatch the video on RadarOnline.com\n\nIn the clip, we get to see the cast migrating south like a flock of tanned, juiced-up birds, as it\u2019s explained how the snowy weather in the Northeast this past February brought a halt to the antics the show is based on, hence the change of scenery.\n\nSaid Pauly D: \u201cWe love Jersey, but you can\u2019t tan in this weather, you can\u2019t creep in this weather. I think the beaches in Miami Beach are topless \u2014 so I\u2019m gonna be spendin\u2019 a lot of time on the beach.\u201d\n\nIn the clip, Snooki introduces us to her new \u201cgorilla juicehead\u201d boyfriend Emilio Masella, while offering political analysis on President Barack Obama\u2019s tanning tax.\n\nHOTOS: Snooki Works In Miami\n\n\u201cI don\u2019t go tanning-tanning anymore because Obama put a 10 percent tax on tanning,\u201d Snooki complained as Masella shot her with spray tan. \u201cHe did that because of us.\u201d\n\nThe new season of Jersey Shore, featuring the cast in both South Florida and New Jersey, premieres on MTV Thursday, July 29 at 10/9c.", "images": ["https://i0.heartyhosting.com/radaronline.com/wp-content/uploads/2019/03/logo-reality-tv.png?fit=370%2C70&ssl=1", "https://i0.heartyhosting.com/radaronline.com/wp-content/uploads/2019/03/logo-true-crime-b.png?fit=357%2C70&ssl=1", "https://radaronline.com/wp-content/themes/vip/am-radaronline/assets/build/images/icons/logo-tag-registered.svg", "https://i0.heartyhosting.com/radaronline.com/wp-content/uploads/2020/12/keo-gleb-chrishell-vaction.jpeg?w=384&crop=0%2C20px%2C384px%2C215px&resize=384%2C215&ssl=1", "https://i0.heartyhosting.com/radaronline.com/wp-content/uploads/2019/03/logo-omg.png?fit=188%2C70&ssl=1", "https://radaronline.com/wp-content/themes/vip/am-radaronline/assets/build/images/icons/logo-tag-registered-green.svg", "https://radaronline.com/wp-content/themes/vip/am-radaronline/assets/build/images/favicon/apple-touch-icon.png", "https://i0.heartyhosting.com/radaronline.com/wp-content/uploads/2019/08/rhobh-star-erika-jayne-sued-over-husbands-unpaid-loan.jpg?w=384&crop=0%2C20px%2C384px%2C215px&resize=384%2C215&ssl=1", "https://i0.heartyhosting.com/radaronline.com/wp-content/uploads/2019/03/logo-fashion-police.png?fit=489%2C70&ssl=1", "https://i0.heartyhosting.com/radaronline.com/wp-content/uploads/2019/03/reality-tv-bg.jpg?fit=1440%2C210&ssl=1", "https://i0.heartyhosting.com/radaronline.com/wp-content/uploads/2019/03/celebrity-news-bg.jpg?fit=1440%2C210&ssl=1", "https://i0.heartyhosting.com/radaronline.com/wp-content/uploads/2019/03/scandal-bg.jpg?fit=1440%2C210&ssl=1", "https://i0.heartyhosting.com/radaronline.com/wp-content/uploads/2019/12/NeNe-Leakes-Lashes-Out-Andy-Cohen-Criticism-02.jpg?w=384&crop=0%2C20px%2C384px%2C215px&resize=384%2C215&ssl=1", "https://i0.heartyhosting.com/radaronline.com/wp-content/uploads/2020/10/khloe-tristan-rekindle.jpeg?w=384&crop=0%2C20px%2C384px%2C215px&resize=384%2C215&ssl=1", "https://i0.heartyhosting.com/radaronline.com/wp-content/uploads/2019/03/true-crime-bg.jpg?fit=1440%2C210&ssl=1", "https://i0.heartyhosting.com/radaronline.com/wp-content/uploads/2019/03/omg-bg.jpg?fit=1440%2C210&ssl=1", "https://i0.heartyhosting.com/radaronline.com/wp-content/uploads/2019/03/logo-scandal.png?fit=307%2C70&ssl=1", "https://i0.heartyhosting.com/radaronline.com/wp-content/uploads/2019/03/logo-reality-tv-1.png?ssl=1", "https://i0.heartyhosting.com/radaronline.com/wp-content/uploads/2019/03/logo-celebrity-news-b.png?fit=495%2C70&ssl=1", "https://i0.heartyhosting.com/radaronline.com/wp-content/uploads/2019/03/fashion-police-bg.jpg?fit=1440%2C210&ssl=1"], "top_img": "https://radaronline.com/wp-content/themes/vip/am-radaronline/assets/build/images/favicon/apple-touch-icon.png", "keywords": [], "authors": ["Radar Staff", "June"], "canonical_link": "https://radaronline.com/exclusives/2010/06/video-jersey-shore-cast-weathers-storm-sophomore-season-preview/", "title": "VIDEO: Special Preview Of Jersey Shore In Miami!", "meta_data": {"viewport": "width=device-width, initial-scale=1.0", "fb": {"admins": 593583017, "app_id": 1008772232528225, "pages": 376279216711}, "theme-color": "#ffffff", "google-site-verification": "kONM_PqGX8Za53dFcExSTIIPZxxN_S4QtvDlONzzdA0", "description": "They're baaaaaackkk!!!A preview of the second season of the breakout hit Jersey Shore aired prior to the MTV Movie Awards on Sunday night.Watch the video", "robots": "index, follow, max-snippet:-1, max-image-preview:large, max-video-preview:-1", "og": {"locale": "en_US", "type": "article", "title": "VIDEO: Special Preview Of Jersey Shore In Miami! | Radar Online", "description": "They\u2019re baaaaaackkk!!! A preview of the second season of the breakout hit Jersey Shore aired prior to the MTV Movie Awards on Sunday night. Watch the video on RadarOnline.com In the clip, we get to see the cast migrating south like a flock of tanned, juiced-up birds, as it\u2019s explained how the snowy weather in\u2026", "url": "https://radaronline.com/exclusives/2010/06/video-jersey-shore-cast-weathers-storm-sophomore-season-preview/", "site_name": "RadarOnline", "updated_time": "2010-06-07T10:30:42+00:00"}, "article": {"published_time": "2010-06-07T10:30:42+00:00"}, "twitter": {"card": "summary_large_image", "title": "VIDEO: Special Preview Of Jersey Shore In Miami! | Radar Online", "description": "They\u2019re baaaaaackkk!!! A preview of the second season of the breakout hit Jersey Shore aired prior to the MTV Movie Awards on Sunday night. Watch the video on RadarOnline.com In the clip, we get to see the cast migrating south like a flock of tanned, juiced-up birds, as it\u2019s explained how the snowy weather in\u2026"}, "generator": "WordPress 5.5.3"}, "movies": [], "publish_date": 1275906642.0, "source": "http://www.radaronline.com", "summary": ""}