{"url": "https://web.archive.org/web/20080911193042/http://www.adn.com:80/sarah-palin/background/story/203814.html", "text": "Editor's note: This story was originally published April 22, 2007\n\nThe state has tried selling its unwanted jet online four times and failed. So last week, the Palin administration signed a contract with an Anchorage aircraft broker who thinks he can succeed where eBay couldn't The eBay thing didn't work out very well, said Dan Spencer, director of administrative services for the Department of Public Safety. He's the person charged with trying to get rid of the infamous Westwind II.\n\nThe administration made a deal last week with Turbo North Aviation, promising the broker a 1.49 percent cut of the selling price.\n\nFormer Gov. Frank Murkowski bought the jet, which cost the state about $2.6 million, over the protests of the Legislature and used it to fly around the state, sometimes mixing campaign errands with government business.\n\nAfter he defied almost everyone to acquire it, the jet became a political albatross for Murkowski. Gov. Sarah Palin beat Murkowski bad in last August's Republican primary. One of her campaign promises was to sell the plane and she's been trying to unload it for months. Robert Heckmann owns Turbo North Aviation. He said his company has sold more than 1,800 planes including two dozen or so jets in the past 27 years.\n\nSpencer said Heckmann suggested the asking price of $2,450,000, based on the current jet market.\n\nThe state's definitely not going to give this plane away. If that was the case, then they would have sold it on eBay Heckmann said. He described prospective buyers a governments, corporate entities, oil companies, movie stars, well-to-do people.\n\nMeanwhile, the state is stuck making quarterly payments of about $62,000 on the Westwind II. So is the state sick of dealing with this bird?\n\nI don't know about anyone else Spencer said. You don't want to keep making payments on something you're not using, he said. l'll be happy when it sells. I'll be a happy guy.", "images": ["https://web.archive.org/web/20080911193042im_/http://us.i1.yimg.com/us.yimg.com/i/us/my/addtomyyahoo4.gif", "https://web.archive.org/web/20080911193042im_/http://www.adn.com/includes/briantest/assets/mcclatchy_27.gif", "https://web.archive.org/web/20080911193042im_/http://media.adn.com/includes/assets/images/go_sellit.gif", "https://web.archive.org/web/20080911193042im_/http://media.adn.com/includes/play/assets/invis.gif", "https://web.archive.org/web/20080911193042im_/http://mcclatchy.112.2o7.net/b/ss/nmanchorage/1/H.10--NS/0?pageName=Story:%20203814%7CPalin%20tries%20new%20tactic%20to%20unload%20hated%20jet&server=www.adn.com&channel=Gov.%20Sarah%20Palin%20background&c1=http%26%2358;%26%2347;%26%2347;www.adn.com%26%2347;3186%26%2347;story%26%2347;203814.html&c3=Story&c4=adn%7CAnchorage%20Daily%20News%7CAnchorage%20Daily%20News%7CBy%20KYLE%20HOPKINS&c6=ADN%7CADN&c28=&h1=ADN%7CADN%7CNews%7CNational%7CGovtPolitics%7C%7C%7CGov.%20Sarah%20Palin%20background", "https://web.archive.org/web/20080911193042im_/http://ad.doubleclick.net/ad/mi.adn00/News/National/GovtPolitics;dcove=d;pl=story;lvl6=Gov_SarahPalinbackground;loc=ats;pos=BDGE01;sz=146x60;tile=2;ord=123456789", "https://web.archive.org/web/20080911193042im_/http://media.adn.com/smedia/2008/06/18/18/996-beartn.highlight.prod_affiliate.7.jpg", "https://web.archive.org/web/20080911193042im_/http://ad.doubleclick.net/ad/mi.adn00/News/National/GovtPolitics;dcopt=ist;dcove=d;pl=story;lvl6=Gov_SarahPalinbackground;loc=ats;geopick=null;pos=NTL2;sz=728x90;tile=1;ord=123456789", "https://web.archive.org/web/20080911193042im_/http://www.adn.com/includes/briantest/assets/alert.gif", "https://web.archive.org/web/20080911193042im_/http://ad.doubleclick.net/ad/mi.adn00/News/National/GovtPolitics;dcove=d;pl=story;lvl6=Gov_SarahPalinbackground;loc=ats;geopick=null;pos=NTL3;sz=300x250,160x600;tile=4;ord=123456789", "https://web.archive.org/web/20080911193042im_/http://media.adn.com/static/images/mi/third_party/accuweather/default_lg/07.GIF", "https://web.archive.org/web/20080911193042im_/http://ad.doubleclick.net/ad/mi.adn00/News/National/GovtPolitics;dcove=d;pl=story;lvl6=Gov_SarahPalinbackground;loc=ats;pos=MREC01;sz=300x250;tile=3;ord=123456789"], "top_img": "", "keywords": [], "authors": [], "canonical_link": "", "title": "Palin tries new tactic to unload hated jet: Gov. Sarah Palin background", "meta_data": {"verify-v1": "QOoQfnwf02/NETXbZmOIPylYut77bH1Nx4A3k8rDFT4=", "description": "Palin tries new tactic to unload hated jet"}, "movies": [], "publish_date": null, "source": "https://web.archive.org", "summary": ""}