{"url": "http://w3.nexis.com/new/results/docview/docview.do?start=1&sort=BOOLEAN&format=GNBFI&risb=21_T17555183634", "text": "You did not enter an ID value.\n\nYou did not enter a Password value.", "images": ["http://w3.nexis.com/lnaccess/images/REFooterLogo-Light.png", "http://w3.nexis.com/lnaccess/images/highlight_arrow.png", "http://w3.nexis.com/lnaccess/images/LN_Logo_Color_Reverse-Small.png"], "top_img": "", "keywords": [], "authors": [], "canonical_link": "", "title": "Nexis\u00ae - Sign In", "meta_data": {"viewport": "initial-scale=1", "description": "LexisNexis users sign in here. Click here to login and begin conducting your legal research now."}, "movies": [], "publish_date": null, "source": "http://w3.nexis.com", "summary": ""}