{"url": "https://www.c-span.org/video/?442305-1/president-trump-campaigns-rick-saccone-pennsylvania&start=180", "text": "2018-03-10T22:31:03-05:00\n\nhttps://images.c-span.org/Files/da4/20180310223751001_hd.jpg\n\nPresident Trump campaigned in the Pittsburgh area for Rick Saccone, the Republican candidate in the March 13, 2018, 18th Congressional District special election. The president talked about a wide range of issues including his new steel and aluminum tariffs, the plan to meet with North Korean leader Kim Jong-un, the Republican tax reform law, and tougher penalties for drug dealers.\n\nPresident Trump campaigned in the Pittsburgh area for Rick Saccone, the Republican candidate in the March 13, 2018, 18th Congressional\u2026 read more", "images": ["https://ximage.c-spanvideo.org/eyJidWNrZXQiOiJwaWN0dXJlcy5jLXNwYW52aWRlby5vcmciLCJrZXkiOiJGaWxlc1wvZGE0XC8yMDE4MDMxMDIyMzc1MTAwMV9oZC5qcGciLCJlZGl0cyI6eyJyZXNpemUiOnsiZml0IjoiY292ZXIiLCJoZWlnaHQiOjYzMCwid2lkdGgiOjEyMDB9fX0=", "https://static.c-span.org/assets/images/ajax-loader.gif", "https://ximage.c-spanvideo.org/eyJidWNrZXQiOiJwaWN0dXJlcy5jLXNwYW52aWRlby5vcmciLCJrZXkiOiJGaWxlc1wvMDIwXC8yMDE4MDMxMDE3NTYxNDAxMl9oZC5qcGciLCJlZGl0cyI6eyJyZXNpemUiOnsiZml0IjoiY292ZXIiLCJoZWlnaHQiOjEyNSwid2lkdGgiOjIyMH19fQ==", "https://ximage.c-spanvideo.org/eyJidWNrZXQiOiJwaWN0dXJlcy5jLXNwYW52aWRlby5vcmciLCJrZXkiOiJGaWxlc1wvZjZiXC8yMDE4MDMxMDIyMzUyMTAwMV9oZC5qcGciLCJlZGl0cyI6eyJyZXNpemUiOnsiZml0IjoiY292ZXIiLCJoZWlnaHQiOjEyNSwid2lkdGgiOjIyMH19fQ==", "https://static.c-span.org/assets/images/Connect-envelope_icon_white.svg", "https://ximage.c-spanvideo.org/eyJidWNrZXQiOiJwaWN0dXJlcy5jLXNwYW52aWRlby5vcmciLCJrZXkiOiJGaWxlc1wvMTQ0XC8yMDE4MDMxMTA3MDcyOTAwMV9oZC5qcGciLCJlZGl0cyI6eyJyZXNpemUiOnsiZml0IjoiY292ZXIiLCJoZWlnaHQiOjEyNSwid2lkdGgiOjIyMH19fQ==", "https://ximage.c-spanvideo.org/eyJidWNrZXQiOiJwaWN0dXJlcy5jLXNwYW52aWRlby5vcmciLCJrZXkiOiJGaWxlc1wvNzg0XC8yMDE4MDMxMDE5MjQwMjAxMl9oZC5qcGciLCJlZGl0cyI6eyJyZXNpemUiOnsiZml0IjoiY292ZXIiLCJoZWlnaHQiOjEyNSwid2lkdGgiOjIyMH19fQ==", "https://static.c-span.org/assets/images/YouTube_icon_white.svg", "https://static.c-span.org/assets/images/Instagram_icon_white.svg", "https://static.c-span.org/assets/images/tagline.png", "https://static.c-span.org/assets/images/camera-icon.png", "https://ximage.c-spanvideo.org/eyJidWNrZXQiOiJwaWN0dXJlcy5jLXNwYW52aWRlby5vcmciLCJrZXkiOiJGaWxlc1wvZGE0XC8yMDE4MDMxMDIyMzc1MTAwMV9oZC5qcGciLCJlZGl0cyI6eyJyZXNpemUiOnsiZml0IjoiY292ZXIiLCJoZWlnaHQiOjU3Niwid2lkdGgiOjEwMjR9fX0=", "https://ximage.c-spanvideo.org/eyJidWNrZXQiOiJwaWN0dXJlcy5jLXNwYW52aWRlby5vcmciLCJrZXkiOiJGaWxlc1wvZDAwXC8yMDE4MDMxMDIwMDc1MDAxMl9oZC5qcGciLCJlZGl0cyI6eyJyZXNpemUiOnsiZml0IjoiY292ZXIiLCJoZWlnaHQiOjEyNSwid2lkdGgiOjIyMH19fQ==", "https://ximage.c-spanvideo.org/eyJidWNrZXQiOiJwaWN0dXJlcy5jLXNwYW52aWRlby5vcmciLCJrZXkiOiJGaWxlc1wvOTMxXC8yMDE4MDMxMDE5MzIzODAxMl9oZC5qcGciLCJlZGl0cyI6eyJyZXNpemUiOnsiZml0IjoiY292ZXIiLCJoZWlnaHQiOjEyNSwid2lkdGgiOjIyMH19fQ==", "https://ximage.c-spanvideo.org/eyJidWNrZXQiOiJwaWN0dXJlcy5jLXNwYW52aWRlby5vcmciLCJrZXkiOiJGaWxlc1wvOGEwXC8yMDE4MDMxMDIzMzI1MTAwMV9oZC5qcGciLCJlZGl0cyI6eyJyZXNpemUiOnsiZml0IjoiY292ZXIiLCJoZWlnaHQiOjEyNSwid2lkdGgiOjIyMH19fQ==", "https://static.c-span.org/assets/images/CSPAN_Navy-and-Blue.svg", "https://ximage.c-spanvideo.org/eyJidWNrZXQiOiJwaWN0dXJlcy5jLXNwYW52aWRlby5vcmciLCJrZXkiOiJGaWxlc1wvZTMzXC8yMDE4MDMxMDIxNTk1MTAwMV9oZC5qcGciLCJlZGl0cyI6eyJyZXNpemUiOnsiZml0IjoiY292ZXIiLCJoZWlnaHQiOjEyNSwid2lkdGgiOjIyMH19fQ==", "https://ximage.c-spanvideo.org/eyJidWNrZXQiOiJwaWN0dXJlcy5jLXNwYW52aWRlby5vcmciLCJrZXkiOiJGaWxlc1wvMDViXC8yMDE4MDMxMzIzMzMxMDAxMV9oZC5qcGciLCJlZGl0cyI6eyJyZXNpemUiOnsiZml0IjoiY292ZXIiLCJoZWlnaHQiOjEyNSwid2lkdGgiOjIyMH19fQ=="], "top_img": "https://ximage.c-spanvideo.org/eyJidWNrZXQiOiJwaWN0dXJlcy5jLXNwYW52aWRlby5vcmciLCJrZXkiOiJGaWxlc1wvZGE0XC8yMDE4MDMxMDIyMzc1MTAwMV9oZC5qcGciLCJlZGl0cyI6eyJyZXNpemUiOnsiZml0IjoiY292ZXIiLCJoZWlnaHQiOjYzMCwid2lkdGgiOjEyMDB9fX0=", "keywords": [], "authors": [], "canonical_link": "//www.c-span.org/video/?442305-1/president-trump-campaigns-rick-saccone-pennsylvania&start=180", "title": "President Trump in Moon Township, Pennsylvania", "meta_data": {"viewport": "width=device-width, initial-scale=1.0", "description": "President Trump campaigned in the Pittsburgh area for Rick Saccone, the Republican candidate in the March 13, 2018, 18th Congressional District special election. The president talked about a wide range of issues including his new steel and aluminum tariffs, the plan to meet with North Korean leader Kim Jong-un, the Republican tax reform law, and tougher penalties for drug dealers.", "og": {"image": {"identifier": "https://ximage.c-spanvideo.org/eyJidWNrZXQiOiJwaWN0dXJlcy5jLXNwYW52aWRlby5vcmciLCJrZXkiOiJGaWxlc1wvZGE0XC8yMDE4MDMxMDIyMzc1MTAwMV9oZC5qcGciLCJlZGl0cyI6eyJyZXNpemUiOnsiZml0IjoiY292ZXIiLCJoZWlnaHQiOjYzMCwid2lkdGgiOjEyMDB9fX0=", "height": 630, "type": "image/jpeg", "width": 1200}, "title": "President Trump Campaigns for Rick Saccone in Pennsylvania", "url": "//www.c-span.org/video/?442305-1/president-trump-campaigns-rick-saccone-pennsylvania&start=180", "locale": "en_US", "site_name": "C-SPAN.org", "description": "President Trump campaigned in the Pittsburgh area for Rick Saccone, the Republican candidate in the March 13, 2018, 18th Congressional District special election. The president talked about a wide range of issues including his new steel and aluminum tariffs, the plan to meet with North Korean leader Kim Jong-un, the Republican tax reform law, and tougher penalties for drug dealers."}}, "movies": [], "publish_date": null, "source": "https://www.c-span.org", "summary": ""}