{"url": "www.lifeandstylemag.com/posts/jamie-foxx-katie-holmes-suri-140171", "text": "So sweet! Jamie Foxx was spotted paying a visit to his not-so-secret girlfriend Katie Holmes \u2014 and he brought some treats for her daughter Suri Cruise. The Oscar-winning actor pulled up to her house with some frozen yogurt, which the girls definitely enjoyed.\n\nEarlier in the day, Katie, 38, and her 11-year-old daughter with Tom Cruise spent the day back-to-school shopping in Calabasas. Wearing a red plaid shirt, faded blue jeans, and oversized sunglasses, Katie kept it casual alongside Suri, who looked like she was ready to attend a dance class.\n\nMORE: Jamie Foxx Complains About His Dating Life \u2014 Still Won\u2019t Confirm Relationship With Katie Holmes!\n\nAccording to the Daily Mail, onlookers saw Jamie, 49, making his way through the same area shortly after and stopping at Menchie\u2019s for the cool treats. He then proceeded to make his way to her gated mansion in his Mercedes Benz SUV.\n\nGetty Images, Splash\n\nDespite being photographed in public multiple times, the couple has yet to confirm rumors they are dating. However, Life & Style previously reported that Katie and Jamie are secretly planning to tie the knot. \u201cThey would want it to be a quiet, under-the-radar ceremony in a romantic spot like Italy or the coast of France,\u201d the insider said.\n\nEarlier this summer, the brunette beauty flew out to Paris to spend a few days with Jamie as he filmed Robin Hood, and they enjoyed a few days holed up at the luxe Park Hyatt Paris-Vend\u00f4me. The only thing stopping them from taking their relationship public is Katie\u2019s ex-husband.\n\nMORE: Katie Holmes Wears a Disguise to Secretly Meet Up With Rumored Boyfriend Jamie Foxx!\n\nAccording to Radar Online, there is a stipulation in Katie\u2019s divorce from Tom, 55, that prevents her from publicly dating another man for five years after their split. \u201cKatie signed a clause in her quickie divorce settlement that prevents her from embarrassing Tom in various ways, like talking about him or Scientology, or publicly dating another man for five years after the divorce,\u201d a source said. \u201cShe\u2019s allowed to date, but she cannot do so in a public fashion, and she\u2019s not supposed to let any boyfriend near their daughter Suri.\u201d\n\nThe insider added, \u201cKatie wanted out of the marriage so badly, she agreed to the terms \u2014 and got $4.8 million in child support, plus another $5 million for herself.\u201d Luckily for the couple, this month marks five years since her divorce!", "images": ["https://www.lifeandstylemag.com/wp-content/uploads/2016/12/tom-suri-cruise-2008.jpg?resize=120%2C68", "https://www.lifeandstylemag.com/wp-content/uploads/2020/11/chris-harrison-teases-clare-crawley-tayshia-adams-men-tell-all.jpg?crop=0px%2C25px%2C2000px%2C1133px&resize=120%2C68", "https://www.lifeandstylemag.com/wp-content/uploads/2020/01/Khloe-Kardashian-Gives-a-Little-Tour-of-True-Thompson-Sweet-Bedroom-01.jpg?crop=149px%2C47px%2C701px%2C702px&resize=90%2C90", "https://www.lifeandstylemag.com/wp-content/uploads/2020/11/LTG_HOL_AMI_11.24.20_300x490.jpg?fit=300%2C490", "https://www.lifeandstylemag.com/wp-content/uploads/2020/11/Heather-Rae-Young-Reveals-the-Special-Roles-Tarek-El-Moussa-Kids-Will-Play-in-Their-Wedding.jpg?crop=0px%2C384px%2C980px%2C555px&resize=120%2C68", "https://www.lifeandstylemag.com/wp-content/uploads/2019/12/Chrishell-Stause-Felt-Blindsided-After-Justin-Hartley-Filed-for-Divorce-Promo.jpg?crop=0px%2C0px%2C2000px%2C1133px&resize=120%2C68", "https://www.lifeandstylemag.com/wp-content/uploads/2017/08/katie-holmes-jamie-foxx.jpg?w=750&h=750&crop=1&resize=1000%2C1000", "https://www.lifeandstylemag.com/wp-content/uploads/2019/09/The-Bachelor-Meet-the-Women_PP.jpg?resize=90%2C90", "https://www.lifeandstylemag.com/wp-content/uploads/2020/11/chris-exclusive-dale-clare.jpg?crop=0px%2C82px%2C3000px%2C1699px&resize=120%2C68", "https://www.lifeandstylemag.com/wp-content/uploads/2017/05/brandon-thomas-lee-then-and-now-1.jpg?resize=120%2C68", "https://www.lifeandstylemag.com/wp-content/uploads/2017/08/jamie-foxx-katie-holmes-suri.jpg?resize=1000%2C600", "https://www.lifeandstylemag.com/wp-content/uploads/2020/11/Chris-Harrison-Says-There-Was-No-Backup-Bachelorette-for-Clare.jpg?crop=0px%2C0px%2C3223px%2C1826px&resize=120%2C68", "https://www.lifeandstylemag.com/wp-content/uploads/2020/11/Chris-Harrison-Reacts-to-Becca-and-Blake-Reconciliation-Rumors.jpg?crop=0px%2C0px%2C3220px%2C1824px&resize=120%2C68", "https://www.lifeandstylemag.com/wp-content/uploads/2020/11/155822_3012.jpg?crop=0px%2C123px%2C3000px%2C1699px&resize=120%2C68", "https://www.lifeandstylemag.com/wp-content/uploads/2020/07/realtristan13_106118224_633649180674297_5607094312589396881_n.jpg?crop=0px%2C310px%2C1080px%2C612px&resize=120%2C68", "https://www.lifeandstylemag.com/wp-content/uploads/2017/08/jamie-foxx-katie-holmes-suri.jpg?resize=120%2C68", "https://www.lifeandstylemag.com/wp-content/uploads/2020/10/LS4420_cover_final.jpg?w=300", "https://www.lifeandstylemag.com/wp-content/uploads/2020/06/True-Thompson-Cutest-Photos-Feature.jpg?crop=51px%2C35px%2C1896px%2C1897px&resize=90%2C90", "https://www.lifeandstylemag.com/wp-content/uploads/2020/01/thenikkibella_84078405_2731228150290245_7074942051047440765_n.jpg?crop=0px%2C68px%2C818px%2C817px&resize=90%2C90", "https://www.lifeandstylemag.com/wp-content/uploads/2020/11/Todd-Chrisley-Kids-Defend-Clapbacks-Feature-Inline.jpg?crop=104px%2C86px%2C2880px%2C1632px&resize=120%2C68", "https://www.lifeandstylemag.com/wp-content/uploads/2020/01/Cardi-B-Flaunts-Curves-and-Leaves-Little-to-the-Imagination-in-See-Through-Outfit-featured.jpg?crop=0px%2C0px%2C2000px%2C2000px&resize=90%2C90"], "top_img": "https://www.lifeandstylemag.com/wp-content/uploads/2017/08/jamie-foxx-katie-holmes-suri.jpg?resize=1000%2C600", "keywords": [], "authors": ["Anna Quintana"], "canonical_link": "https://www.lifeandstylemag.com/posts/jamie-foxx-katie-holmes-suri-140171/", "title": "Katie Holmes and Jamie Foxx Reunited Before Suri's First Day of School", "meta_data": {"viewport": "width=device-width, initial-scale=1.0", "theme-color": "#ffffff", "msvalidate.01": "097DBAAF43A9B61E9E4259AA7D75B069", "description": "So sweet! Jamie Foxx was spotted paying a visit to his not-so-secret girlfriend Katie Holmes \u2014 and he brought some treats for her daughter Suri Cruise.", "robots": "index, follow, max-snippet:-1, max-image-preview:large, max-video-preview:-1", "og": {"locale": "en_US", "type": "article", "title": "Katie Holmes and Jamie Foxx Reunited Before Suri's First Day of School", "description": "So sweet! Jamie Foxx was spotted paying a visit to his not-so-secret girlfriend Katie Holmes \u2014 and he brought some treats for her daughter Suri Cruise. The Oscar-winning actor pulled up to her...", "url": "https://www.lifeandstylemag.com/posts/jamie-foxx-katie-holmes-suri-140171/", "site_name": "Life & Style", "updated_time": "2017-08-24T15:01:10+00:00", "image": {"identifier": "https://www.lifeandstylemag.com/wp-content/uploads/2017/08/jamie-foxx-katie-holmes-suri.jpg?resize=1000%2C600", "secure_url": "https://www.lifeandstylemag.com/wp-content/uploads/2017/08/jamie-foxx-katie-holmes-suri.jpg?resize=1000%2C600", "width": 1200, "height": 630}}, "article": {"publisher": "https://www.facebook.com/LifeStyleWeekly", "published_time": "2017-08-24T14:59:00+00:00", "modified_time": "2017-08-24T15:01:10+00:00"}, "fb": {"app_id": 741277405933843, "admins": 593583017, "pages": 229184533343}, "twitter": {"card": "summary_large_image", "title": "Katie Holmes and Jamie Foxx Reunited Before Suri's First Day of School", "description": "So sweet! Jamie Foxx was spotted paying a visit to his not-so-secret girlfriend Katie Holmes \u2014 and he brought some treats for her daughter Suri Cruise. The Oscar-winning actor pulled up to her...", "image": "https://www.lifeandstylemag.com/wp-content/uploads/2017/08/jamie-foxx-katie-holmes-suri.jpg?resize=1000%2C600", "creator": "@Life_and_Style", "site": "@Life_and_Style"}, "generator": "WordPress 5.5.2", "msapplication-TileImage": "https://www.lifeandstylemag.com/wp-content/uploads/2020/11/android-chrome-384x384-1.png?fit=270%2C270"}, "movies": [], "publish_date": 1503586740.0, "source": "http://www.lifeandstylemag.com", "summary": ""}