{"url": "http://www.starbulletin.com/news/bulletin/94673904.html", "text": "Video\n\nFurloughs for thousands of state employees scheduled to begin Jan. 1 could be postponed until July if a COVID-19 funding bill moving through Congress provides Hawaii with millions of dollars in COVID-19 aid, taking some pressure off of an already strained state budget. Read more", "images": ["https://www.staradvertiser.com/wp-content/uploads/2020/12/web1_Marcus-Yano-250x250.jpg", "https://sa-media.s3.amazonaws.com/sa_ads/localbusinessguide/SA-LocalBusinessGuide-RightRail.gif", "https://www.staradvertiser.com/wp-content/themes/staradvertiser/images/sa-logo-large.png", "https://www.staradvertiser.com/wp-content/uploads/2020/12/web1_10599733-e656be47aaeb420abee2e6f9f1ed7594-300x200.jpg", "https://www.staradvertiser.com/wp-content/uploads/2020/12/web1_10763175-170a138da7cb4e2c98f5ebb1d86bb07c-300x200.jpg", "https://www.staradvertiser.com/wp-content/uploads/2020/12/web1_20201018-12-200x250.jpg", "http://www.starbulletin.com/wp-content/themes/staradvertiser/images/small-icons/partly_cloudy.png", "https://www.staradvertiser.com/wp-content/uploads/2020/12/CHARWICK_-1978-06-22_243-064-002F-300x189.jpg", "https://www.staradvertiser.com/wp-content/uploads/2020/12/WDA-ALOHA-1-300x197.jpg", "https://www.staradvertiser.com/wp-content/themes/staradvertiser/images/thumbnail-128x128.png", "https://www.staradvertiser.com/wp-content/uploads/site-images/sa-fb-thumb.jpg", "https://www.facebook.com/tr?id=1401480206566122&ev=PageView&noscript=1", "https://sb.scorecardresearch.com/p?c1=2&c2=6035032&cv=2.0&cj=1", "https://www.staradvertiser.com/wp-content/uploads/2020/12/web1_vaccine2-300x225.jpg", "https://www.staradvertiser.com/wp-content/uploads/2020/12/122120-WEB-Kilauea-eruption-01-300x200.jpg", "https://www.staradvertiser.com/wp-content/uploads/2020/12/web1_AP20353842199592-300x203.jpg", "https://www.staradvertiser.com/wp-content/uploads/2020/12/CTY-FOOD-DISTRIBUTION-61-300x200.jpg", "https://www.staradvertiser.com/wp-content/uploads/2020/12/web1_20201221_a8_CTY-filipino-churches-testing-2609-300x200.jpg", "https://www.staradvertiser.com/wp-content/uploads/2020/12/web1_20201221_a1_waikiki-300x200.jpg", "https://www.staradvertiser.com/wp-content/uploads/2020/12/web1_CTY-chinatown-businesses-8695-300x200.jpg", "https://www.staradvertiser.com/wp-content/uploads/2020/12/web1_florence_jj2269PIPE20tony-300x200.jpg", "https://www.staradvertiser.com/wp-content/uploads/2020/12/web1_CTY-kilauea-6-300x225.jpg", "https://www.staradvertiser.com/wp-content/themes/staradvertiser/images/sa-logo-white-small.png", "https://www.staradvertiser.com/wp-content/uploads/2020/12/121920-WEB-Capitol-protest-06-300x225.jpg", "https://www.staradvertiser.com/wp-content/uploads/2020/12/web1_WDA-city-lights-2020-3849-300x201.jpg", "https://www.staradvertiser.com/wp-content/uploads/2020/12/web1_20190922-A1-CTY-DHHL-2-300x200.jpg", "https://www.staradvertiser.com/wp-content/uploads/2020/12/web1_20201218-brill-methane-300x200.jpg", "https://www.staradvertiser.com/wp-content/themes/staradvertiser/images/longs-drugs-logo.png", "https://www.staradvertiser.com/wp-content/uploads/2020/12/web1_Isara-Traci-190x250.jpg", "https://www.staradvertiser.com/wp-content/uploads/2020/12/web1_121220-WEB-Halawa-Correctional-Facility-exterior-300x181.jpg", "https://www.staradvertiser.com/wp-content/uploads/2020/12/CTY-chinatown-businesses-8694-300x200.jpg", "https://www.staradvertiser.com/wp-content/plugins/cmd-hsa-lazy-load/assets/img/loader-sa.jpg", "https://www.facebook.com/tr?id=309252323293891&ev=PageView&noscript=1", "https://www.staradvertiser.com/wp-content/uploads/2020/12/web1_Kona-Salts-and-Furikake-188x250.jpg", "https://www.staradvertiser.com/wp-content/uploads/2020/12/web1_DSC04497-300x108.jpg", "https://www.staradvertiser.com/wp-content/uploads/2020/12/web1_2018-kokua-line-donnelly-mug-300x200.jpg", "https://www.staradvertiser.com/wp-content/uploads/2020/12/web1_CTY-HGEA-EMPLOYEE-70-300x200.jpg"], "top_img": "https://www.staradvertiser.com/wp-content/uploads/site-images/sa-fb-thumb.jpg", "keywords": [], "authors": ["Dan Nakaso Dnakaso Staradvertiser.Com"], "canonical_link": "https://www.staradvertiser.com/news/", "title": "Honolulu Star-Advertiser", "meta_data": {"viewport": "initial-scale=1.0, width=device-width", "fb": {"pages": 112299605447935}, "fo-verify": "c32137c7-d88e-4e05-b8ac-7c5541e3680a", "description": "Hawaii's source for local news headlines. In-depth coverage of Hawaii news from your trusted daily newspaper. Call 538-NEWS (6397) to subscribe today!", "robots": "index, follow, max-snippet:-1, max-image-preview:large, max-video-preview:-1", "og": {"locale": "en_US", "type": "article", "title": "Local News Headlines Hawaii | Honolulu Star-Advertiser", "description": "Hawaii's source for local news headlines. In-depth coverage of Hawaii news from your trusted daily newspaper. Call 538-NEWS (6397) to subscribe today!", "url": "https://www.staradvertiser.com/news/", "site_name": "Honolulu Star-Advertiser", "image": "https://www.staradvertiser.com/wp-content/uploads/site-images/sa-fb-thumb.jpg"}, "article": {"publisher": "https://www.facebook.com/staradvertiser/", "author": "staradvertiser", "modified_time": "2019-09-23T19:28:04+00:00"}, "twitter": {"card": "summary_large_image", "creator": "@staradvertiser", "site": "@staradvertiser"}}, "movies": [], "publish_date": null, "source": "http://www.starbulletin.com", "summary": ""}