{"url": "indianexpress.com/article/world/never-say-never-kim-kardashian-on-considering-a-career-in-politics-5221442/", "text": "Kim Kardashian recently met US President Donald Trump to discuss prison reforms. Kim Kardashian recently met US President Donald Trump to discuss prison reforms.\n\nReality TV star Kim Kardashian said she is not actively considering a career in politics but she would not rule out the possibility of running for office. The 37-year-old entrepreneur recently met US President Donald Trump to discuss prison reforms after she spent months working with her legal team in a bid to get Alice Johnson parole.\n\nFollowing her meeting with the president, Alice, who was sentenced to life in prison without parole in 1997 on money laundering and drug conspiracy charges, was released from Aliceville Correctional Facility in Alabama.\n\nWhen asked if she would ever run for office, Kardashian told CNN, \u201cI guess never say never. But that\u2019s not going to be like, \u2018Kim\u2019s running.\u2019 That\u2019s not where I am.\u201d\n\nThe \u201cKeeping Up With the Kardashians\u201d star added she wants to use her celebrity status for the welfare of people.\n\n\u201cI honestly saw that if I could use my platform just to do something for one person, that it opens the conversation for so much more and for other people to want to do the same thing.\n\n\u201cIf more people would just put their personal feelings aside and talk about really important issues that have to be discussed, then so much more can get done,\u201d she said.\n\n\ud83d\udce3 The Indian Express is now on Telegram. Click here to join our channel (@indianexpress) and stay updated with the latest headlines\n\nFor all the latest World News, download Indian Express App.", "images": ["https://images.indianexpress.com/2020/06/Cox-and-kings-fb.jpg?resize=150,83", "https://images.indianexpress.com/2020/11/christophe-jaffrelot-2-1.jpg?resize=150,83", "https://images.indianexpress.com/2020/11/Constitution-Day-1200.jpg?resize=150,83", "https://images.indianexpress.com/2017/05/maradona-fb.jpg?resize=150,83", "https://sb.scorecardresearch.com/p?c1=2&c2=8738137&cv=2.0&cj=1", "https://indianexpress.com/wp-content/themes/indianexpress/images/fb-followus.svg", "https://s1.wp.com/wp-content/themes/vip/plugins/vip-do-not-include-on-wpcom/vip-powered-wpcom/images/vip-powered-dark-small.png?m=1401974073h", "https://images.indianexpress.com/2019/06/maradona-1200.jpg?resize=150,83", "https://indianexpress.com/wp-content/themes/indianexpress/images/theindianexpress-logo-n.svg", "https://indianexpress.com/wp-content/themes/indianexpress/images/indian-express-logo-n.svg", "https://indianexpress.com/wp-content/themes/indianexpress/images/reddit.svg", "https://images.indianexpress.com/2020/11/covaxin-2.jpg?resize=150,83", "https://images.indianexpress.com/2020/11/Punjab-farmers-8.jpg?resize=150,83", "https://images.indianexpress.com/2017/06/slider_1_-_kim_kardashian-759.jpg", "https://indianexpress.com/wp-content/themes/indianexpress/images/icons/icon-twitter.svg", "https://images.indianexpress.com/2020/11/karan-johar-madhur-bhandarkar.jpg?resize=150,83", "https://images.indianexpress.com/2020/11/nokia2.4featured.jpg?resize=150,83", "https://images.indianexpress.com/2020/10/aditya-1.jpg?resize=150,83", "https://indianexpress.com/wp-content/themes/indianexpress/images/icons/icon-instagram.svg", "https://indianexpress.com/wp-content/themes/indianexpress/images/icons/icon-linkedin.svg", "https://images.indianexpress.com/2020/11/alicia-keys-bts-cover.jpg?resize=150,83", "https://images.indianexpress.com/2020/11/bottle_1200_insta.jpg?resize=150,83", "https://images.indianexpress.com/2020/11/political-masks.jpg?resize=150,83", "https://images.indianexpress.com/2020/11/family-dog-meets-baby.jpg?resize=150,83", "https://images.indianexpress.com/2020/06/gujarat-1200-1.jpg?resize=150,83", "https://images.indianexpress.com/2020/11/ratan-tata-26-11-post.jpg?resize=150,83", "https://indianexpress.com/wp-content/plugins/lazy-load/images/1x1.trans.gif", "https://images.indianexpress.com/2020/11/Fossils.jpg?resize=150,83", "https://images.indianexpress.com/2020/05/maharashtra-police-12-1.jpeg?resize=150,83", "https://images.indianexpress.com/2020/11/TikTok_Banned1.jpg?resize=150,83", "https://indianexpress.com/wp-content/themes/indianexpress/images/twitter-followus.svg", "https://indianexpress.com/wp-content/themes/indianexpress/images/icons/icon-facebook.svg", "https://indianexpress.com/wp-content/themes/indianexpress/images/icons/icon-apple.svg", "https://indianexpress.com/wp-content/themes/indianexpress/images/icons/icon-android.svg", "https://indianexpress.com/wp-content/themes/indianexpress/images/facebook.svg", "https://images.indianexpress.com/2019/04/bhagwant-mann-1200.jpg?resize=150,83", "https://images.indianexpress.com/2020/11/Anupa-Das-kbc-660-1.jpg?resize=150,83", "https://images.indianexpress.com/2020/11/diego-maradona-kolkata.jpg?resize=150,83", "https://images.indianexpress.com/2020/11/twitter-vs-tooter-memes.jpg?resize=150,83", "https://indianexpress.com/wp-content/themes/indianexpress/images/twitter.svg", "https://images.indianexpress.com/2020/11/jnu-1200.jpg?resize=150,83", "https://images.indianexpress.com/2020/11/cyberpunk2077.jpg?resize=150,83", "https://images.indianexpress.com/2020/11/Crime-5.jpg?resize=150,83", "https://images.indianexpress.com/2020/11/Amarinder-Singh-2.jpg?resize=150,83"], "top_img": "https://images.indianexpress.com/2017/06/slider_1_-_kim_kardashian-759.jpg", "keywords": [], "authors": [], "canonical_link": "https://indianexpress.com/article/world/never-say-never-kim-kardashian-on-considering-a-career-in-politics-5221442/", "title": "Never say never: Kim Kardashian on considering a career in politics", "meta_data": {"viewport": "width=990", "description": "\"If more people would just put their personal feelings aside and talk about really important issues that have to be discussed, then so much more can get done,\" Kim Kardashian said.", "news_keywords": "kim kardashian, kim kardashian politics, kim kardashian joins politics, kardashian politicc, donald trump, world news, indian express", "keywords": "kim kardashian, kim kardashian politics, kim kardashian joins politics, kardashian politicc, donald trump, world news, indian express", "google-site-verification": "UzbS4ghT-l3F85eDiPbzEUeeKcvrnrGCgvsNHCRgvIc", "msvalidate.01": "CCA9DA5B985004F4462DA743E776C636", "generator": "WordPress 5.5.2", "fb": {"pages": 215732349153100}, "ia": {"markup_url_dev": "https://indianexpress.com/article/world/never-say-never-kim-kardashian-on-considering-a-career-in-politics-5221442/?ia_markup=1"}, "og": {"type": "article", "url": "https://indianexpress.com/article/world/never-say-never-kim-kardashian-on-considering-a-career-in-politics-5221442/", "site_name": "The Indian Express", "locale": "en_US", "title": "Never say never: Kim Kardashian on considering a career in politics", "description": "\"If more people would just put their personal feelings aside and talk about really important issues that have to be discussed, then so much more can get done,\" Kim Kardashian said.", "image": {"identifier": "https://images.indianexpress.com/2017/06/slider_1_-_kim_kardashian-759.jpg", "type": "image/jpeg", "width": 759, "height": 422}}, "twitter": {"card": "summary_large_image", "site": "The Indian Express", "creator": "@indianexpress", "url": "https://indianexpress.com/article/world/never-say-never-kim-kardashian-on-considering-a-career-in-politics-5221442/", "title": "Never say never: Kim Kardashian on considering a career in politics", "description": "\"If more people would just put their personal feelings aside and talk about really important issues that have to be discussed, then so much more can get done,\" Kim Kardashian said.", "image": {"identifier": "https://images.indianexpress.com/2017/06/slider_1_-_kim_kardashian-759.jpg", "type": "image/jpeg", "width": 759, "height": 422}}, "article": {"published_time": "2018-06-17T17:51:39+05:30", "modified_time": "2018-06-17T17:51:39+05:30"}, "ahrefs-site-verification": "00120a3a212c33eda15559fea6d0731769fd82f538180bd0a2dbe12991312ab4", "robots": "NOODP", "majestic-site-verification": "MJ12_ad7db024-a46c-482a-bb2f-e1ae09432a65", "msapplication-TileImage": "https://images.indianexpress.com/2018/10/fav-icon.png"}, "movies": [], "publish_date": 1529238099.0, "source": "http://indianexpress.com", "summary": ""}