{"url": "https://www.gamespot.com/forums/offtopic-discussion-314159273/why-barry-manilow-kept-his-sexuality-on-the-down-l-33387028/", "text": "@angeldeb82:\n\nWow, didn't know he was gay, not that that matters much.\n\nI could see him being gay.\n\nLol, at people who don't even know he is, his biggest hits probably happened before they were born. My favorite song by him might still be his first hit Mandy, but most of his stuff is what is called elevator music.", "images": ["https://gamespot1.cbsistatic.com/uploads/screen_large/1593/15930215/3765285-3074974405-37652.jpg", "https://gamespot1.cbsistatic.com/uploads/square_avatar/50/506236/2310523-4027626841-SPLan.jpg", "https://gamespot1.cbsistatic.com/uploads/square_mini/1440/14409144/2205910-avatar-default.png", "https://gamespot1.cbsistatic.com/uploads/square_avatar/91/915024/2331998-1102783786-black.gif", "https://gamespot1.cbsistatic.com/uploads/screen_large/1591/15918215/3760350-blackfriday-generic-promothumb3.jpg", "https://gamespot1.cbsistatic.com/uploads/square_avatar/454/4545229/3667148-sbovvzxe_400x400.jpg", "https://gamespot1.cbsistatic.com/uploads/square_avatar/96/960597/3101035-8798543261-if6BX.gif", "https://gamespot1.cbsistatic.com/uploads/square_avatar/1440/14409144/2205910-avatar-default.png", "https://gamespot1.cbsistatic.com/uploads/square_mini/403/4030139/3482671-endgame-logo-1024x576.jpeg", "https://gamespot1.cbsistatic.com/uploads/screen_large/1601/16016666/3765362-steam.jpg", "https://gamespot1.cbsistatic.com/uploads/square_mini/390/3907168/3083661-bran%20flakes.jpg", "https://gamespot1.cbsistatic.com/uploads/square_mini/854/8547569/2309425-avy.gif", "https://gamespot1.cbsistatic.com/uploads/square_avatar/113/1137522/3373024-2733668061-tumbl.gif", "https://gamespot1.cbsistatic.com/uploads/square_mini/112/1126062/2532292-8726978764-hal_a.jpg", "https://gamespot1.cbsistatic.com/uploads/square_avatar/97/973837/2678993-0321407625-Boys2.jpg", "https://gamespot1.cbsistatic.com/uploads/screen_tiny/1574/15746725/3590729-gsu_nycc_cosplay.jpg", "https://gamespot1.cbsistatic.com/uploads/square_avatar/347/3478158/3638584-ivaraskathi80.jpg", "https://gamespot1.cbsistatic.com/uploads/square_mini/324/3246309/3569192-hellblade%20gs%20ava1.jpg", "https://gamespot1.cbsistatic.com/uploads/screen_medium/1552/15524586/3610756-biggest-game-news-2019-year-in-review-nologo-2.jpg", "https://gamespot1.cbsistatic.com/uploads/square_mini/245/2453699/2231243-5451792663-2uglw.jpg", "https://dw.cbsi.com/clear/c.gif?ptid=6643&ednm=%7Bedition%7D&ursuid=%7Bursuid%7D&regSilo=2&rsid=cbsigamespotsite&prodtypid=8&pagetype=forum_thread&assetguid=2020-33387028&topicbrcrm=Forum%7CThread&sid=6&ts=1606458656", "https://gamespot1.cbsistatic.com/uploads/square_mini/273/2736134/2309622-8999496735-jbava.png", "https://www.facebook.com/tr?id=1664416907029093&ev=PageView&noscript=1", "https://gamespot1.cbsistatic.com/uploads/square_mini/97/973837/2678993-0321407625-Boys2.jpg", "https://gamespot1.cbsistatic.com/uploads/square_avatar/1512/15126103/2715185-default-avatar_thumb.jpg", "https://gamespot1.cbsistatic.com/uploads/square_avatar/1514/15145006/2322205-25369_1256652540463_1354084194_2038820_4575947_n.jpg", "https://gamespot1.cbsistatic.com/bundles/gamespotsite/images/logo.png"], "top_img": "https://gamespot1.cbsistatic.com/bundles/gamespotsite/images/logo.png", "keywords": [], "authors": [], "canonical_link": "https://www.gamespot.com/forums/offtopic-discussion-314159273/why-barry-manilow-kept-his-sexuality-on-the-down-l-33387028/", "title": "Why Barry Manilow Kept His Sexuality on the Down Low...", "meta_data": {"description": "...for Decades. I was kinda not surprised at the fact that he came out as gay, huh?http://my.xfinity.com/articles/entertainment-eonline/20170405/b841512/", "application-name": "GameSpot", "msapplication-TileColor": "#26292B", "msapplication-TileImage": "https://gamespot1.cbsistatic.com/bundles/gamespotsite/images/win8pin.png", "userAuthState": "noUser", "viewport": "width=device-width, initial-scale=1.0", "twitter": {"card": "summary", "site": "@GameSpot", "creator": "@GameSpot"}, "og": {"image": "https://gamespot1.cbsistatic.com/bundles/gamespotsite/images/logo.png", "title": "Why Barry Manilow Kept His Sexuality on the Down Low... - Off-Topic Discussion - GameSpot", "description": "...for Decades. I was kinda not surprised at the fact that he came out as gay, huh?http://my.xfinity.com/articles/entertainment-eonline/20170405/b841512/", "site_name": "GameSpot", "type": "object", "url": "https://www.gamespot.com/forums/offtopic-discussion-314159273/why-barry-manilow-kept-his-sexuality-on-the-down-l-33387028/"}, "modal-cdn-url": "/js/modals.json", "js-sort-filter-text": "yes", "username": "GS|Anonymous", "kCode": "/contra/cheats/", "device-type": "desktop", "page-type": 0, "ab-test-label": "not in test", "in-ab-test": 0, "user-region": "uk", "trackingEventsLookup": "[]"}, "movies": [], "publish_date": null, "source": "https://www.gamespot.com", "summary": ""}