{"url": "https://www.foxnews.com/entertainment/mel-b-files-for-divorce-after-nearly-10-years-of-marriage", "text": "Mel B has filed for divorce from her husband of nearly 10 years, according to court documents.\n\nThe former Spice Girl, whose real name is Melanie Brown, cited irreconcilable differences for her breakup from producer Stephen Belafonte. Her petition was filed Monday in Los Angeles Superior Court.\n\nThey have a 5-year-old daughter together and Brown is seeking joint custody.\n\nBrown and Belafonte married in July 2007. She listed Dec. 28 as the date they separated. Brown, who is a judge on \"America's Got Talent,\" is asking a judge to deny spousal support to Belafonte.\n\nThe Associated Press contributed to this report.", "images": ["https://a57.foxnews.com/static.foxnews.com/foxnews.com/content/uploads/2020/10/348/196/Sadie-Robertson-GettyImages-938893238_reupload.jpg?ve=1&tl=1", "https://a57.foxnews.com/static.foxnews.com/foxnews.com/content/uploads/2020/06/348/196/tmz-only-kcav.jpg?ve=1&tl=1", "https://a57.foxnews.com/static.foxnews.com/foxnews.com/content/uploads/2020/10/348/196/76e01a65-bella-hadid-TMZ-ONLY.jpg?ve=1&tl=1", "https://a57.foxnews.com/static.foxnews.com/foxnews.com/content/uploads/2020/09/348/196/emrata-TMZ-only.jpg?ve=1&tl=1", "https://a57.foxnews.com/static.foxnews.com/foxnews.com/content/uploads/2020/07/348/196/12891248-lindsey-vonn-TMZ-ONLY.jpg?ve=1&tl=1", "https://a57.foxnews.com/static.foxnews.com/foxnews.com/content/uploads/2019/05/348/196/meghan-markle-red.jpg?ve=1&tl=1", "https://a57.foxnews.com/static.foxnews.com/foxnews.com/content/uploads/2019/03/348/196/GettyImages-1094664336.jpg?ve=1&tl=1", "https://a57.foxnews.com/a57.foxnews.com/media2.foxnews.com/BrightCove/694940094001/2019/03/16/931/524/348/196/694940094001_6014586980001_6014587272001-vs.jpg?ve=1&tl=1?ve=1&tl=1", "https://a57.foxnews.com/static.foxnews.com/foxnews.com/content/uploads/2018/10/348/196/Alex-Trebek-2-ABC.jpg?ve=1&tl=1", "https://a57.foxnews.com/static.foxnews.com/foxnews.com/content/uploads/2018/09/348/196/chrissy-teigen-profile-reuters660.jpg?ve=1&tl=1", "https://static.foxnews.com/foxnews.com/content/uploads/2018/09/mel-b-stephen-belafonte-ap.jpg", "https://a57.foxnews.com/static.foxnews.com/foxnews.com/content/uploads/2020/11/348/196/mads-mikkelsen-getty.jpg?ve=1&tl=1", "https://a57.foxnews.com/static.foxnews.com/foxnews.com/content/uploads/2020/11/348/196/springsteen-jovi-stewart-ap-getty-ap.jpg?ve=1&tl=1", "https://a57.foxnews.com/static.foxnews.com/foxnews.com/content/uploads/2019/07/348/196/dwayne-the-rock-johnson-getty.jpg?ve=1&tl=1", "https://a57.foxnews.com/a57.foxnews.com/static.foxnews.com/foxnews.com/content/uploads/2018/09/640/320/1862/1048/mel-b-stephen-belafonte-ap.jpg?ve=1&tl=1?ve=1&tl=1"], "top_img": "https://static.foxnews.com/foxnews.com/content/uploads/2018/09/mel-b-stephen-belafonte-ap.jpg", "keywords": [], "authors": [], "canonical_link": "https://www.foxnews.com/entertainment/mel-b-files-for-divorce-after-nearly-10-years-of-marriage", "title": "Mel B files for divorce after nearly 10 years of marriage", "meta_data": {"viewport": "width=device-width, minimum-scale=1.0, initial-scale=1.0", "description": "Mel B has filed for divorce from her husband of nearly 10 years, according to court documents.", "prism.channel": "fnc", "prism.section": "entertainment", "prism.aggregationType": "subsection", "pagetype": "article", "content-creator": "tiger", "dc.title": "Mel B files for divorce after nearly 10 years of marriage", "dcterms.abstract": "Mel B has filed for divorce from her husband of nearly 10 years, according to court documents.", "dc.type": "Text.Article", "dc.description": "Mel B has filed for divorce from her husband of nearly 10 years, according to court documents.", "dc.language": "en-US", "dc.publisher": "Fox News", "dc.format": "text/html", "dc.identifier": "urn:uri:base64:2cbeee80-e889-560f-b450-6237e58e891d", "dc.source": "Fox News", "dc.date": "2017-03-21", "dcterms.created": "2017-03-21T08:18:41-04:00", "dcterms.modified": "2017-03-21T08:21:09-04:00", "og": {"title": "Mel B files for divorce after nearly 10 years of marriage", "description": "Mel B has filed for divorce from her husband of nearly 10 years, according to court documents.", "type": "article", "image": "https://static.foxnews.com/foxnews.com/content/uploads/2018/09/mel-b-stephen-belafonte-ap.jpg", "url": "https://www.foxnews.com/entertainment/mel-b-files-for-divorce-after-nearly-10-years-of-marriage", "site_name": "Fox News"}, "robots": "noarchive, noodp", "twitter": {"card": "summary_large_image", "site": "@foxnews", "title": "Mel B files for divorce after nearly 10 years of marriage", "description": "Mel B has filed for divorce from her husband of nearly 10 years, according to court documents.", "image": "https://a57.foxnews.com/static.foxnews.com/foxnews.com/content/uploads/2018/09/1024/512/mel-b-stephen-belafonte-ap.jpg?ve=1&tl=1", "url": "https://www.foxnews.com/entertainment/mel-b-files-for-divorce-after-nearly-10-years-of-marriage"}, "fb": {"app_id": 113186182048399}, "article": {"opinion": "false"}, "classification": "/FOX NEWS/ENTERTAINMENT/EVENTS/Divorce,/FOX NEWS/ENTERTAINMENT", "classification-isa": "divorce,entertainment", "classification-tags": "divorce,entertainment"}, "movies": [], "publish_date": null, "source": "https://www.foxnews.com", "summary": ""}