{"url": "http://crime.chicagotribune.com/chicago/shootings/", "text": "Charts and applications that track and analyze Crime in Chicago. A collaboration between the Chicago Tribune and Datavisualization team and Breaking News desk.", "images": ["https://www.chicagotribune.com/resizer/2PYy95odVyZsI67pdmpWQf7FF0Q=/1200x0/top/www.trbimg.com/img-5ae2774c/turbine/ct-crime-in-chicago-20171114", "http://crime.chicagotribune.com/pb/resources/images/tinygif.gif?v=266"], "top_img": "https://www.chicagotribune.com/resizer/2PYy95odVyZsI67pdmpWQf7FF0Q=/1200x0/top/www.trbimg.com/img-5ae2774c/turbine/ct-crime-in-chicago-20171114", "keywords": [], "authors": [], "canonical_link": "https://www.chicagotribune.com/news/ct-crime-in-chicago-20171114-storygallery.html", "title": "Crime in Chicago: Explore your community", "meta_data": {"viewport": "width=device-width, minimum-scale=1, initial-scale=1", "language": "English (United States), en-US", "copyright": "Copyright (c) 2020, Chicago Tribune", "y_key": "cee2fe4077f8d050", "msvalidate.01": "AAC9C18F70AC386BC4DCF4DDF9BF1786", "distribution": "global", "rating": "general", "keywords": "Chicago, violence, CPD, violence, shootings, homicides", "news_keywords": "Chicago, violence, CPD, violence, shootings, homicides", "date": "2019-04-01T05:00:00Z", "description": "Charts, maps analyzing violence in Chicago", "googlebot-news": "index", "twitter": {"title": "Crime in Chicago: Explore your community", "image": "https://www.chicagotribune.com/resizer/2PYy95odVyZsI67pdmpWQf7FF0Q=/1200x0/top/www.trbimg.com/img-5ae2774c/turbine/ct-crime-in-chicago-20171114", "description": "Charts, maps analyzing violence in Chicago", "card": "summary_large_image", "site": "@chicagotribune", "creator": "@chicagotribune"}, "fb_title": "Crime in Chicago: Explore your community", "og": {"url": "https://www.chicagotribune.com/news/ct-crime-in-chicago-20171114-storygallery.html", "title": "Crime in Chicago: Explore your community", "image": "https://www.chicagotribune.com/resizer/2PYy95odVyZsI67pdmpWQf7FF0Q=/1200x0/top/www.trbimg.com/img-5ae2774c/turbine/ct-crime-in-chicago-20171114", "description": "Charts, maps analyzing violence in Chicago", "locale": "en_US", "site_name": "chicagotribune.com", "type": "article"}, "article": {"opinion": "false", "content_tier": "free", "section": "News"}, "fb": {"app_id": 306836229411287, "page_id": "5953023255,104061989632161,330360537007411,264870045299,73734231949,53310156364,40762490776,60569705796,121922684499844,182379588445160,62915602634,1987930441432108,119608021389933,745745225518281", "pages": "5953023255,104061989632161,330360537007411,264870045299,73734231949,53310156364,40762490776,60569705796,121922684499844,182379588445160,62915602634,1987930441432108,119608021389933,745745225518281", "admins": 100000786395051}, "apple-itunes-app": "app-id=383137151, app-argument=http://www.chicagotribune.com/deeplinkidARIUQ7N3GREMJL3NX25TD2TAAU", "ptype": "s"}, "movies": [], "publish_date": null, "source": "http://crime.chicagotribune.com", "summary": ""}