{"url": "https://www.mother.ly/news/chrissy-teigen-laminated-menu", "text": "It's a creative way to deal with picky eating, for sure.", "images": ["https://www.facebook.com/tr?id=2899981226727662&ev=PageView\n&noscript=1", "http://b.scorecardresearch.com/p?cv=2.0&cj=1&c1=2&c2=24634445&c6=News&c8=Chrissy+Teigen%27s+menu+hack+is+a+little+extra%E2%80%94but+could+help+toddler+mamas+everywhere", "https://www.mother.ly/media-library/eyJhbGciOiJIUzI1NiIsInR5cCI6IkpXVCJ9.eyJpbWFnZSI6Imh0dHBzOi8vYXNzZXRzLnJibC5tcy8xOTAxOTA3OS9vcmlnaW4uanBnIiwiZXhwaXJlc19hdCI6MTYyODA2NDcyNH0.uhNbAlPNN0JZGk1aGhhsTjBTW1mYOPf5mjsz8tLg1yg/image.jpg?width=1245&quality=85&coordinates=0%2C462%2C0%2C308&height=700", "https://www.mother.ly/media-library/eyJhbGciOiJIUzI1NiIsInR5cCI6IkpXVCJ9.eyJpbWFnZSI6Imh0dHBzOi8vYXNzZXRzLnJibC5tcy8xOTAxOTA3OS9vcmlnaW4uanBnIiwiZXhwaXJlc19hdCI6MTYyODA2NDcyNH0.uhNbAlPNN0JZGk1aGhhsTjBTW1mYOPf5mjsz8tLg1yg/image.jpg?width=1200&coordinates=0%2C319%2C0%2C514&height=600"], "top_img": "https://www.mother.ly/media-library/eyJhbGciOiJIUzI1NiIsInR5cCI6IkpXVCJ9.eyJpbWFnZSI6Imh0dHBzOi8vYXNzZXRzLnJibC5tcy8xOTAxOTA3OS9vcmlnaW4uanBnIiwiZXhwaXJlc19hdCI6MTYyODA2NDcyNH0.uhNbAlPNN0JZGk1aGhhsTjBTW1mYOPf5mjsz8tLg1yg/image.jpg?width=1200&coordinates=0%2C319%2C0%2C514&height=600", "keywords": [], "authors": ["Jill Koziol"], "canonical_link": "https://www.mother.ly/news/chrissy-teigen-laminated-menu", "title": "Chrissy Teigen's menu hack is a little extra\u2014but could help toddler mamas everywhere", "meta_data": {"twitter": {"card": "summary_large_image", "site": "@", "image": "https://www.mother.ly/media-library/eyJhbGciOiJIUzI1NiIsInR5cCI6IkpXVCJ9.eyJpbWFnZSI6Imh0dHBzOi8vYXNzZXRzLnJibC5tcy8xOTAxOTA3OS9vcmlnaW4uanBnIiwiZXhwaXJlc19hdCI6MTYyODA2NDcyNH0.uhNbAlPNN0JZGk1aGhhsTjBTW1mYOPf5mjsz8tLg1yg/image.jpg?width=1200&coordinates=0%2C319%2C0%2C514&height=600"}, "fb": {"app_id": 886242898213128, "pages": 1595847887360603}, "og": {"type": "article", "url": "https://www.mother.ly/news/chrissy-teigen-laminated-menu", "site_name": "Motherly", "image": {"identifier": "https://www.mother.ly/media-library/eyJhbGciOiJIUzI1NiIsInR5cCI6IkpXVCJ9.eyJpbWFnZSI6Imh0dHBzOi8vYXNzZXRzLnJibC5tcy8xOTAxOTA3OS9vcmlnaW4uanBnIiwiZXhwaXJlc19hdCI6MTYyODA2NDcyNH0.uhNbAlPNN0JZGk1aGhhsTjBTW1mYOPf5mjsz8tLg1yg/image.jpg?width=1200&coordinates=0%2C319%2C0%2C514&height=600", "width": 1200, "height": 600}, "title": "Chrissy Teigen's menu hack is a little extra\u2014but could help toddler mamas everywhere", "description": "It's a creative way to deal with picky eating, for sure."}, "article": {"section": "News", "publisher": 1595847887360603, "published_time": "2018-12-19T21:26:31+00:00", "modified_time": "2020-06-01T17:24:34+00:00", "author": "https://www.facebook.com/1595847887360603"}, "referrer": "always", "theme-color": "#647187", "viewport": "width=device-width,initial-scale=1,minimum-scale=1.0,maximum-scale=1.0,user-scalable=no", "google-site-verification": "WYaAuU1Fe4hXm4GjVsKXClIaNrftxV9mkH73tSdl1PI", "keywords": "chrissy teigen, picky eater, luna, how to deal with picky eaters, celebrity moms, celebrity parents, Style, Style, Style", "description": "It's a creative way to deal with picky eating, for sure.", "ir-site-verification-token": "-699373575", "parsely-image-url": "https://www.mother.ly/media-library/eyJhbGciOiJIUzI1NiIsInR5cCI6IkpXVCJ9.eyJpbWFnZSI6Imh0dHBzOi8vYXNzZXRzLnJibC5tcy8xOTAxOTA3OS9vcmlnaW4uanBnIiwiZXhwaXJlc19hdCI6MTYyODA2NDcyNH0.uhNbAlPNN0JZGk1aGhhsTjBTW1mYOPf5mjsz8tLg1yg/image.jpg?width=600&coordinates=0%2C273%2C0%2C60&height=600", "parsely-link": "https://www.mother.ly/news/chrissy-teigen-laminated-menu"}, "movies": [], "publish_date": 1545254791.0, "source": "https://www.mother.ly", "summary": ""}