{"url": "https://medium.com/@ChristianWelch18837Uj/a-fashion-flashback-to-gigi-hadids-2016-much-music-video-award-outfits-cca9e423d851", "text": "A Fashion Flashback to Gigi Hadid\u2019s 2016 Much Music Video Award Outfits\n\nWhen a supermodel hosts an award show, the fashion takes center stage. That\u2019s why we need to take a trip down memory lane to when Gigi Hadid stepped out to lead one of her first\u2026\n\nhttp://ift.tt/28J5tow", "images": ["https://miro.medium.com/max/60/1*BO36vszZiTsOZl0EU6lwLA.jpeg?q=20", "https://miro.medium.com/fit/c/140/140/1*BO36vszZiTsOZl0EU6lwLA.jpeg", "https://miro.medium.com/max/60/1*NlIlebfxKg4Xauj4pl_B1A.png?q=20", "https://miro.medium.com/max/60/1*PzG68W8mOkN6_zqX-K-1Tg.jpeg?q=20", "https://miro.medium.com/max/60/1*q8bzYT3HNyC8wqDYBlPNpw.jpeg?q=20", "https://miro.medium.com/fit/c/140/140/1*txqxm5GqYVNjwxQ26WpDNw.jpeg", "https://miro.medium.com/max/132/0*N-dqn3J1eCEwKvX6.", "https://miro.medium.com/fit/c/56/56/1*dmbNkD5D-u45r44go_cf0g.png", "https://miro.medium.com/max/60/1*LBT7pWfu8AppTBXnpwOsxg.jpeg?q=20", "https://miro.medium.com/fit/c/140/140/1*v74E8E9ick4-rpiYZ2uFKA.png", "https://miro.medium.com/fit/c/140/140/1*dm_HG1N7B4dhxqmvGtLpxg.jpeg", "https://miro.medium.com/max/60/1*v74E8E9ick4-rpiYZ2uFKA.png?q=20", "https://miro.medium.com/fit/c/140/140/1*NlIlebfxKg4Xauj4pl_B1A.png", "https://miro.medium.com/max/60/1*txqxm5GqYVNjwxQ26WpDNw.jpeg?q=20", "https://miro.medium.com/max/270/1*Crl55Tm6yDNMoucPo1tvDg.png", "https://miro.medium.com/fit/c/140/140/1*LBT7pWfu8AppTBXnpwOsxg.jpeg", "https://miro.medium.com/max/60/0*N-dqn3J1eCEwKvX6.?q=20", "https://miro.medium.com/max/60/1*dm_HG1N7B4dhxqmvGtLpxg.jpeg?q=20", "https://miro.medium.com/fit/c/152/152/1*sHhtYhaCe2Uc3IU0IgKwIQ.png", "https://miro.medium.com/fit/c/140/140/1*PzG68W8mOkN6_zqX-K-1Tg.jpeg", "https://miro.medium.com/max/270/1*W_RAPQ62h0em559zluJLdQ.png", "https://miro.medium.com/fit/c/140/140/1*q8bzYT3HNyC8wqDYBlPNpw.jpeg"], "top_img": "https://miro.medium.com/fit/c/152/152/1*sHhtYhaCe2Uc3IU0IgKwIQ.png", "keywords": [], "authors": ["Christian Welch"], "canonical_link": "http://www.eonline.com/news/773997/all-of-gigi-hadid-s-2016-much-music-video-award-outfits-ranked-from-runway-worthy-to-designer-dud?cmpid=rss-000000-rssfeed-365-topstories&amp;utm_source=eonline&amp;utm_medium=rssfeeds&amp;utm_campaign=rss_topstories", "title": "A Fashion Flashback to Gigi Hadid\u2019s 2016 Much Music Video Award Outfits", "meta_data": {"viewport": "width=device-width,minimum-scale=1,initial-scale=1", "theme-color": "#000000", "twitter": {"app": {"name": {"iphone": "Medium"}, "id": {"iphone": 828256236}, "url": {"iphone": "medium://p/cca9e423d851"}}, "title": "A Fashion Flashback to Gigi Hadid\u2019s 2016 Much Music Video Award Outfits", "site": "@Medium", "description": "When a supermodel hosts an award show, the fashion takes center stage. That\u2019s why we need to take a trip down memory lane to when Gigi Hadid stepped out to lead one of her first\u2026\u2026", "card": "summary", "label1": "Reading time", "data1": "1 min read"}, "al": {"ios": {"app_name": "Medium", "app_store_id": 828256236, "url": "medium://p/cca9e423d851"}, "android": {"package": "com.medium.reader", "url": "medium://p/cca9e423d851", "app_name": "Medium"}, "web": {"url": "https://medium.com/@ChristianWelch18837Uj/a-fashion-flashback-to-gigi-hadids-2016-much-music-video-award-outfits-cca9e423d851"}}, "fb": {"app_id": 542599432471018}, "og": {"site_name": "Medium", "type": "article", "title": "A Fashion Flashback to Gigi Hadid\u2019s 2016 Much Music Video Award Outfits", "description": "When a supermodel hosts an award show, the fashion takes center stage. That\u2019s why we need to take a trip down memory lane to when Gigi Hadid stepped out to lead one of her first\u2026\u2026", "url": "https://medium.com/@ChristianWelch18837Uj/a-fashion-flashback-to-gigi-hadids-2016-much-music-video-award-outfits-cca9e423d851"}, "article": {"published_time": "2017-06-18T17:12:50.364Z", "author": "https://medium.com/@ChristianWelch18837Uj"}, "title": "A Fashion Flashback to Gigi Hadid\u2019s 2016 Much Music Video Award Outfits | by Christian Welch | Medium", "description": "When a supermodel hosts an award show, the fashion takes center stage. That\u2019s why we need to take a trip down memory lane to when Gigi Hadid stepped out to lead one of her first\u2026\u2026", "author": "Christian Welch", "robots": "index,follow,max-image-preview:large", "referrer": "unsafe-url", "parsely-post-id": "cca9e423d851"}, "movies": [], "publish_date": 1497805970.364, "source": "https://medium.com", "summary": ""}