{"url": "https://web.archive.org/web/20071206011805/http://www.hillaryclinton.com/news/release/view/?id=4479", "text": "Twice in One Day: Senator Obama Tries Rewriting History, Again Claims He Hasn't Been Planning White House Run\n\nAt an event in Boston this evening, Senator Obama claimed for the second time today that he is \"not running to fulfill some long held plans\" to be elected President, contradicting statements his friends, family, staff and teachers have all made about him.\n\n\"Senator Obama's relatives and friends say he has been talking about running for President for at least the last fifteen years. So who's not telling the truth, them or him?\" Clinton spokesman Phil Singer said.\n\nIn Boston this evening, Senator Obama said: \"I'm not running to fulfill some long held plans or because I think it's open to me.\" In Iowa earlier today, he said: Senator Obama said: \"I have not been planning to run for President for however number of years some of the other candidates have been planning for.\"\n\nBut that's not what Senator Obama's teachers, family, classmates or staff say:", "images": ["https://web.archive.org/web/20071206011805im_/http://static.hillaryclinton.com/i/shell/nav_espanol.gif", "https://web.archive.org/web/20071206011805im_/http://static.hillaryclinton.com/favicon.ico"], "top_img": "https://web.archive.org/web/20071206011805im_/http://static.hillaryclinton.com/favicon.ico", "keywords": [], "authors": [], "canonical_link": "", "title": "HillaryClinton.com", "meta_data": {"description": "Official Site of Hillary Clinton for President", "keywords": "Senator Hillary Rodham Clinton President"}, "movies": [], "publish_date": null, "source": "https://web.archive.org", "summary": ""}