{"url": "http://sotu.blogs.cnn.com/2013/10/27/rebooting-you-and-your-doctor-under-obamacare/", "text": "About This Show\n\nFrom the country\u2019s major political and policy issues to diplomacy on the global stage, State of the Union with Candy Crowley brings in the world\u2019s top newsmakers and analysts to deliver the smartest, most comprehensive look at what matters most to you. Sundays at 9am and Noon ET.\n\n\n\nSend Feedback | Subscribe | About Candy Crowley", "images": ["http://i.cdn.turner.com/cnn/.element/img/2.0/mosaic/base_skins/right_rail/grey_corner_BL.gif", "http://i2.cdn.turner.com/cnn/dam/assets/130120101448-exp-sotu-president-for-a-day-atchison-kansas-senate-12th-pres-00002001-video-exp.jpg", "http://i.cdn.turner.com/cnn/.element/img/2.0/mosaic/base_skins/right_rail/grey_corner_TL.gif", "http://i2.cdn.turner.com/cnn/dam/assets/130519151023-exp-sotu-crowley-believe-it-or-not-politics-markey-jones-watt-miller-asparagus-gohmert-00022510-video-exp.jpg", "http://pbs.twimg.com/profile_images/878281253585387520/uwUqAoQe_normal.jpg", "http://i2.cdn.turner.com/cnn/dam/assets/130515120404-exp-sotu-mothers-day-tribute-gtk-rice-pelosi-demint-harris-00014801-video-exp.jpg", "http://i2.cdn.turner.com/cnn/dam/assets/130530182751-sotu-reagan-casket-witnessing-history-video-exp.jpg", "http://i2.cdn.turner.com/cnn/dam/assets/130127105152-exp-sotu-the-postal-service-stamps-going-up-congress-role-to-save-00005610-search-tease.jpg", "http://blogs.cnn.com/wp-content/uploads/sites/15/2014/01/set-mug.jpg?w=188&h=106", "http://i2.cdn.turner.com/cnn/dam/assets/121202033341-exp-sotu-end-piece-the-last-race-of-2012-boustany-v-landry-la-00005025-search-tease.jpg", "http://i2.cdn.turner.com/cnn/dam/assets/130703171922-page-13-video-exp.jpg", "http://i2.cdn.turner.com/cnn/dam/assets/130105061715-exp-sotu-freshmen-sinema-cnn-00002001-search-tease.jpg", "http://i2.cdn.turner.com/cnn/dam/assets/130721135137-exp-sotu-crowley-helen-thomas-tribute-to-a-friend-00020412-video-exp.jpg", "http://i2.cdn.turner.com/cnn/dam/assets/130330113345-exp-sotu-chaplains-exclusive-preview-sunday-easter-house-senate-00002810-video-exp.jpg", "http://i2.cdn.turner.com/cnn/dam/assets/130724160832-sotu-american-royalty-jfk-newseum-video-exp.jpg", "http://i.cdn.turner.com/cnn/.element/img/3.0/sect/blogs/global/icons/15x14_icon_rss.png", "http://i2.cdn.turner.com/cnn/dam/assets/131003131006-state-of-the-union-control-room-video-exp.jpg", "http://i.cdn.turner.com/cnn/.element/img/3.0/sect/blogs/ac360/home.gif", "http://i2.cdn.turner.com/cnn/dam/assets/121216084352-exp-sotu-crowley-national-tragedies-president-as-comforter-in-chief-reagan-clinton-bush-obama-00004111-video-exp.jpg", "http://i2.cdn.turner.com/cnn/dam/assets/131027115304-sotu-zeke-emanuel-john-fleming-doctors-square-off-on-obamacare-00002001-horizontal-gallery.jpg", "http://blogs.cnn.com/wp-content/uploads/sites/15/2014/01/sunglasses.jpg?w=188&h=106", "http://i2.cdn.turner.com/cnn/dam/assets/131121142850-izer-family-pic-search-tease.jpg", "http://i.cdn.turner.com/cnn/.element/img/2.0/global/icons/btn_close.gif", "http://i.cdn.turner.com/cnn/.element/img/3.0/1px.gif", "http://i.cdn.turner.com/cnn/images/1.gif", "http://i2.cdn.turner.com/cnn/dam/assets/130616125100-exp-sotu-fathers-day-tribute-getting-to-know-00013810-video-exp.jpg", "http://i2.cdn.turner.com/cnn/dam/assets/130602124339-exp-sotu-crowley-john-dingell-career-1955-2013-longest-serving-00002001-video-exp.jpg", "http://i2.cdn.turner.com/cnn/dam/assets/130926105900-sotu-cemetery-alesund-norway-2-video-exp.jpg"], "top_img": "http://i2.cdn.turner.com/cnn/dam/assets/131027115304-sotu-zeke-emanuel-john-fleming-doctors-square-off-on-obamacare-00002001-horizontal-gallery.jpg", "keywords": [], "authors": [], "canonical_link": "https://sotu.blogs.cnn.com/2013/10/27/rebooting-you-and-your-doctor-under-obamacare/", "title": "Rebooting: You and your doctor under Obamacare", "meta_data": {"title": "Rebooting: You and your doctor under Obamacare", "description": "Doctors Ezekiel Emanuel and Rep. John Fleming square off over Obamacare and how it impacts doctors....", "keywords": "ezekiel emanuel, john fleming, newsmakers, state of the union,", "generator": "WordPress 5.6", "og": {"title": "Rebooting: You and your doctor under Obamacare", "url": "https://sotu.blogs.cnn.com/2013/10/27/rebooting-you-and-your-doctor-under-obamacare/", "type": "article", "description": "Doctors Ezekiel Emanuel and Rep. John Fleming square off over Obamacare and how it impacts doctors....", "image": "http://i2.cdn.turner.com/cnn/dam/assets/131027115304-sotu-zeke-emanuel-john-fleming-doctors-square-off-on-obamacare-00002001-horizontal-gallery.jpg"}, "fb": {"admins": 690014395, "app_id": 80401312489}}, "movies": [], "publish_date": 1382824800.0, "source": "http://sotu.blogs.cnn.com", "summary": ""}