{"url": "www.instylemag.com.au/new-reports-claim-kendall-jenner-is-quitting-keeping-up-with-the-kardashians-to-move-to-paris", "text": "\u201cKendall\u2019s been done with the cheesy PR stunts for some time,\u201d the insider spilled. \u201cShe\u2019s fearful it\u2019ll hold her down if she doesn\u2019t distance herself now, while she\u2019s on top in modelling.\u201d\n\nUnderstandably, Momager Kris Jenner is not at all pleased with Kenny's plan, but something tells us that won't stop the stubborn 21-year-old.\n\n\u201cShe knows people look at her and snicker because of her family and it bugs her,\" added the source. \u201cKendall adores her family but figures it\u2019s death by association, if she\u2019s not careful.\"\n\nAccording to the source, Kendall \u201cwants to be phased out as soon as possible.\u201d\n\nGo on Kris, throw some money at the problem. KUWTK won't be the same without our girl!\n\nThis article previously appeared on Girlfriend.", "images": ["http://www.instylemag.com.au/media/9400/171020-kendall.jpg", "https://www.facebook.com/tr?id=1266034103566910&ev=PageView&noscript=1", "http://www.instylemag.com.au/Branding/InStyle/images/brand-logo-footer-new.svg", "http://www.instylemag.com.au/Branding/InStyle/images/enhanced-header-logo.svg", "https://snowplow.swm.digital/i?e=se&se_ca=ping&tv=http-get-0.1.0&dtm=0&stm=0&tna=pac&p=web", "http://www.instylemag.com.au/media/41281/ps-xxx-bws-dropdown-mag-sub-image-is.jpg?height=158", "https://scontent-iad3-1.cdninstagram.com/t51.2885-15/s640x640/sh0.08/e35/22582091_214955865709062_1926258755985473536_n.jpg", "http://secure-gl.imrworldwide.com/cgi-bin/m?ci=au-pacmags&cg=0&cc=1&ts=noscript"], "top_img": "http://www.instylemag.com.au/media/9400/171020-kendall.jpg", "keywords": [], "authors": ["Matthew Galea"], "canonical_link": "https://www.girlfriend.com.au/kendall-jenner-moving-to-paris", "title": "New Reports Claim Kendall Jenner Is Quitting 'Keeping Up With The Kardashians' To Move To Paris", "meta_data": {"language": "en-us", "description": "Bad news for fans!", "news_keywords": "kendall jenner, Keeping Up With The Kardashians", "robots": "index, follow", "og": {"site_name": "InStyle", "type": "article", "url": "https://www.instylemag.com.au/new-reports-claim-kendall-jenner-is-quitting-keeping-up-with-the-kardashians-to-move-to-paris", "title": "New Reports Claim Kendall Jenner Is Quitting 'Keeping Up With The Kardashians' To Move To Paris", "description": "Bad news for fans!", "image": {"identifier": "http://www.instylemag.com.au/media/9400/171020-kendall.jpg", "width": 606, "height": 364}}, "twitter": {"title": "New Reports Claim Kendall Jenner Is Quitting 'Keeping Up With The Kardashians' To Move To Paris", "description": "Bad news for fans!", "image": "http://www.instylemag.com.au/media/9400/171020-kendall.jpg", "url": "https://www.instylemag.com.au/new-reports-claim-kendall-jenner-is-quitting-keeping-up-with-the-kardashians-to-move-to-paris"}, "msvalidate.01": "3BD3CB44DC500E9821E82E085D0F0D13", "viewport": "width=device-width, initial-scale=1.0"}, "movies": [], "publish_date": 1508446775.946, "source": "http://www.instylemag.com.au", "summary": ""}