{"url": "http://www.desmoinesregister.com/article/20100324/OPINION01/3250323/1036", "text": "What COVID precautions will Iowa's Legislature have?\n\nIowa's legislative leaders are working to implement social distancing and livestream some meetings when lawmakers return to the Capitol next month.", "images": ["https://www.gannett-cdn.com/presto/2020/12/21/USAT/398cd292-4d0a-49c5-b3e1-dada011a0b40-GTY_1292304296.jpg?crop=1023,576,x0,y0&quality=50&width=270", "https://www.gannett-cdn.com/presto/2020/12/19/PDEM/a61b5056-429f-4700-abdd-666176328828-20201218_002_capitol_bp.JPG?crop=3499,1969,x0,y177", "https://www.gannett-cdn.com/presto/2020/03/19/PDEM/57a63518-7f45-4c60-823a-2ddbb34ba998-007-fareway-0319.JPG?crop=3499,1969,x0,y0&quality=50&width=270", "https://www.gannett-cdn.com/appservices/universal-web/universal/icons/icon-instagram_24.png", "https://www.gannett-cdn.com/sites/desmoinesregister/images/favicon.png"], "top_img": "https://www.gannett-cdn.com/sites/desmoinesregister/images/favicon.png", "keywords": [], "authors": [], "canonical_link": "", "title": "Home", "meta_data": {"viewport": "width=device-width,initial-scale=1", "HandheldFriendly": "True", "MobileOptimized": 320, "apple-itunes-app": "app-id=524153305, app-argument=http://www.desmoinesregister.com/home", "theme-color": "#ffffff", "og": {"site_name": "Des Moines Register"}}, "movies": [], "publish_date": 1269385200.0, "source": "http://www.desmoinesregister.com", "summary": ""}