{"url": "https://hollywoodlife.com/2017/04/10/nate-thompson-christina-el-moussa-dating-hockey-fan/", "text": "Christina El Moussa went to ANOTHER one of Nate Thompson\u2019s Anaheim Ducks games on April 9 \u2014 but she made sure to clarify to her fans that she was just there as a hockey fan. Is this her way of shutting down the romance rumors for good?\n\nThe Anaheim Ducks certainly have a loyal fan in Christina El Moussa, who cheered on the team against the Los Angeles Kings with her friend Cassie on April 9. \u201cCelebrating my Bestie/PR extraordinaire at a @anaheimducks / @lakings game,\u201d Christina captioned a photo of the pair. \u201c#shelikeskings #letsgoducks #justtwogirlswholovehockey.\u201d\n\nThat final hashtag certainly seems to be the Flip or Flop stars way of letting her followers know she was just at the game to watch her fave team play, not to support Ducks\u2019 star, Nate Thompson, specifically. After Christina attended a game last month, the rumor mill quickly started running about her rumored relationship with Nate, but at the time, her rep confirmed to HollywoodLife.com that the two are \u201cjust friends.\u201d\n\nIn fact, it seems like Christina and her ex, Tarek El Moussa, are simply longtime Ducks fans, as he also sat in the crowd at a game earlier this month, clearly not feeling any awkwardness about Nate being on the ice.\n\n\u201c[Christina] has been going to Kings game since she was ten years old,\u201d an insider explained to E! News. \u201cShe loves taking [her daughter], too. She\u2019s still happily single and focusing on her kids and herself.\u201d\n\nDespite ending their marriage in 2016, Christina and Tarek have seemingly remained amicable, even continuing to film their hit HGTV series, Flip or Flop together. However, fans of the show have been devastated to hear reports that the show will be ending after its upcoming season. The exes and network have yet to comment on the future of the show.\n\nHollywoodLifers, do you think Christina is just being coy about dating Nate? Or is she really still single?", "images": ["https://hollywoodlife.com/wp-content/uploads/2020/11/travis-scott-skips-houston-for-kylie-and-stormi-mega-ftr.jpg?w=143&h=80&crop=1", "https://hollywoodlife.com/wp-content/uploads/2020/11/sport-bra-ftr.jpg?w=143&h=80&crop=1", "https://www.sheknows.com/wp-content/uploads/2020/05/celebrity-women-who-arent-afraid-of-talking-about-masturbation.jpg?w=230&crop=1", "https://www.rollingstone.com/wp-content/uploads/2020/11/tyson-vs-jones-live-stream.jpg?w=230&crop=1", "https://pixel.quantserve.com/pixel?a.1=p-6fKiDaopTGEQg&a.2=p-31f3D02tYU8zY", "https://hollywoodlife.com/wp-content/uploads/2017/06/alyssa_norwin.jpg?w=48", "https://hollywoodlife.com/wp-content/uploads/2017/04/christina-el-moussa-slams-rumors-ftr.jpg", "https://hollywoodlife.com/wp-content/uploads/2017/04/christina-el-moussa-slams-rumors-ftr.jpg?w=600", "https://sb.scorecardresearch.com/p?c1=2&c2=6035310&c3=&c4=&c5=&c6=&c15=&cv=2.0&cj=1", "https://stylecaster.com/wp-content/uploads/2020/11/etsy-BF.gif?w=230&crop=1", "https://footwearnews.com/wp-content/uploads/2020/11/vanessa-hudgens-crop-top-jeans.jpg?w=230&crop=1", "data:image/gif;base64,R0lGODlhAQABAIAAAAAAAP///yH5BAEAAAAALAAAAAABAAEAAAIBRAA7", "https://tvline.com/wp-content/uploads/2020/11/the-masked-singer-paul-anka-broccoli-season-4-interview-video.jpg?w=230&crop=1", "https://hollywoodlife.com/wp-content/uploads/2020/11/patrick-mahomes-fiancee-baby-bump-ap-images-ftr.jpg?w=143&h=80&crop=1"], "top_img": "https://hollywoodlife.com/wp-content/uploads/2017/04/christina-el-moussa-slams-rumors-ftr.jpg", "keywords": [], "authors": ["Alyssa Norwin", "Erika Janes", "Claire Gillespie", "Mia Maguire", "Kimberly Roots", "Tim Chan", "Claudia Miller", "Deputy Editor Of New York City"], "canonical_link": "https://hollywoodlife.com/2017/04/10/nate-thompson-christina-el-moussa-dating-hockey-fan/", "title": "Christina El Moussa Slams Nate Thompson Romance Rumors: I Just \u2018Love Hockey\u2019", "meta_data": {"description": "Christina El Moussa went to ANOTHER one of Nate Thompson's Anaheim Ducks games on April 9 -- but she made sure to clarify to her fans that she was just there as a hockey fan. Is this her way of shutting down the romance rumors for good?", "news_keywords": "Christina El Moussa, Nate Thompson", "apple-itunes-app": "app-id=1400650284", "generator": "WordPress 5.5.2", "author": "Alyssa Norwin", "theme-color": "#fff", "apple-mobile-web-app-capable": "yes", "mobile-web-app-capable": "yes", "apple-touch-fullscreen": "YES", "apple-mobile-web-app-title": "Hollywood Life", "application-name": "Hollywood Life", "fb": {"pages": 94724837471}, "robots": "max-image-preview:large", "onesignal": "wordpress-plugin", "og": {"type": "article", "title": "Christina El Moussa Slams Nate Thompson Romance Rumors: I Just \u2018Love Hockey\u2019", "url": "https://hollywoodlife.com/2017/04/10/nate-thompson-christina-el-moussa-dating-hockey-fan/", "description": "Christina El Moussa went to ANOTHER one of Nate Thompson\u2019s Anaheim Ducks games on April 9 \u2014 but she made sure to clarify to her fans that she was\u00a0just there as a hockey fan. Is this her\u2026", "site_name": "Hollywood Life", "image": {"identifier": "https://hollywoodlife.com/wp-content/uploads/2017/04/christina-el-moussa-slams-rumors-ftr.jpg", "width": 600, "height": 800, "alt": "Nate Thompson Christina El Moussa Dating"}, "locale": "en_US"}, "article": {"published_time": "2017-04-10T12:12:08+00:00", "modified_time": "2017-04-10T12:12:08+00:00"}, "twitter": {"text": {"title": "Christina El Moussa Slams Nate Thompson Romance Rumors: I Just \u2018Love Hockey\u2019"}, "image": {"identifier": "https://hollywoodlife.com/wp-content/uploads/2017/04/christina-el-moussa-slams-rumors-ftr.jpg?w=600", "alt": "Nate Thompson Christina El Moussa Dating"}, "card": "summary_large_image", "site": "@HollywoodLife", "creator": "@https://twitter.com/alyssanorwin/", "title": "Christina El Moussa Slams Nate Thompson Romance Rumors: I Just \u2018Love Hockey\u2019", "description": "Christina El Moussa went to ANOTHER one of Nate Thompson's Anaheim Ducks games on April 9 -- but she made sure to clarify to her fans that she was just there as a hockey fan. Is this her way of shutting down the romance rumors for good?"}, "msapplication-TileImage": "https://hollywoodlife.com/wp-content/uploads/2018/06/hl_logo.png?w=128"}, "movies": [], "publish_date": 1491775200.0, "source": "https://hollywoodlife.com", "summary": ""}