{"url": "https://people.com/parents/heidi-montag-pregnant-spencer-pratt-expecting-first-child/", "text": "Heidi Montag and Spencer Pratt are going to be parents!\n\nThe Hills alums, who wed in April 2009, are expecting their first child in October, multiple sources confirm to PEOPLE.\n\nGet push notifications with news, features and more.\n\nLast September, Montag, 30, revealed to Faithwire that she was \u201chopeful\u201d about the possibility of getting pregnant within the next year.\n\nWant all the latest pregnancy and birth announcements, plus celebrity mom blogs? Click here to get those and more in the PEOPLE Babies newsletter.\n\nImage zoom Credit: Jason LaVeris/FilmMagic\n\n\u201cI am writing a coffee table wife type of book, it is more like a fun project, something I enjoy doing and then I am getting ready to be a mom hopefully next year.\u201d\n\nShe explained, \u201cSo that is going to be my main priority and full-time job.\u201d\n\nRELATED VIDEO: Is There a Mini-\u2018Speidi\u2019 on the Way? Spencer and Heidi Pratt Tell All\n\nAlthough the MTV personality looked forward to building a future family with her 33-year-old husband, she admitted of Pratt: \u201cI had to pray to get my husband to even \u2026 agree to have a kid.\u201d\n\nUS Weekly first broke the news.", "images": ["https://imagesvc.meredithcorp.io/v3/mm/image?url=https%3A%2F%2Fstatic.onecms.io%2Fwp-content%2Fuploads%2Fsites%2F20%2F2019%2F09%2Fheidi-pratt.jpg", "https://imagesvc.meredithcorp.io/v3/mm/image?url=https%3A%2F%2Fstatic.onecms.io%2Fwp-content%2Fuploads%2Fsites%2F20%2F2020%2F11%2F12%2Fthanksgiving-covid-150x150.jpg", "https://imagesvc.meredithcorp.io/v3/mm/image?url=https%3A%2F%2Fstatic.onecms.io%2Fwp-content%2Fuploads%2Fsites%2F20%2F2016%2F05%2F06%2Fprincess-diana-21.jpg", "https://imagesvc.meredithcorp.io/v3/mm/image?url=https%3A%2F%2Fstatic.onecms.io%2Fwp-content%2Fuploads%2Fsites%2F20%2F2020%2F07%2F23%2Ftout.jpg", "data:image/svg+xml,%3Csvg%20xmlns='http://www.w3.org/2000/svg'%20viewBox='0%200%20100%20133'%3E%3C/svg%3E", "https://peopledotcom.files.wordpress.com/2018/09/thumbnail_generic.png", "data:image/svg+xml,%3Csvg%20xmlns='http://www.w3.org/2000/svg'%20viewBox='0%200%20100%20100'%3E%3C/svg%3E", "https://imagesvc.meredithcorp.io/v3/mm/image?url=https%3A%2F%2Fstatic.onecms.io%2Fwp-content%2Fuploads%2Fsites%2F20%2F2020%2F08%2F04%2Fcoyote-ugly-2000.jpg", "https://imagesvc.meredithcorp.io/v3/mm/image?url=https%3A%2F%2Fstatic.onecms.io%2Fwp-content%2Fuploads%2Fsites%2F20%2F2020%2F07%2F19%2Ftiaras-2.jpg", "https://imagesvc.meredithcorp.io/v3/mm/image?url=https%3A%2F%2Fstatic.onecms.io%2Fwp-content%2Fuploads%2Fsites%2F20%2F2020%2F11%2F12%2Fcat-phone.jpg", "https://imagesvc.meredithcorp.io/v3/mm/image?q=85&c=sc&poi=face&w=1559&h=816&url=https%3A%2F%2Fstatic.onecms.io%2Fwp-content%2Fuploads%2Fsites%2F20%2F2019%2F09%2Fheidi-pratt.jpg"], "top_img": "https://imagesvc.meredithcorp.io/v3/mm/image?q=85&c=sc&poi=face&w=1559&h=816&url=https%3A%2F%2Fstatic.onecms.io%2Fwp-content%2Fuploads%2Fsites%2F20%2F2019%2F09%2Fheidi-pratt.jpg", "keywords": [], "authors": ["Natalie Stone"], "canonical_link": "https://people.com/parents/heidi-montag-pregnant-spencer-pratt-expecting-first-child/", "title": "Heidi Montag Pregnant, Expecting First Child with Spencer Pratt", "meta_data": {"viewport": "width=device-width, initial-scale=1", "keywords": "Babies,Expecting,Heidi Montag,News,Spencer Pratt,TV", "news_keywords": "Babies,Expecting,Heidi Montag,News,Spencer Pratt,TV", "description": "Heidi Montag and Spencer Pratt wed in April 2009", "og": {"title": "Heidi Montag Pregnant, Expecting First Child with Spencer Pratt", "type": "article", "site_name": "PEOPLE.com", "url": "https://people.com/parents/heidi-montag-pregnant-spencer-pratt-expecting-first-child/", "description": "Heidi Montag and Spencer Pratt wed in April 2009", "image": {"identifier": "https://imagesvc.meredithcorp.io/v3/mm/image?q=85&c=sc&poi=face&w=1559&h=816&url=https%3A%2F%2Fstatic.onecms.io%2Fwp-content%2Fuploads%2Fsites%2F20%2F2019%2F09%2Fheidi-pratt.jpg", "width": 1559, "height": 816}}, "pinterest": {"url": "https://people.com/parents/heidi-montag-pregnant-spencer-pratt-expecting-first-child/", "description": "Heidi Montag and Spencer Pratt wed in April 2009", "media": "https://imagesvc.meredithcorp.io/v3/mm/image?url=https%3A%2F%2Fstatic.onecms.io%2Fwp-content%2Fuploads%2Fsites%2F20%2F2019%2F09%2Fheidi-pratt.jpg"}, "twitter": {"card": "summary_large_image", "url": "https://people.com/parents/heidi-montag-pregnant-spencer-pratt-expecting-first-child/", "title": "Heidi Montag Pregnant, Expecting First Child with Spencer Pratt", "description": "Heidi Montag and Spencer Pratt wed in April 2009", "site": "@people", "image": "https://imagesvc.meredithcorp.io/v3/mm/image?q=85&c=sc&poi=face&w=1559&h=816&url=https%3A%2F%2Fstatic.onecms.io%2Fwp-content%2Fuploads%2Fsites%2F20%2F2019%2F09%2Fheidi-pratt.jpg"}, "robots": "max-image-preview:large", "fb": {"app_id": 610948219662029, "pages": 95926963131}, "article": {"opinion": "false"}, "p": {"domain_verify": "755183be01bfc739a9cac6673f1f2c1b"}}, "movies": [], "publish_date": null, "source": "https://people.com", "summary": ""}