{"url": "www.imdb.com/name/nm0005011/bio", "text": "Overview (3)\n\nMini Bio (1)\n\nFaith Hill was born on September 21, 1967 in Jackson, Mississippi, USA as Audrey Faith Perry. She is a producer, known for The Stepford Wives (2004), Pearl Harbor (2001) and Magiska systrar (1998). She has been married to Tim McGraw since October 6, 1996. They have three children. She was previously married to Daniel Hill.\n\n\n\nSpouse (2)\n\nTrivia (21)\n\n(1997) Chosen by \"People\" magazine as one of the 50 most beautiful people in the world. [2000]\n\n\n\nAdopted by Edna and Ted Perry.\n\n\n\n\n\nMother, with Tim McGraw , of daughters Gracie Katherine McGraw (b. May 5th, 1997), Maggie McGraw (aka Maggie Elizabeth McGraw) (b. August 12th, 1998) and Audrey Caroline McGraw (b. December 6th, 2001).\n\n\n\nRaised in Star, Mississippi. As a big-haired high school brunette, she scheduled singing gigs at fairs and churches around her duties as prom queen and cheerleader. She made only enough money to pay the band and buy gas for the car. An older brother drove her to gigs and bought her blue suede boots. At age 19, she left for Nashville where she worked as a gofer for Reba McEntire\n\n\n\nIs set to make her film debut in a remake of Fruarna i Stepford (1975) with Nicole Kidman . She will play the role of Sarah Sunderson.\n\n\n\nWhen Tim McGraw proposed, in one of the trailers, he had to go perform, so she wrote her response on the mirror (reportedly with either a lipstick or a marker pen).\n\nMet her biological mother in the early 1990s\n\n\n\nNamed #29 in FHM's \"100 Sexiest Women in the World 2005\" special supplement. (2005)\n\n\n\nNamed #48 in FHM magazine's \"100 Sexiest Women in the World 2006\" supplement. (2006).\n\n\n\nRanked #30 on VH1's 100 Sexiest Artists.\n\n\n\nDid her first bikini photo shoot for Shape magazine at the age of 41 as a birthday present to herself.\n\n\n\nEntertainment Industry Foundation (EIF) ambassador.\n\n\n\nRelease of the book, \"Faith Hill: Piece of My Heart\" by James L. Dickerson. [2001]\n\n\n\nPromoting her new album, \"Fireflies\" [August 2005]\n\n\n\nDebut of her perfume, \"Faith Hill Parfums\". [October 2009]\n\n\n\nInducted into the Hair Fan's Hall of Fame in 2007.\n\n\n\n(February 12, 2019) Her father, Ted Perry, has died last week at the age 88.\n\n\n\nPersonal Quotes (5)\n\nWhen stress piles up and all the darts are coming at me at once...it's great to cry. Crying is like, Okay, I've had my drama. Time to move on. - quoted in Woman's World - 7-12-05\n\n\n\nWhen you're a mom to three children, nothing bothers you. Trust me. Who cares what people say? I've got other things to deal with. - on the rigors of fame\n\n\n\nA man who is right by your side through everything makes you happy. But he can leave your side to make dinner once in a while!\n\n\n\nI try to find a reason to laugh each day. Somehow, if you can incorporate laughter into your day, every day, it really helps. It's the little things in life that make me happy.\n\n\n\nI constantly work at maintaining balance. For me, my family comes first. If my family is taken care of, then everything else usually falls into place.\n\n", "images": ["https://m.media-amazon.com/images/M/MV5BMTYxNzEzMTgzNF5BMl5BanBnXkFtZTcwNDQ3MTMyMw@@._V1_UY1200_CR122,0,630,1200_AL_.jpg", "https://m.media-amazon.com/images/M/MV5BMTYxNzEzMTgzNF5BMl5BanBnXkFtZTcwNDQ3MTMyMw@@._V1_UY98_CR2,0,67,98_AL_.jpg", "https://sb.scorecardresearch.com/p?c1=2&c2=6034961&cj=1&cs_ucfr=", "http://fls-na.amazon.com/1/batch/1/OP/A1EVAM02EL8SFB:141-8404934-9339604:EP033H4TY7W25J8J41QX$uedata=s:%2Frd%2Fuedata%3Fnoscript%26id%3DEP033H4TY7W25J8J41QX:0", "https://m.media-amazon.com/images/G/01/imdb/IMDbConsumerSiteNameProViews/images/icons/link-287357576._CB466942446_.png", "http://fls-na.amazon.com/1/batch/1/OP/A1EVAM02EL8SFB:141-8404934-9339604:EP033H4TY7W25J8J41QX$uedata=s:%2Frd%2Fuedata%3Fstaticb%26id%3DEP033H4TY7W25J8J41QX:0", "https://m.media-amazon.com/images/G/01/imdb/images/nopicture/medium/name-2135195744._CB466677935_.png"], "top_img": "https://m.media-amazon.com/images/M/MV5BMTYxNzEzMTgzNF5BMl5BanBnXkFtZTcwNDQ3MTMyMw@@._V1_UY1200_CR122,0,630,1200_AL_.jpg", "keywords": [], "authors": [], "canonical_link": "https://www.imdb.com/name/nm0005011/bio", "title": "Faith Hill", "meta_data": {"apple-itunes-app": "app-id=342792525, app-argument=imdb:///name/nm0005011?src=mdot", "og": {"url": "http://www.imdb.com/name/nm0005011/bio", "image": "https://m.media-amazon.com/images/M/MV5BMTYxNzEzMTgzNF5BMl5BanBnXkFtZTcwNDQ3MTMyMw@@._V1_UY1200_CR122,0,630,1200_AL_.jpg", "type": "actor", "title": "Faith Hill - IMDb", "site_name": "IMDb", "description": "Faith Hill was born on September 21, 1967 in Jackson, Mississippi, USA as Audrey Faith Perry. She is a producer, known for The Stepford Wives (2004), ..."}, "theme-color": "#000000", "pageId": "nm0005011", "pageType": "name", "subpageType": "bio", "fb": {"app_id": 115109575169727}, "title": "Faith Hill - IMDb", "description": "Faith Hill was born on September 21, 1967 in Jackson, Mississippi, USA as Audrey Faith Perry. She is a producer, known for The Stepford Wives (2004), ...", "keywords": "Biography, Photos, Awards, News, Message Boards", "request_id": "EP033H4TY7W25J8J41QX"}, "movies": [], "publish_date": null, "source": "http://www.imdb.com", "summary": ""}