{"url": "https://web.archive.org/web/20170920202621/http://www.foxnews.com/entertainment/2017/09/20/judge-judy-gets-apology-for-false-national-enquirer-alzheimer-story.html", "text": "Judge Judy had a big win against the National Enquirer.\n\nThe tabloid mag had to apologize to the TV judge after they published a false story claiming she had Alzheimer's disease among other accusations.\n\nThe gossip rag wrote a statement titled, \u201cApology Regarding Judge Judy And Nicole Sheindlin.\" Nicole is Judy's step-daughter with her husband Jerry Sheindlin.\n\nThe message read, \"We and our sister publication, the National Examiner, recently published articles which stated that Judge Judy Sheindlin suffered from \u2018brain disease,\u2019 was \u2018fighting\u2019 both Alzheimer\u2019s and depression, and \u2018is hiding a heartbreaking medical crisis.\u2019 We also published articles which stated that Judge Judy cheated on her husband, and that her daughter Nicole Sheindlin faced jail time for refusing to serve on a jury. None of these statements are true and we unequivocally retract them.\u201d\n\nIt went on, \u201cThe National Enquirer, the National Examiner, and American Media Inc., sincerely apologize to Judge Judy. The National Enquirer, the National Examiner, and American Media Inc., also sincerely apologize to Nicole, who is a respected attorney and is the CEO of Her Honor Mentoring.\u201d", "images": ["https://web.archive.org/web/20170920202621im_/http://metrics.foxnews.com/b/ss/foxnews/1/H22.1--NS/1505926595058?pageName=entertainment:subsection:article&g=http://www.foxnews.com/entertainment/2017/09/20/judge-judy-gets-apology-for-false-national-enquirer-alzheimer-story.html", "https://web.archive.org/web/20170920202621im_/http://a57.foxnews.com/media2.foxnews.com/BrightCove/694940094001/2017/09/20/270/152/694940094001_5582072244001_5582056563001-vs.jpg?ve=1&tl=1", "https://web.archive.org/web/20170920202621im_/http://a57.foxnews.com/media2.foxnews.com/BrightCove/694940094001/2016/10/05/270/152/694940094001_5157213375001_Howard-Stern-slams-CNN.jpg?ve=1&tl=1", "https://web.archive.org/web/20170920202621im_/http://a57.foxnews.com/media2.foxnews.com/BrightCove/694940094001/2017/09/20/270/152/694940094001_5582089082001_5582071799001-vs.jpg?ve=1&tl=1", "https://web.archive.org/web/20170920202621im_/http://a57.foxnews.com/images.foxnews.com/content/fox-news/entertainment/2017/09/20/judge-judy-gets-apology-for-false-national-enquirer-alzheimer-story/_jcr_content/par/featured_image/media-0.img.jpg/0/0/1505926421494.jpg?ve=1", "https://web.archive.org/web/20170920202621im_/http://b.scorecardresearch.com/p?c1=2&c2=9013181&c3=&c4=http://www.foxnews.com/entertainment/2017/09/20/judge-judy-gets-apology-for-false-national-enquirer-alzheimer-story.html&c5=&c6=&c15=&cv=2.2&cj=1", "https://web.archive.org/web/20170920202621im_/http://a57.foxnews.com/media2.foxnews.com/BrightCove/694940094001/2017/09/20/270/152/694940094001_5582075455001_5582071494001-vs.jpg?ve=1&tl=1", "https://web.archive.org/web/20170920202621im_/http://secure-us.imrworldwide.com/cgi-bin/m?ci=us-801796h&cg=0&cc=1&si=http://www.foxnews.com/entertainment/2017/09/20/judge-judy-gets-apology-for-false-national-enquirer-alzheimer-story.html&ts=noscript&rnd=1505926595058", "https://web.archive.org/web/20170920202621im_/http://a57.foxnews.com/images.foxnews.com/content/fox-news/entertainment/2017/09/20/judge-judy-gets-apology-for-false-national-enquirer-alzheimer-story/_jcr_content/par/featured_image/media-0.img.jpg/931/524/1505926421494.jpg?ve=1&tl=1&text=big-top-image"], "top_img": "https://web.archive.org/web/20170920202621im_/http://a57.foxnews.com/images.foxnews.com/content/fox-news/entertainment/2017/09/20/judge-judy-gets-apology-for-false-national-enquirer-alzheimer-story/_jcr_content/par/featured_image/media-0.img.jpg/0/0/1505926421494.jpg?ve=1", "keywords": [], "authors": [], "canonical_link": "https://web.archive.org/web/20170920202621/http://www.foxnews.com/entertainment/2017/09/20/judge-judy-gets-apology-for-false-national-enquirer-alzheimer-story.html", "title": "Judge Judy gets apology for false National Enquirer Alzheimer story", "meta_data": {"viewport": "width=device-width, initial-scale=1.0, maximum-scale=1.0, user-scalable=no", "dc.title": "Judge Judy gets apology for false National Enquirer Alzheimer story", "description": "Judge Judy had a big win against the National Enquirer.", "dc.description": "Judge Judy had a big win against the National Enquirer.", "dcterms.abstract": "Judge Judy had a big win against the National Enquirer.", "dc.publisher": "Fox News", "dc.date": "2017-09-20", "dcterms.created": "2017-09-20 12:53:41 EDT", "dcterms.modified": "2017-09-20 12:53:41 EDT", "dc.source": "Fox News", "dc.identifier": "eab75103-5daa-4ca9-8217-3346696855ea", "prism.aggregationType": "subsection", "dc.type": "Text.Article", "prism.channel": "fnc", "prism.section": "entertainment", "og": {"title": "Judge Judy gets apology for false National Enquirer Alzheimer story", "description": "Judge Judy had a big win against the National Enquirer.", "type": "article", "image": "//web.archive.org/web/20170920202621im_/http://a57.foxnews.com/images.foxnews.com/content/fox-news/entertainment/2017/09/20/judge-judy-gets-apology-for-false-national-enquirer-alzheimer-story/_jcr_content/par/featured_image/media-0.img.jpg/0/0/1505926421494.jpg?ve=1", "url": "https://web.archive.org/web/20170920202621/http://www.foxnews.com/entertainment/2017/09/20/judge-judy-gets-apology-for-false-national-enquirer-alzheimer-story.html", "site_name": "Fox News"}, "fb": {"pages": 15704546335, "app_id": 113186182048399}, "classification": "/FOX NEWS/ENTERTAINMENT/Celebrity News,/FOX NEWS/ENTERTAINMENT", "classification-isa": "celebrity,entertainment", "twitter": {"site": "@foxnews", "card": "summary_large_image", "title": "Judge Judy gets apology for false National Enquirer Alzheimer story", "description": "Judge Judy had a big win against the National Enquirer.", "url": "https://web.archive.org/web/20170920202621im_/http://www.foxnews.com/entertainment/2017/09/20/judge-judy-gets-apology-for-false-national-enquirer-alzheimer-story.html", "creator": "@foxnews", "image": "https://web.archive.org/web/20170920202621im_/http://a57.foxnews.com/images.foxnews.com/content/fox-news/entertainment/2017/09/20/judge-judy-gets-apology-for-false-national-enquirer-alzheimer-story/_jcr_content/par/featured_image/media-0.img.jpg/0/0/1505926421494.jpg?ve=1"}, "dc.format": "text/html", "dc.language": "en-US", "pagetype": "article", "robots": "noarchive, noodp"}, "movies": [], "publish_date": 1505858400.0, "source": "https://web.archive.org", "summary": ""}