{"url": "radaronline.com/photos/kim-kardashian-plastic-surgery-makeover-new-year/", "text": "Kim kan't kwit the knife! After several surgeries throughout the years, Kardashian isn't planning on Krazykan't kwit the knife! After several surgeries throughout the years, Kardashian isn't planning on ditching plastic surgery any time soon, and now RadarOnline.com can exclusively reveal the reality star's extreme New year\u2019s surgery resolutions. Click through to find out what the big booty plastic princess is getting done this time!\n\n\u201cShe has plans for implants galore!\" spills the snitch.\n\nThat includes her face, thighs and boobs, according to the informant.\n\nKim\u2019s not shy about admitting her butt plans but the rest she\u2019s planning in secret \u2014 like a military operation!\n\n\n\nAs Radar previously reported exclusively, the mother-of-two is reducing her butt little by little and paying visits to her plastic surgeon to gradually remove the fat that was injected into it .\n\nBut Kim's not stopping there.\n\nSources says \"There\u2019s the strong possibility of a rib removal.\"\n\nThen lipo on her inner and outer thighs, so she can pull off a thigh gap in time for bikini season in Hawaii!\n\n\n\nBut the worried pal says Kim's obsession with plastic surgery has gone overboard.", "images": ["https://i0.heartyhosting.com/radaronline.com/wp-content/uploads/2019/03/logo-reality-tv-1.png?ssl=1", "data:image/gif;base64,R0lGODlhAQABAIAAAAUEBAAAACwAAAAAAQABAAACAkQBADs=", "https://i0.heartyhosting.com/radaronline.com/wp-content/uploads/2019/03/scandal-bg.jpg?fit=1440%2C210&ssl=1", "https://i0.heartyhosting.com/radaronline.com/wp-content/uploads/2018/01/kim-kardashian-plastic-surgery-makeover-new-year-pp.jpg?fit=1380%2C880&ssl=1", "https://i0.heartyhosting.com/radaronline.com/wp-content/uploads/2020/11/crishell-gleb-rumors.jpeg?w=384&crop=0%2C20px%2C384px%2C215px&resize=384%2C215&ssl=1", "https://i0.heartyhosting.com/radaronline.com/wp-content/uploads/2019/03/reality-tv-bg.jpg?fit=1440%2C210&ssl=1", "https://i0.heartyhosting.com/radaronline.com/wp-content/uploads/2020/11/shep-jax.jpeg?w=384&crop=0%2C20px%2C384px%2C215px&resize=384%2C215&ssl=1", "https://i0.heartyhosting.com/radaronline.com/wp-content/uploads/2019/03/logo-scandal.png?fit=307%2C70&ssl=1", "https://i0.heartyhosting.com/radaronline.com/wp-content/uploads/2018/01/kim-kardashian-plastic-surgery-makeover-new-year-pp.jpg?resize=792%2C446&ssl=1", "https://i0.heartyhosting.com/radaronline.com/wp-content/uploads/2019/03/logo-true-crime-b.png?fit=357%2C70&ssl=1", "https://i0.heartyhosting.com/radaronline.com/wp-content/uploads/2018/01/kim-kardashian-plastic-surgery-makeover-new-year-pp.jpg?resize=1200%2C630&ssl=1", "https://i0.heartyhosting.com/radaronline.com/wp-content/uploads/2018/01/kim-kardashian-plastic-surgery-makeover-new-year-08.jpg?fit=1380%2C880&ssl=1", "https://i0.heartyhosting.com/radaronline.com/wp-content/uploads/2018/01/kim-kardashian-plastic-surgery-makeover-new-year-06.jpg?fit=1380%2C880&ssl=1", "https://i0.heartyhosting.com/radaronline.com/wp-content/uploads/2019/03/logo-omg.png?fit=188%2C70&ssl=1", "https://i0.heartyhosting.com/radaronline.com/wp-content/uploads/2019/03/celebrity-news-bg.jpg?fit=1440%2C210&ssl=1", "https://i0.heartyhosting.com/radaronline.com/wp-content/uploads/2018/01/kim-kardashian-plastic-surgery-makeover-new-year-01.jpg?fit=1380%2C880&ssl=1", "https://i0.heartyhosting.com/radaronline.com/wp-content/uploads/2019/03/logo-fashion-police.png?fit=489%2C70&ssl=1", "https://i0.heartyhosting.com/radaronline.com/wp-content/uploads/2019/03/logo-celebrity-news-b.png?fit=495%2C70&ssl=1", "https://i0.heartyhosting.com/radaronline.com/wp-content/uploads/2019/03/logo-reality-tv.png?fit=370%2C70&ssl=1", "https://i0.heartyhosting.com/radaronline.com/wp-content/uploads/2018/01/kim-kardashian-plastic-surgery-makeover-new-year-07.jpg?fit=1380%2C880&ssl=1", "https://i0.heartyhosting.com/radaronline.com/wp-content/uploads/2018/01/kim-kardashian-plastic-surgery-makeover-new-year-02.jpg?fit=1380%2C880&ssl=1", "https://radaronline.com/wp-content/themes/vip/am-radaronline/assets/build/images/icons/logo-tag-registered.svg", "https://i0.heartyhosting.com/radaronline.com/wp-content/uploads/2020/02/jersey-shore-ronnie-ortiz-magro-begs-plea-deal-jen-harley-domestic-violence-case-Feature.jpg?w=384&crop=0%2C20px%2C384px%2C215px&resize=384%2C215&ssl=1", "https://radaronline.com/wp-content/themes/vip/am-radaronline/assets/build/images/icons/logo-tag-registered-green.svg", "https://i0.heartyhosting.com/radaronline.com/wp-content/uploads/2018/01/kim-kardashian-plastic-surgery-makeover-new-year-10.jpg?fit=1380%2C880&ssl=1", "https://i0.heartyhosting.com/radaronline.com/wp-content/uploads/2018/01/kim-kardashian-plastic-surgery-makeover-new-year-04.jpg?fit=1380%2C880&ssl=1", "https://i0.heartyhosting.com/radaronline.com/wp-content/uploads/2018/01/kim-kardashian-plastic-surgery-makeover-new-year-05.jpg?fit=1380%2C880&ssl=1", "https://i0.heartyhosting.com/radaronline.com/wp-content/uploads/2020/11/larsa-pippen-COVID.jpeg?w=384&crop=0%2C20px%2C384px%2C215px&resize=384%2C215&ssl=1", "https://i0.heartyhosting.com/radaronline.com/wp-content/uploads/2018/01/kim-kardashian-plastic-surgery-makeover-new-year-03.jpg?fit=1380%2C880&ssl=1", "https://i0.heartyhosting.com/radaronline.com/wp-content/uploads/2019/03/true-crime-bg.jpg?fit=1440%2C210&ssl=1", "https://i0.heartyhosting.com/radaronline.com/wp-content/uploads/2019/03/omg-bg.jpg?fit=1440%2C210&ssl=1", "https://i0.heartyhosting.com/radaronline.com/wp-content/uploads/2019/03/fashion-police-bg.jpg?fit=1440%2C210&ssl=1"], "top_img": "https://i0.heartyhosting.com/radaronline.com/wp-content/uploads/2018/01/kim-kardashian-plastic-surgery-makeover-new-year-pp.jpg?resize=1200%2C630&ssl=1", "keywords": [], "authors": ["Radar Staff", "January"], "canonical_link": "https://radaronline.com/photos/kim-kardashian-plastic-surgery-makeover-new-year/", "title": "New Year, New Kim! Kardashian's Secret Full-Body Plastic Surgery Makeover Revealed", "meta_data": {"viewport": "width=device-width, initial-scale=1.0", "fb": {"admins": 593583017, "app_id": 1008772232528225, "pages": 376279216711}, "theme-color": "#ffffff", "google-site-verification": "kONM_PqGX8Za53dFcExSTIIPZxxN_S4QtvDlONzzdA0", "description": "Kim Kardashian isn\u2019t stopping at her butt when it comes to her new year\u2019s surgery resolutions. Inside her full-body plastic surgery makeover.", "robots": "index, follow, max-snippet:-1, max-image-preview:large, max-video-preview:-1", "og": {"locale": "en_US", "type": "article", "title": "New Year, New Kim! Kardashian's Secret Full-Body Plastic Surgery Makeover Revealed", "description": "Kim Kardashian isn\u2019t stopping at her butt when it comes to her new year\u2019s surgery resolutions. Inside her full-body plastic surgery makeover.", "url": "https://radaronline.com/photos/kim-kardashian-plastic-surgery-makeover-new-year/", "site_name": "RadarOnline", "updated_time": "2018-04-12T17:16:09+00:00", "image": {"identifier": "https://i0.heartyhosting.com/radaronline.com/wp-content/uploads/2018/01/kim-kardashian-plastic-surgery-makeover-new-year-pp.jpg?resize=1200%2C630&ssl=1", "secure_url": "https://i0.heartyhosting.com/radaronline.com/wp-content/uploads/2018/01/kim-kardashian-plastic-surgery-makeover-new-year-pp.jpg?resize=1200%2C630&ssl=1", "width": 1200, "height": 630}}, "article": {"published_time": "2018-01-08T12:11:26+00:00", "modified_time": "2018-04-12T17:16:09+00:00"}, "twitter": {"card": "summary_large_image", "title": "New Year, New Kim! Kardashian's Secret Full-Body Plastic Surgery Makeover Revealed", "description": "Kim Kardashian isn\u2019t stopping at her butt when it comes to her new year\u2019s surgery resolutions. Inside her full-body plastic surgery makeover.", "image": "https://i0.heartyhosting.com/radaronline.com/wp-content/uploads/2018/01/kim-kardashian-plastic-surgery-makeover-new-year-pp.jpg?resize=1200%2C630&ssl=1"}, "news_keywords": "Kim Kardashian", "generator": "WordPress 5.5.3"}, "movies": [], "publish_date": 1515413486.0, "source": "http://radaronline.com", "summary": ""}