{"url": "http://www.youtube.com/watch?v=Yj3QAzSWVA4", "text": "", "images": ["https://i.ytimg.com/vi/Yj3QAzSWVA4/hqdefault.jpg"], "top_img": "https://i.ytimg.com/vi/Yj3QAzSWVA4/hqdefault.jpg", "keywords": [], "authors": [], "canonical_link": "https://www.youtube.com/watch?v=Yj3QAzSWVA4", "title": "Mike Huckabee: Fried Squirrel Out of a Popcorn Popper", "meta_data": {"theme-color": "rgba(255, 255, 255, 0.98)", "title": "Mike Huckabee: Fried Squirrel Out of a Popcorn Popper", "description": "Mike Huckabee on Morning Joe, January 16, 2008", "keywords": "Mike, Huckabee, Fried, Squirrel, Popcorn, Popper, south, carolina, morning, joe, primary, NextNewNetworks", "og": {"site_name": "YouTube", "url": "https://www.youtube.com/watch?v=Yj3QAzSWVA4", "title": "Mike Huckabee: Fried Squirrel Out of a Popcorn Popper", "image": {"identifier": "https://i.ytimg.com/vi/Yj3QAzSWVA4/hqdefault.jpg", "width": 480, "height": 360}, "description": "Mike Huckabee on Morning Joe, January 16, 2008", "type": "video.other", "video": {"url": "https://www.youtube.com/embed/Yj3QAzSWVA4", "secure_url": "https://www.youtube.com/embed/Yj3QAzSWVA4", "type": "text/html", "width": 480, "height": 360, "tag": "NextNewNetworks"}}, "al": {"ios": {"app_store_id": 544007664, "app_name": "YouTube", "url": "vnd.youtube://www.youtube.com/watch?v=Yj3QAzSWVA4&feature=applinks"}, "android": {"url": "vnd.youtube://www.youtube.com/watch?v=Yj3QAzSWVA4&feature=applinks", "app_name": "YouTube", "package": "com.google.android.youtube"}, "web": {"url": "http://www.youtube.com/watch?v=Yj3QAzSWVA4&feature=applinks"}}, "fb": {"app_id": 87741124305}, "twitter": {"card": "player", "site": "@youtube", "url": "https://www.youtube.com/watch?v=Yj3QAzSWVA4", "title": "Mike Huckabee: Fried Squirrel Out of a Popcorn Popper", "description": "Mike Huckabee on Morning Joe, January 16, 2008", "image": "https://i.ytimg.com/vi/Yj3QAzSWVA4/hqdefault.jpg", "app": {"name": {"iphone": "YouTube", "ipad": "YouTube", "googleplay": "YouTube"}, "id": {"iphone": 544007664, "ipad": 544007664, "googleplay": "com.google.android.youtube"}, "url": {"iphone": "vnd.youtube://www.youtube.com/watch?v=Yj3QAzSWVA4&feature=applinks", "ipad": "vnd.youtube://www.youtube.com/watch?v=Yj3QAzSWVA4&feature=applinks", "googleplay": "https://www.youtube.com/watch?v=Yj3QAzSWVA4"}}, "player": {"identifier": "https://www.youtube.com/embed/Yj3QAzSWVA4", "width": 480, "height": 360}}}, "movies": [], "publish_date": null, "source": "http://www.youtube.com", "summary": ""}