{"url": "www.cnn.com/2017/12/15/europe/prince-harry-meghan-markle-wedding-intl/index.html", "text": "London (CNN) Britain's Prince Harry and American actor Meghan Markle will marry on May 19, 2018, Kensington Palace announced Friday.\n\nThe pair, who will get married in St. George's Chapel at Windsor Castle, announced their engagement in November.\n\nOn that occasion, Harry told reporters that he knew Markle was \"the one\" from \"the very first time we met.\"\n\nPrince Harry and Meghan Markle announce their engagement to the press.\n\nThe couple attended their first royal event together in the city of Nottingham earlier this month, where they were met by well-wishers.\n\nOn Wednesday it was revealed that they will spend their first Christmas as an engaged couple with Queen Elizabeth and other members of Britain's royal family at the Sandringham royal estate.\n\nRead More", "images": ["data:image/gif;base64,R0lGODlhEAAJAJEAAAAAAP///////wAAACH5BAEAAAIALAAAAAAQAAkAAAIKlI+py+0Po5yUFQA7", "http://cdn.cnn.com/cnnnext/dam/assets/171201135012-14-royals-nottingham-1201-large-169.jpg", "http://cdn.cnn.com/cnnnext/dam/assets/171128130307-royal-wedding-1-exlarge-169.jpg", "http://cdn.cnn.com/cnnnext/dam/assets/171127095606-cnnee-ring-prince-harry-and-markle-hands-large-169.jpg", "https://cdn.cnn.com/cnnnext/dam/assets/171127141424-04-harry-meghan-engagement-1127-super-tease.jpg", "http://cdn.cnn.com/cnnnext/dam/assets/171127143238-07-harry-meghan-engagement-1127-large-169.jpg", "http://pixel.quantserve.com/pixel/p-D1yc5zQgjmqr5.gif?labels=noscript%3ANo%20Labels%20Set", "http://cdn.cnn.com/cnnnext/dam/assets/180426114549-royal-wedding-harry-meghan-branding-logo-large-169.png", "http://cdn.cnn.com/cnnnext/dam/assets/171201134632-10-royals-nottingham-1201-large-169.jpg", "http://cdn.cnn.com/cnnnext/dam/assets/171124114355-01-meghan-markle-profile-large-169.jpg"], "top_img": "https://cdn.cnn.com/cnnnext/dam/assets/171127141424-04-harry-meghan-engagement-1127-super-tease.jpg", "keywords": [], "authors": ["James Masters"], "canonical_link": "https://www.cnn.com/2017/12/15/europe/prince-harry-meghan-markle-wedding-intl/index.html", "title": "Prince Harry and Meghan Markle to wed on May 19, 2018", "meta_data": {"viewport": "width=device-width, initial-scale=1.0, minimum-scale=1.0", "section": "europe", "referrer": "unsafe-url", "og": {"pubdate": "2017-12-15T13:11:39Z", "url": "https://www.cnn.com/2017/12/15/europe/prince-harry-meghan-markle-wedding-intl/index.html", "title": "Prince Harry and Meghan Markle to wed on May 19, 2018", "description": "Prince Harry and Meghan Markle will get married on May 19, 2018 at Windsor Castle, Kensington Palace announced Friday.", "site_name": "CNN", "type": "article", "image": {"identifier": "https://cdn.cnn.com/cnnnext/dam/assets/171127141424-04-harry-meghan-engagement-1127-super-tease.jpg", "width": 1100, "height": 619}}, "pubdate": "2017-12-15T13:11:39Z", "lastmod": "2018-04-25T16:59:01Z", "author": "James Masters", "twitter": {"title": "Prince Harry and Meghan Markle to wed on May 19, 2018", "description": "Prince Harry and Meghan Markle will get married on May 19, 2018 at Windsor Castle, Kensington Palace announced Friday.", "card": "summary_large_image", "image": "https://cdn.cnn.com/cnnnext/dam/assets/171127141424-04-harry-meghan-engagement-1127-super-tease.jpg"}, "description": "Prince Harry and Meghan Markle will get married on May 19, 2018 at Windsor Castle, Kensington Palace announced Friday.", "keywords": "europe, Prince Harry and Meghan Markle set wedding date - CNN", "thumbnail": "https://cdn.cnn.com/cnnnext/dam/assets/171127141424-04-harry-meghan-engagement-1127-super-tease.jpg", "vr": {"canonical": "https://edition.cnn.com/2017/12/15/europe/prince-harry-meghan-markle-wedding-intl/index.html"}, "article": {"opinion": "false", "content-tier": "free"}, "fb": {"app_id": 80401312489, "pages": "5550296508,18793419640"}, "template-top": "intl_regions,europe,news,bra-royal-wedding,art-vid"}, "movies": [], "publish_date": 1513292400.0, "source": "http://www.cnn.com", "summary": ""}