{"url": "https://www.billboard.com/articles/columns/pop/7761127/lady-gaga-facetime-prince-william-mental-health", "text": "\"In my life I go, \u2018Oh my goodness, look at all these beautiful wonderful things that I have, I should be so happy,\u2019 but you can\u2019t help it if you wake up in the morning and you are so tired and you are so sad and you are so full of anxiety that you can barely think,\" she says. Williams invited Gaga to participate after he read an open letter she issued through her Born This Way Foundation in which she revealed a sexual assault at 19 that left her with PTSD.\n\n\u201cIt\u2019s time that everyone speaks up and really feels very normal about mental health; it\u2019s the same as physical health. Everybody has mental health and we shouldn\u2019t be ashamed of it and just having a conversation with a friend or family member can really make such a difference,\" William says from a room at Kensington Palace. \"For me, the little bits that I\u2019ve learnt so far is that it\u2019s really important to have this conversation. You won\u2019t be judged.\"", "images": ["https://static.billboard.com/files/2020/11/15cover_JaQuelKnight_LORES-1604610389-compressed.jpg", "https://static.billboard.com/files/media/Lady-Gaga-nov-2016-billboard-1548-compressed.jpg", "http://b.scorecardresearch.com/p?c1=2&c2=7395269&cv=2.0&cj=1", "data:image/gif;base64,R0lGODlhAQABAIAAAAAAAP///yH5BAEAAAAALAAAAAABAAEAAAIBRAA7"], "top_img": "https://static.billboard.com/files/media/Lady-Gaga-nov-2016-billboard-1548-compressed.jpg", "keywords": [], "authors": ["Gil Kaufman"], "canonical_link": "https://www.billboard.com/articles/columns/pop/7761127/lady-gaga-facetime-prince-william-mental-health", "title": "Watch Lady Gaga FaceTime with Prince William About Mental Health", "meta_data": {"viewport": "width=device-width, initial-scale=1", "theme-color": "#344072", "twitter": {"site": "@billboard", "description": "Lady Gaga joined Prince William's Heads Together campaign to raise awareness for mental illness in a video released on Tuesday (Apr. 18), in which the friends talked about the knocking down the stigma associated with mental health issues.", "title": "Watch Lady Gaga FaceTime with Prince William About Mental Health", "card": "summary_large_image"}, "og": {"site_name": "Billboard", "url": "https://www.billboard.com/articles/columns/pop/7761127/lady-gaga-facetime-prince-william-mental-health", "description": "Lady Gaga joined Prince William's Heads Together campaign to raise awareness for mental illness in a video released on Tuesday (Apr. 18), in which the friends talked about the knocking down the stigma associated with mental health issues.", "image": {"identifier": "https://static.billboard.com/files/media/Lady-Gaga-nov-2016-billboard-1548-compressed.jpg", "width": 1548, "height": 1024}, "title": "Watch Lady Gaga FaceTime with Prince William About Mental Health", "type": "article"}, "description": "Lady Gaga joined Prince William's Heads Together campaign to raise awareness for mental illness in a video released on Tuesday (Apr. 18), in which the friends talked about the knocking down the stigma associated with mental health issues."}, "movies": [], "publish_date": null, "source": "https://www.billboard.com", "summary": ""}