{"url": "http://query.nytimes.com/gst/fullpage.html?res=9F02E1DE1438F932A2575AC0A9679C8B63&sec=&spon=&pagewanted=1", "text": "''I don't regret setting bombs,'' Bill Ayers said. ''I feel we didn't do enough.'' Mr. Ayers, who spent the 1970's as a fugitive in the Weather Underground, was sitting in the kitchen of his big turn-of-the-19th-century stone house in the Hyde Park district of Chicago. The long curly locks in his Wanted poster are shorn, though he wears earrings. He still has tattooed on his neck the rainbow-and-lightning Weathermen logo that appeared on letters taking responsibility for bombings. And he still has the ebullient, ingratiating manner, the apparently intense interest in other people, that made him a charismatic figure in the radical student movement.\n\nNow he has written a book, ''Fugitive Days'' (Beacon Press, September). Mr. Ayers, who is 56, calls it a memoir, somewhat coyly perhaps, since he also says some of it is fiction. He writes that he participated in the bombings of New York City Police Headquarters in 1970, of the Capitol building in 1971, the Pentagon in 1972. But Mr. Ayers also seems to want to have it both ways, taking responsibility for daring acts in his youth, then deflecting it.\n\n''Is this, then, the truth?,'' he writes. ''Not exactly. Although it feels entirely honest to me.''\n\nBut why would someone want to read a memoir parts of which are admittedly not true? Mr. Ayers was asked.\n\n''Obviously, the point is it's a reflection on memory,'' he answered. ''It's true as I remember it.''", "images": ["https://static01.nyt.com/newsgraphics/images/icons/defaultPromoCrop.png?year=2001"], "top_img": "https://static01.nyt.com/newsgraphics/images/icons/defaultPromoCrop.png?year=2001", "keywords": [], "authors": ["Dinitia Smith"], "canonical_link": "https://www.nytimes.com/2001/09/11/books/no-regrets-for-love-explosives-memoir-sorts-war-protester-talks-life-with.html", "title": "No Regrets for a Love Of Explosives; In a Memoir of Sorts, a War Protester Talks of Life With the Weathermen", "meta_data": {"article": {"published_time": "2001-09-11T05:00:00.000Z", "modified_time": "2001-09-11T05:00:00.000Z", "section": "Books", "author": "https://www.nytimes.com/by/dinitia-smith", "tag": "FUGITIVE DAYS (BOOK)", "opinion": "false", "content_tier": "metered"}, "robots": "noarchive", "articleid": 2001091100000121673, "nyt_uri": "nyt://article/989b90e9-3819-5600-b037-aa34a063d855", "pubp_event_id": "pubp://event/0eb42fcee46648aab74d52097ebce2a7", "description": "Profile of Bill Ayers, who has written memoir, some of it fiction, of his years as a member of Weather Underground, radical Vietnam-era group; photo as youth, and with wife, Bernardine Dohrn (M)", "image": "https://static01.nyt.com/newsgraphics/images/icons/defaultPromoCrop.png?year=2001", "byl": "By Dinitia Smith", "thumbnail": "https://static01.nyt.com/newsgraphics/images/icons/defaultCrop.png", "news_keywords": "Weather Underground,,Alan Riding,,Vietnam War,Books,", "pdate": 20010911, "og": {"url": "https://www.nytimes.com/2001/09/11/books/no-regrets-for-love-explosives-memoir-sorts-war-protester-talks-life-with.html", "type": "article", "title": "No Regrets for a Love Of Explosives; In a Memoir of Sorts, a War Protester Talks of Life With the Weathermen (Published 2001)", "image": "https://static01.nyt.com/newsgraphics/images/icons/defaultPromoCrop.png?year=2001", "description": "Profile of Bill Ayers, who has written memoir, some of it fiction, of his years as a member of Weather Underground, radical Vietnam-era group; photo as youth, and with wife, Bernardine Dohrn (M)"}, "twitter": {"url": "https://www.nytimes.com/2001/09/11/books/no-regrets-for-love-explosives-memoir-sorts-war-protester-talks-life-with.html", "title": "No Regrets for a Love Of Explosives; In a Memoir of Sorts, a War Protester Talks of Life With the Weathermen (Published 2001)", "description": "Profile of Bill Ayers, who has written memoir, some of it fiction, of his years as a member of Weather Underground, radical Vietnam-era group; photo as youth, and with wife, Bernardine Dohrn (M)", "image": "https://static01.nyt.com/newsgraphics/images/icons/defaultCrop.png?year=2001", "card": "summary_large_image", "app": {"name": {"googleplay": "NYTimes"}, "id": {"googleplay": "com.nytimes.android"}, "url": {"googleplay": "nyt://article/989b90e9-3819-5600-b037-aa34a063d855"}}, "site": "@nytimes"}, "CG": "books", "PT": "article", "PST": "News", "url": "https://www.nytimes.com/2001/09/11/books/no-regrets-for-love-explosives-memoir-sorts-war-protester-talks-life-with.html", "msapplication-starturl": "https://www.nytimes.com", "al": {"android": {"url": "nyt://article/989b90e9-3819-5600-b037-aa34a063d855", "package": "com.nytimes.android", "app_name": "NYTimes"}, "iphone": {"url": "nytimes://www.nytimes.com/2001/09/11/books/no-regrets-for-love-explosives-memoir-sorts-war-protester-talks-life-with.html", "app_store_id": 284862083, "app_name": "NYTimes"}, "ipad": {"url": "nytimes://www.nytimes.com/2001/09/11/books/no-regrets-for-love-explosives-memoir-sorts-war-protester-talks-life-with.html", "app_store_id": 357066198, "app_name": "NYTimes"}}, "viewport": "width=device-width, initial-scale=1", "fb": {"app_id": 9869919170}}, "movies": [], "publish_date": 1000184400.0, "source": "http://query.nytimes.com", "summary": ""}