{"url": "www.usmagazine.com/celebrity-news/news/kendall-jenner-hilariously-responds-to-pregnancy-rumors/", "text": "Is she, or isn\u2019t she? According to Kendall Jenner, she isn\u2019t! The model has responded to speculation that she\u2019s pregnant in the funniest \u2014 and most relatable \u2014 way possible.\n\nJenner retweeted an article questioning whether not she was expecting on Saturday, December 30, and hilariously wrote, \u201ci just like bagels ok!!!\u201d\n\ni just like bagels ok!!! https://t.co/4IxM9ECLOs \u2014 Kendall (@KendallJenner) December 31, 2017\n\nAs previously reported, the Keeping Up with the Kardashians star posted a bathroom selfie on Friday, December 29, wearing a black-and-white polka dot dress. The 22-year-old model captioned the selfie \u201cloner life\u201d with an alien emoji. The photo shows Jenner, who routinely flaunts her bare midriff in crop tops and shows off her lean figure, showcasing what some thought was a bump. The photo sent fans into a frenzy as they wondered whether or not she was the fourth woman in her famous family to be expecting. Khlo\u00e9 Kardashian and Kylie Jenner are pregnant, while Kim Kardashian is expecting her third child via a surrogate any day now.\n\nWhile Kylie is remaining mum about her pregnancy, multiple sources have confirmed to Us Weekly that she is pregnant with her first child with Travis Scott in early 2018.\n\nJenner\u2019s response prompted her followers to defend the reality star. One wrote, \u201cWhat gives people the right to judge her body shape/size? I\u2019m sure if she wasn\u2019t a Jenner/Kardashian then this would be called body shaming? Not ok people.\u201d Another asked, \u201cWhy must she be \u2018pregnant\u2019. It\u2019s the season of good food, good wine and good company\u2026 honestly.\u201d\n\nOne fan simply commented, \u201cYou don\u2019t even look \u2018preggers\u2019 smh. They tried it.\u201d", "images": ["https://www.usmagazine.com/wp-content/themes/us-weekly/assets/img/svg-icons/logo-tag-registered-green.svg", "https://www.usmagazine.com/wp-content/themes/us-weekly/assets/img/placeholders/default-usweekly.svg", "https://www.usmagazine.com/wp-content/uploads/2020/06/Watch-Moms-Like-Us.jpg?w=60&h=60&crop=1&quality=86&strip=all", "https://www.usmagazine.com/wp-content/themes/us-weekly/assets/img/svg-icons/logo-tag-registered.svg", "https://i2.wp.com/www.usmagazine.com/wp-content/uploads/2017/12/kendall-jenner-pregnant-baby-car.jpg?crop=0px%2C86px%2C1080px%2C568px&resize=1200%2C630&ssl=1&quality=86&strip=all", "https://www.usmagazine.com/wp-content/themes/us-weekly/assets/img/svg-icons/icon-download.svg", "https://www.usmagazine.com/wp-content/themes/us-weekly/assets/img/bg-subscribe.png"], "top_img": "https://i2.wp.com/www.usmagazine.com/wp-content/uploads/2017/12/kendall-jenner-pregnant-baby-car.jpg?crop=0px%2C86px%2C1080px%2C568px&resize=1200%2C630&ssl=1&quality=86&strip=all", "keywords": [], "authors": ["Leanne Aciz Stanton"], "canonical_link": "https://www.usmagazine.com/celebrity-news/news/kendall-jenner-hilariously-responds-to-pregnancy-rumors/", "title": "Kendall Jenner Hilariously Responds to Pregnancy Rumors", "meta_data": {"viewport": "width=device-width, initial-scale=1", "ir-site-verification-token": "-206090124", "fo-verify": "49e6fc6a-c68d-447f-9978-70e3eac455ac", "theme-color": "#fff", "description": "Kendall Jenner responded to speculation that she\u2019s pregnant after posting a photo that had fans wondering if she was expecting \u2014 find out more", "robots": "index, follow, max-snippet:-1, max-image-preview:large, max-video-preview:-1", "og": {"locale": "en_US", "type": "article", "title": "See Kendall Jenner\u2019s Hilarious Response to Pregnancy Rumors", "description": "Kendall Jenner responded to speculation that she\u2019s pregnant after posting a photo that had fans wondering if she was expecting \u2014 find out more", "url": "https://www.usmagazine.com/celebrity-news/news/kendall-jenner-hilariously-responds-to-pregnancy-rumors/", "site_name": "Us Weekly", "updated_time": "2018-03-22T19:10:56+00:00", "image": {"identifier": "https://i2.wp.com/www.usmagazine.com/wp-content/uploads/2017/12/kendall-jenner-pregnant-baby-car.jpg?crop=0px%2C86px%2C1080px%2C568px&resize=1200%2C630&ssl=1&quality=86&strip=all", "secure_url": "https://i2.wp.com/www.usmagazine.com/wp-content/uploads/2017/12/kendall-jenner-pregnant-baby-car.jpg?crop=0px%2C86px%2C1080px%2C568px&resize=1200%2C630&ssl=1&quality=86&strip=all", "width": 1200, "height": 630}}, "article": {"publisher": "https://www.facebook.com/UsWeekly", "published_time": "2017-12-31T15:00:12+00:00", "modified_time": "2018-03-22T19:10:56+00:00"}, "fb": {"app_id": 1785612128341436}, "twitter": {"card": "summary_large_image", "title": "See Kendall Jenner\u2019s Hilarious Response to Pregnancy Rumors", "description": "Kendall Jenner responded to speculation that she\u2019s pregnant after posting a photo that had fans wondering if she was expecting \u2014 find out more", "image": "https://i2.wp.com/www.usmagazine.com/wp-content/uploads/2017/12/kendall-jenner-pregnant-baby-car.jpg?crop=0px%2C86px%2C1080px%2C568px&resize=1200%2C630&ssl=1&quality=86&strip=all", "creator": "@usweekly", "site": "@usweekly"}, "tragedy": "off", "generator": "WordPress 5.5.2", "msapplication-TileImage": "https://www.usmagazine.com/wp-content/uploads/2020/05/cropped-us-logo.png?w=270&quality=86&strip=all"}, "movies": [], "publish_date": 1514732412.0, "source": "http://www.usmagazine.com", "summary": ""}