{"url": "http://www.nytimes.com/2011/08/15/opinion/the-texas-unmiracle.html", "text": "And just to be clear, there\u2019s nothing wrong with a low cost of living. In particular, there\u2019s a good case to be made that zoning policies in many states unnecessarily restrict the supply of housing, and that this is one area where Texas does in fact do something right.\n\nBut what does population growth have to do with job growth? Well, the high rate of population growth translates into above-average job growth through a couple of channels. Many of the people moving to Texas \u2014 retirees in search of warm winters, middle-class Mexicans in search of a safer life \u2014 bring purchasing power that leads to greater local employment. At the same time, the rapid growth in the Texas work force keeps wages low \u2014 nearly 10 percent of hourly Texan workers earn the minimum wage or less, well above the national average \u2014 and these low wages give corporations an incentive to move production to the Lone Star State.\n\nSo Texas tends, in good years and bad, to have higher job growth than the rest of America. But it needs lots of new jobs just to keep up with its rising population \u2014 and as those unemployment comparisons show, recent employment growth has fallen well short of what\u2019s needed.\n\nIf this picture doesn\u2019t look very much like the glowing portrait Texas boosters like to paint, there\u2019s a reason: the glowing portrait is false.\n\nStill, does Texas job growth point the way to faster job growth in the nation as a whole? No.\n\nWhat Texas shows is that a state offering cheap labor and, less important, weak regulation can attract jobs from other states. I believe that the appropriate response to this insight is \u201cWell, duh.\u201d The point is that arguing from this experience that depressing wages and dismantling regulation in America as a whole would create more jobs \u2014 which is, whatever Mr. Perry may say, what Perrynomics amounts to in practice \u2014 involves a fallacy of composition: every state can\u2019t lure jobs away from every other state.\n\nIn fact, at a national level lower wages would almost certainly lead to fewer jobs \u2014 because they would leave working Americans even less able to cope with the overhang of debt left behind by the housing bubble, an overhang that is at the heart of our economic problem.\n\nSo when Mr. Perry presents himself as the candidate who knows how to create jobs, don\u2019t believe him. His prescriptions for job creation would work about as well in practice as his prayer-based attempt to end Texas\u2019s crippling drought.", "images": ["https://static01.nyt.com/images/2018/04/02/opinion/paul-krugman/paul-krugman-thumbLarge.png", "https://static01.nyt.com/images/2018/04/02/opinion/paul-krugman/paul-krugman-facebookJumbo.png?year=2011&h=550&w=1050&sig=0x996fc236a5f7819f9c0252614bbcfa2d", "https://static01.nyt.com/images/2010/09/16/opinion/Krugman_New/Krugman_New-articleLarge.jpg?quality=75&auto=webp&disable=upscale"], "top_img": "https://static01.nyt.com/images/2018/04/02/opinion/paul-krugman/paul-krugman-facebookJumbo.png?year=2011&h=550&w=1050&sig=0x996fc236a5f7819f9c0252614bbcfa2d", "keywords": [], "authors": ["Paul Krugman"], "canonical_link": "https://www.nytimes.com/2011/08/15/opinion/the-texas-unmiracle.html", "title": "The Texas Unmiracle - The New York Times", "meta_data": {"article": {"published_time": "2011-08-15T02:29:39.000Z", "modified_time": "2011-08-24T22:53:14.000Z", "section": "Opinion", "tag": "Recession and Depression", "opinion": "true", "content_tier": "metered"}, "robots": "noarchive", "articleid": 100000000999166, "nyt_uri": "nyt://article/be1e6c0d-8ee6-5339-9bb9-b83e0a0fd5cc", "pubp_event_id": "pubp://event/d811dc223277403da0a7a5f42b9f0b32", "description": "Rick Perry will likely campaign on claims of an economic miracle in Texas, but the miracle is a myth.", "image": "https://static01.nyt.com/images/2018/04/02/opinion/paul-krugman/paul-krugman-facebookJumbo.png?year=2011&h=550&w=1050&sig=0x996fc236a5f7819f9c0252614bbcfa2d", "byl": "By Paul Krugman", "thumbnail": "https://static01.nyt.com/images/2018/04/02/opinion/paul-krugman/paul-krugman-thumbStandard.png", "news_keywords": "2012 Presidential Election,Economy,Rick Perry,Texas,Population,Unemployment,Recession and Depression", "pdate": 20110814, "og": {"url": "https://www.nytimes.com/2011/08/15/opinion/the-texas-unmiracle.html", "type": "article", "title": "Opinion | The Texas Unmiracle (Published 2011)", "image": "https://static01.nyt.com/images/2018/04/02/opinion/paul-krugman/paul-krugman-facebookJumbo.png?year=2011&h=550&w=1050&sig=0x996fc236a5f7819f9c0252614bbcfa2d", "description": "Rick Perry will likely campaign on claims of an economic miracle in Texas, but the miracle is a myth."}, "twitter": {"url": "https://www.nytimes.com/2011/08/15/opinion/the-texas-unmiracle.html", "title": "Opinion | The Texas Unmiracle (Published 2011)", "description": "Rick Perry will likely campaign on claims of an economic miracle in Texas, but the miracle is a myth.", "image": "https://static01.nyt.com/images/2018/04/02/opinion/paul-krugman/paul-krugman-videoSixteenByNineJumbo1600.png?year=2011&h=900&w=1600&sig=0x819d0fa6976171b9c652f1411ab9dfcb&tw=1", "card": "summary_large_image", "app": {"name": {"googleplay": "NYTimes"}, "id": {"googleplay": "com.nytimes.android"}, "url": {"googleplay": "nyt://article/be1e6c0d-8ee6-5339-9bb9-b83e0a0fd5cc"}}, "site": "@nytimes"}, "CG": "opinion", "CN": "paul-krugman", "PT": "article", "PST": "Op-Ed", "url": "https://www.nytimes.com/2011/08/15/opinion/the-texas-unmiracle.html", "msapplication-starturl": "https://www.nytimes.com", "al": {"android": {"url": "nyt://article/be1e6c0d-8ee6-5339-9bb9-b83e0a0fd5cc", "package": "com.nytimes.android", "app_name": "NYTimes"}, "iphone": {"url": "nytimes://www.nytimes.com/2011/08/15/opinion/the-texas-unmiracle.html", "app_store_id": 284862083, "app_name": "NYTimes"}, "ipad": {"url": "nytimes://www.nytimes.com/2011/08/15/opinion/the-texas-unmiracle.html", "app_store_id": 357066198, "app_name": "NYTimes"}}, "viewport": "width=device-width, initial-scale=1", "fb": {"app_id": 9869919170}}, "movies": [], "publish_date": 1313359200.0, "source": "http://www.nytimes.com", "summary": ""}