{"url": "http://www.justjaredjr.com/2017/04/20/aulii-cravalho-opens-up-about-the-possibility-of-joining-dancing-with-the-stars/", "text": "Performing at the Oscars and working on a new pilot are pretty exciting things, however, Auli\u2019i Cravalho is more excited about going home.\n\n\u201cI\u2019m really excited to be back on my home island, and to see my family, my friends, to see my cat,\u201d she shared just after performing on Dancing With The Stars earlier this week.\n\nAuli\u2019i adds that she\u2019ll be attending her first prom, too!\n\n\u201cI actually get to be somewhat of a normal 16-year-old and it\u2019s all I can ask for right now.\u201d\n\nBut, before she leaves, we have to know \u2014 is Dancing With The Stars in the cards for her?\n\n\u201cI don\u2019t know how they do it\u2026I was thinking about it in my trailer, I was like, \u2018I could\ufffd\u2019 and then I hit my hand into the wall and I\u2019m like, \u2018Clearly not.\u2019 I can sing, but I can\u2019t do what they did.\u201d\n\nAuli\u2019i adds, \u201cI love dancing\u2026in the comfort of my own home. So, you know what? Why not share that? What\u2019s a journey without a few bruises along the way.\u201d", "images": ["http://cdn02.cdn.justjaredjr.com/wp-content/uploads/sidebar/topcelebs/miley-cyrus-square1.jpg", "http://cdn02.cdn.justjaredjr.com/wp-content/uploads/headlines/2017/04/aulii-cravalho-excited-home-prom.jpg", "http://pixel.quantserve.com/pixel/p-2bXhGE9g7fCno.gif", "http://cdn02.cdn.justjaredjr.com/wp-content/uploads/sidebar/topcelebs/ashley-tisdale-square2.jpg", "http://cdn03.cdn.justjaredjr.com/wp-content/uploads/sidebar/topcelebs/selena-gomez-square1.jpg", "http://cdn04.cdn.justjaredjr.com/wp-content/themes/justjaredjr/images/sidebar-twitter-button.gif", "http://cdn02.cdn.justjaredjr.com/wp-content/uploads/headlines/2020/03/nick-slimefest-win-tickets.jpg", "http://cdn01.cdn.justjaredjr.com/wp-content/uploads/headlines/2017/04/aulii-prom.jpg", "http://cdn01.cdn.justjaredjr.com/wp-content/themes/justjaredjr/images/sidebar-facebook-button.gif", "http://cdn01.cdn.justjaredjr.com/wp-content/uploads/headlines/2020/07/logan-paul-josie-canseco-grab-dinner-in-west-hollywood.jpg", "http://cdn01.cdn.justjaredjr.com/wp-content/uploads/sidebar/topcelebs/one-direction-square1.jpg", "http://cdn02.cdn.justjaredjr.com/wp-content/uploads/headlines/2020/11/5-seconds-of-summer-win-song-of-the-year-at-arias-for-third-time.jpg", "http://cdn02.cdn.justjaredjr.com/wp-content/uploads/sidebar/topcelebs/liam-hemsworth-square1.jpg", "http://cdn01.cdn.justjaredjr.com/wp-content/uploads/sidebar/topcelebs/justin-bieber-square1.jpg", "http://cdn03.cdn.justjaredjr.com/wp-content/uploads/sidebar/topcelebs/demi-lovato-square1.jpg", "http://cdn03.cdn.justjaredjr.com/wp-content/uploads/headlines/2020/04/this-original-gossip-girl-cast-member-is-sparking-rumors-theyre-joining-reboot.jpg", "http://cdn04.cdn.justjaredjr.com/wp-content/uploads/sidebar/topcelebs/zac-efron-square1.jpg", "http://cdn.justjaredjr.com/wp-content/themes/justjaredjr/images/jr-mini-circle.png", "http://cdn01.cdn.justjaredjr.com/img/slides/button_reverse.gif", "http://cdn03.cdn.justjaredjr.com/wp-content/themes/justjaredjr/images/browseourarchives_button.gif", "http://cdn04.cdn.justjaredjr.com/img/slides/button_play.gif", "http://cdn01.cdn.justjaredjr.com/wp-content/themes/justjaredjr/images/jj-circle-logo-new.gif", "https://sb.scorecardresearch.com/p?c1=7&c2=31732370&c3=7894562878728989&cv=2.0&cj=1", "http://cdn03.cdn.justjaredjr.com/wp-content/uploads/sidebar/topcelebs/zendaya-square2.jpg", "http://cdn02.cdn.justjaredjr.com/wp-content/uploads/headlines/2020/11/saved-by-the-bell-revival-explains-what-happened-to-screech.jpg", "http://cdn04.cdn.justjaredjr.com/wp-content/uploads/sidebar/topcelebs/bella-thorne-square1.jpg", "http://cdn02.cdn.justjaredjr.com/wp-content/uploads/headlines/2020/11/the-prom-debuts-official-trailer-watch-now.jpg", "http://cdn04.cdn.justjaredjr.com/wp-content/themes/justjaredjr/images/jr-circle-logo.gif", "http://cdn01.cdn.justjaredjr.com/wp-content/uploads/sidebar/topcelebs/jennifer-lawrence-square1.jpg", "http://cdn03.cdn.justjaredjr.com/wp-content/themes/justjaredjr/images/toofab_footer2.gif", "http://cdn04.cdn.justjaredjr.com/wp-content/uploads/sidebar/topcelebs/vanessa-hudgens-square1.jpg"], "top_img": "http://cdn01.cdn.justjaredjr.com/wp-content/uploads/headlines/2017/04/aulii-prom.jpg", "keywords": [], "authors": [], "canonical_link": "http://www.justjaredjr.com/2017/04/20/aulii-cravalho-opens-up-about-the-possibility-of-joining-dancing-with-the-stars/", "title": "Auli'i Cravalho Opens Up About The Possibility of Joining 'Dancing With The Stars'", "meta_data": {"description": "Auli\u2019i Cravalho Opens Up About The Possibility of Joining \u2018Dancing With The Stars\u2019 Performing at the Oscars and working on a new pilot are pretty exciting things, however, Auli'i Cravalho is more excited about going home.", "verify-v1": "oXumOPsmbh5NSgcb+H7QnS6LODchpcrrTjiY8wrg5eg=", "google-site-verification": "A0iUqSfxp3Q7vBwTwWCjd4-XU4ofRxwE9QC9GLGyYdo", "msvalidate.01": "73DE402B5E1946776E6178138877FAF2", "generator": "WordPress", "news_keywords": "Auli'i Cravalho", "twitter": {"card": "summary_large_image", "site": "@justjaredjr", "url": "http://www.justjaredjr.com/2017/04/20/aulii-cravalho-opens-up-about-the-possibility-of-joining-dancing-with-the-stars/", "title": "Auli\u2019i Cravalho Opens Up About The Possibility of Joining \u2018Dancing With The Stars\u2019", "description": "See what she said here", "image": "http://cdn01.cdn.justjaredjr.com/wp-content/uploads/headlines/2017/04/aulii-prom.jpg"}, "og": {"title": "Auli\u2019i Cravalho Opens Up About The Possibility of Joining \u2018Dancing With The Stars\u2019", "site_name": "Auli\u2019i Cravalho Opens Up About The Possibility of Joining \u2018Dancing With The Stars\u2019 | Auli'i Cravalho : Just Jared Jr.", "description": "See what she said here", "image": "http://cdn01.cdn.justjaredjr.com/wp-content/uploads/headlines/2017/04/aulii-prom.jpg"}, "robots": "max-image-preview:large"}, "movies": [], "publish_date": 1492639200.0, "source": "http://www.justjaredjr.com", "summary": ""}