{"url": "https://www.telegraph.co.uk/news/2017/04/17/melania-trump-nudges-donald-remind-raise-hand-national-anthem/", "text": "We've noticed you're adblocking.\n\nWe rely on advertising to help fund our award-winning journalism.\n\nWe urge you to turn off your ad blocker for The Telegraph website so that you can continue to access our quality content in the future.\n\nThank you for your support.", "images": ["https://www.telegraph.co.uk/content/dam/video_previews/x/x/xxmwp0yte6h4-t0afjhorzcldwftzdaf.jpg?impolicy=logo-overlay", "https://www.telegraph.co.uk/content/dam/news/2020/10/27/TELEMMGLPICT000242617180-small_trans_NvBQzQNjv4BqBrLFYIpvrVkg-3i7G5QYcR1Sd9C6GjBHiUqy-iFL-LU.jpeg", "https://i.ytimg.com/vi/CWPTIWgQfww/mqdefault.jpg", "https://www.telegraph.co.uk/content/dam/politics/2020/05/27/TELEMMGLPICT000191041168-small_trans_NvBQzQNjv4BqNadeZm0KzkFwpSYJhHDpPbQMI5hkDcUBB5qZKQzbZSY.jpeg", "https://www.telegraph.co.uk/content/dam/news/2019/04/07/TELEMMGLPICT000193594268-small_trans_NvBQzQNjv4BqM4jyXBDWA13jCDOSysTa2-snmRGcD6WDaSWaJbPatNM.jpeg", "https://i.ytimg.com/vi/NjCfsQWqIo4/mqdefault.jpg", "https://www.telegraph.co.uk/content/dam/Author%20photos/Fraser_Nelson-small.png", "https://www.telegraph.co.uk/content/dam/news/2020/09/26/TELEMMGLPICT000158215238-small_trans_NvBQzQNjv4BqpVlberWd9EgFPZtcLiMQfyf2A9a6I9YchsjMeADBa08.jpeg", "https://www.telegraph.co.uk/content/dam/news/2020/11/26/TELEMMGLPICT000245411518-small_trans_NvBQzQNjv4BqM37qcIWR9CtrqmiMdQVx7ExDkMBXbr0hweIsdooO_aQ.jpeg", "https://www.telegraph.co.uk/content/dam/news/2020/03/25/TELEMMGLPICT000228536636-small_trans_NvBQzQNjv4BqtgmxfOwRj8M_HIDk_rjuzwyUQOhkaMIseexlfBLt298.jpeg", "https://www.telegraph.co.uk/content/dam/politics/2020/11/26/261120_ZD_NEW_RULES_LOCKDOWN-03-1-small_trans_NvBQzQNjv4BqufPWexoDNO0wvV3FQMbBIDJHZ7jRKbA15p4Bvck6XLk.jpg", "https://www.telegraph.co.uk/content/dam/TheTelegraph_portal_white-320-small.png", "https://www.telegraph.co.uk/content/dam/news/2020/11/26/TELEMMGLPICT000245192581-small_trans_NvBQzQNjv4BqM37qcIWR9CtrqmiMdQVx7ExDkMBXbr0hweIsdooO_aQ.jpeg", "https://www.telegraph.co.uk/content/dam/news/2020/11/01/01-11-20-RM-SECOND-LOCKDOWN-LEAD-IMAGE-01-01-small_trans_NvBQzQNjv4BqqVzuuqpFlyLIwiB6NTmJwfp-Lnwb_Dq3Fonfr3-DT2I.jpg", "https://www.telegraph.co.uk/content/dam/politics/2020/11/26/TELEMMGLPICT000245365035-small_trans_NvBQzQNjv4Bqwa5Jnl6ZbmW0SCmJ33EhWHDa3k4qB-KEOR7DnPHCTuU.jpeg", "https://www.telegraph.co.uk/content/dam/news/2020/11/23/2311_Tier1_LEAD-small_trans_NvBQzQNjv4BqqVzuuqpFlyLIwiB6NTmJwfSVWeZ_vEN7c6bHu2jJnT8.jpg", "https://www.telegraph.co.uk/content/dam/generic/Matt-cartoon-255x206px-small.png", "https://www.telegraph.co.uk/content/dam/news/2020/11/26/TELEMMGLPICT000244855260-small_trans_NvBQzQNjv4BqpVlberWd9EgFPZtcLiMQfyf2A9a6I9YchsjMeADBa08.jpeg", "https://www.telegraph.co.uk/content/dam/global-health/2020/10/28/TELEMMGLPICT000229943783-small_trans_NvBQzQNjv4BqNadeZm0KzkFwpSYJhHDpPbQMI5hkDcUBB5qZKQzbZSY.jpeg", "https://www.telegraph.co.uk/content/dam/news/2020/11/26/TELEMMGLPICT000244792100-small_trans_NvBQzQNjv4BqniLs_ck1w-iIu15kYzVq2artcu5mb6i7I-m0HMDIL-E.jpeg", "https://www.telegraph.co.uk/content/dam/environment/2020/11/26/TELEMMGLPICT000226222060-small_trans_NvBQzQNjv4BqcM9aBJczjGu2JtrWg8AaNebpMG9uWgcnc3MvHmUFhjA.jpeg", "https://www.telegraph.co.uk/content/dam/politics/2020/11/26/TELEMMGLPICT000243798933_1-small_trans_NvBQzQNjv4BqpVlberWd9EgFPZtcLiMQfyf2A9a6I9YchsjMeADBa08.jpeg", "https://www.telegraph.co.uk/content/dam/politics/2020/11/26/BOB271120-small_trans_NvBQzQNjv4BqbSn9vx7rJgtcnJY8fWO43nhGA4TZJH0Fv7v0OohckKU.jpg", "https://i.ytimg.com/vi/Km9_DGkNCNI/mqdefault.jpg", "https://img.youtube.com/vi/t5zSeZAE_T4/mqdefault.jpg"], "top_img": "https://www.telegraph.co.uk/content/dam/video_previews/x/x/xxmwp0yte6h4-t0afjhorzcldwftzdaf.jpg?impolicy=logo-overlay", "keywords": [], "authors": ["Emma Mills", "Fraser Nelson"], "canonical_link": "https://www.telegraph.co.uk/news/2017/04/17/melania-trump-nudges-donald-remind-raise-hand-national-anthem/", "title": "Melania Trump nudges Donald to remind him to raise his hand during National Anthem", "meta_data": {"msapplication-TileColor": "#2c769d", "msapplication-TileImage": "/etc/designs/telegraph/core/clientlibs/core/icons/mstile-144x144.png", "msapplication-tooltip": "The Telegraph", "msapplication-config": "/etc/designs/telegraph/core/clientlibs/core/icons/browserconfig.xml", "msapplication-square310x310logo": "/etc/designs/telegraph/core/clientlibs/core/icons/mstile-310x310.png", "msapplication-wide310x150logo": "/etc/designs/telegraph/core/clientlibs/core/icons/mstile-310x150.png", "msapplication-square150x150logo": "/etc/designs/telegraph/core/clientlibs/core/icons/mstile-150x150.png", "msapplication-square70x70logo": "/etc/designs/telegraph/core/clientlibs/core/icons/mstile-70x70.png", "viewport": "width=device-width, initial-scale=1, user-scalable=yes", "description": "First Lady, Melania, had to give President Trump a gentle nudge during the White House's Easter Egg Roll day when it appears he forgot to raise his hand to his chest during the National Anthem.", "keywords": "White House,Standard,USA,Donald Trump,World News,News,Melania Trump,Easter", "tmgads.channel": "news", "tmgads.section": "news-2017", "tmgads.zone": "news.2017.04.17", "tmgads.articleid": "Anr1bBvylwXN", "tmgads.pagetype": "video", "tmgads.level": 5, "tmgads.geo": "SE", "tmgads.keywords": "White House,Standard,USA,Donald Trump,World News,News,Melania Trump,Easter", "DCSext.Channel": "news", "DCSext.Category": 2017, "DCSext.Genre": 4, "DCSext.MLC": "/news/2017/04/17", "DCSext.articleId": "Anr1bBvylwXN", "DCSext.Content_Type": "video", "DCSext.Level": 5, "DCSext.author": "Emma Mills", "DCSext.articleFirstPublished": "2017-04-17 18:00", "DCSext.cf": 0, "DCSext.cd": 0, "DCSext.cn": 0, "DCSext.pd": 1, "og": {"title": "Melania Trump nudges Donald to remind him to raise his hand during National Anthem", "description": "First Lady, Melania, had to give President Trump a gentle nudge during the White House's Easter Egg Roll day when it appears he forgot to raise his hand to his chest during the National Anthem.", "type": "article", "site_name": "The Telegraph", "url": "https://www.telegraph.co.uk/news/2017/04/17/melania-trump-nudges-donald-remind-raise-hand-national-anthem/", "image": "https://www.telegraph.co.uk/content/dam/video_previews/x/x/xxmwp0yte6h4-t0afjhorzcldwftzdaf.jpg?impolicy=logo-overlay"}, "twitter": {"title": "Melania Trump nudges Donald to remind him to raise his hand during National Anthem", "url": "https://www.telegraph.co.uk/news/2017/04/17/melania-trump-nudges-donald-remind-raise-hand-national-anthem/", "image": "https://www.telegraph.co.uk/content/dam/video_previews/x/x/xxmwp0yte6h4-t0afjhorzcldwftzdaf.jpg?impolicy=logo-overlay", "site": "@TelegraphNews", "description": "First Lady, Melania, had to give President Trump a gentle nudge during the White House's Easter Egg Roll day when it appears he forgot to raise his hand to his chest during the National Anthem.", "card": "summary_large_image"}, "tmgads.businessSegment": "news", "tmg.premium.override": "true", "tmg.premium.state": "true", "premiumContentOnFirstPublish": "false", "article": {"content_tier": "locked", "opinion": "false"}, "fb": {"pages": 122346694516955}, "tmg.app": "false", "fbn-bypass": "false", "robots": "max-snippet:-1,max-image-preview:standard,max-video-preview:-1"}, "movies": [], "publish_date": 1492380000.0, "source": "https://www.telegraph.co.uk", "summary": ""}