{"url": "http://www.businessinsider.com/estonia-efficient-tax-filing-system-world-2012-2", "text": "It's true.\n\nIt turns out that one reason why Estonia has been the lone feel-good story amidst the Eurozone crisis is that its tax filing system is scarily efficient.\n\nIntroduced in 2000, the system allows individual income taxes, business taxes and excises to be filed electronically.\n\nUsing a secure ID, a filer simply completes pre-made forms and approves the document with a digital signature.\n\nThe process takes an average of five minutes, and last year 94% of tax declarations were filed electronically.\n\nThe system is part of the country's impressive e-government initiative, which allows Estonians to do everything from vote to fill out prescriptions to look up school grades online.\n\nEstonians begin filing their taxes on Wednesday.", "images": ["https://i.insider.com/4ea1dd666bb3f7cd42000035?width=600&format=jpeg&auto=webp", "http://www.businessinsider.com/estonia-efficient-tax-filing-system-world-2012-2?width=600&format=jpeg&auto=webp", "data:image/svg+xml,%3Csvg xmlns='http://www.w3.org/2000/svg' viewBox='0 0 1 1'%3E%3C/svg%3E", "http://www.businessinsider.com/public/assets/shared/success-circle.svg", "https://www.businessinsider.com/public/assets/BI/US/og-image-logo-social.png"], "top_img": "https://www.businessinsider.com/public/assets/BI/US/og-image-logo-social.png", "keywords": [], "authors": ["Rob Wile"], "canonical_link": "https://www.businessinsider.com/estonia-efficient-tax-filing-system-world-2012-2", "title": "Estonia Might Have The Most Efficient Tax Filing System In The World", "meta_data": {"viewport": "width=device-width, initial-scale=1", "title": "Estonia Might Have The Most Efficient Tax Filing System In The World", "date": "2012-02-17", "pubdate": "2012-02-17T10:19:15Z", "lastmod": "2012-02-19T11:57:37Z", "news_keywords": "Estonia, Taxes, Europe, Rob Wile", "author": "Rob Wile", "article": {"publisher": "businessinsider", "content_tier": "free", "opinion": "false"}, "tbi-vertical": "Finance", "og": {"title": "Estonia Might Have The Most Efficient Tax Filing System In The World", "type": "article", "url": "https://www.businessinsider.com/estonia-efficient-tax-filing-system-world-2012-2", "image": "https://www.businessinsider.com/public/assets/BI/US/og-image-logo-social.png", "site_name": "Business Insider"}, "robots": "max-image-preview:large", "sailthru.title": "Estonia Might Have The Most Efficient Tax Filing System In The World", "sailthru.date": "2012-02-17", "sailthru.tags": "Estonia, Taxes, Europe, Rob Wile", "sailthru.author": "Rob Wile", "sailthru.verticals": "clusterstock, international", "sailthru.image.full": "https://www.businessinsider.com/public/assets/BI/US/og-image-logo-social.png", "sailthru.image.thumb": "https://www.businessinsider.com/public/assets/BI/US/og-image-logo-social.png", "twitter": {"card": "summary_large_image", "site": "@clusterstock"}, "fb": {"pages": 20446254070}, "apple-itunes-app": "app-id=554260576", "linkedin": {"owner": "mid:1d5f7b"}, "ii-ab-test": {"bii-media-show-lock": "control", "ad-template-reference": "variant"}, "viking-id": "4f3bd5eb69bedd9b2000001a", "env": "prod", "msapplication-config": "//www.businessinsider.com/public/assets/BI/US/favicons/browserconfig.xml?12-31-19", "theme-color": "#ffffff"}, "movies": [], "publish_date": 1329433200.0, "source": "http://www.businessinsider.com", "summary": ""}