{"url": "www.usatoday.com/story/life/people/2018/08/07/angelina-jolie-accuses-brad-pitt-not-paying-child-support/925643002/", "text": "Angelina Jolie accuses Brad Pitt of not paying 'meaningful' child support in court docs\n\nAndrea Mandell | USA TODAY\n\nShow Caption Hide Caption Angelina Jolie says Brad Pitt doesn't pay 'meaningful' child support Court documents filed by Jolie's attorneys allege Pitt hasn't paid 'meaningful' child support for a year and a half.\n\nIt's been almost two years since Angelina Jolie announced her split from Brad Pitt, and their divorce continues to get ugly.\n\nIn court documents filed Tuesday, Jolie's attorneys allege Pitt hasn't paid any \"meaningful\" child support for a year and a half. Now, she's planning to seek a court order for retroactive funds.\n\nNBC News obtained the court docs, filed in Los Angeles Superior Court, in which Jolie's lawyers request a status conference with a judge.\n\n\"(Pitt) has a duty to pay child support,\" wrote Jolie attorney Samantha Bley DeJean, NBC reports. \"As of present, (Pitt) has paid no meaningful child support since separation.\"\n\nBut a person familiar with the situation not authorized to speak publicly disputes the notion Pitt has not been financially responsible for his children, telling USA TODAY Pitt has fulfilled his commitments.\n\nMore: Brad Pitt speaks out on divorce, quitting alcohol and starting therapy\n\nAlso: Angelina Jolie reveals Bell's Palsy diagnosis, breaks silence on divorce from Brad Pitt\n\n\"The aim of Angelina's routine court filing is to provide closure to the marriage in a way that clears a path toward the next stage of their lives and allows her and Brad to recommit as devoted coparents to their children,\" Jolie spokesperson Mindy Nyby tells USA TODAY.\n\nThe couple have six children: Maddox, 17; Pax, 14; Zahara, 13; Shiloh, 12; and 10-year old twins Vivienne and Knox.\n\nOn the career front, both actors have been busy. Jolie has been filming \"Maleficent 2\" this summer in London, while Pitt is currently filming Quentin Tarantino's \"Once Upon a Time in Hollywood\" alongside Leonardo DiCaprio. Pitt's upcoming sci-fi film \"Ad Astra\" is set for release on January 11, 2019.\n\nMore: Margot Robbie's scary good Sharon Tate transformation for 'Once Upon a Time in Hollywood'\n\nJolie filed for divorce in September 2016, claiming the separation was \"for the health of the family.\" The famous couple proceeded to battle publicly \u2013 always through their reps \u2013 for months over custody of their children.\n\nBut Jolie and Pitt seemed to bury the hatchet in January 2017, releasing a joint statement saying they had agreed to handle their divorce in a private forum and would work together to reunify their family.\n\nThat changed this June, when their custody struggle exploded in the spotlight once again after multiple outlets reported Jolie could be in danger of losing custody if she didn't start encouraging her children to forge relationships with her ex.\n\nA judge in Jolie and Pitt's divorce case determined that their six children's lack of \u201ca relationship with their father is harmful to them,\u201d adding that, \u201cit is critical that each of them have a healthy and strong relationship with their father and mother.\u201d\n\nRepresentatives for Jolie pushed back, calling the reports inaccurate and an unfair depiction of what was going on behind the scenes.\n\nJolie continues to be represented by divorce lawyer Laura Wasser, Nyby said. Pitt has been represented by Lance Spiegel.\n\nLawyers for Pitt and Jolie did not respond to requests for comment.", "images": ["https://www.gannett-cdn.com/appservices/universal-web/universal/icons/icon-play-alt-white.svg", "https://www.gannett-cdn.com/appservices/universal-web/universal/icons/icon-instagram_24.png", "http://www.gannett-cdn.com/media/2018/08/08/USATODAY/USATODAY/636693058131209890-Screen-Shot-2018-08-08-at-6.16.17-AM.png", "https://www.gannett-cdn.com/presto/2018/08/07/USAT/cdf8c3a7-8b57-4da7-9ae4-37583ed17988-joliepitt.jpg?auto=webp&crop=1999,1124,x1,y0&format=pjpg&width=1200"], "top_img": "https://www.gannett-cdn.com/presto/2018/08/07/USAT/cdf8c3a7-8b57-4da7-9ae4-37583ed17988-joliepitt.jpg?auto=webp&crop=1999,1124,x1,y0&format=pjpg&width=1200", "keywords": [], "authors": ["Andrea Mandell"], "canonical_link": "https://www.usatoday.com/story/life/people/2018/08/07/angelina-jolie-accuses-brad-pitt-not-paying-child-support/925643002/", "title": "Angelina Jolie accuses Brad Pitt of not paying 'meaningful' child support in court docs", "meta_data": {"viewport": "width=device-width,initial-scale=1", "HandheldFriendly": "True", "MobileOptimized": 320, "apple-itunes-app": "app-id=504631398, app-argument=https://www.usatoday.com/story/life/people/2018/08/07/angelina-jolie-accuses-brad-pitt-not-paying-child-support/925643002/life/people", "theme-color": "#ffffff", "og": {"type": "article", "title": "Angelina Jolie accuses Brad Pitt of not paying 'meaningful' child support in court docs", "description": "It's been almost two years since Angelina Jolie announced her split from Brad Pitt, and their divorce continues to get ugly. The actress now says Pitt hasn't paid \\", "site_name": "USA TODAY", "image": {"identifier": "https://www.gannett-cdn.com/presto/2018/08/07/USAT/cdf8c3a7-8b57-4da7-9ae4-37583ed17988-joliepitt.jpg?auto=webp&crop=1999,1124,x1,y0&format=pjpg&width=1200", "width": 1200, "height": 675}}, "article": {"content_tier": "free", "opinion": "false"}, "fb": {"pages": 13652355666}, "description": "It's been almost two years since Angelina Jolie announced her split from Brad Pitt, and their divorce continues to get ugly. The actress now says Pitt hasn't paid \\", "twitter": {"site": "@usatoday", "creator": "@usatoday", "card": "summary_large_image"}}, "movies": [], "publish_date": 1533592800.0, "source": "http://www.usatoday.com", "summary": ""}