{"url": "www.timesnownews.com/entertainment/news/international-news/article/meghan-markle-prince-harry-wedding-meghan-markle-a-nervous-wreck-before-royal-wedding-rumours-claim/229528", "text": "Prince Harry and Meghan Markle\n\nIt was recently announced that Meghan Markle\u2019s father, Thomas Markle, will not be attending his daughter\u2019s royal wedding on May 19. Reports claim that Thomas Markle is recovering in a hospital after a recent heart surgery and has been advised to rest. Meanwhile, according to a report in Radaronline, the condition of her father coupled with the pressure of the wedding has left Meghan a \u2018nervous wreck\u2019.\n\n\u201cAll of this stuff with her dad is extremely bothersome but she is just so relieved that he is okay,\u201d a source close to Meghan told the publication.\n\nHowever, thankfully for Meghan, her mother Doria Ragland arrived in London on Wednesday to be by her side. \u201cMeghan would not be able to handle all of this stress without her mom there,\u201d the source said, adding, \u201cDoria is one of the most grounded women ever and can calm Meghan down more than anyone.\u201d\n\nThe report also adds that Prince Harry is least bothered about the tensions in Meghan\u2019s family. \u201cHarry isn\u2019t bothered at all by all of this drama that is going on with her family and told her he doesn\u2019t care about any of it. She feels like she is letting him down and he assured her that it is not the case,\u201d an insider was quoted as saying.\n\n(Also Read: Meghan Markle Prince Harry Wedding: 10 wedding gown suggestions for the bride-to-be)\n\nMeghan Markle and Prince Harry have been dating since 2016. The couple was engaged in November, 2017. Their royal wedding is scheduled on Saturday, May 19.", "images": ["https://iks.timesnownews.com/s/v1/img/c_tnplaceholder.png?tr=w-600,h-450", "https://imgk.timesnownews.com/story/1526647016-meghan.jpg?tr=w-560,h-292,fo-top", "https://iks.timesnownews.com/s/v1/img/c_timesmobile.png", "https://iks.timesnownews.com/s/v1/img/c_footerfb.svg", "https://iks.timesnownews.com/s/v1/img/logo/d_timesnow_logo.png", "https://iks.timesnownews.com/s/v1/img/logo/d_zooms.png", "https://iks.timesnownews.com/s/v1/img/logo/d_romedynow_logo.png", "https://iks.timesnownews.com/s/v1/img/d_apple.svg", "https://iks.timesnownews.com/s/v1/img/d_android.svg", "https://iks.timesnownews.com/s/v1/img/logo/d_et_logo.png", "https://iks.timesnownews.com/s/v1/img/c_searchblack.svg", "https://iks.timesnownews.com/s/v1/img/logo/c_zoomlogo.png", "https://iks.timesnownews.com/s/v1/img/m_telegram.svg?v", "https://iks.timesnownews.com/s/v1/img/logo/d_movies_now_logo.png", "https://iks.timesnownews.com/s/v1/img/d_footer-insta.svg", "https://iks.timesnownews.com/s/v1/img/logo/c_tnoldlogo.png", "https://iks.timesnownews.com/s/v1/img/logo/c_mroldlogo.png", "https://iks.timesnownews.com/s/v1/img/logo/d_mrnowlogo.jpg", "https://iks.timesnownews.com/s/v1/img/logo/d_mn_plus_logo.png", "https://iks.timesnownews.com/s/v1/img/d_footer-twitter.svg", "https://iks.timesnownews.com/s/v1/img/logo/d_mnx_logo.png", "https://iks.timesnownews.com/s/v1/img/logo/d_timesnetwork.png"], "top_img": "https://imgk.timesnownews.com/story/1526647016-meghan.jpg?tr=w-560,h-292,fo-top", "keywords": [], "authors": [], "canonical_link": "https://www.timesnownews.com/entertainment/news/international-news/article/meghan-markle-prince-harry-wedding-meghan-markle-a-nervous-wreck-before-royal-wedding-rumours-claim/229528", "title": "Meghan Markle Prince Harry Wedding: Meghan Markle a 'nervous wreck' before royal wedding, rumours claim", "meta_data": {"viewport": "width=device-width, initial-scale=1, maximum-scale=1.0, user-scalable=no", "og": {"url": "https://www.timesnownews.com/entertainment/news/international-news/article/meghan-markle-prince-harry-wedding-meghan-markle-a-nervous-wreck-before-royal-wedding-rumours-claim/229528", "type": "Article", "title": "Meghan Markle Prince Harry Wedding: Meghan Markle a 'nervous wreck' before royal wedding, rumours claim", "description": "The pressure of her royal wedding, coupled with her father's health condition, has left bride-to-be Meghan Markle a 'nervous wreck', claims a recent report. Meghan Markle and Prince Harry's royal wedding is scheduled on May 19. The wedding ceremonies will be attended by 800 guests from all over the world.", "image": "https://imgk.timesnownews.com/story/1526647016-meghan.jpg?tr=w-560,h-292,fo-top"}, "description": "The pressure of her royal wedding, coupled with her father's health condition, has left bride-to-be Meghan Markle a 'nervous wreck', claims a recent report. Meghan Markle and Prince Harry's royal wedding is scheduled on May 19. The wedding ceremonies will be attended by 800 guests from all over the world.", "news_keywords": "Prince Charles, Princess Diana, Queen Elizabeth, Prince Harry Meghan Markle Love Story, Megan Markle Prince Harry Story, Prince Harry Instagram, Prince Harry Net Worth,  Who is Prince Harry, Prince Harry Age, Kate Middleton, Prince Harry Affair, Prince Harry Wife,  Prince William, Meghan Markle Hot, Meghan Markle Suits, Meghan Markle, Meghan Markle Bridesmaid, Meghan Markle Videos, Kensington Palace Twitter, Princess Diana Death, Meghan Markle Wedding Gown, Ralph and Russo, Tamara Ralph, Michael Russo, Kate Middleton Wedding Dress, Alexander McQueen, Sarah Burton, When is Royal Wedding, Jessica Mulroney, Prince George, Princess Charlotte, Prince Louis, Royal Baby", "keywords": "Prince Charles, Princess Diana, Queen Elizabeth, Prince Harry Meghan Markle Love Story, Megan Markle Prince Harry Story, Prince Harry Instagram, Prince Harry Net Worth,  Who is Prince Harry, Prince Harry Age, Kate Middleton, Prince Harry Affair, Prince Harry Wife,  Prince William, Meghan Markle Hot, Meghan Markle Suits, Meghan Markle, Meghan Markle Bridesmaid, Meghan Markle Videos, Kensington Palace Twitter, Princess Diana Death, Meghan Markle Wedding Gown, Ralph and Russo, Tamara Ralph, Michael Russo, Kate Middleton Wedding Dress, Alexander McQueen, Sarah Burton, When is Royal Wedding, Jessica Mulroney, Prince George, Princess Charlotte, Prince Louis, Royal Baby", "fb": {"app_id": 2051731518430427, "pages": 218735715310}, "twitter": {"card": "summary_large_image", "title": "Meghan Markle Prince Harry Wedding: Meghan Markle a 'nervous wreck' before royal wedding, rumours claim", "description": "The pressure of her royal wedding, coupled with her father's health condition, has left bride-to-be Meghan Markle a 'nervous wreck', claims a recent report. Meghan Markle and Prince Harry's royal wedding is scheduled on May 19. The wedding ceremonies will be attended by 800 guests from all over the world.", "image": "https://imgk.timesnownews.com/story/1526647016-meghan.jpg", "site": "@TIMESNOW", "creator": "@TIMESNOW"}, "theme-color": "#254A96", "robots": "noindex, nofollow"}, "movies": [], "publish_date": null, "source": "http://www.timesnownews.com", "summary": ""}