{"url": "radaronline.com/videos/ariel-winter-trying-to-get-pregnant/", "text": "Click to share on Twitter (Opens in new window)\n\nClick to share on Facebook (Opens in new window)\n\nDesperate Ariel Winter Begging Boyfriend Levi To Get Her Pregnant \u2018ASAP\u2019! She wants to get knocked up before her 20th birthday, says a source.\n\nAriel Winter is telling friends she wants to become a mom, days after she was spotted shopping at a baby store, RadarOnline.com can reveal!\n\nThe busty Modern Family star, 19, was seen buying baby gifts and visiting the Escape Hotel in Hollywood with 30-year-old boyfriend Levi Meaden earlier this week!\n\n\u201cAriel feels she\u2019s done a lot of living in her young years, and she wants to start a family while she\u2019s still in her prime,\u201d a source told Radar.\n\n\u201cShe took Levi out for dinner last week to tell him of her intentions, and even had a pacifier-shaped sucker as a cute gift for him!\u201d\n\nThe pair has been going strong since November of 2016, when they were first caught kissing!\n\nAdded the source: \u201cHe is worried they\u2019re too young, but he loves her so he\u2019ll probably give in to her plan. Ariel\u2019s excited to start trying ASAP and wants to fall pregnant before her 20th birthday!\u201d\n\nThe curvy actress turns 20 in January 28 \u2013 can fans expect a baby bump by then? Let us know your thoughts in the comments below!\n\nWe pay for juicy info! Do you have a story for RadarOnline.com? Email us at tips@radaronline.com, or call us at 800-344-9598 any time, day or night.", "images": ["https://i0.heartyhosting.com/radaronline.com/wp-content/uploads/2019/03/scandal-bg.jpg?fit=1440%2C210&ssl=1", "https://i0.heartyhosting.com/radaronline.com/wp-content/uploads/2019/03/logo-celebrity-news.png?ssl=1", "https://i0.heartyhosting.com/radaronline.com/wp-content/uploads/2019/03/reality-tv-bg.jpg?fit=1440%2C210&ssl=1", "https://i0.heartyhosting.com/radaronline.com/wp-content/uploads/2019/03/logo-scandal.png?fit=307%2C70&ssl=1", "https://i0.heartyhosting.com/radaronline.com/wp-content/uploads/2019/03/logo-true-crime-b.png?fit=357%2C70&ssl=1", "https://i0.heartyhosting.com/radaronline.com/wp-content/uploads/2019/03/logo-omg.png?fit=188%2C70&ssl=1", "https://i0.heartyhosting.com/radaronline.com/wp-content/uploads/2019/03/celebrity-news-bg.jpg?fit=1440%2C210&ssl=1", "https://i0.heartyhosting.com/radaronline.com/wp-content/uploads/2020/02/KUWTK-Kim-Kardashian-Denies-Booed-Tristan-Thompson-NBA-Game-pp.jpg?w=384&crop=0%2C20px%2C384px%2C215px&resize=384%2C215&ssl=1", "https://i0.heartyhosting.com/radaronline.com/wp-content/uploads/2019/03/logo-fashion-police.png?fit=489%2C70&ssl=1", "https://i0.heartyhosting.com/radaronline.com/wp-content/uploads/2017/09/ariel-winter-trying-to-get-pregnant-pp.jpg?resize=1200%2C630&ssl=1", "https://i0.heartyhosting.com/radaronline.com/wp-content/uploads/2019/03/logo-celebrity-news-b.png?fit=495%2C70&ssl=1", "https://i0.heartyhosting.com/radaronline.com/wp-content/uploads/2020/11/meghan-miscarriage.jpeg?w=384&crop=0%2C20px%2C384px%2C215px&resize=384%2C215&ssl=1", "https://i0.heartyhosting.com/radaronline.com/wp-content/uploads/2019/03/logo-reality-tv.png?fit=370%2C70&ssl=1", "https://i0.heartyhosting.com/radaronline.com/wp-content/uploads/2020/11/bobby-bobby-jrjpeg.jpeg?w=384&crop=0%2C20px%2C384px%2C215px&resize=384%2C215&ssl=1", "https://i0.heartyhosting.com/radaronline.com/wp-content/uploads/2017/09/ariel-winter-trying-to-get-pregnant-pp.jpg?resize=792%2C446&ssl=1", "https://radaronline.com/wp-content/themes/vip/am-radaronline/assets/build/images/icons/logo-tag-registered.svg", "https://radaronline.com/wp-content/themes/vip/am-radaronline/assets/build/images/icons/logo-tag-registered-green.svg", "https://i0.heartyhosting.com/radaronline.com/wp-content/uploads/2019/03/true-crime-bg.jpg?fit=1440%2C210&ssl=1", "https://i0.heartyhosting.com/radaronline.com/wp-content/uploads/2019/03/omg-bg.jpg?fit=1440%2C210&ssl=1", "https://i0.heartyhosting.com/radaronline.com/wp-content/uploads/2019/03/fashion-police-bg.jpg?fit=1440%2C210&ssl=1", "https://i0.heartyhosting.com/radaronline.com/wp-content/uploads/2020/11/miley-cyrus-sobriety.jpeg?w=384&crop=0%2C20px%2C384px%2C215px&resize=384%2C215&ssl=1"], "top_img": "https://i0.heartyhosting.com/radaronline.com/wp-content/uploads/2017/09/ariel-winter-trying-to-get-pregnant-pp.jpg?resize=1200%2C630&ssl=1", "keywords": [], "authors": ["Rosa Sanchez", "September"], "canonical_link": "https://radaronline.com/videos/ariel-winter-trying-to-get-pregnant/", "title": "Desperate Ariel Winter Begging Boyfriend Levi To Get Her Pregnant \u2018ASAP\u2019!", "meta_data": {"viewport": "width=device-width, initial-scale=1.0", "fb": {"admins": 593583017, "app_id": 1008772232528225, "pages": 376279216711}, "theme-color": "#ffffff", "google-site-verification": "kONM_PqGX8Za53dFcExSTIIPZxxN_S4QtvDlONzzdA0", "description": "Busty teen star Ariel Winter wants to get knocked up by boyfriend Levi Meaden before her 20th birthday, says a source.", "robots": "index, follow, max-snippet:-1, max-image-preview:large, max-video-preview:-1", "og": {"locale": "en_US", "type": "article", "title": "Desperate Ariel Winter Begging Boyfriend Levi To Get Her Pregnant \u2018ASAP\u2019!", "description": "Busty teen star Ariel Winter wants to get knocked up by boyfriend Levi Meaden before her 20th birthday, says a source.", "url": "https://radaronline.com/videos/ariel-winter-trying-to-get-pregnant/", "site_name": "RadarOnline", "updated_time": "2017-09-25T11:47:27+00:00", "image": {"identifier": "https://i0.heartyhosting.com/radaronline.com/wp-content/uploads/2017/09/ariel-winter-trying-to-get-pregnant-pp.jpg?resize=1200%2C630&ssl=1", "secure_url": "https://i0.heartyhosting.com/radaronline.com/wp-content/uploads/2017/09/ariel-winter-trying-to-get-pregnant-pp.jpg?resize=1200%2C630&ssl=1", "width": 1200, "height": 630}}, "article": {"published_time": "2017-09-25T11:36:20+00:00", "modified_time": "2017-09-25T11:47:27+00:00"}, "twitter": {"card": "summary_large_image", "title": "Desperate Ariel Winter Begging Boyfriend Levi To Get Her Pregnant \u2018ASAP\u2019!", "description": "Busty teen star Ariel Winter wants to get knocked up by boyfriend Levi Meaden before her 20th birthday, says a source.", "image": "https://i0.heartyhosting.com/radaronline.com/wp-content/uploads/2017/09/ariel-winter-trying-to-get-pregnant-pp.jpg?resize=1200%2C630&ssl=1"}, "news_keywords": "Ariel Winter", "generator": "WordPress 5.5.3"}, "movies": [], "publish_date": 1506339380.0, "source": "http://radaronline.com", "summary": ""}