{"url": "https://variety.com/2017/tv/news/jimmy-kimmel-don-rickles-1202026072/", "text": "Jimmy Kimmel paid tribute to comedy legend Don Rickles on Thursday night\u2019s episode of \u201cJimmy Kimmel Live\u201d on ABC.\n\n\u201cThis is not going to be our usual show tonight,\u201d Kimmel said at the top of his monologue. \u201cAnd I\u2019ll tell you right up front that I\u2019m going to cry \u2014 probably a lot, which is embarrassing. But I\u2019m not good with this sort of thing and I\u2019m sorry \u2014 especially to those of you who came here to see the show in person, because that\u2019s probably not what you came for. But we lost someone that we and I love very much today.\u201d\n\nRickles died on Thursday at his home in Los Angeles at the age of 90.\n\n\u201cI was fortunate enough to \u2014 not only have Don on this show as my guest \u2014 but also to become close to him and his wife Barbara, which was a lot of fun for me,\u201d Kimmel said.\n\nKimmel described Rickles as a towering presence in Las Vegas, where Kimmel grew up, and where Rickles found his greatest success as a stand-up comic. He also described the first time Rickles \u2014 who rose to fame as a frequent guest on Johnny Carson\u2019s \u201cTonight Show\u201d \u2014 appeared on \u201cJimmy Kimmel Live\u201d in 2006.\n\n\u201cIt was so exciting,\u201d Kimmel said. \u201cI felt like I was in some kind of talk show host fantasy camp. Sitting behind a desk while Don Rickles made fun of me. It was like being a real talk show host for a minute. For twenty minutes, it was like being Johnny Carson.\u201d\n\nRickles appeared on Kimmel\u2019s show 17 times more in the years that followed.\n\nKimmel also talked about taking Rickles, famous for his insult comedy, out to Mario Batali\u2019s Los Angeles restaurant Mozza. \u201cWe rented the private room in back,\u201d Kimmel said. \u201cWe had food, I invited his friends \u2014 it was beautiful. It was very expensive. At the end of the meal, he said, \u2018I can\u2019t believe you took me to a pizza place.'\u201d\n\nKimmel closed his monologue with a video tribute to Rickles, showing the best moments from the comedian\u2019s appearance on the ABC show. Watch the video below.", "images": ["https://variety.com/wp-content/themes/pmc-variety-2020/assets/public/lazyload-fallback.gif", "https://www.facebook.com/tr?id=315552255725686&ev=PageView&noscript=1", "https://px.ads.linkedin.com/collect/?pid=1429113&fmt=gif", "https://variety.com/wp-content/uploads/2016/05/jimmy-kimmel.jpg?w=1024", "https://sb.scorecardresearch.com/p?c1=2&c2=6035310&c3=&c4=&c5=&c6=&c15=&cv=2.0&cj=1", "https://pixel.quantserve.com/pixel?a.1=&a.2=p-31f3D02tYU8zY", "https://www.facebook.com/tr?id=586935388485447&ev=PageView&noscript=1"], "top_img": "https://variety.com/wp-content/uploads/2016/05/jimmy-kimmel.jpg?w=1024", "keywords": [], "authors": ["Daniel Holloway"], "canonical_link": "https://variety.com/2017/tv/news/jimmy-kimmel-don-rickles-1202026072/", "title": "Jimmy Kimmel Pays Tribute to Don Rickles: \u2018I\u2019m Going to Cry\u2019", "meta_data": {"theme-color": "#fff", "viewport": "width=device-width, initial-scale=1.0", "apple-mobile-web-app-status-bar-style": "black-translucent", "msapplication-config": "https://variety.com/wp-content/themes/pmc-variety-2020/assets/app/browserconfig.xml", "msapplication-TileImage": "https://variety.com/wp-content/uploads/2018/06/variety-favicon.png?w=128", "msapplication-TileColor": "#eff4ff", "description": "Jimmy Kimmel paid tribute to comedy legend Don Rickles on Thursday night's episode of \"Jimmy Kimmel Live\" on ABC.", "alexaVerifyID": "4IBqfMBcohHTnitnTLanYijElhs", "fb": {"admins": 697514199}, "cXenseParse": {"pmc-lob": "variety", "pmc-page_type": "article", "articleid": 1202026072, "author": "Daniel Holloway", "pmc-category": "News", "pmc-over_1_year": "yes", "pmc-post_type": "post", "recs": {"publishtime": "2017-04-06T20:42:28"}, "pmc-tag": "Don Rickles,Jimmy Kimmel", "title": "Jimmy Kimmel Pays Tribute to Don Rickles: \u2018I\u2019m Going to Cry\u2019", "pageclass": "article", "pmc-vertical": "tv", "pmc-primary-category": "News", "pmc-primary-vertical": "tv", "pmc-is_vyvip_article": "no"}, "apple-itunes-app": "app-id=416179538", "generator": "WordPress 5.5.2", "author": "Daniel Holloway", "apple-mobile-web-app-capable": "yes", "mobile-web-app-capable": "yes", "apple-touch-fullscreen": "YES", "apple-mobile-web-app-title": "Variety", "application-name": "Variety", "robots": "max-image-preview:large", "content_type": "Article", "post_id": 1202026072, "title": "Jimmy Kimmel Pays Tribute to Don Rickles: 'I'm Going to Cry'", "published_at": "2017-04-06 20:42:28", "image": "https://variety.com/wp-content/uploads/2016/05/jimmy-kimmel.jpg?w=1024", "comment_count": 2, "tags": "Jimmy Kimmel", "topics": "News", "appeared_in_print": "No", "body": "Jimmy Kimmel paid tribute to comedy legend Don Rickles\u00a0on Thursday night's episode of \"Jimmy Kimmel Live\" on ABC.\r\n\r\n\"This is not going to be our usual show tonight,\" Kimmel said at the top of his monologue. \"And I\u2019ll tell you right up front that I\u2019m going to cry \u2014 probably a lot, which is embarrassing. But I\u2019m not good with this sort of thing and I\u2019m sorry \u2014 especially to those of you who came here to see the show in person, because that\u2019s probably not what you came for. But we lost someone that we and I love very much today.\"\r\n\r\nRickles died on\u00a0Thursday at his home in Los Angeles at the age of 90.\r\n\r\n\r\n\r\n\"I was fortunate enough to \u2014 not only have Don on this show as my guest \u2014 but also to become close to him and his wife Barbara, which was a lot of fun for me,\" Kimmel said.\r\n\r\nKimmel described Rickles as a towering presence in Las Vegas, where Kimmel grew up, and where Rickles found his greatest success as a stand-up comic. He also described the first time Rickles \u2014 who rose to fame as a frequent guest on Johnny Carson's \"Tonight Show\" \u2014 appeared on \"Jimmy Kimmel Live\" in 2006.\r\n\r\n\"It was\u00a0so\u00a0exciting,\" Kimmel said. \"I felt like I was in some kind of talk show host fantasy camp. Sitting behind a desk while Don Rickles made fun of me. It was like being a real talk show host for a minute. For twenty minutes, it was like being Johnny Carson.\"\r\n\r\nRickles appeared on Kimmel's show 17 times more in the years that followed.\r\n\r\nKimmel also talked about taking Rickles, famous for his insult comedy, out to Mario Batali's Los Angeles restaurant Mozza. \"We rented the private room in back,\" Kimmel said. \"We had food, I invited his friends \u2014 it was beautiful. It was very expensive. At the end of the meal, he said, 'I can\u2019t believe you took me to a pizza place.'\"\r\n\r\nKimmel closed his monologue with a video tribute to Rickles, showing the best moments from the comedian's appearance on the ABC show. Watch the video below.", "onesignal": "wordpress-plugin", "fragment": "!", "og": {"type": "article", "title": "Jimmy Kimmel Pays Tribute to Don Rickles: \u2018I\u2019m Going to Cry\u2019", "url": "https://variety.com/2017/tv/news/jimmy-kimmel-don-rickles-1202026072/", "description": "Jimmy Kimmel paid tribute to comedy legend Don Rickles\u00a0on Thursday night\u2019s episode of \u201cJimmy Kimmel Live\u201d on ABC. \u201cThis is not going to be our usual show tonight,\u201d Kim\u2026", "site_name": "Variety", "image": {"identifier": "https://variety.com/wp-content/uploads/2016/05/jimmy-kimmel.jpg?w=1024", "width": 1024, "height": 576, "alt": "Jimmy Kimmel Bachelor special"}, "locale": "en_US"}, "article": {"published_time": "2017-04-07T03:42:28+00:00", "modified_time": "2017-04-07T13:48:40+00:00"}, "twitter": {"site": "@variety", "text": {"title": "Jimmy Kimmel Pays Tribute to Don Rickles: \u2018I\u2019m Going to Cry\u2019"}, "image": {"identifier": "https://variety.com/wp-content/uploads/2016/05/jimmy-kimmel.jpg?w=1024", "alt": "Jimmy Kimmel Bachelor special"}, "card": "summary_large_image", "creator": "@gdanielholloway", "title": "Jimmy Kimmel Pays Tribute to Don Rickles: \u2018I\u2019m Going to Cry\u2019", "description": "Jimmy Kimmel paid tribute to comedy legend Don Rickles on Thursday night's episode of \"Jimmy Kimmel Live\" on ABC."}}, "movies": ["https://www.youtube.com/embed/5u_Wyn7Jb3Q?version=3&rel=1&showsearch=0&showinfo=1&iv_load_policy=1&fs=1&hl=en-US&autohide=2&wmode=transparent"], "publish_date": 1491536548.0, "source": "https://variety.com", "summary": ""}