{"url": "https://www.usatoday.com/story/life/people/2018/02/01/lawsuit-against-jim-carrey-ex-girlfriends-family-dismissed/1087667001/", "text": "Lawsuit against Jim Carrey from ex-girlfriend's family dismissed\n\nAndrea Mandell | USA TODAY\n\nShow Caption Hide Caption Wrongful death lawsuit against Jim Carrey dismissed On Thursday, a lawsuit brought against Jim Carrey over the death of his ex-girlfriend was dismissed, according to a report by theWrap.\n\nJim Carrey is no longer facing a lawsuit from the family of his late girlfriend, Cathriona White.\n\n\"The case against him has been dismissed,\" Carrey's attorney, Raymond Boucher, told USA TODAY.\n\nCarrey, 56, began dating makeup artist White, 30, in the summer of 2012 after they met on a film set. The Irish-born woman was found dead in a Sherman Oaks, Calif., home on Sept. 28, 2015; the Los Angeles County coroner's office later ruled White took her own life by overdosing on prescription drugs, including Ambien, Propranolol and Percocet (oxycodone and acetaminophen).\n\nMore: Jim Carrey countersues 'desperate characters' after ex's suicide\n\nThe actor was a pallbearer at her funeral in Ireland.\n\nIn 2016, Carrey was hit with a wrongful death lawsuit from his late girlfriend's husband, Mark Burton, her mother, Brigid Sweetman, and their lawyer, Filippo Marchino, accusing him of illegally obtaining and giving her the powerful painkillers she used to kill herself in September 2015. They also alleged that Carrey gave White \u201cthree STDs without warning her.\u201d\n\nCarrey countersued, saying White had tried to extort him after the two broke up in early 2013 and that he made a \"mistake\" of settling a false STD claim with her to avoid mounting a public defense, which \"is a very costly and painful process.\"\n\nMore: Jim Carrey will be 'Kidding' on new Showtime series that marks his return to TV\n\nThe Hollywood Reporter says that Carrey's attorney had recently asked the court to compel Burton to provide White's STD test results. Through discovery, Boucher came to the conclusion that a 2011 document showing White had clean test results prior to meeting Carrey was a forgery.\n\nOn Thursday, he told USA TODAY the underlying case was voluntarily dismissed by the plaintiffs, removing the possibility of Carrey, 56, going to trial.\n\nMichael Avenatti, the attorney for Sweetman and Burton, did not immediately respond to a request for comment from USA TODAY.\n\nAt the time of White's death, Carrey issued a statement calling her \"a truly kind and delicate Irish flower, too sensitive for this soil, to whom loving and being loved was all that sparkled.\"", "images": ["https://www.gannett-cdn.com/appservices/universal-web/universal/icons/icon-play-alt-white.svg", "https://www.gannett-cdn.com/appservices/universal-web/universal/icons/icon-instagram_24.png", "https://media.gannett-cdn.com/29906170001/29906170001_5724321464001_5724305792001-vs.jpg?pubId=29906170001", "https://www.gannett-cdn.com/-mm-/e5250d36fb1efe316e8b899cc022bec1f5a84fe0/c=0-0-5296-2992/local/-/media/2018/02/01/USATODAY/USATODAY/636530933332529383-GTY-873872140-95318359.JPG?auto=webp&format=pjpg&width=1200"], "top_img": "https://www.gannett-cdn.com/-mm-/e5250d36fb1efe316e8b899cc022bec1f5a84fe0/c=0-0-5296-2992/local/-/media/2018/02/01/USATODAY/USATODAY/636530933332529383-GTY-873872140-95318359.JPG?auto=webp&format=pjpg&width=1200", "keywords": [], "authors": ["Andrea Mandell"], "canonical_link": "https://www.usatoday.com/story/life/people/2018/02/01/lawsuit-against-jim-carrey-ex-girlfriends-family-dismissed/1087667001/", "title": "Lawsuit against Jim Carrey from ex-girlfriend's family dismissed", "meta_data": {"viewport": "width=device-width,initial-scale=1", "HandheldFriendly": "True", "MobileOptimized": 320, "apple-itunes-app": "app-id=504631398, app-argument=https://www.usatoday.com/story/life/people/2018/02/01/lawsuit-against-jim-carrey-ex-girlfriends-family-dismissed/1087667001/life/people", "theme-color": "#ffffff", "og": {"type": "article", "title": "Lawsuit against Jim Carrey from ex-girlfriend's family dismissed", "description": "Carrey's ex, Cathriona White, committed suicide in 2015. Her family was suing Carrey for wrongful death.", "site_name": "USA TODAY", "image": {"identifier": "https://www.gannett-cdn.com/-mm-/e5250d36fb1efe316e8b899cc022bec1f5a84fe0/c=0-0-5296-2992/local/-/media/2018/02/01/USATODAY/USATODAY/636530933332529383-GTY-873872140-95318359.JPG?auto=webp&format=pjpg&width=1200", "width": 1200, "height": 675}}, "article": {"content_tier": "free", "opinion": "false"}, "fb": {"pages": 13652355666}, "description": "Carrey's ex, Cathriona White, committed suicide in 2015. Her family was suing Carrey for wrongful death.", "twitter": {"site": "@usatoday", "creator": "@usatoday", "card": "summary_large_image"}}, "movies": [], "publish_date": 1517439600.0, "source": "https://www.usatoday.com", "summary": ""}