{"url": "http://fortune.com/2017/04/05/shia-labeouf-movie-uk-tickets/", "text": "Suddenly, Swedes are \u2018very worried\u2019 that the \u2018herd immunity\u2019 strategy is no match for COVID", "images": ["https://content.fortune.com/wp-content/uploads/2017/04/488302688.jpg?resize=1200,600"], "top_img": "https://content.fortune.com/wp-content/uploads/2017/04/488302688.jpg?resize=1200,600", "keywords": [], "authors": [], "canonical_link": "https://fortune.com/2017/04/05/shia-labeouf-movie-uk-tickets/", "title": "Shia LaBeouf's 'Man Down' Sold Only 3 Tickets in U.K.", "meta_data": {"viewport": "width=device-width, initial-scale=1, shrink-to-fit=no", "msapplication-TileColor": "#ffc40d", "theme-color": "#ffffff", "google-site-verification": "JRFNeudqAejM1a-TR7d05Ddr9_M8fHFT3Q4rCYsUkxc", "description": "The new Afghanistan War drama starring Shia LaBeouf was released in only one U.K. theater after earning less than $500,000 in the U.S.", "keywords": "shia labeouf, kate mara, jai courtney, john cusack, samuel l jackson, richard gere, dakota fanning, man down, movies, hollywood, hollywood box office, man down box office, man down ticket sales, UK, U.K., england, united kingdom, shia labeouf ticket sales, shia labeouf box office, transformers, american honey, fury, lionsgate", "og": {"url": "https://fortune.com/2017/04/05/shia-labeouf-movie-uk-tickets/", "type": "article", "title": "Shia LaBeouf's New Movie Only Sold 3 Tickets in the U.K.", "description": "'Man Down' was only released in one theater in England.", "site_name": "Fortune", "image": "https://content.fortune.com/wp-content/uploads/2017/04/488302688.jpg?resize=1200,600", "width": 1024, "height": 686}, "twitter": {"card": "summary_large_image", "title": "Shia LaBeouf's New Movie Only Sold 3 Tickets in the U.K.", "description": "'Man Down' was only released in one theater in England.", "image": "https://content.fortune.com/wp-content/uploads/2017/04/488302688.jpg?resize=1200,600", "url": "https://fortune.com/2017/04/05/shia-labeouf-movie-uk-tickets/"}}, "movies": [], "publish_date": 1491343200.0, "source": "http://fortune.com", "summary": ""}