{"url": "https://allthingslawandorder.blogspot.com/2017/04/law-order-svu-newsroom-recap-review.html", "text": "All content (including recaps, reviews, commentary, photos/images) \u00a9allthingslawandorder.blogspot.com unless otherwise noted. No content on this site may be reproduced, distributed, or otherwise used without prior written permission from allthingslawandorder.blogspot.com.", "images": ["https://resources.blogblog.com/img/icon18_wrench_allbkg.png", "https://1.bp.blogspot.com/-mnurtfxgETQ/WQIH-V_JqHI/AAAAAAAAWzI/8qvJ7DPxLbUQeY0Y6NUbJqpsp4iegR2qQCEw/s640/Law%2B%2526%2BOrder%2Bsvu%2Bthe%2Bnewsroom%2Bmariska%2Bhargitay%2BKellli%2Bnoah%2Bone%2Blast%2Bstory.JPG", "https://1.bp.blogspot.com/-ICy41qCK8-8/WQIIEkX5vII/AAAAAAAAWzE/TP9sQcmhCnMYq4Bqz0R6q4FWCS5nfPn_ACEw/s640/NUP_177172_1055.JPG", "https://4.bp.blogspot.com/-GdVzT7t-KZA/WQIH-xNLJKI/AAAAAAAAWyg/0UBS3SjNt5cvrq8iXuu9O5dQSm-G9XmoACEw/s640/Law%2B%2526%2BOrder%2Bsvu%2Bthe%2Bnewsroom%2Bmariska%2Bkelli%2Bgiddish%2Bhuge%2Brisk.JPG", "https://lh5.googleusercontent.com/proxy/YPUK0PhsvNyQMKThkLTnYeYmvY58w80jCz6cucJJzp1ktwFce1E0ibe-eGvzLvTLtRr0GtrJrejDN9sr89mV-snj00xyiJhwp_88noc8=s0-d", "https://resources.blogblog.com/img/icon_delete13.gif", "https://4.bp.blogspot.com/-i9jg5PC3QZo/X6xA8DLZqxI/AAAAAAAAadE/nLdlsoafgnQY1eruoLbwRz2LirEqVFSmQCK4BGAYYCw/s1600/ATLO%2Bpic%2Bbase%2Bgrid%2Bwith%2Bheader%2Bfooter%2Bmariska%2Bphoto%2B%2Brevised%2Bnovember%2B2020%2Bx918.jpg", "https://2.bp.blogspot.com/-JGThoK8Xe2A/WQIH_0uG8GI/AAAAAAAAWzA/dzoYy6w4PqIUNEZHE8yd1Xw4u7ThYH6ggCEw/s640/Law%2B%2526%2BOrder%2Bsvu%2Bthe%2Bnewsroom%2Braul%2Besparza%2Bwhat%253Bs%2Bon%2Bthe%2Btable.JPG", "https://1.bp.blogspot.com/-mLz1oRGeF-s/WQIH-UvPeNI/AAAAAAAAWzI/xWZWF7wEg_0jZoYKWzoHFYR6_SJbMTxGgCEw/s640/Law%2B%2526%2BOrder%2Bsvu%2Bthe%2Bnewsroom%2Bmariska%2Bhargitay%2Bbecause%2Bit%2Bisn%2527t%2Btrue.JPG", "https://1.bp.blogspot.com/-i4Tn_laelM8/WQIH-3iSUXI/AAAAAAAAWzI/ypbBja2J_LQ1TSbXslfW1rrYQHgY3NMggCEw/s640/Law%2B%2526%2BOrder%2Bsvu%2Bthe%2Bnewsroom%2Bmariska%2Bpeter%2Bgallagher%2Barraignment%2Bnot%2Bguilty.JPG", "https://4.bp.blogspot.com/-tTOG0HWddGk/WQIH9-6hliI/AAAAAAAAWyA/S9LX4NcNhXsrPtJjHI6Nj1Rxm-2HHWQFwCEw/s640/Law%2B%2526%2BOrder%2Bsvu%2Bthe%2Bnewsroom%2Bice-t%2Bpeter%2Bscanavino%2Bharold%2Bis%2Bguilty.JPG", "https://2.bp.blogspot.com/-VOcvk6Q3-_A/WQIH96IiUxI/AAAAAAAAWzI/rxzyUzCoDpIryaD6rcy0liLr6TBpD3JRwCEw/s640/Law%2B%2526%2BOrder%2Bsvu%2Bthe%2Bnewsroom%2Bice-t%2Bpeter%2Bscanavino%2Bhnt%2Bbldg.JPG", "https://4.bp.blogspot.com/-zY_-yLSIy1U/WQIH_tbk2cI/AAAAAAAAWzI/tj28FNNsD5cU1j-KkRKNfIEaVUGstJxEACEw/s640/Law%2B%2526%2BOrder%2Bsvu%2Bthe%2Bnewsroom%2Braul%2Besparza%2Bheidi%2Btestify.JPG", "https://3.bp.blogspot.com/-Kx6OT9UQ9WM/WQIH-GZ-9_I/AAAAAAAAWzI/OJKg5xhBmTIl7XEgg0teOX7iEVPkpYhVwCEw/s640/Law%2B%2526%2BOrder%2Bsvu%2Bthe%2Bnewsroom%2Bmariska%2Bhargitay%2BKellli%2Bgiddish%2BIce-t%2Bwhy%2Bdo%2Byou%2Bask.JPG", "https://3.bp.blogspot.com/-mY6GdyQD0T8/WQIH-n6ZocI/AAAAAAAAWzI/Xi6j3d6iqrQ5JWy-PyEBJLBn7-eRA8cNACEw/s640/Law%2B%2526%2BOrder%2Bsvu%2Bthe%2Bnewsroom%2Bmariska%2Bhargitay%2Bkelli%2Bgiddish%2Bpeter%2Bscanavino%2Btext.JPG", "https://resources.blogblog.com/img/blank.gif", "https://3.bp.blogspot.com/-TkAG5YxTVAo/WQIH_XRggpI/AAAAAAAAWy0/YvTmHWLepdMcfFgR6FryiykyElNS2sLlwCEw/s640/Law%2B%2526%2BOrder%2Bsvu%2Bthe%2Bnewsroom%2Bpeter%2Bgallagher.JPG", "https://4.bp.blogspot.com/-PX7Krk4NNwU/WQIE2_i2s4I/AAAAAAAAWxw/XnOkOqHduuIjd26ciHgtSx1J_GMgVVe0QCLcB/s640/Law%2B%2526%2BOrder%2Bsvu%2Bthe%2Bnewsroom%2Bmariska%2Bhargitayleast%2Breported%2Bcrimes.JPG", "https://1.bp.blogspot.com/-LcDF4IRMq_Y/WQIH_FUHEMI/AAAAAAAAWys/WzRexLzFSB0OtjcdH6Jw-2gMP_aXx3w9wCEw/s640/Law%2B%2526%2BOrder%2Bsvu%2Bthe%2Bnewsroom%2Bmariska%2Bpeter%2Bgallagher%2Bi%2Bdont%2Bthink%2Byoure%2Bresponsible.JPG", "https://lh3.googleusercontent.com/zFdxGE77vvD2w5xHy6jkVuElKv-U9_9qLkRYK8OnbDeJPtjSZ82UPq5w6hJ-SA=s35", "https://2.bp.blogspot.com/-5CQFGzlePeU/WQIH_ERDIcI/AAAAAAAAWzI/oGu3rfrb5PcdqoJduDwcZTtb30DT8gfPgCEw/s640/Law%2B%2526%2BOrder%2Bsvu%2Bthe%2Bnewsroom%2Bmariska%2Bpeter%2Bgallagher%2Bbackfiring.JPG", "https://3.bp.blogspot.com/-oNX_-lyMGRc/WQIH-Z7ODUI/AAAAAAAAWzI/tuK51Ze-gGgUHPU5fFKKro-oZmnI24xQgCEw/s640/Law%2B%2526%2BOrder%2Bsvu%2Bthe%2Bnewsroom%2Bmariska%2Bhargitay%2Bkelli%2Bgiddish%2Bconsider%2Bheidi%2Ba%2Bfriend.JPG", "https://1.bp.blogspot.com/-oDZkPcgfayM/WQIH_aAogRI/AAAAAAAAWzI/rYth4M7KFI46STMMP1QTeWFSPHLUVV48wCEw/s640/Law%2B%2526%2BOrder%2Bsvu%2Bthe%2Bnewsroom%2Bmariska%2Bpeter%2Bgallagher%2Bthings%2Babout%2Bdigging.JPG", "https://3.bp.blogspot.com/-aur2ZlL_ZIc/WQIH_jE33xI/AAAAAAAAWzI/fOLGh8X2bv8EvSUYj2UEMJSXj6646mJTwCEw/s640/Law%2B%2526%2BOrder%2Bsvu%2Bthe%2Bnewsroom%2Braul%2Besparza%2Bpeter%2Bgallagher%2Btexts.JPG", "https://4.bp.blogspot.com/-PX7Krk4NNwU/WQIE2_i2s4I/AAAAAAAAWxw/XnOkOqHduuIjd26ciHgtSx1J_GMgVVe0QCLcB/w1200-h630-p-k-no-nu/Law%2B%2526%2BOrder%2Bsvu%2Bthe%2Bnewsroom%2Bmariska%2Bhargitayleast%2Breported%2Bcrimes.JPG", "https://img1.blogblog.com/img/icon18_email.gif"], "top_img": "https://4.bp.blogspot.com/-PX7Krk4NNwU/WQIE2_i2s4I/AAAAAAAAWxw/XnOkOqHduuIjd26ciHgtSx1J_GMgVVe0QCLcB/w1200-h630-p-k-no-nu/Law%2B%2526%2BOrder%2Bsvu%2Bthe%2Bnewsroom%2Bmariska%2Bhargitayleast%2Breported%2Bcrimes.JPG", "keywords": [], "authors": [], "canonical_link": "https://allthingslawandorder.blogspot.com/2017/04/law-order-svu-newsroom-recap-review.html", "title": "All Things Law And Order: Law & Order SVU \u201cThe Newsroom\u201d Recap & Review", "meta_data": {"google-site-verification": "KuEzMkseETgnhzj0GOTQvXy_quRG1eolA4JNUknHTgU", "viewport": "width=1100", "generator": "blogger", "og": {"url": "https://allthingslawandorder.blogspot.com/2017/04/law-order-svu-newsroom-recap-review.html", "title": "Law & Order SVU \u201cThe Newsroom\u201d Recap & Review", "description": "\"All Things Law And Order\": everything there is to know about all the shows of the Law & Order brand: L&O, SVU, CI L&O LA,True Crime,Hate Crimes", "image": "https://4.bp.blogspot.com/-PX7Krk4NNwU/WQIE2_i2s4I/AAAAAAAAWxw/XnOkOqHduuIjd26ciHgtSx1J_GMgVVe0QCLcB/w1200-h630-p-k-no-nu/Law%2B%2526%2BOrder%2Bsvu%2Bthe%2Bnewsroom%2Bmariska%2Bhargitayleast%2Breported%2Bcrimes.JPG"}}, "movies": [], "publish_date": null, "source": "https://allthingslawandorder.blogspot.com", "summary": ""}