{"url": "http://rarolae.com/ladygaga-pays-beautiful-tribute-to-cancer-stricken-friend-at-coachella-2017/", "text": "Lady Gaga touched scores of hearts with a beautiful and somber moment during her headlining set at the 2017 Coachella Valley Music And Arts Festival Saturday.\n\nHer 2016 album Joanne features a bonus track, \u201cGrigio Girls,\u201d which is about her longtime friend Sonja Durham, who is battling stage IV cancer. During her headlining set on weekend two of Coachella 2017, Gaga dedicated an acoustic version of her song \u201cEdge of Glory\u201d to her.\n\n\u201cMy friend Sonja is very sick and I love her so much and if it\u2019s okay with you, I\u2019d like to sing this song for her,\u201d the singer said, sitting by a piano.\n\n\u201cI\u2019m sorry you don\u2019t feel well,\u201d she said, mid-song. \u201cWe all wish you were here with us.\u201d", "images": ["https://i0.wp.com/akns-images.eonline.com/eol_images/Entire_Site/2017323/rs_1024x759-170423075340-1024.lady-gaga.cm.42317.jpg?w=688", "https://i2.wp.com/rarolae.com/wp-content/uploads/2017/09/Copy-of-Raro-Lae-logo-designs.png?fit=500%2C500", "http://1.gravatar.com/avatar/4583817698b0fad1bb44bb6081d54dc0?s=50&d=mm&r=g", "https://i0.wp.com/akns-images.eonline.com/eol_images/Entire_Site/2017323/rs_600x600-170423075339-600.lady-gaga.cm.42317.jpg?w=688", "https://i0.wp.com/rarolae.com/wp-content/uploads/2017/04/rs_1024x759-170423075340-1024.lady-gaga.cm_.42317.jpg?resize=750%2C480", "http://rarolae.com/wp-content/uploads/2017/04/rs_1024x759-170423075340-1024.lady-gaga.cm_.42317.jpg"], "top_img": "http://rarolae.com/wp-content/uploads/2017/04/rs_1024x759-170423075340-1024.lady-gaga.cm_.42317.jpg", "keywords": [], "authors": ["Aj Nwosu"], "canonical_link": "http://rarolae.com/ladygaga-pays-beautiful-tribute-to-cancer-stricken-friend-at-coachella-2017/", "title": "@LadyGaga Pays Beautiful Tribute to Cancer-Stricken Friend at Coachella 2017", "meta_data": {"viewport": "width=device-width, initial-scale=1, maximum-scale=1", "description": "@LadyGaga Pays Beautiful Tribute to Cancer-Stricken Friend at Coachella 2017", "og": {"type": "article", "title": "@LadyGaga Pays Beautiful Tribute to Cancer-Stricken Friend at Coachella 2017", "description": "@LadyGaga Pays Beautiful Tribute to Cancer-Stricken Friend at Coachella 2017", "url": "http://rarolae.com/ladygaga-pays-beautiful-tribute-to-cancer-stricken-friend-at-coachella-2017/", "image": "http://rarolae.com/wp-content/uploads/2017/04/rs_1024x759-170423075340-1024.lady-gaga.cm_.42317.jpg", "site_name": "Rarolae.com"}, "article": {"published_time": "2017-04-24", "modified_time": "2017-04-24", "author": "http://rarolae.com/author/akachukwunwosu/", "section": "Entertainment"}, "twitter": {"card": "summary", "widgets": {"link-color": "#000000", "border-color": "#000000"}, "partner": "tfwp", "title": "@LadyGaga Pays Beautiful Tribute to Cancer-Stricken Friend at Coachella 2017", "site": "@TheRaroLaeBlog", "description": "Lady Gaga touched scores\u00a0of hearts with a beautiful and somber moment during her headlining set at the\u00a02017 Coachella\u00a0Valley Music And Arts Festival Saturday. Her 2016 album Joanne features a bonus track, \"Grigio Girls,\" which is about her longtime friend\u00a0Sonja Durham, who is battling stage IV cancer. During her headlining set on weekend two of Coachella\u2026", "image": "https://i0.wp.com/rarolae.com/wp-content/uploads/2017/04/rs_1024x759-170423075340-1024.lady-gaga.cm_.42317.jpg?fit=1024%2C759"}, "google-site-verification": "mR-ftYFCTMHo8C5Y01V_QvU0rv75hu6079koDYmbgmk", "shareaholic": {"site_name": "Rarolae.com", "language": "en-US", "url": "http://rarolae.com/ladygaga-pays-beautiful-tribute-to-cancer-stricken-friend-at-coachella-2017/", "keywords": "cat:entertainment, type:post", "article_published_time": "2017-04-24T12:12:43-04:00", "article_modified_time": "2017-04-24T12:12:43-04:00", "shareable_page": "true", "article_author_name": "AJ Nwosu", "site_id": "5914428fcd7e5796f5f93faf52997f93", "wp_version": "9.5.0", "image": "https://i0.wp.com/rarolae.com/wp-content/uploads/2017/04/rs_1024x759-170423075340-1024.lady-gaga.cm_.42317.jpg?fit=300%2C222"}, "generator": "Powered by Slider Revolution 5.4.5.2 - responsive, Mobile-Friendly Slider Plugin for WordPress with comfortable drag and drop interface.", "msapplication-config": "/wp-content/uploads/fbrfg/browserconfig.xml", "theme-color": "#ffffff", "msapplication-TileImage": "https://i2.wp.com/rarolae.com/wp-content/uploads/2017/08/cropped-Raro-Lae-logo-designs-14.png?fit=270%2C270"}, "movies": [], "publish_date": 1492984800.0, "source": "http://rarolae.com", "summary": ""}