{"url": "https://amnayzh.wordpress.com/tag/second-wives-club-star-katie-cazorla-says-wedding-to-walter-afanasieff-will-feature-a-list-celebs-like-her-bff-jeremy-renner/", "text": "They set a date!\n\nSecond Wives Club star Katie Cazorla and her longtime fianc\u00e9 Walter Afanasieff will tie the knot this fall, Katie revealed during an exclusive interview with E!\u2026\n\nfrom E! Online (US) \u2013 Top Stories http://ift.tt/2tELqkP", "images": ["https://defaultcustomheadersdata.files.wordpress.com/2016/07/blur.jpg?resize=2000,200", "http://ift.tt/2sH75vj", "https://amnayzh.files.wordpress.com/2017/05/cropped-img_0355.jpg?w=200", "http://ift.tt/2sGY45n", "http://ift.tt/NOY0n1", "http://ift.tt/NOY325", "https://2.gravatar.com/avatar/e583de37bd785923fecafb2d28665575?s=48&d=identicon&r=G", "http://ift.tt/2sGojcf", "https://0.gravatar.com/avatar/f3aed3a0ba14900c5e58f0e1d5f086be?s=48&d=identicon&r=G", "https://0.gravatar.com/avatar/fcf875a12d7d89f59309a2f7e1372149?s=48&d=identicon&r=G", "https://2.gravatar.com/avatar/808aca5b0de4d5517f3f55d1711dbfcc?s=48&d=identicon&r=G", "https://pixel.wp.com/b.gif?v=noscript", "http://ift.tt/NOY0mZ"], "top_img": "https://amnayzh.files.wordpress.com/2017/05/cropped-img_0355.jpg?w=200", "keywords": [], "authors": [], "canonical_link": "https://amnayzh.wordpress.com/tag/second-wives-club-star-katie-cazorla-says-wedding-to-walter-afanasieff-will-feature-a-list-celebs-like-her-bff-jeremy-renner/", "title": "Second Wives Club Star Katie Cazorla Says Wedding to Walter Afanasieff Will Feature A-List Celebs (Like Her BFF Jeremy Renner!) \u2013 AMNAYzh News", "meta_data": {"viewport": "width=device-width, initial-scale=1", "generator": "WordPress.com", "og": {"type": "website", "title": "Second Wives Club Star Katie Cazorla Says Wedding to Walter Afanasieff Will Feature A-List Celebs (Like Her BFF Jeremy Renner!) \u2013 AMNAYzh News", "url": "https://amnayzh.wordpress.com/tag/second-wives-club-star-katie-cazorla-says-wedding-to-walter-afanasieff-will-feature-a-list-celebs-like-her-bff-jeremy-renner/", "site_name": "AMNAYzh News", "image": {"identifier": "https://amnayzh.files.wordpress.com/2017/05/cropped-img_0355.jpg?w=200", "width": 200, "height": 200}, "locale": "en_US"}, "twitter": {"creator": "@AMNAYTUBE", "site": "@AMNAYTUBE"}, "fb": {"app_id": 249643311490}, "theme-color": "#e7e2d9", "application-name": "AMNAYzh News", "msapplication-window": "width=device-width;height=device-height", "msapplication-tooltip": "Best News for Today", "msapplication-task": "name=WordPress.com Forums;action-uri=http://forums.wordpress.com/;icon-uri=https://s1.wp.com/i/favicon.ico", "description": "Posts about Second Wives Club Star Katie Cazorla Says Wedding to Walter Afanasieff Will Feature A-List Celebs (Like Her BFF Jeremy Renner!) written by amnayzh", "msapplication-TileImage": "https://amnayzh.files.wordpress.com/2017/05/cropped-img_0355.jpg?w=270"}, "movies": [], "publish_date": null, "source": "https://amnayzh.wordpress.com", "summary": ""}