{"url": "www.usatoday.com/story/life/people/2018/03/13/zayn-malik-and-gigi-hadid-confirm-split-after-two-years/421411002/", "text": "Zayn Malik and Gigi Hadid confirm split after two years\n\nJayme Deerwester | USA TODAY\n\nShow Caption Hide Caption Zayn Malik and Gigi Hadid split up Zayn Malik and Gigi Hadid have broken up after spending two years together.\n\nThis time, the rumors are true.\n\nSinger Zayn Malik and model Gigi Hadid both confirmed via tweet Tuesday that they have broken up after two-plus years, one music video and a Vogue spread together.\n\n\"Gigi and I had an incredibly meaningful, loving and fun relationship and I have a huge amount of respect and adoration for Gigi as a woman and a friend,\" Malik, 25, wrote in his statement. \"She has such an incredible soul.\"\n\nHe continued, \"I'm grateful to all of our fans for respecting this difficult decision and our privacy at this time. We wish this news could have come from us first.\"\n\nTwelve minutes later, Hadid, 22, issued her own tweet confirming the split.\n\n\"Breakup statements often seem impersonal because there is really no way to put into words what two people experience together over a few years,\" she wrote, \"not only in the relationship but in life in general.\"\n\nShe continued, \"I'm forever grateful for the love, time and life lessons that Z and I shared. I want nothing but the best for him and will continue to support him as a friend that I have immense love and respect for. As for the future, whatever's meant to be will always be.\"\n\nA rep for Malik did not immediately respond to USA TODAY's request for comment.", "images": ["https://www.gannett-cdn.com/appservices/universal-web/universal/icons/icon-play-alt-white.svg", "https://www.gannett-cdn.com/appservices/universal-web/universal/icons/icon-instagram_24.png", "https://www.gannett-cdn.com/-mm-/8f2b8a7421025c3a98b70859e674f6c7933601ef/c=418-814-2801-2160/local/-/media/2018/03/13/USATODAY/USATODAY/636565520355027555-GTY-612044366.jpg?auto=webp&format=pjpg&width=1200", "https://media.gannett-cdn.com/29906170001/29906170001_5750668854001_5750662189001-vs.jpg?pubId=29906170001"], "top_img": "https://www.gannett-cdn.com/-mm-/8f2b8a7421025c3a98b70859e674f6c7933601ef/c=418-814-2801-2160/local/-/media/2018/03/13/USATODAY/USATODAY/636565520355027555-GTY-612044366.jpg?auto=webp&format=pjpg&width=1200", "keywords": [], "authors": ["Jayme Deerwester"], "canonical_link": "https://www.usatoday.com/story/life/people/2018/03/13/zayn-malik-and-gigi-hadid-confirm-split-after-two-years/421411002/", "title": "Zayn Malik and Gigi Hadid confirm split after two years", "meta_data": {"viewport": "width=device-width,initial-scale=1", "HandheldFriendly": "True", "MobileOptimized": 320, "apple-itunes-app": "app-id=504631398, app-argument=https://www.usatoday.com/story/life/people/2018/03/13/zayn-malik-and-gigi-hadid-confirm-split-after-two-years/421411002/life/people", "theme-color": "#ffffff", "og": {"type": "article", "title": "Zayn Malik and Gigi Hadid confirm split after two years", "description": "The singer and model both issued tweets confirming they've broken up after more than two years together.", "site_name": "USA TODAY", "image": {"identifier": "https://www.gannett-cdn.com/-mm-/8f2b8a7421025c3a98b70859e674f6c7933601ef/c=418-814-2801-2160/local/-/media/2018/03/13/USATODAY/USATODAY/636565520355027555-GTY-612044366.jpg?auto=webp&format=pjpg&width=1200", "width": 1200, "height": 675}}, "article": {"content_tier": "free", "opinion": "false"}, "fb": {"pages": 13652355666}, "description": "The singer and model both issued tweets confirming they've broken up after more than two years together.", "twitter": {"site": "@usatoday", "creator": "@usatoday", "card": "summary_large_image"}}, "movies": [], "publish_date": 1520895600.0, "source": "http://www.usatoday.com", "summary": ""}