{"url": "https://www.bbc.com/news/uk-39643202", "text": "\"For me, I'm in a very privileged position, having achieved what I've achieved, and hopefully I can just inspire people and encourage people that being sporty and healthy is a great way to go\", she said.", "images": ["https://c.files.bbci.co.uk/D70A/production/_95705055_hi039065281.jpg", "https://c.files.bbci.co.uk/7C20/production/_95167713_image1.png", "https://ichef.bbci.co.uk/news/1024/branded_news/1BDA/production/_95703170_hi039064431.jpg", "https://ichef.bbci.co.uk/news/385/cpsprodpb/7155/production/_114931092_index_lockdown_lookup_v2_b_976.png", "https://ichef.bbci.co.uk/news/385/cpsprodpb/4669/production/_115652081_gettyimages-1253863485.jpg", "https://ichef.bbci.co.uk/news/385/cpsprodpb/B3C9/production/_115652064_bros_grahameva.jpg", "https://ichef.bbci.co.uk/news/385/cpsprodpb/1088E/production/_115662776_p08zrksh.jpg", "https://ichef.bbci.co.uk/news/385/cpsprodpb/11B44/production/_115661527_mediaitem115661526.jpg", "https://c.files.bbci.co.uk/88EA/production/_95705053_hi039064972.jpg", "https://c.files.bbci.co.uk/13BA/production/_95705050_hi039065587.jpg", "https://ichef.bbci.co.uk/news/385/cpsprodpb/11899/production/_115333817_mediaitem115333713.jpg", "https://ichef.bbci.co.uk/news/385/cpsprodpb/D238/production/_115661835_p08zrd1b.jpg", "https://c.files.bbci.co.uk/F4C4/production/_95706626_hi039065574.jpg", "https://ichef.bbci.co.uk/news/385/cpsprodpb/DD27/production/_115651665_jack-rosca2.jpg", "https://c.files.bbci.co.uk/B81A/production/_95703174_hi039064554.jpg", "https://c.files.bbci.co.uk/14852/production/_95705048_hi039065584.jpg", "https://ichef.bbci.co.uk/news/385/cpsprodpb/249F/production/_115657390_mediaitem115657389.jpg", "https://c.files.bbci.co.uk/142E4/production/_95706628_hi039067756.jpg", "https://c.files.bbci.co.uk/16919/production/_95214429_image2.png", "https://ichef.bbci.co.uk/news/385/cpsprodpb/2C09/production/_115637211_pope1_reu.jpg"], "top_img": "https://ichef.bbci.co.uk/news/1024/branded_news/1BDA/production/_95703170_hi039064431.jpg", "keywords": [], "authors": [], "canonical_link": "https://www.bbc.com/news/uk-39643202", "title": "Victoria Beckham receives OBE from Prince William", "meta_data": {"viewport": "width=device-width, initial-scale=1", "description": "The former Spice Girl is recognised for her 17-year career in the fashion industry.", "theme-color": "#FFFFFF", "article": {"author": "https://www.facebook.com/bbcnews", "section": "UK"}, "fb": {"admins": 100004154058350, "app_id": 1609039196070050, "pages": "1143803202301544,317278538359186,1392506827668140,742734325867560,185246968166196,156060587793370,137920769558355,193435954068976,21263239760,156400551056385,929399697073756,154344434967,228735667216,80758950658,260212261199,294662213128,1086451581439054,283348121682053,295830058648,239931389545417,304314573046,310719525611571,647687225371774,1159932557403143,286567251709437,1731770190373618,125309456546,163571453661989,285361880228,512423982152360,238003846549831,176663550714,260967092113,118450564909230,100978706649892,15286229625,122103087870579,120655094632228,102814153147070,124715648647,153132638110668,150467675018739"}, "og": {"description": "The former Spice Girl is recognised for her 17-year career in the fashion industry.", "image": {"identifier": "https://ichef.bbci.co.uk/news/1024/branded_news/1BDA/production/_95703170_hi039064431.jpg", "alt": "Victoria Beckham receives her OBE from Prince William"}, "locale": "en_GB", "site_name": "BBC News", "title": "Victoria Beckham receives OBE from Prince William", "type": "article", "url": "https://www.bbc.com/news/uk-39643202"}, "twitter": {"card": "summary_large_image", "creator": "@BBCWorld", "description": "The former Spice Girl is recognised for her 17-year career in the fashion industry.", "domain": "www.bbc.com", "image": {"src": "https://ichef.bbci.co.uk/news/1024/branded_news/1BDA/production/_95703170_hi039064431.jpg", "alt": "Victoria Beckham receives her OBE from Prince William"}, "site": "@BBCWorld", "title": "Victoria Beckham receives OBE from Prince William"}, "application-name": "BBC News", "mobile-web-app-capable": "yes", "msapplication-TileImage": "BBC News", "msapplication-TileColor": "#bb1919", "cleartype": "on"}, "movies": [], "publish_date": null, "source": "https://www.bbc.com", "summary": ""}