{"url": "https://www.tvguide.com/celebrities/ross-butler/video/1010142/riverdale-star-charles-melton-talks-reggie-recast-27470703/", "text": "8 Shows Like Netflix's Virgin River You Should Watch While You Wait for Season 2 These heartwarming shows will hold you over until the Netflix show returns", "images": ["https://tvguide1.cbsistatic.com/i/r/2020/11/17/5e23b0bb-ce99-43ca-9194-ea1295234379/crop/1380x1380+345+0/thumbnail/70x70/3a5c1c1fdfb58eba6191d29f16c0b1f1/201117-smallaxe.jpg", "https://tvguide1.cbsistatic.com/i/r/2019/12/01/96c48961-ca4f-4b28-b527-8671dead3c25/crop/450x450+180+0/thumbnail/70x70/845f18917d00275750e9fdf4fa575dea/yoda-hpsm.jpg", "https://tvguide1.cbsistatic.com/i/r/2020/07/23/b17e6a2e-df86-460f-9744-19bceb48912d/crop/450x450+180+0/thumbnail/70x70/aa26c1ac6932eec432e711660c66b88d/bill-and-ted-hpsm.jpg", "https://tvguide1.cbsistatic.com/i/r/2020/11/17/ff33190a-bf14-4a69-b24b-e58f08b2426c/crop/1380x1380+345+0/thumbnail/70x70/b507ce63f9c1795153fe8767f13f65bf/201117-thecrown.jpg", "data:image/gif;base64,R0lGODlhAQABAAAAACH5BAEKAAEALAAAAAABAAEAAAICTAEAOw==", "https://tvguide1.cbsistatic.com/i/r/2020/06/19/31ff6f4a-3c3e-402b-b35a-390c774775e2/crop/1350x1350+525+0/thumbnail/70x70/37e705fa6d73434481f9ab11a3649f25/tv-throwback-hero-2400x1350.jpg", "https://tvguide1.cbsistatic.com/i/r/2019/05/01/dd87069d-507f-4daf-bba5-3d85bce6686f/crop/2070x1147+0+0/thumbnail/240x133/8a94722eee908b10eae8445918a4b168/050119-big-bang-theory.jpg", "https://tvguide1.cbsistatic.com/i/r/2020/06/21/180303d8-3ea0-43ed-8eee-7aaac41192d9/crop/1380x1380+345+0/thumbnail/70x70/81900882be0b238474397ac65005163c/feelgood-news.jpg", "https://tvguide1.cbsistatic.com/i/r/2020/03/30/cd1de7ea-2296-43ec-bf13-2bd7d3502c67/crop/1380x1380+345+0/thumbnail/70x70/acb3bb40d377928870d6ee93f0029cf7/200330-black-widow.jpg", "https://tvguide1.cbsistatic.com/i/r/2020/11/19/675a37e9-fa1b-4cc1-b2a4-42cb206aa7b5/crop/2070x1147+0+0/thumbnail/240x133/d7d22f4994e0a0126c8f24b3dab76bbe/201119-blacknarcissus.jpg", "https://tvguide1.cbsistatic.com/mediabin/showcards/celebs/p-r/thumbs/ross-butler-1010142_828x1104.png", "https://tvguide1.cbsistatic.com/i/r/2020/11/18/206fb865-4b40-4d36-adf5-8e8ceeedffe0/crop/1380x1380+345+0/thumbnail/70x70/c464891cc95f8adb63ff31eb9591a89f/201118-christmas-chronicles.jpg", "https://tvguide1.cbsistatic.com/i/r/2019/06/27/3fad4b53-a36e-4293-b6ce-ccefad29ffcd/crop/810x449+0+0/thumbnail/240x133/cad5df011ab1dd8b351cd24feada7c86/190627-one-day-at-a-time-hpsm.jpg", "https://tvguide1.cbsistatic.com/i/r/2020/11/24/28e0d481-65c7-4b38-9b91-1e7b9c8989c2/crop/450x450+180+0/thumbnail/70x70/5d4f3038c64bdaf29f67425b8e0ec2a3/201123-bridgerton-rege-jean-page-hpsm.jpg", "https://tvguide1.cbsistatic.com/www/img/static/discovery/WTN-logo.png", "https://tvguide1.cbsistatic.com/i/r/2020/04/05/e7406a34-3c0a-4bc9-a6c5-c78b9fc15206/crop/2070x1147+0+0/thumbnail/240x133/33366fa0427b5fbcd05d82d4d88bb082/stranger-things-reg.jpg", "https://tvguide1.cbsistatic.com/i/r/2020/09/04/6f1acc9a-5c30-4adb-b490-9962136dfc26/crop/450x450+180+0/thumbnail/70x70/9d69bb239c7a7b8c6bfabc16f96c15c3/jeopardy-hpsm.jpg"], "top_img": "https://tvguide1.cbsistatic.com/mediabin/showcards/celebs/p-r/thumbs/ross-butler-1010142_828x1104.png", "keywords": [], "authors": [], "canonical_link": "https://www.tvguide.com/celebrities/ross-butler/video/1010142/riverdale-star-charles-melton-talks-reggie-recast-27470703/", "title": "Ross Butler Videos and Video Clips", "meta_data": {"viewport": "width=device-width, initial-scale=1, maximum-scale=1, user-scalable=no", "apple-itunes-app": "app-id=333647776, affiliate-data=at=11l9QE, app-argument=https://www.tvguide.com/celebrities/ross-butler/video/1010142/riverdale-star-charles-melton-talks-reggie-recast-27470703/", "fb": {"app_id": 63084645929}, "google-site-verification": "Od29UEFliEmsUY2XH0kfXxkTNucL0cv_rc0J_RPWXU4", "description": "Watch Ross Butler exclusive videos, interviews, video clips and more at TVGuide.com.", "og": {"title": "Ross Butler | TV Guide", "url": "https://www.tvguide.com/celebrities/ross-butler/video/1010142/riverdale-star-charles-melton-talks-reggie-recast-27470703", "image": "https://tvguide1.cbsistatic.com/mediabin/showcards/celebs/p-r/thumbs/ross-butler-1010142_828x1104.png", "description": "Watch Ross Butler exclusive videos, interviews, video clips and more at TVGuide.com.", "site_name": "TVGuide.com"}, "twitter": {"card": "summary_large_image", "site": "@TVGuide", "title": "Ross Butler | TV Guide", "image": {"src": "https://tvguide1.cbsistatic.com/mediabin/showcards/celebs/p-r/thumbs/ross-butler-1010142_828x1104.png"}}}, "movies": [], "publish_date": null, "source": "https://www.tvguide.com", "summary": ""}