{"url": "hollywoodlife.com/2017/02/21/the-weeknd-tour-selena-gomez-special-guests-rae-sremmurd-6lack-belly/", "text": "The Weeknd has some very special guests joining him on the fall leg of his \u2018Legend of the Fall\u2019 tour, and you\u2019re in for a real treat! The sultry singer just dropped the epic news on Feb. 20, and fans are going nuts over who he\u2019s bringing with him! Could one of the guests be his girl, Selena Gomez? You have to check this out\u2026\n\nThe Weeknd, 27, will not be alone on his Legend of the Fall tour that kicked off on Feb. 17 in Sweden. The sultry singer took to Instagram, Feb. 20 to announce that the North American leg of his tour, which begins on April 25, will welcome Rae Sremmurd, 6lack, and Belly! Sadly, his girl, Selena Gomez, 24, will not be joining him as a performer on the his world tour. But, that doesn\u2019t mean she won\u2019t be there\u2026\n\nhttps://www.instagram.com/p/BQwFH_UBhbg/?taken-by=theweeknd\n\nIt\u2019s very likely that Sel will pop up at some point during her man\u2019s huge world tour, since they\u2019ve been inseparable ever since they were first caught kissing in Santa Monica, Jan. 10. Not to mention, a source EXCLUSIVELY told us that she would definitely want to join him on tour, whether it was performing or just supporting him from the VIP section.\n\nThe Weeknd already released the news that Bryson Tiller, 24, and Lil Uzi Vert, 22, are his special guests for the first leg of his tour, which kicked off in Sweden on Feb. 17. And, you can check out the full schedule for \u201cphase one,\u201d below.\n\nAlthough Sel and The Weeknd have remained hush hush about their relationship, their PDA tells us everything we need to know. They\u2019ve been going strong ever since they were first spotted out together in the beginning of Jan. 2017 and Sel and her man are the definition of couple\u2019s goals. While the young Hollywood stars are super into each other, some reports claim that an engagement is in the cards for these two.\n\nBut, let\u2019s pump the breaks on that news, because HollywoodLife.com is about to clear the air on the rumor mill. \u201cEverything is completely in the honeymoon phase, but they are not getting ready for an actual honeymoon,\u201d a source EXCLUSIVELY told us. Let them live!\n\nHollywoodLifers, how excited are you for George and Amal? Tell us below!", "images": ["https://hollywoodlife.com/wp-content/uploads/2017/06/jenna_lemoncelli.jpg?w=48", "https://footwearnews.com/wp-content/uploads/2020/11/AP_20329096381069-e1606248495668.jpg?w=230&crop=1", "https://www.rollingstone.com/wp-content/uploads/2019/11/Surface-Pro-7.jpg?w=230&crop=1", "https://tvline.com/wp-content/uploads/2020/11/swat-4x04-1.jpg?w=230&crop=1", "https://hollywoodlife.com/wp-content/uploads/2020/11/sport-bra-ftr.jpg?w=143&h=80&crop=1", "http://pixel.quantserve.com/pixel?a.1=p-6fKiDaopTGEQg&a.2=p-31f3D02tYU8zY", "https://hollywoodlife.com/wp-content/uploads/2017/02/the-weeknd-announces-his-opening-acts-for-fall-tour-ftr.jpg", "https://stylecaster.com/wp-content/uploads/2020/11/rothys-black-friday-collection-copy.jpg?w=230&crop=1", "https://hollywoodlife.com/wp-content/uploads/2017/02/the-weeknd-announces-his-opening-acts-for-fall-tour-ftr.jpg?w=600", "https://www.sheknows.com/wp-content/uploads/2020/10/what-a-free-thanksgiving-dinner-really-means-to-a-family-like-mine.jpg?w=230&crop=1", "https://sb.scorecardresearch.com/p?c1=2&c2=6035310&c3=&c4=&c5=&c6=&c15=&cv=2.0&cj=1", "https://hollywoodlife.com/wp-content/uploads/2020/07/kelsey-nicole-5-things-to-know-ap-images-ftr.jpg?w=143&h=80&crop=1", "https://hollywoodlife.com/wp-content/uploads/2020/11/kourtney-kardashian-and-kylie-jenner-wasted-meme-ap-images-ftr.jpg?w=143&h=80&crop=1", "data:image/gif;base64,R0lGODlhAQABAIAAAAAAAP///yH5BAEAAAAALAAAAAABAAEAAAIBRAA7"], "top_img": "https://hollywoodlife.com/wp-content/uploads/2017/02/the-weeknd-announces-his-opening-acts-for-fall-tour-ftr.jpg", "keywords": [], "authors": ["Jenna Lemoncelli", "Kimberly Zapata", "Bella Gerard", "Matt Webb Mitovich", "Tim Chan", "Brandt Ranj", "Samantha Mcdonald", "News Editor"], "canonical_link": "https://hollywoodlife.com/2017/02/21/the-weeknd-tour-selena-gomez-special-guests-rae-sremmurd-6lack-belly/", "title": "The Weeknd Announces Opening Acts For Fall Tour \u2014 Is Selena Gomez Joining Him?", "meta_data": {"description": "The Weeknd has some very special guests joining him on the fall leg of his 'Legend of the Fall' tour, and you're in for a real treat! The sultry singer just dropped the epic news on Feb. 20, and fans are going nuts over who he's bringing with him! Could one of the guests be his girl, Selena Gomez? You have to check this out...", "news_keywords": "The Weeknd", "apple-itunes-app": "app-id=1400650284", "generator": "WordPress 5.5.2", "author": "Jenna Lemoncelli", "theme-color": "#fff", "apple-mobile-web-app-capable": "yes", "mobile-web-app-capable": "yes", "apple-touch-fullscreen": "YES", "apple-mobile-web-app-title": "Hollywood Life", "application-name": "Hollywood Life", "fb": {"pages": 94724837471}, "robots": "max-image-preview:large", "onesignal": "wordpress-plugin", "og": {"type": "article", "title": "The Weeknd Announces Opening Acts For Fall Tour \u2014 Is Selena Gomez Joining Him?", "url": "https://hollywoodlife.com/2017/02/21/the-weeknd-tour-selena-gomez-special-guests-rae-sremmurd-6lack-belly/", "description": "The Weeknd has some very special guests joining him on the fall leg of his \u2018Legend of the Fall\u2019 tour, and you\u2019re in for a real treat! The sultry singer just dropped\u00a0the epic news \u2026", "site_name": "Hollywood Life", "image": {"identifier": "https://hollywoodlife.com/wp-content/uploads/2017/02/the-weeknd-announces-his-opening-acts-for-fall-tour-ftr.jpg", "width": 600, "height": 819}, "locale": "en_US"}, "article": {"published_time": "2017-02-21T15:53:57+00:00", "modified_time": "2017-02-21T15:59:19+00:00"}, "twitter": {"text": {"title": "The Weeknd Announces Opening Acts For Fall Tour \u2014 Is Selena Gomez Joining Him?"}, "image": "https://hollywoodlife.com/wp-content/uploads/2017/02/the-weeknd-announces-his-opening-acts-for-fall-tour-ftr.jpg?w=600", "card": "summary_large_image", "site": "@HollywoodLife", "creator": "@https://twitter.com/jennalemoncelli", "title": "The Weeknd Announces Opening Acts For Fall Tour \u2014 Is Selena Gomez Joining Him?", "description": "The Weeknd has some very special guests joining him on the fall leg of his 'Legend of the Fall' tour, and you're in for a real treat! The sultry singer just dropped the epic news on Feb. 20, and fans are going nuts over who he's bringing with him! Could one of the guests be his girl, Selena Gomez? You have to check this out..."}, "msapplication-TileImage": "https://hollywoodlife.com/wp-content/uploads/2018/06/hl_logo.png?w=128"}, "movies": [], "publish_date": 1487631600.0, "source": "http://hollywoodlife.com", "summary": ""}