{"url": "http://www.press.org/news-multimedia/videos/npc-luncheon-eric-holder", "text": "60\n\nAttorney General Eric Holder delivered remarks on criminal justice and sentencing reform at a National Press Club Speakers luncheon on Feb. 17, 2015.", "images": ["http://www.press.org/sites/default/files/NPC_logo_white.svg", "http://www.press.org/themes/custom/npc/assets/images/logo.svg", "https://www.press.org", "https://www.facebook.com/tr?id=878114962608688&ev=PageView\n&noscript=1"], "top_img": "https://www.press.org", "keywords": [], "authors": [], "canonical_link": "https://www.press.org/newsroom/video/npc-luncheon-eric-holder", "title": "NPC Luncheon with Eric Holder", "meta_data": {"og": {"site_name": "National Press Club", "type": "Media", "url": "https://www.press.org/newsroom/video/npc-luncheon-eric-holder", "title": "NPC Luncheon with Eric Holder", "description": "Attorney General Eric Holder delivered remarks on criminal justice and sentencing reform at a National Press Club Speakers luncheon on Feb. 17, 2015.", "image": {"identifier": "https://www.press.org", "url": "https://www.press.org/sites/default/files/holder.jpg", "secure_url": "https://www.press.org/sites/default/files/holder.jpg", "type": "image/jpeg", "width": 1200, "height": 800}, "video": {"type": "Luncheon", "width": 1200, "height": 800}, "updated_time": "Thu, 08/01/2019 - 19:19", "latitude": "38.910380", "longitude": "-77.029970", "street_address": "529 14th St. NW, 13th Floor", "locality": "Washington", "region": "DC", "postal_code": 20045, "country_name": "United States", "phone_number": "202-662-7500", "locale": "en_US"}, "description": "Attorney General Eric Holder delivered remarks on criminal justice and sentencing reform at a National Press Club Speakers luncheon on Feb. 17, 2015.", "Generator": "Drupal 8 (https://www.drupal.org)", "MobileOptimized": "width", "HandheldFriendly": "true", "viewport": "width=device-width, initial-scale=1.0", "generator": "web design & development by new target, inc.", "msapplication-TileColor": "#ffffff", "msapplication-TileImage": "/themes/custom/npc/assets/icons/ms-icon-144x144.png", "theme-color": "#ffffff"}, "movies": ["https://www.youtube.com/embed/0BJwAQTxp78?enablejsapi=1"], "publish_date": null, "source": "http://www.press.org", "summary": ""}