{"url": "www.eonline.com/news/827379/nina-dobrev-nikki-reed-and-ian-somerhalder-have-been-friends-all-along", "text": "Related : Nina Dobrev Speaks Out on Ian Somerhalder Getting Married\n\nNikki Reed and Nina Dobrev have always gotten along.\n\nThat news might come as surprise to some people, given that multiple tabloids have claimed the actresses were \"at war\" over Ian Somerhalder, Reed's husband and Dobrev's ex-boyfriend. But, as Dobrev returned to film an episode of The Vampire Diaries this week, she posed for a photo with the Twilight star, proving once and for all that there's no bad blood between them.\n\nJoined by the couple, Dobrev updated her Instagram Tuesday. \"Can't believe how time flies,\" she wrote. \"Farewell dinner with team Somereed! So good catching up with these goofballs.\"\n\nReed shared a similar photo on Instagram used it as a means to call out the tabloids.", "images": ["https://akns-images.eonline.com/eol_images/Entire_Site/201717/rs_600x600-170207114648-600.ian-somerhalder-nikki-reed-nina-dobrev-2.2717.jpg?fit=around%7C1080:1080&output-quality=90&crop=1080:1080;center,top"], "top_img": "https://akns-images.eonline.com/eol_images/Entire_Site/201717/rs_600x600-170207114648-600.ian-somerhalder-nikki-reed-nina-dobrev-2.2717.jpg?fit=around%7C1080:1080&output-quality=90&crop=1080:1080;center,top", "keywords": [], "authors": [], "canonical_link": "https://www.eonline.com/news/827379/nina-dobrev-nikki-reed-and-ian-somerhalder-have-been-friends-all-along", "title": "Nina Dobrev and Nikki Reed Have Been Friends All Along", "meta_data": {"viewport": "width=device-width, initial-scale=1, maximum-scale=1, user-scalable=0", "google-site-verification": "jOadQCDbZTkKw5sn27yXszjIb9c3PdMPHENN92uPWy8", "msvalidate.01": "564B986CE3CECCAE84779191BEC6B755", "fb": {"admins": 10101649, "pages": 1387539234854280, "app_id": 195662528604}, "og": {"title": "Nina Dobrev, Nikki Reed and Ian Somerhalder Have Been Friends All Along - E! Online", "type": "article", "url": "https://www.eonline.com/news/827379/nina-dobrev-nikki-reed-and-ian-somerhalder-have-been-friends-all-along", "site_name": "E! Online", "description": "Ian Somerhalder's wife is tired of reading stories about \"women hating women\"", "locale": "en_US", "image": {"identifier": "https://akns-images.eonline.com/eol_images/Entire_Site/201717/rs_600x600-170207114648-600.ian-somerhalder-nikki-reed-nina-dobrev-2.2717.jpg?fit=around%7C1080:1080&output-quality=90&crop=1080:1080;center,top", "width": 1080, "height": 1080}}, "article": {"tag": "nikki_reed,ian_somerhalder,nina_dobrev,celebrities,facebook_instant_articles", "published_time": "Tue Feb 07 19:50:00 GMT+0 2017", "modified_time": "Wed Feb 08 13:16:30 GMT+0 2017", "content_tier": "free", "opinion": "false"}, "description": "Ian Somerhalder's wife is tired of reading stories about \"women hating women\"", "twitter": {"card": "summary_large_image", "site": "https://twitter.com/eonline", "title": "Nina Dobrev, Nikki Reed and Ian Somerhalder Have Been Friends All Along - E! Online", "description": "Ian Somerhalder's wife is tired of reading stories about \"women hating women\"", "image": "https://akns-images.eonline.com/eol_images/Entire_Site/201717/rs_600x600-170207114648-600.ian-somerhalder-nikki-reed-nina-dobrev-2.2717.jpg?fit=around%7C1080:540&output-quality=90&crop=1080:540;center,top", "url": "https://www.eonline.com/news/827379/nina-dobrev-nikki-reed-and-ian-somerhalder-have-been-friends-all-along"}, "sailthru.contenttype": "news", "sailthru.cid": 827379, "sailthru.ed.cid": "us_827379", "sailthru.edition": "us", "sailthru.image.full": "https://akns-images.eonline.com/eol_images/Entire_Site/201717/rs_600x600-170207114648-600.ian-somerhalder-nikki-reed-nina-dobrev-2.2717.jpg?fit=around%7C1080:1080&output-quality=90&crop=1080:1080;center,top", "sailthru.date": "2017 02 07 19:50:00", "sailthru.title": "Nina Dobrev, Nikki Reed and Ian Somerhalder Have Been Friends All Along", "sailthru.tags": "nikki_reed,ian_somerhalder,nina_dobrev,celebrities,facebook_instant_articles", "robots": "max-image-preview:large", "tp": {"EnableExternalController": "true"}}, "movies": [], "publish_date": 1486497000.0, "source": "http://www.eonline.com", "summary": ""}