{"url": "celebrityinsider.org/inside-caitlyn-jenners-skin-cancer-nightmare-check-out-the-disturbing-pics-127615/", "text": "Caitlyn Jenner took to social media to show her fans a huge disturbing scab on her nose that she claims was sun damage from decades ago! However, we have learned that it might actually be something much more serious.\n\nOne insider close to the transgender icon told us that \u2018Caitlyn\u2019s biggest fear\u2019s that she\u2019ll lose her nose.\u2019\n\nApparently, Caitlyn is afraid that the damage \u2019hs spread\u2019 and the doctors will need to cut the dead tissue off again.\n\n\u2018She has been having a breakdown about it. With all of her plastic surgeries on her nose over the years, there is not much there, to begin with!\u2019 the source added, explaining that she is really scared of losing her nose.\n\n[media-credit name=\u201dSource: radaronline.com\u201d align=\u201daligncenter\u201d width=\u201d1024\u2033] [/media-credit]\n\nOur snitch also claims that Cait has been using her health problem to guilt trip her family into sending a lot more time with her.\n\nOther sources stated that she was \u2018going overboard about dying.\u2019\n\n\u2018She is taking desperate measures and calling everyone about needing to spend time with her because she does not know what is going to happen with her health.\u2019\n\nHowever, that did not stop Jenner from joking about the terrible situation around her friends, making light of the danger.\n\n\u2018While I am under, maybe they can give me another boob job while they\u2019re at it,\u2019 she apparently told some of her pals.\n\nAs you may know already, the Jenner confessed back in 2013 that because skin cancer was detected, the medical specialists took a chunk of tissue from her nose.\n\nAdvertisement\n\nSeeing how horrible it looks now, it is hard to believe it is merely sun damage. Has the cancer returned?", "images": ["data:image/svg+xml,%3Csvg%20xmlns=%22http://www.w3.org/2000/svg%22%20viewBox=%220%200%201024%20672%22%3E%3C/svg%3E", "data:image/svg+xml,%3Csvg%20xmlns=%22http://www.w3.org/2000/svg%22%20viewBox=%220%200%2042%2042%22%3E%3C/svg%3E", "https://celebrityinsider.org/wp-content/uploads/2020/11/jorge-nava-300x300.jpg", "https://celebrityinsider.org/images/rss.png", "https://celebrityinsider.org/wp-content/uploads/2020/11/chrissy-teigen-1-300x169.jpg", "https://celebrityinsider.org/wp-content/uploads/2020/10/andy-cohen-bravotv-com_-700x466.jpeg", "https://celebrityinsider.org/images/socflip.png", "https://certify.alexametrics.com/atrk.gif?account=9uhRo1IWhd10kU", "https://celebrityinsider.org/images/socf.png", "https://celebrityinsider.org/wp-content/uploads/2017/03/Ashley-Mitchell-60x60.jpg", "data:image/svg+xml,%3Csvg%20xmlns=%22http://www.w3.org/2000/svg%22%20viewBox=%220%200%2060%2060%22%3E%3C/svg%3E", "data:image/svg+xml,%3Csvg%20xmlns=%22http://www.w3.org/2000/svg%22%20viewBox=%220%200%20150%2035%22%3E%3C/svg%3E", "https://celebrityinsider.org/images/soctu.png", "https://celebrityinsider.org/images/next1.gif", "https://celebrityinsider.org/wp-content/uploads/2018/03/caitlyn-jenner.jpg", "data:image/svg+xml,%3Csvg%20xmlns=%22http://www.w3.org/2000/svg%22%20viewBox=%220%200%20150%2027%22%3E%3C/svg%3E", "https://celebrityinsider.org/wp-content/uploads/2020/09/bravotv-com_-1-700x466.jpg", "https://celebrityinsider.org/wp-content/uploads/2020/11/porsha-williams-calls-out-candiace-dillard-300x182.jpg", "https://celebrityinsider.org/wp-content/uploads/2020/11/caitlyn-jenner-duke-of-the-valley-700x466.jpg", "https://celebrityinsider.org/wp-content/uploads/2016/10/celebrity-insider.png", "https://celebrityinsider.org/images/soct.png", "data:image/svg+xml,%3Csvg%20xmlns=%22http://www.w3.org/2000/svg%22%20viewBox=%220%200%20210%20140%22%3E%3C/svg%3E", "https://celebrityinsider.org/wp-content/uploads/2020/11/nene-leakes-birthday-300x200.jpg", "https://celebrityinsider.org/wp-content/uploads/2018/03/Meghan-Markles-Style-Comes-At-A-Price-Prince-Harrys-Fianc\u00e9e-Is-Not-Allowed-To-Accept-Free-Clothes-e1521598368153-700x466.jpg", "https://celebrityinsider.org/wp-content/uploads/2020/11/owgf6p9znblivjyykctk-300x295.jpg", "data:image/svg+xml,%3Csvg%20xmlns=%22http://www.w3.org/2000/svg%22%20viewBox=%220%200%201731%201156%22%3E%3C/svg%3E", "https://celebrityinsider.org/wp-content/uploads/2020/11/jennifer-lopez-and-megan-thee-stallion-300x225.jpg", "https://celebrityinsider.org/wp-content/uploads/2020/11/sw4ksyojvk5uaghasnei-300x169.jpg", "https://celebrityinsider.org/images/watch-us-on-youtube.png", "https://celebrityinsider.org/wp-content/uploads/2018/03/caityln-jenner-nose-1024x672.jpg", "https://celebrityinsider.org/wp-content/uploads/2020/11/38533171_291201874978967_5890736672269664256_n-300x300.jpg"], "top_img": "https://celebrityinsider.org/wp-content/uploads/2018/03/caitlyn-jenner.jpg", "keywords": [], "authors": ["Ashley Mitchell", "Denise Wilburn"], "canonical_link": "https://celebrityinsider.org/inside-caitlyn-jenners-skin-cancer-nightmare-check-out-the-disturbing-pics-127615/", "title": "Inside Caitlyn Jenner\u2019s Skin Cancer Nightmare \u2013 Check Out The Disturbing Pics!", "meta_data": {"author": "Ashley Mitchell", "news_keywords": "caitlyn jenner", "keywords": "celebrity news, caitlyn jenner", "p": {"domain_verify": "eb3eaa384c05d7c451fa2a546258488f"}, "theme-color": "#dedede", "description": "Caitlyn Jenner took to social media to show her fans a huge disturbing scab on her nose that she claims was sun damage from decades ago! However, we", "og": {"type": "article", "title": "Inside Caitlyn Jenner\u2019s Skin Cancer Nightmare \u2013 Check Out The Disturbing Pics!", "description": "Caitlyn Jenner took to social media to show her fans a huge disturbing scab on her nose that she claims was sun damage from decades ago! However, we", "url": "https://celebrityinsider.org/inside-caitlyn-jenners-skin-cancer-nightmare-check-out-the-disturbing-pics-127615/", "image": "https://celebrityinsider.org/wp-content/uploads/2018/03/caitlyn-jenner.jpg", "site_name": "Breaking Celebrity News, Entertainment News, and Celebrity Gossip - Celebrity Insider"}, "article": {"published_time": "2018-03-20", "modified_time": "2018-03-20", "author": "https://celebrityinsider.org/author/ashleymitchell/", "section": "Entertainment", "tag": "caitlyn jenner"}, "fb": {"app_id": 1646073299040160}, "twitter": {"card": "summary_large_image", "creator": "@CelebInsiderorg", "site": "@CelebInsiderorg"}, "viewport": "width=device-width, initial-scale=1, maximum-scale=1", "format-detection": "telephone=no", "onesignal": "wordpress-plugin", "msapplication-TileImage": "https://celebrityinsider.org/wp-content/uploads/2016/08/cropped-favincon-270x270.png"}, "movies": [], "publish_date": 1521500400.0, "source": "http://celebrityinsider.org", "summary": ""}