{"url": "www.teenvogue.com/story/yolanda-hadid-gigi-hadid-zayn-malik-pregnancy-rumors", "text": "Another day, another celebrity rumor to debunk.\n\nThe Twittersphere was having a field day this week after word started spreading that Gigi Hadid and Zayn Malik were supposedly having a baby. Yep, you read that right. The whole thing got started when an Instagram comment allegedly written by Gigi's mother, Yolanda Hadid, began making the rounds on social media. The comment in question said: \"I will be a proud grandma in eight months. Life is a blessing.\"\n\nAs it turns out, it seems like that comment might have been the work of Photoshop, since the real Yolanda Hadid took to Twitter last night to clear everything up \u2014 and she made a pretty good point in the process. \"No of course not,\" Yolanda wrote in response to a fan who asked if the rumor was true. \"If my daughter was pregnant, she would be the one to announce it not me,\" she added. We want to give her a high five for that explanation because she's 100% right \u2014 in a hypothetical scenario where Gigi is pregnant, it would be her news to share, not anyone else's.\n\nNevertheless, this hasn't stopped fans from speculating on Twitter and discussing the rumor at length. But this situation is a good reminder that we shouldn't believe everything we see on the Internet, even if it seems like a legit screenshot from social media. Images can be altered, and sometimes Photoshop is very convincing. Ultimately, we need to listen to the stars themselves, and in this case, it seems like Yolanda made herself pretty clear. Perhaps we can put this particular rumor to rest now; after all, there's sure to be another one tomorrow.\n\nRelated: Fans Found Gigi Hadid\u2019s Secret Twin and They\u2019re FREAKING OUT\n\nCheck this out:", "images": ["http://www.teenvogue.com/verso/static/teen-vogue/assets/logo-header.a32c5f649a1140996fd12f4a5ee1d0638ce23dc6.svg", "https://assets.teenvogue.com/photos/59831cdb4077d013e01362e8/16:9/w_1280,c_limit/facebook.jpg", "http://www.teenvogue.com/verso/static/teen-vogue/assets/logo-reverse.c9fd2ea81f6f84a7d604882e3d5f7ab119aeee5a.svg", "https://assets.teenvogue.com/photos/59831cba4077d013e01362e6/16:9/w_2560%2Cc_limit/GettyImages-612044368.jpg", "https://assets.teenvogue.com/photos/5c55b926360bd63de94360f7/1:1/w_90%2Cc_limit/undefined"], "top_img": "https://assets.teenvogue.com/photos/59831cdb4077d013e01362e8/16:9/w_1280,c_limit/facebook.jpg", "keywords": [], "authors": ["De Elizabeth", "De Elizabet"], "canonical_link": "https://www.teenvogue.com/story/yolanda-hadid-gigi-hadid-zayn-malik-pregnancy-rumors", "title": "Yolanda Hadid Addresses Gigi Hadid Pregnancy Rumors", "meta_data": {"msapplication-tap-highlight": "no", "viewport": "width=device-width, initial-scale=1", "author": "De Elizabeth", "copyright": "Copyright (c) Cond\u00e9 Nast 2020", "description": "Find out what Yolanda Hadid had to say about rumors that Gigi Hadid and Zayn Malik were having a baby.", "id": "59831845e04ba21beb2a5080", "keywords": "culture,gigi hadid,zayn malik,rumors,yolanda hadid,twitter,web", "news_keywords": "culture,gigi hadid,zayn malik,rumors,yolanda hadid,twitter,web", "robots": "index, follow, max-image-preview:large", "content-type": "article", "parsely-post-id": "59831845e04ba21beb2a5080", "parsely-metadata": "{\"description\":\"Find out what Yolanda Hadid had to say about rumors that Gigi Hadid and Zayn Malik were having a baby.\",\"image-16-9\":\"https://assets.teenvogue.com/photos/59831cba4077d013e01362e6/16:9/w_1000,c_limit/GettyImages-612044368.jpg\",\"image-1-1\":\"https://assets.teenvogue.com/photos/59831cba4077d013e01362e6/1:1/w_1000,c_limit/GettyImages-612044368.jpg\"}", "og": {"description": "But there\u2019s no truth to the rumor.", "image": "https://assets.teenvogue.com/photos/59831cdb4077d013e01362e8/16:9/w_1280,c_limit/facebook.jpg", "site_name": "Teen Vogue", "title": "Here\u2019s Why Fans Think Gigi Hadid and Zayn Malik Are Having a Baby", "type": "article", "url": "https://www.teenvogue.com/story/yolanda-hadid-gigi-hadid-zayn-malik-pregnancy-rumors"}, "article": {"content_tier": "free", "opinion": "false"}, "twitter": {"card": "summary_large_image", "creator": "@TeenVogue", "description": "But there\u2019s no truth to the rumor.", "domain": "https://www.teenvogue.com", "image": {"src": "https://assets.teenvogue.com/photos/59831cdb4077d013e01362e8/16:9/w_1280,c_limit/facebook.jpg?mbid=social_retweet"}, "site": "@TeenVogue", "title": "Here\u2019s Why Fans Think Gigi Hadid and Zayn Malik Are Having a Baby"}, "fb": {"app_id": 1013284322017473, "pages": 6636341311}, "monetization": "$spsp.coil.com/donate/condenast"}, "movies": [], "publish_date": null, "source": "http://www.teenvogue.com", "summary": ""}