{"url": "https://www.someecards.com/entertainment/celebrities/busy-philipps-uber-creepy-stranger/", "text": "", "images": ["https://cdn.someecards.com/posts/busy-philipps-uber-creepy-stranger-tuP.jpg"], "top_img": "https://cdn.someecards.com/posts/busy-philipps-uber-creepy-stranger-tuP.jpg", "keywords": [], "authors": [], "canonical_link": "https://www.someecards.com/entertainment/celebrities/busy-philipps-uber-creepy-stranger/", "title": "Busy Phillips freaks out, claims she was \u2018almost murdered\u2019 by a stranger in an Uber.", "meta_data": {"keywords": "someecards.com,some ecards,someecards,some ecards.com,Online Greetings,card,ecards,greeting cards,greetings,electronic cards,e cards,e-cards,electronicgreetings,email cards,e-mail,email,postcard,electronic postcard,animated greetings,holidays,funny holiday cards,funny birthday cards,funny friendship ecards,funny hello ecards,funny get well ecards,funny business ecards,funny thank you ecards,funny anniversary ecards,funny congratulations ecards,funny graduation ecards,funny wedding ecards,funny love ecards,funny romance ecards,funny new baby ecards,funny sorry ecards,funny thinking of you ecards,funny sympathy ecards,funny belated birthday ecards,funny invitations ecards,funny new job ecards,funny retirement ecards,funny moving ecards,funny good luck ecards,funny reminder ecards", "fb": {"pages": "122560544447547,103280435790,354522044588660", "app_id": 32911495680}, "p": {"domain_verify": "b9b60a9aacefcae0b6992526093f59b8"}, "viewport": "width=device-width, initial-scale=1", "application-name": "Someecards", "msapplication-TileColor": "#FFFFFF", "msapplication-TileImage": "https://cdn.someecards.com/assets/images/icons/mstile-144x144.png", "msapplication-square70x70logo": "https://cdn.someecards.com/assets/images/icons/mstile-70x70.png", "msapplication-square150x150logo": "https://cdn.someecards.com/assets/images/icons/mstile-150x150.png", "msapplication-wide310x150logo": "https://cdn.someecards.com/assets/images/icons/mstile-310x150.png", "msapplication-square310x310logo": "https://cdn.someecards.com/assets/images/icons/mstile-310x310.png", "robots": "index,follow", "googlebot": "index,follow", "description": "You guys, the &quot;craziest thing&quot; happened to Busy Philipps early Sunday morning when she was trying to get home in an Uber. You&#39;ll never believe it! Unless you&#39;ve ever taken a ride-share service, in which case you&#39;ll...", "twitter": {"card": "summary_large_image", "image": "https://cdn.someecards.com/cdn-cgi/image/fit=scale-down/posts/busy-philipps-uber-creepy-stranger-tuP.jpg"}, "og": {"url": "https://www.someecards.com/entertainment/celebrities/busy-philipps-uber-creepy-stranger/", "type": "article", "title": "Busy Phillips freaks out, claims she was \u2018almost murdered\u2019 by a stranger in an Uber.", "description": "You guys, the &quot;craziest thing&quot; happened to Busy Philipps early Sunday morning when she was trying to get home in an Uber. You&#39;ll never believe it! Unless you&#39;ve ever taken a ride-share service, in which case you&#39;ll...", "image": {"identifier": "https://cdn.someecards.com/posts/busy-philipps-uber-creepy-stranger-tuP.jpg", "alt": "Busy Phillips freaks out, claims she was \u2018almost murdered\u2019 by a stranger in an Uber. | Someecards Celebrities"}}, "article": {"publisher": "https://www.facebook.com/someecards"}, "next-head-count": 54}, "movies": [], "publish_date": null, "source": "https://www.someecards.com", "summary": ""}