{"url": "http://www.youtube.com/watch?v=ljVB-tim2Rw", "text": "", "images": ["https://i.ytimg.com/vi/ljVB-tim2Rw/hqdefault.jpg"], "top_img": "https://i.ytimg.com/vi/ljVB-tim2Rw/hqdefault.jpg", "keywords": [], "authors": [], "canonical_link": "https://www.youtube.com/watch?v=ljVB-tim2Rw", "title": "Obama Criticizes McCain on Lobbyists", "meta_data": {"theme-color": "rgba(255, 255, 255, 0.98)", "title": "Obama Criticizes McCain on Lobbyists", "description": "You should be with us in 2012, join now: http://my.barackobama.com/mccainlobbyvidAt his rally in Tampa Sen. Obama talks about removing the dominance of the s...", "keywords": "Obama, Barack, Tampa, Florida", "og": {"site_name": "YouTube", "url": "https://www.youtube.com/watch?v=ljVB-tim2Rw", "title": "Obama Criticizes McCain on Lobbyists", "image": {"identifier": "https://i.ytimg.com/vi/ljVB-tim2Rw/hqdefault.jpg", "width": 480, "height": 360}, "description": "You should be with us in 2012, join now: http://my.barackobama.com/mccainlobbyvidAt his rally in Tampa Sen. Obama talks about removing the dominance of the s...", "type": "video.other", "video": {"url": "https://www.youtube.com/embed/ljVB-tim2Rw", "secure_url": "https://www.youtube.com/embed/ljVB-tim2Rw", "type": "text/html", "width": 480, "height": 360, "tag": "Florida"}}, "al": {"ios": {"app_store_id": 544007664, "app_name": "YouTube", "url": "vnd.youtube://www.youtube.com/watch?v=ljVB-tim2Rw&feature=applinks"}, "android": {"url": "vnd.youtube://www.youtube.com/watch?v=ljVB-tim2Rw&feature=applinks", "app_name": "YouTube", "package": "com.google.android.youtube"}, "web": {"url": "http://www.youtube.com/watch?v=ljVB-tim2Rw&feature=applinks"}}, "fb": {"app_id": 87741124305}, "twitter": {"card": "player", "site": "@youtube", "url": "https://www.youtube.com/watch?v=ljVB-tim2Rw", "title": "Obama Criticizes McCain on Lobbyists", "description": "You should be with us in 2012, join now: http://my.barackobama.com/mccainlobbyvidAt his rally in Tampa Sen. Obama talks about removing the dominance of the s...", "image": "https://i.ytimg.com/vi/ljVB-tim2Rw/hqdefault.jpg", "app": {"name": {"iphone": "YouTube", "ipad": "YouTube", "googleplay": "YouTube"}, "id": {"iphone": 544007664, "ipad": 544007664, "googleplay": "com.google.android.youtube"}, "url": {"iphone": "vnd.youtube://www.youtube.com/watch?v=ljVB-tim2Rw&feature=applinks", "ipad": "vnd.youtube://www.youtube.com/watch?v=ljVB-tim2Rw&feature=applinks", "googleplay": "https://www.youtube.com/watch?v=ljVB-tim2Rw"}}, "player": {"identifier": "https://www.youtube.com/embed/ljVB-tim2Rw", "width": 480, "height": 360}}}, "movies": [], "publish_date": null, "source": "http://www.youtube.com", "summary": ""}