{"url": "https://skinnyms.com/ankle-weight-butt-lift-workout/", "text": "A new level of butt workouts!\n\nAnkle weights are a great tool for fitness because they allow you to add intensity to your lower body workouts.\n\nWhen it comes to upper body, dumbbells add difficulty as you grow stronger. But increasing the difficulty is harder for lower body workouts. This is because weight are difficult to use with floor moves such as donkey kicks, fire hydrants, and glute bridges. This week, we\u2019ve created a butt workout that adds difficulty using ankle weights. This ankle weight workout makes your muscles work harder than ever before, strengthening, lifting, and shaping.\n\nAnd because ankle weights are an inexpensive product, it\u2019s easy to keep a pair at home. You can do this ankle weight workout from the comfort of your living room. So get a ready for a whole new level of butt workouts and get started with ankle weights!\n\nWhat You\u2019ll Need: ankle weights, and a mat or towel to lay on the floor.\n\nWhat to Do: Strap on your ankle weights and complete the exercises with no break in between. Rest for 60-90 seconds and repeat.\n\nBeginners: 2 rounds\n\nIntermediate: 3 rounds\n\nAdvanced: 4 rounds\n\nBelow, we\u2019ve included videos showing how to perform each move. Using proper form helps prevent injuries and ensures you\u2019re getting the most out of your workout.\n\nExercises:\n\n1. 10 Reverse Lunges with Kicks (Right Leg)\n\n2. 10 Reverse Lunges with Kicks (Left Leg)\n\n3. 25 Donkey Kicks (Right Leg)\n\n4. 25 Fire Hydrant Kicks (Right Leg)\n\n5. 25 Donkey Kicks (Left Leg)\n\n6. 25 Fire Hydrant Kicks (Left Leg)\n\n7. 25 Single Leg Glute Bridge (Right Leg)\n\n8. 25 Single Leg Glute Brdige (Left Leg)\n\nReverse Lunge with Kick\n\n\n\nDonkey Kicks\n\n\n\nFire Hydrant Kicks\n\n\n\nSingle Leg Glute Bridge\n\n", "images": ["https://skinnyms.com/wp-content/uploads/2016/12/Ankle-Weight-Butt-Lift-Workout.jpg", "data:image/svg+xml,%3Csvg%20xmlns='http://www.w3.org/2000/svg'%20viewBox='0%200%20736%20490'%3E%3C/svg%3E", "https://skinnyms.com/wp-content/uploads/2019/06/Do-This-Workout-Every-Morning-To-Keep-Holiday-Weight-Gain-Away-Photo-1-736x490.jpg", "https://skinnyms.com/wp-content/uploads/2019/08/No-Gym-Beginners-Fat-Blasting-Workout-photo-1.jpg", "https://skinnyms.com/wp-content/uploads/2016/12/Ankle-Weight-Butt-Lift-Workout-750x500.jpg", "data:image/svg+xml,%3Csvg%20xmlns='http://www.w3.org/2000/svg'%20viewBox='0%200%20180%20180'%3E%3C/svg%3E", "https://secure.gravatar.com/avatar/bd77b18cd33661f81c703e8eef630f69?s=180&d=mm&r=g", "https://skinnyms.com/wp-content/uploads/2020/05/Build-Your-Glutes-at-Home-with-these-7-Exercises-Photo-1-736x490.jpg", "data:image/svg+xml,%3Csvg%20xmlns='http://www.w3.org/2000/svg'%20viewBox='0%200%20750%20500'%3E%3C/svg%3E", "data:image/svg+xml,%3Csvg%20xmlns='http://www.w3.org/2000/svg'%20viewBox='0%200%2040%2040'%3E%3C/svg%3E", "https://secure.gravatar.com/avatar/bd77b18cd33661f81c703e8eef630f69?s=40&d=mm&r=g", "https://skinnyms.com/wp-content/uploads/2020/05/The-Best-15-Minute-Back-Workout-for-Women-photo-1-736x490.jpg", "data:image/svg+xml,%3Csvg%20xmlns='http://www.w3.org/2000/svg'%20viewBox='0%200%200%200'%3E%3C/svg%3E"], "top_img": "https://skinnyms.com/wp-content/uploads/2016/12/Ankle-Weight-Butt-Lift-Workout.jpg", "keywords": [], "authors": ["Sofia Lopez"], "canonical_link": "https://skinnyms.com/ankle-weight-butt-lift-workout/", "title": "Ankle Weight Butt Lift Workout", "meta_data": {"description": "Ankle weights are great for increasing the intensity of lower body workouts. This ankle weight workout targets your butt to lift, shape, and tone.", "robots": "index, follow, max-snippet:-1, max-image-preview:large, max-video-preview:-1", "og": {"locale": "en_US", "type": "article", "title": "Ankle Weight Butt Lift Workout", "description": "Ankle weights are great for increasing the intensity of lower body workouts. This ankle weight workout targets your butt to lift, shape, and tone.", "url": "https://skinnyms.com/ankle-weight-butt-lift-workout/", "site_name": "Skinny Ms.", "image": {"identifier": "https://skinnyms.com/wp-content/uploads/2016/12/Ankle-Weight-Butt-Lift-Workout.jpg", "width": 750, "height": 500}}, "article": {"publisher": "https://www.facebook.com/SkinnyMs", "published_time": "2017-03-03T08:30:43+00:00", "modified_time": "2019-12-13T02:08:24+00:00"}, "fb": {"app_id": 529576650555031, "pages": 167279863369717}, "twitter": {"card": "summary", "creator": "@SkinnyMs", "site": "@SkinnyMs", "label1": "Written by", "data1": "Sofia Lopez", "label2": "Est. reading time", "data2": "1 minute"}, "generator": "WordPress 5.5.3", "viewport": "width=device-width, initial-scale=1", "msapplication-TileImage": "https://skinnyms.com/wp-content/uploads/2020/03/cropped-skin-favicon-270x270.jpg"}, "movies": ["https://www.youtube.com/embed/_ggxoUsCx7A", "https://www.youtube.com/embed/SJ1Xuz9D-ZQ", "https://www.youtube.com/embed/La3xYT8MGks", "https://www.youtube.com/embed/nrLo5QCCfCc"], "publish_date": 1488529843.0, "source": "https://skinnyms.com", "summary": ""}