{"url": "www.imdb.com/news/ni61556261", "text": "The Sun and Metro were both forced to pull stories this week after it was discovered their supposed interviews with Justin Bieber were fake. The two publications each ran articles online featuring purported quotes from the superstar, but he never actually spoke with either outlet. Gossip Cop can explain what went down. On Sunday, Metro [\u2026]\n\nIMDb.com, Inc. takes no responsibility for the content or accuracy of the above news articles, Tweets, or blog posts. This content is published for the entertainment of our users only. The news articles, Tweets, and blog posts do not represent IMDb's opinions nor can we guarantee that the reporting therein is completely factual. Please visit the source responsible for the item in question to report any concerns you may have regarding content or accuracy.", "images": ["https://m.media-amazon.com/images/G/01/imdb/images/social/imdb_logo._CB410901634_.png", "https://sb.scorecardresearch.com/p?c1=2&c2=6034961&cj=1&cs_ucfr=", "http://fls-na.amazon.com/1/batch/1/OP/A1EVAM02EL8SFB:135-4386767-9256105:HWH5FQWA2ZR01SANB0J9$uedata=s:%2Frd%2Fuedata%3Fstaticb%26id%3DHWH5FQWA2ZR01SANB0J9:0", "http://fls-na.amazon.com/1/batch/1/OP/A1EVAM02EL8SFB:135-4386767-9256105:HWH5FQWA2ZR01SANB0J9$uedata=s:%2Frd%2Fuedata%3Fnoscript%26id%3DHWH5FQWA2ZR01SANB0J9:0"], "top_img": "https://m.media-amazon.com/images/G/01/imdb/images/social/imdb_logo._CB410901634_.png", "keywords": [], "authors": ["Shari Weiss"], "canonical_link": "https://www.imdb.com/news/ni61556261", "title": "The Sun, Metro Pull Fake Justin Bieber Interviews", "meta_data": {"apple-itunes-app": "app-id=342792525, app-argument=imdb:///news/ni61556261?src=mdot", "og": {"url": "http://www.imdb.com/news/ni61556261", "image": "https://m.media-amazon.com/images/G/01/imdb/images/social/imdb_logo._CB410901634_.png", "title": "The Sun, Metro Pull Fake Justin Bieber Interviews - IMDb", "site_name": "IMDb", "description": "IMDb, the world's most popular and authoritative source for movie, TV and celebrity content."}, "theme-color": "#000000", "pageId": "ni61556261", "pageType": "news", "subpageType": "single", "fb": {"app_id": 115109575169727}, "title": "The Sun, Metro Pull Fake Justin Bieber Interviews - IMDb", "description": "IMDb, the world's most popular and authoritative source for movie, TV and celebrity content.", "keywords": "news, movies, films, television, TV, celebrities, hollywood, stars, actors, actresses, directors", "request_id": "HWH5FQWA2ZR01SANB0J9"}, "movies": [], "publish_date": null, "source": "http://www.imdb.com", "summary": ""}