{"url": "https://hollywoodlife.com/2017/04/18/alex-rodriguez-jennifer-lopez-easter-kids-dominican-republic-vacation-pics/", "text": "Jennifer Lopez & Alex Rodriguez seem to be having the vacay of a lifetime in the Dominican Republic. But what\u2019s making it even better is their kids! Celebrating Easter together, the two fams joined forces and had an epic holiday \u2014 reportedly complete with a fun-filled egg hunt! You\u2019ll love these family pics!\n\nLooks like the Easter bunny brought Jennifer Lopez\u2018s, 47, and Alex Rodriguez\u2018s, 41, kids together! While Jen and A-Rod have been spending the past fews day together in the Dominican Republic, their children joined them for the Easter holiday, and the families apparently had one amazing time together! Alex even posted two adorable pics on Instagram, showing the joint fams doing various activities together.\n\nIn his first photo, Alex can be seen wearing all white while lounging on a white leather couch. To his left are his two daughters Natasha Alexander, 12, and Ella Alexander, 8. J.Lo\u2019s son Maximilian (Max) David Mu\u00f1iz, 9, is also pictured. How adorable! The only cutie missing from the image? Max\u2019s twin Emme Maribel Mu\u00f1iz. The former Yankees star captioned the snapshot, \u201c#couchpotatoes #eastersundaywiththekids.\u201d\n\nLater, Alex shared another photo, this time writing, \u201c#happyeaster from all of us.\u201d The families reportedly stayed at the Casa De Campo Resort & Villas, which costs about $10,000 a night, according to E! News. And they definitely made the most out of their beautiful surroundings come Easter Sunday! In fact, an eyewitness reportedly told the media outlet that J.Lo and A-Rod hosted an Easter egg hunt at their villa!\n\n\u201cJen and Alex woke up early and had Easter baskets outside lined up on the patio waiting for their kids,\u201d E! News\u2018 source shared. \u201cThey had family and friends over for an egg hunt on the sprawling lawn of the property.\u201d After the egg hunt, the couple apparently had a family lunch together and watched movies inside the resort.\n\n\u201cJ.Lo and A-Rod were sitting next to each other at the table watching and having a great time. The kids got along great and had a fun time running around searching for eggs,\u201d the insider dished. \u201cA-Rod\u2019s mom was also there along with some of his family. Jennifer gets along great with them and it\u2019s like they have all known each other forever. Their kids have also really bonded and become good friends. A-Rod\u2019s older daughter, Natasha, is like a big sister to J.Lo\u2019s twins.\u201d\n\nThe lovebirds\u2019 getaway is expected to last 10 days, and Jennifer was even able to perform her very first show in the Dominican Republic while there! She took the stage at the Altos de Chav\u00f3n Amphitheater on the night of Apr. 15, and was joined by Gente de Zona and ex-husband Marc Anthony for a few songs.\n\nTell us, HollywoodLifers \u2014 do you love that Alex and Jennifer spent Easter together with their kids? Do you think these two are in it for the long haul?", "images": ["https://hollywoodlife.com/wp-content/uploads/2020/11/travis-scott-skips-houston-for-kylie-and-stormi-mega-ftr.jpg?w=143&h=80&crop=1", "https://hollywoodlife.com/wp-content/uploads/2017/04/arod-jlo-with-kids-ftr.jpg?w=600", "https://hollywoodlife.com/wp-content/uploads/2020/11/sport-bra-ftr.jpg?w=143&h=80&crop=1", "https://www.sheknows.com/wp-content/uploads/2020/05/celebrity-women-who-arent-afraid-of-talking-about-masturbation.jpg?w=230&crop=1", "https://www.rollingstone.com/wp-content/uploads/2020/11/tyson-vs-jones-live-stream.jpg?w=230&crop=1", "https://pixel.quantserve.com/pixel?a.1=p-6fKiDaopTGEQg&a.2=p-31f3D02tYU8zY", "https://hollywoodlife.com/wp-content/uploads/2017/04/arod-jlo-with-kids-ftr.jpg", "https://hollywoodlife.com/wp-content/uploads/2017/06/kathleen-harper.jpg?w=43", "https://sb.scorecardresearch.com/p?c1=2&c2=6035310&c3=&c4=&c5=&c6=&c15=&cv=2.0&cj=1", "https://stylecaster.com/wp-content/uploads/2020/11/etsy-BF.gif?w=230&crop=1", "https://footwearnews.com/wp-content/uploads/2020/11/vanessa-hudgens-crop-top-jeans.jpg?w=230&crop=1", "data:image/gif;base64,R0lGODlhAQABAIAAAAAAAP///yH5BAEAAAAALAAAAAABAAEAAAIBRAA7", "https://tvline.com/wp-content/uploads/2020/11/the-masked-singer-paul-anka-broccoli-season-4-interview-video.jpg?w=230&crop=1", "https://hollywoodlife.com/wp-content/uploads/2020/11/patrick-mahomes-fiancee-baby-bump-ap-images-ftr.jpg?w=143&h=80&crop=1"], "top_img": "https://hollywoodlife.com/wp-content/uploads/2017/04/arod-jlo-with-kids-ftr.jpg", "keywords": [], "authors": ["Kathleen Harper", "Erika Janes", "Claire Gillespie", "Mia Maguire", "Kimberly Roots", "Tim Chan", "Claudia Miller", "Celebrity Baeditor"], "canonical_link": "https://hollywoodlife.com/2017/04/18/alex-rodriguez-jennifer-lopez-easter-kids-dominican-republic-vacation-pics/", "title": "Jennifer Lopez & A-Rod Celebrate Easter With Kids During Sweet Family Vacation \u2014 Pics", "meta_data": {"description": "Jennifer Lopez &amp; Alex Rodriguez seem to be having the vacay of a lifetime in the Dominican Republic. But what's making it even better, is their kids! Celebrating Easter together, the two fams joined forces and had an epic holiday -- reportedly complete with a fun-filled egg hunt! You'll love these family pics!", "news_keywords": "Alex Rodriguez, Easter, Jennifer Lopez", "apple-itunes-app": "app-id=1400650284", "generator": "WordPress 5.5.2", "author": "Kathleen Harper", "theme-color": "#fff", "apple-mobile-web-app-capable": "yes", "mobile-web-app-capable": "yes", "apple-touch-fullscreen": "YES", "apple-mobile-web-app-title": "Hollywood Life", "application-name": "Hollywood Life", "fb": {"pages": 94724837471}, "ia": {"markup_url_dev": "https://hollywoodlife.com/2017/04/18/alex-rodriguez-jennifer-lopez-easter-kids-dominican-republic-vacation-pics/?ia_markup=1"}, "robots": "max-image-preview:large", "onesignal": "wordpress-plugin", "og": {"type": "article", "title": "Jennifer Lopez & A-Rod Celebrate Easter With Kids During Sweet Family Vacation \u2014 Pics", "url": "https://hollywoodlife.com/2017/04/18/alex-rodriguez-jennifer-lopez-easter-kids-dominican-republic-vacation-pics/", "description": "Jennifer Lopez & Alex Rodriguez seem to be having the vacay of a lifetime in the Dominican Republic. But what\u2019s making it even better is their kids! Celebrating Easter together, the two f\u2026", "site_name": "Hollywood Life", "image": {"identifier": "https://hollywoodlife.com/wp-content/uploads/2017/04/arod-jlo-with-kids-ftr.jpg", "width": 600, "height": 889, "alt": "Alex Rodriguez Jennifer Lopez Easter"}, "locale": "en_US"}, "article": {"published_time": "2017-04-18T14:14:56+00:00", "modified_time": "2017-04-19T13:24:48+00:00"}, "twitter": {"text": {"title": "Jennifer Lopez & A-Rod Celebrate Easter With Kids During Sweet Family Vacation \u2014 Pics"}, "image": {"identifier": "https://hollywoodlife.com/wp-content/uploads/2017/04/arod-jlo-with-kids-ftr.jpg?w=600", "alt": "Alex Rodriguez Jennifer Lopez Easter"}, "card": "summary_large_image", "site": "@HollywoodLife", "title": "Jennifer Lopez & A-Rod Celebrate Easter With Kids During Sweet Family Vacation \u2014 Pics", "description": "Jennifer Lopez & Alex Rodriguez seem to be having the vacay of a lifetime in the Dominican Republic. But what's making it even better, is their kids! Celebrating Easter together, the two fams joined forces and had an epic holiday -- reportedly complete with a fun-filled egg hunt! You'll love these family pics!"}, "msapplication-TileImage": "https://hollywoodlife.com/wp-content/uploads/2018/06/hl_logo.png?w=128"}, "movies": [], "publish_date": 1492466400.0, "source": "https://hollywoodlife.com", "summary": ""}