{"url": "https://www.refinery29.com/en-us/2018/11/216682/kendall-jenner-makeup-green-eyeliner-peoples-choice-awards", "text": "Now abstract liner isn't new \u2014 remember the pointillism trend from last year? Or every time Solange leaves the house? But this is one of the first times Jenner has tried something so artsy herself. And we expect to see it a lot more soon, which we're not mad about at all given how it looks easy as hell to recreate ourselves. Like, there's no real formula you have to consider, and no tools you have to use other than the eyeliner and brush. Plus, how long do you think this took to create? According to Phillips, just 10 minutes.", "images": ["https://s1.r29static.com/bin/entry/f27/0,675,2000,1050/x,80/2066528/image.jpg", "https://www.refinery29.com/images/9879700.png", "https://www.refinery29.com/assets/d27ad8510dcf0eef13f6419f4f9a76e6.svg", "https://www.refinery29.com/assets/a70678be6c693f8a9915bec2fa49ee49.svg"], "top_img": "https://s1.r29static.com/bin/entry/f27/0,675,2000,1050/x,80/2066528/image.jpg", "keywords": [], "authors": ["Megan Decker", "Karina Hoshikawa", "Thatiana Diaz", "Alexandra Polk", "Kendall Jenner Green Eyeliner Peoples Choice Look"], "canonical_link": "https://www.refinery29.com/en-us/2018/11/216682/kendall-jenner-makeup-green-eyeliner-peoples-choice-awards", "title": "Kendall Jenner Green Eyeliner Peoples Choice Look 2018", "meta_data": {"title": "Kendall Jenner Green Eyeliner Peoples Choice Look 2018", "description": "All it took was 10 minutes and one $12 liner.", "og": {"url": "https://www.refinery29.com/en-us/2018/11/216682/kendall-jenner-makeup-green-eyeliner-peoples-choice-awards", "title": "Kendall Jenner Tried A Fresh Eyeliner Look That's So Easy", "description": "All it took was 10 minutes and one $12 liner.", "image": {"identifier": "https://s1.r29static.com/bin/entry/f27/0,675,2000,1050/x,80/2066528/image.jpg", "secure_url": "https://s1.r29static.com/bin/entry/f27/0,675,2000,1050/x,80/2066528/image.jpg", "width": 2000, "height": 1050}, "type": "article"}, "twitter": {"title": "Kendall Jenner Tried A Fresh Eyeliner Look That's So Easy", "card": "summary_large_image", "site": "@refinery29", "description": "All it took was 10 minutes and one $12 liner.", "image": "https://s1.r29static.com/bin/entry/f27/0,675,2000,1050/x,80/2066528/image.jpg"}, "pinterest": {"image": "https://s1.r29static.com/bin/entry/f27/112,0,1776,2400/x,80/2066528/image.jpg"}, "fb": {"app_id": 155023867867753, "pages": "86973707921,587074007996399,269626263209765,509115739117952,1562713254009921,583745561686633,656112191237463,284423314989162,974273182666651,192477361634120"}, "article": {"publisher": "refinery29"}, "viewport": "width=device-width, initial-scale=1", "theme-color": "#fd5b4e", "news_keywords": "kendall jenner, makeup, green eyeliner, eyeliner, people's choice awards, PCAs, 2018 people's choice awards, peoples choice awards,", "p": {"domain_verify": "b10faeb45f92f5ebf0073a215d615ea9"}, "entry_template": "entry.article", "author": "Rachel Lubitz", "channel": {"tag": "peoples-choice-awards"}}, "movies": [], "publish_date": 1542754800.0, "source": "https://www.refinery29.com", "summary": ""}