{"url": "www.elle.com/culture/celebrities/a19479151/miley-cyrus-liam-hemsworth-secret-wedding-planning/", "text": "Miley Cyrus and Liam Hemsworth have big plans to do the trendy secret wedding thing sometime in the near or far future\u2014tomorrow, maybe, or a year from now! You'll never know\u2014because it will be a secret. It could be happening right now. It will be the most secret secret wedding of all. Their friends will know literally right before it happens and no sooner, a source told Entertainment Tonight. So, Chris Hemsworth should keep a bag packed at all times, probably.\n\n\"She hasn't announced anything because she is being very secretive so only their friends will know and at the very last minute,\" the source said of Cyrus's wedding planning. \"This time they are doing everything their own way.\"\n\nThis content is imported from {embed-name}. You may be able to find the same content in another format, or you may be able to find more information, at their web site.\n\nPart of the reason for this is because when Cyrus and Hemsworth first got engaged in 2012, their plans to have a big wedding broke them up. \"The first time they announced their engagement in 2012, they felt such pressure to make it the most spectacular wedding in the world but that was the downfall of their relationship and lead to their break up,\" the source said. Stars: they're just like us.\n\nCyrus is on her own time table now, the source said, and just recently committed to the idea of a simple \"ranch wedding\" to honor her country roots.\n\n\"Miley has come up with all sorts of different wedding plans,\" the source said of Cyrus\u2019s process. \"She is always creative and thinking of new ideas that will make her experience different.\" So that ranch wedding may not actually happen. Maybe a Wrecking Ball-themed wedding. A secret Wrecking Ball wedding. Anything is possible. And also very secret.\n\nHemsworth and Cyrus have a good sense of humor about taking forever to have a wedding. \"This has been such a long drawn out process that they joke about the idea that when they finally get married people won't believe it's real!\" the source said. With all the fake \"secret marriage\" tabloid reports over the last few months, probably!\n\nAlyssa Bailey News and Strategy Editor Alyssa Bailey is the news and strategy editor at ELLE.com, where she oversees coverage of celebrities and royals (particularly Meghan Markle and Kate Middleton).\n\nThis content is created and maintained by a third party, and imported onto this page to help users provide their email addresses. You may be able to find more information about this and similar content at piano.io", "images": ["https://hips.hearstapps.com/hmg-prod.s3.amazonaws.com/images/gettyimages-927436064-1-1521465875.jpg?crop=1.00xw:0.755xh;0,0.0577xh&resize=1200:*", "data:image/gif;base64,R0lGODlhAQABAIAAAAAAAP///yH5BAEAAAAALAAAAAABAAEAAAIBRAA7"], "top_img": "https://hips.hearstapps.com/hmg-prod.s3.amazonaws.com/images/gettyimages-927436064-1-1521465875.jpg?crop=1.00xw:0.755xh;0,0.0577xh&resize=1200:*", "keywords": [], "authors": ["Alyssa Bailey", "News", "Strategy Editor", "Alyssa Bailey Is The News", "Strategy Editor At Elle.Com", "Where She Oversees Coverage Of Celebrities", "Royals", "Particularly Meghan Markle", "Kate Middleton ."], "canonical_link": "https://www.elle.com/culture/celebrities/a19479151/miley-cyrus-liam-hemsworth-secret-wedding-planning/", "title": "Miley Cyrus Planning the Most Secret Wedding to Liam Hemsworth", "meta_data": {"x-ua-compatible": "IE=edge,chrome=1", "viewport": "width=device-width,initial-scale=1,maximum-scale=6", "msapplication-tap-highlight": "no", "theme-color": "#EC008C", "og": {"type": "article", "site_name": "ELLE", "title": "Miley Cyrus Is Planning the Most Secret Secret Wedding to Liam Hemsworth", "description": "It could be happening right now. It could be happening right next to you. You'll never know.", "url": "https://www.elle.com/culture/celebrities/a19479151/miley-cyrus-liam-hemsworth-secret-wedding-planning/", "image": {"identifier": "https://hips.hearstapps.com/hmg-prod.s3.amazonaws.com/images/gettyimages-927436064-1-1521465875.jpg?crop=1.00xw:0.755xh;0,0.0577xh&resize=1200:*", "width": 1200, "height": 600}}, "fb": {"app_id": 364664413547847, "pages": 31911516300}, "article": {"publisher": "https://www.facebook.com/ellemagazine", "modified_time": "2018-03-19 07:19:05", "published_time": "2018-03-19 01:46:00", "section": "Celebrity News 2020", "opinion": "false"}, "twitter": {"site": "@ELLEmagazine", "card": "summary_large_image", "image": "https://hips.hearstapps.com/hmg-prod.s3.amazonaws.com/images/gettyimages-927436064-1-1521465875.jpg?crop=1.00xw:0.755xh;0,0.0577xh&resize=640:*"}, "google-site-verification": "W6SOBCzCmb2sA5l3z9YK1yO7I7bPYArVQCP09_e2zck", "title": "Miley Cyrus Planning the Most Secret Wedding to Liam Hemsworth - When Miley and Liam Are Getting Married", "description": "\u200bMiley Cyrus and Liam Hemsworth have big plans to do the secret wedding thing sometime in the near or far future\u2014tomorrow maybe or a year from now! Their friends will know literally right before it happens and no sooner, a source told \u200bEntertainment Tonight.", "keywords": "liam hemsworth, miley cyrus, miley cyrus liam hemsworth wedding, miley cyrus fiance, miley cyrus engaged, miley cyrus liam hemsworth, miley cyrus secretly married, miley cyrus wedding planning", "auto-publish": "timely", "thumbnail": "https://hips.hearstapps.com/hmg-prod.s3.amazonaws.com/images/gettyimages-927436064-1-1521465875.jpg?crop=0.670xw:0.998xh;0.199xw,0.00240xh&resize=320:*", "sailthru.contenttype": "standard-article", "sailthru.tags": "Culture,culture,celebrities,miley cyrus liam hemsworth wedding,liam hemsworth,miley cyrus", "sailthru.date": "2018-03-19T13:46:00Z", "sailthru.image.full": "https://hips.hearstapps.com/hmg-prod.s3.amazonaws.com/images/gettyimages-927436064-1-1521465875.jpg?crop=1.00xw:0.755xh;0,0.0577xh", "sailthru.image.thumb": "https://hips.hearstapps.com/hmg-prod.s3.amazonaws.com/images/gettyimages-927436064-1-1521465875.jpg?crop=0.670xw:0.998xh;0.199xw,0.00240xh", "sailthru.socialtitle": "Miley Cyrus Is Planning the Most Secret Secret Wedding to Liam Hemsworth", "m1": ".content-hed", "m2": ".content-dek p"}, "movies": [], "publish_date": 1521420360.0, "source": "http://www.elle.com", "summary": ""}