{"url": "https://web.archive.org/web/20071020185442/http://www.taxpolicycenter.org/numbers/displayatab.cfm?DocID=1390", "text": "Search Tax Tables\n\nby Laws, Bills, Proposals:\n\nAll Laws, Bills and Proposals Current Law Distribution of Current Law and Recent Tax Cuts Kerry Economic Proposals Revenue Raising Options 2003 Child Credit Plan: Senate 2003 Child Credit Plan: House JGTRRA and EGTRRA Combined 2004 Middle Class Tax Cuts Repeal Elements of 2001 and 2003 Tax Acts 2003 Tax Act: Jobs and Growth Tax Relief Reconciliation Act 2003 Tax Act: JGTRRA as Passed by the Senate 2003 Tax Act: Senate Finance Committee Modified Jobs and Growth Tax Act 2003 Tax Act: Senate Democratic Plan 2003 Tax Act: House Ways and Means Economic Growth & Jobs Package 2004 Tax Act: Working Families Tax Relief Act Featured 2005 Tax Acts 2003 Tax Act: Democratic Alternative to Administration Plan 2006 Tax Acts 2003 Tax Act: Administration Proposal 2002 Tax Act: Job Creation and Worker Assistance Act 2001 Tax Act: Economic Growth and Reconciliation Act 2001 Tax Act: Accelerate Provisions in EGTRRA 2001 Tax Act: Make Provisions in EGTRRA Permanent 2001 Tax Act: Freeze Provisions in EGTRRA\n\nby Tax Topic:\n\nAll Tax Topics Alternative Minimum Tax Capital Gains Child Tax Credit Dividends Earned Income Tax Credit Estate and Gift Health Care Low-Income Families and Children Marginal Tax Rates Marriage Penalties Payroll Representative Families Retirement Savings\n\nby Type of Table:\n\nAll Types of Tables Distribution Tables by Dollar Income Class Distribution Tables by Percentile Distribution Tables by Size of Tax Cut Revenue Tables Other Tables Descriptions of Laws and Proposals\n\n", "images": ["https://web.archive.org/web/20071020185442im_/http://www.taxpolicycenter.org/images/rightcornerlong.gif", "https://web.archive.org/web/20071020185442im_/http://www.taxpolicycenter.org/images/numheader.gif", "https://web.archive.org/web/20071020185442im_/http://www.taxpolicycenter.org/images/bullet_list.gif", "https://web.archive.org/web/20071020185442im_/http://www.taxpolicycenter.org/images/leftcornerlong.gif", "https://web.archive.org/web/20071020185442im_/http://www.taxpolicycenter.org/images/littleRSS.gif", "https://web.archive.org/web/20071020185442im_/http://www.taxpolicycenter.org/images/1x1.gif", "https://web.archive.org/web/20071020185442im_/http://www.taxpolicycenter.org/images/thenumbers.gif", "https://web.archive.org/web/20071020185442im_/http://www.taxpolicycenter.org/images/bullet-arrow.gif", "https://web.archive.org/web/20071020185442im_/http://www.taxpolicycenter.org/images/tpctitle.gif", "https://web.archive.org/web/20071020185442im_/http://www.taxpolicycenter.org/images/widespacer.gif", "https://web.archive.org/web/20071020185442im_/http://www.taxpolicycenter.org/numbers/Content/GIF/T06-0308.gif"], "top_img": "https://web.archive.org/web/20071020185442im_/http://www.taxpolicycenter.org/numbers/Content/GIF/T06-0308.gif", "keywords": [], "authors": ["Tax Policy Center"], "canonical_link": "", "title": "Current-Law Distribution of Federal Taxes By Cash Income Percentiles, 2007", "meta_data": {"robots": "index,nofollow", "Description": "2007 Distribution of individual income tax, payroll tax, corporate income tax, estate tax, and all federal tax (share of total tax and average tax rate) by cash income percentile.", "title": "Current-Law Distribution of Federal Taxes By Cash Income Percentiles, 2007", "Authors": "Tax Policy Center", "Copyright": "Copyright 2007 Tax Policy Center", "PublicationDate": "November 30, 2006", "Keywords": "Current Law,2007", "Generator": "CommonSpot Content Server Version 4.5.1"}, "movies": [], "publish_date": null, "source": "https://web.archive.org", "summary": ""}