{"url": "www.latimes.com/entertainment/la-et-grammys-2018-nominations-live-here-s-why-taylor-swift-was-shut-out-1511879531-htmlstory.html", "text": "In a reflection of the current state of pop, in which hip-hop and urban music are the dominating forces, artists such as Jay-Z, Kendrick Lamar, Childish Gambino and Bruno Mars are among the top nominees the 60th Grammy Awards, to be held Jan. 28 from Madison Square Garden in New York.", "images": ["https://ca-times.brightspotcdn.com/dims4/default/445b707/2147483647/strip/true/crop/662x348+0+338/resize/1200x630!/quality/90/?url=https%3A%2F%2Fcalifornia-times-brightspot.s3.amazonaws.com%2Ff6%2F18%2Fdaaf04bfc8875208ed57ad154127%2Fla-lb-media-grammy-ill-20171128-075840", "https://ca-times.brightspotcdn.com/dims4/default/ffd3fa8/2147483647/strip/true/crop/662x331+0+347/resize/2000x1000!/quality/90/?url=https%3A%2F%2Fcalifornia-times-brightspot.s3.amazonaws.com%2Ff6%2F18%2Fdaaf04bfc8875208ed57ad154127%2Fla-lb-media-grammy-ill-20171128-075840", "https://ca-times.brightspotcdn.com/b9/f5/1c9278c94a439e28f5150c679d6f/logo-full-black.svg", "https://ca-times.brightspotcdn.com/0e/c6/b86a8b4b43a793259deb28a32a56/latlogoinverse.svg"], "top_img": "https://ca-times.brightspotcdn.com/dims4/default/445b707/2147483647/strip/true/crop/662x348+0+338/resize/1200x630!/quality/90/?url=https%3A%2F%2Fcalifornia-times-brightspot.s3.amazonaws.com%2Ff6%2F18%2Fdaaf04bfc8875208ed57ad154127%2Fla-lb-media-grammy-ill-20171128-075840", "keywords": [], "authors": [], "canonical_link": "https://www.latimes.com/entertainment/la-et-grammys-2018-nominations-live-updates-htmlstory.html", "title": "Grammy nominations 2018 updates: The Grammys embrace hip-hop and newcomers; Nashville, Post Malone, Ed Sheeran snubbed", "meta_data": {"og": {"title": "Grammy nominations 2018 updates: The Grammys embrace hip-hop and newcomers; Nashville, Post Malone, Ed Sheeran snubbed", "url": "https://www.latimes.com/entertainment/la-et-grammys-2018-nominations-live-updates-htmlstory.html", "image": {"identifier": "https://ca-times.brightspotcdn.com/dims4/default/445b707/2147483647/strip/true/crop/662x348+0+338/resize/1200x630!/quality/90/?url=https%3A%2F%2Fcalifornia-times-brightspot.s3.amazonaws.com%2Ff6%2F18%2Fdaaf04bfc8875208ed57ad154127%2Fla-lb-media-grammy-ill-20171128-075840", "url": "https://ca-times.brightspotcdn.com/dims4/default/445b707/2147483647/strip/true/crop/662x348+0+338/resize/1200x630!/quality/90/?url=https%3A%2F%2Fcalifornia-times-brightspot.s3.amazonaws.com%2Ff6%2F18%2Fdaaf04bfc8875208ed57ad154127%2Fla-lb-media-grammy-ill-20171128-075840", "width": 1200, "height": 630, "type": "image/jpeg"}, "description": "In a reflection of the current state of pop, in which hip-hop and urban music are the dominating forces, artists such as Jay-Z, Kendrick Lamar, Childish Gambino and Bruno Mars are among the top nominees the 60th Grammy Awards, to be held Jan. 28 from Madison Square Garden in New York. Grammys get\u2026", "site_name": "Los Angeles Times", "type": "website"}, "twitter": {"card": "summary_large_image", "description": "In a reflection of the current state of pop, in which hip-hop and urban music are the dominating forces, artists such as Jay-Z, Kendrick Lamar, Childish Gambino and Bruno Mars are among the top nominees the 60th Grammy Awards, to be held Jan. 28 from Madison Square Garden in New York. Grammys get in tune with hip-hop and diversity for 2018 nominationsGrammys 2018: Complete list of nomineesGrammy snubs: Ed Sheeran and Post Malone largely left out in the coldKesha finally gets her first Grammy nominationMeet Taylor Swift, behind-the-scenes songwriter'Despacito,' the year's runaway hit sung in Spanish, could make Grammy historyGrammy nods for women, people of color an encouraging sign the Recording Academy is paying attention", "image": "https://ca-times.brightspotcdn.com/dims4/default/d858c96/2147483647/strip/true/crop/662x372+0+326/resize/1200x675!/quality/90/?url=https%3A%2F%2Fcalifornia-times-brightspot.s3.amazonaws.com%2Ff6%2F18%2Fdaaf04bfc8875208ed57ad154127%2Fla-lb-media-grammy-ill-20171128-075840", "site": "@latimes", "title": "Grammy nominations 2018 updates: The Grammys embrace hip-hop and newcomers; Nashville, Post Malone, Ed Sheeran snubbed"}, "fb": {"app_id": 119932621434123, "pages": 5863113009}, "viewport": "width=device-width, initial-scale=1", "description": "In a reflection of the current state of pop, in which hip-hop and urban music are the dominating forces, artists such as Jay-Z, Kendrick Lamar, Childish Gambino and Bruno Mars are among the top nominees the 60th Grammy Awards, to be held Jan. 28 from Madison Square Garden in New York. Grammys get in tune with hip-hop and diversity for 2018 nominationsGrammys 2018: Complete list of nomineesGrammy snubs: Ed Sheeran and Post Malone largely left out in the coldKesha finally gets her first Grammy nominationMeet Taylor Swift, behind-the-scenes songwriter'Despacito,' the year's runaway hit sung in Spanish, could make Grammy historyGrammy nods for women, people of color an encouraging sign the Recording Academy is paying attention", "brightspot.contentId": "0000016c-68c4-d4d6-a16e-eaef189f0000", "brightspot.cached": "false"}, "movies": [], "publish_date": null, "source": "http://www.latimes.com", "summary": ""}