{"url": "https://www.ranker.com/list/famous-serial-killers-who-are-still-alive/ranker-crime", "text": "This is a list of famous serial killers who are still alive. When serial killers are caught, after a long period of horrific, evil crimes, it\u2019s almost expected that their lives will be coming to an end. So it\u2019s remarkable to hear about serial killers that are still alive, most of whom are serving life sentences in prison.\n\nSome serial killers who could've been on death row took plea deals, so now they will be serving life in prison. Dennis Rader, also known as BTK, was caught in 2005, and still remains in prison. Very few serial killers who have been caught have been released from prison, but there are still some odd exceptions where the law and morality don\u2019t intersect.\n\nAre these some of America's most famous serial killers? There are some famous mass murderers on here, too. How did these serial killers murder their victims? This list answers these questions and more about some of the world\u2019s most notorious living serial killers. For example, Wayne Williams, believed to be responsible for the Atlanta child murders is still in prison, as is David Berkowitz, AKA Son of Sam. If you're curious about famous serial killers still alive, be sure to bookmark this page. It will feature a list of murderers, such as the worst death row inmates.\n\nWhat serial killers are still alive? Well, there are more serial killers alive today than you might expect. Gary Ridgway is one of many serial killers in prison. Rosemary West, one-half of a duo who committed unspeakable crimes, is one of many famous murderers still alive. Paul Bernardo is probably one of the most dangerous serial killers alive. But there are unfortunately plenty of other serial killers currently in prison.\n\nMany famous serial killers were murdered in jail. The male and female serial killers on this list either received life sentences or managed to avoid life in prison. These rare serial killers may have taken the lives of at least three people, some with victim numbers over 50, yet are still alive themselves.", "images": ["https://imgix.ranker.com/user_img/534/2665451/original/ranker-crime?fit=crop&fm=pjpg&q=60&w=56&h=56&crop=faces", "https://imgix.ranker.com/list_img_v2/7454/1207454/original/1207454-u9?w=817&h=427&fm=jpg&q=50&fit=crop", "https://imgix.ranker.com/user_node_img/53/1046480/original/gary-ridgway-photo-u9?fit=crop&fm=pjpg&q=60&w=375&dpr=1", "https://imgix.ranker.com/user_node_img/43/842253/original/dennis-rader-photo-u14?fit=crop&fm=pjpg&q=60&w=375&dpr=1"], "top_img": "https://imgix.ranker.com/list_img_v2/7454/1207454/original/1207454-u9?w=817&h=427&fm=jpg&q=50&fit=crop", "keywords": [], "authors": ["Ranker Crime"], "canonical_link": "https://www.ranker.com/list/famous-serial-killers-who-are-still-alive/ranker-crime", "title": "Famous Serial Killers Who Are Still Alive", "meta_data": {"robots": "index,follow", "p": {"domain_verify": "6bc9700ac759049b4fe292e21daf582a"}, "listid": 1207454, "twitter": {"site": "@ranker", "account_id": 1436986808, "card": "summary_large_image", "title": "Famous Serial Killers Who Are Still Alive", "description": "This is a list of famous serial killers who are still alive. These living serial killers, like Dennis Rader, or BTK, might surprise you. What other serial ...", "image": "https://imgix.ranker.com/list_img_v2/7454/1207454/original/1207454-u9?w=817&h=427&fm=jpg&q=50&fit=crop"}, "og": {"site_name": "Ranker", "title": "Famous Serial Killers Who Are Still Alive", "type": "article", "url": "https://www.ranker.com/list/famous-serial-killers-who-are-still-alive/ranker-crime", "description": "This is a list of famous serial killers who are still alive. When serial killers are caught, after a long period of horrific, evil crimes, it\u2019s almost expected that their lives will be coming to an end.\u00a0So it\u2019s remarkable to hear about serial killers that are still alive, most of whom are serving...", "image": "https://imgix.ranker.com/list_img_v2/7454/1207454/original/1207454-u9?w=817&h=427&fm=jpg&q=50&fit=crop"}, "description": "This is a list of famous serial killers who are still alive. These living serial killers, like Dennis Rader, or BTK, might surprise you. What other serial ...", "article": {"publisher": "https://www.facebook.com/Ranker"}, "google-signin-client_id": "890403204210-t8eic21uc86crk0lb21dio1h07dcs04o.apps.googleusercontent.com", "product": {"brand": "Ranker", "retailer_item_id": 1207454, "availability": "in stock", "condition": "new", "price": {"amount": "1.00", "currency": "USD"}}, "fb": {"app_id": "\"129409087172024\"", "admins": 553725001, "pages": 192930444524663}, "viewport": "width=device-width", "next-head-count": 13}, "movies": [], "publish_date": null, "source": "https://www.ranker.com", "summary": ""}