{"url": "http://www.c-span.org/video/?c4546787/hillary-clinton-remarks-national-urban-league-conference", "text": "\n\nby\n\nJuly 31, 2015 User-Created Clipby Caitlin Hillyard July 31, 2015\n\n2015-07-31T08:52:07-04:00\n\nhttps://images.c-span.org/Files/3e7/1438349883.jpg\n\n2016 Democratic presidential candidate Hillary Clinton delivers remarks at the National Urban League Conference. She discusses jobs, the economy, and recent police killings and the shooting at a church in Charleston, South Carolina.\n\n2016 Democratic presidential candidate Hillary Clinton delivers remarks at the National Urban League Conference. She discusses jobs, the economy, and recent police killings and the shooting at a church in Charleston, South Carolina.", "images": ["https://ximage.c-spanvideo.org/eyJidWNrZXQiOiJwaWN0dXJlcy5jLXNwYW52aWRlby5vcmciLCJrZXkiOiJGaWxlc1wvYzI0XC8yMDE2MDQxOTIwNTY0MTAwMV9oZC5qcGciLCJlZGl0cyI6eyJyZXNpemUiOnsiZml0IjoiY292ZXIiLCJoZWlnaHQiOjEyNSwid2lkdGgiOjIyMH19fQ==", "https://ximage.c-spanvideo.org/eyJidWNrZXQiOiJwaWN0dXJlcy5jLXNwYW52aWRlby5vcmciLCJrZXkiOiJGaWxlc1wvYzBmXC8xNDM4MzU4OTU5LmpwZyIsImVkaXRzIjp7InJlc2l6ZSI6eyJmaXQiOiJjb3ZlciIsImhlaWdodCI6MTI1LCJ3aWR0aCI6MjIwfX19", "http://static.c-span.org/assets/images/YouTube_icon_white.svg", "https://ximage.c-spanvideo.org/eyJidWNrZXQiOiJwaWN0dXJlcy5jLXNwYW52aWRlby5vcmciLCJrZXkiOiJGaWxlc1wvYmRiXC8yMDE2MDUwMzIwNTQ1NzAwMV9oZC5qcGciLCJlZGl0cyI6eyJyZXNpemUiOnsiZml0IjoiY292ZXIiLCJoZWlnaHQiOjEyNSwid2lkdGgiOjIyMH19fQ==", "https://ximage.c-spanvideo.org/eyJidWNrZXQiOiJwaWN0dXJlcy5jLXNwYW52aWRlby5vcmciLCJrZXkiOiJGaWxlc1wvM2U3XC8xNDM4MzQ5ODgzLmpwZyIsImVkaXRzIjp7InJlc2l6ZSI6eyJmaXQiOiJjb3ZlciIsImhlaWdodCI6NjMwLCJ3aWR0aCI6MTIwMH19fQ==", "http://static.c-span.org/assets/images/tagline.png", "https://ximage.c-spanvideo.org/eyJidWNrZXQiOiJwaWN0dXJlcy5jLXNwYW52aWRlby5vcmciLCJrZXkiOiJGaWxlc1wvNDU4XC8xNDM4MzU0Mjg1LmpwZyIsImVkaXRzIjp7InJlc2l6ZSI6eyJmaXQiOiJjb3ZlciIsImhlaWdodCI6MTI1LCJ3aWR0aCI6MjIwfX19", "http://static.c-span.org/assets/images/Instagram_icon_white.svg", "https://ximage.c-spanvideo.org/eyJidWNrZXQiOiJwaWN0dXJlcy5jLXNwYW52aWRlby5vcmciLCJrZXkiOiJGaWxlc1wvODVkXC8yMDE2MDMwMTE5MjQzMjAwMV9oZC5qcGciLCJlZGl0cyI6eyJyZXNpemUiOnsiZml0IjoiY292ZXIiLCJoZWlnaHQiOjEyNSwid2lkdGgiOjIyMH19fQ==", "http://static.c-span.org/assets/images/Connect-envelope_icon_white.svg", "https://ximage.c-spanvideo.org/eyJidWNrZXQiOiJwaWN0dXJlcy5jLXNwYW52aWRlby5vcmciLCJrZXkiOiJGaWxlc1wvNGEwXC8yMDE2MDMxNTE5MjAxNDAwMV9oZC5qcGciLCJlZGl0cyI6eyJyZXNpemUiOnsiZml0IjoiY292ZXIiLCJoZWlnaHQiOjEyNSwid2lkdGgiOjIyMH19fQ==", "http://static.c-span.org/assets/images/CSPAN_Navy-and-Blue.svg", "https://ximage.c-spanvideo.org/eyJidWNrZXQiOiJwaWN0dXJlcy5jLXNwYW52aWRlby5vcmciLCJrZXkiOiJGaWxlc1wvMGU3XC8xNDM4MzQ3NTEyLmpwZyIsImVkaXRzIjp7InJlc2l6ZSI6eyJmaXQiOiJjb3ZlciIsImhlaWdodCI6MTI1LCJ3aWR0aCI6MjIwfX19", "https://ximage.c-spanvideo.org/eyJidWNrZXQiOiJwaWN0dXJlcy5jLXNwYW52aWRlby5vcmciLCJrZXkiOiJGaWxlc1wvM2U3XC8xNDM4MzQ5ODgzLmpwZyIsImVkaXRzIjp7InJlc2l6ZSI6eyJmaXQiOiJjb3ZlciIsImhlaWdodCI6MTI1LCJ3aWR0aCI6MjIwfX19"], "top_img": "https://ximage.c-spanvideo.org/eyJidWNrZXQiOiJwaWN0dXJlcy5jLXNwYW52aWRlby5vcmciLCJrZXkiOiJGaWxlc1wvM2U3XC8xNDM4MzQ5ODgzLmpwZyIsImVkaXRzIjp7InJlc2l6ZSI6eyJmaXQiOiJjb3ZlciIsImhlaWdodCI6NjMwLCJ3aWR0aCI6MTIwMH19fQ==", "keywords": [], "authors": [], "canonical_link": "//www.c-span.org/video/?c4546787/hillary-clinton-remarks-national-urban-league-conference", "title": "Hillary Clinton Remarks at National Urban League Conference", "meta_data": {"viewport": "width=device-width, initial-scale=1.0", "description": "2016 Democratic presidential candidate Hillary Clinton delivers remarks at the National Urban League Conference. She discusses jobs, the economy, and recent police killings and the shooting at a church in Charleston, South Carolina.", "og": {"image": {"identifier": "https://ximage.c-spanvideo.org/eyJidWNrZXQiOiJwaWN0dXJlcy5jLXNwYW52aWRlby5vcmciLCJrZXkiOiJGaWxlc1wvM2U3XC8xNDM4MzQ5ODgzLmpwZyIsImVkaXRzIjp7InJlc2l6ZSI6eyJmaXQiOiJjb3ZlciIsImhlaWdodCI6NjMwLCJ3aWR0aCI6MTIwMH19fQ==", "type": "image/jpeg", "width": 1200}, "title": "Hillary Clinton Remarks at National Urban League Conference", "url": "//www.c-span.org/video/?c4546787/hillary-clinton-remarks-national-urban-league-conference", "locale": "en_US", "site_name": "C-SPAN.org", "description": "2016 Democratic presidential candidate Hillary Clinton delivers remarks at the National Urban League Conference. She discusses jobs, the economy, and recent police killings and the shooting at a church in Charleston, South Carolina."}}, "movies": [], "publish_date": null, "source": "http://www.c-span.org", "summary": ""}