{"url": "https://www.hellomagazine.com/celebrities/2017041938218/suri-cruise-celebrates-11-birthday-three-cakes/", "text": "Katie Holmes celebrated her daughter Suri Cruise's birthday with not one but three birthday cakes! The proud mum shared a photo of the trio of treats, each beautifully decorated with flowers and strawberries. The Dawson's Creek actress captioned the snap: \"A very HAPPY BIRTHDAY to my sweetie.\" Fans were quick to wish the daughter of Katie and Tom Cruise many happy returns, with one writing: \"Our daughters share the same birthday. Only mine is turning 16 today! Enjoy every moment.\" Perez Hilton also commented on the post, writing: \"Happy birthday! Can't believe she's 11 already!\"\n\nREAD: Katie Holmes and Jamie Foxx spotted on secret dinner date\n\nKatie shared a photo of Suri's birthday cakes\n\nKatie also shared a black-and-white photo of birthday balloons, and simply captioned the picture with several balloon emojis. The 38-year-old has been spending plenty of time with her daughter recently, as they enjoyed a trip to the beach for Easter weekend. Katie shared several photos of the trip, which included a snap of her hugging her little girl and the family trying out parasailing together. According to E! News, the group holidayed at the Marco Island Beach Resort in Florida, with a source telling the magazine: \"They've been enjoying beach days and trips to the local ice cream shop.\"\n\nREAD: Suri Cruise enjoys a pamper day with doting mum Katie Holmes\n\nKatie threw a birthday party for Suri\n\nThe actress recently opened up about raising Suri in the spotlight. Chatting on The View, she said: \"I raise my child like [how] my family, sisters raise their children and how I was raised. I love being a parent and I feel really blessed to have such a sweet little girl. I am the baby of five. I have a lot of cousins. I'm the youngest grandchild on the Holmes side. So I have an amazing family and we're always in Ohio. I'm really proud of my nieces and nephews.\"", "images": ["https://www.hellomagazine.com/imagenes/celebrities/2017041938218/suri-cruise-celebrates-11-birthday-three-cakes/0-204-600/katie-holmes-t.jpg?filter=w600", "https://www.himgs.com/css/hello/img/logo.png", "https://www.hellomagazine.com/imagenes/celebrities/2017041938218/suri-cruise-celebrates-11-birthday-three-cakes/0-204-602/suri-cruise1-a.jpg", "https://www.facebook.com/tr?id=858230647564408&ev=PageView&noscript=1", "https://pixel.33across.com/ps/?pid=1157&cgn=17916&seg=47780", "https://certify.alexametrics.com/atrk.gif?account=HS7uq1SZw320l9", "https://www.hellomagazine.com/imagenes/celebrities/2017041938218/suri-cruise-celebrates-11-birthday-three-cakes/0-204-601/suri-cruise-a.jpg", "https://www.hellomagazine.com/celebrities/2017041938218/suri-cruise-celebrates-11-birthday-three-cakes/\n            https:/www.facebook.com/tr?ev=6015416512498&cd[value]=0.00&cd[currency]=USD&noscript=1", "https://www.hellomagazine.com/imagenes/celebrities/2017041938218/suri-cruise-celebrates-11-birthday-three-cakes/0-204-600/katie-holmes-t.jpg", "https://www.himgs.com/imagenes/hello/common/subs-button-3.jpg", "https://www.himgs.com/imagenes/hello/common/hello-2008.png?v2", "https://www.facebook.com/tr?id=1728383620790976&ev=PageView&noscript=1", "https://sb.scorecardresearch.com/p?c1=2&c2=6035866&cs_ucfr=1&cv=2.0&cj=1", "https://trc.taboola.com/1115066/log/3/unip?en=page_view", "https://www.hellomagazine.com/imagenes/comunes/1.gif?resize=5px:3px"], "top_img": "https://www.hellomagazine.com/imagenes/celebrities/2017041938218/suri-cruise-celebrates-11-birthday-three-cakes/0-204-600/katie-holmes-t.jpg", "keywords": [], "authors": [], "canonical_link": "https://www.hellomagazine.com/celebrities/2017041938218/suri-cruise-celebrates-11-birthday-three-cakes/", "title": "Suri Cruise celebrates 11th birthday with three cakes!", "meta_data": {"plantilla": "Plantilla de noticias (plantilla-noticias.html)", "title": "Suri Cruise celebrates 11th birthday with three cakes!", "description": "Katie Holmes treated her daughter Suri Cruise to celebrate her 11th birthday", "keywords": "Suri Cruise, Suri Cruise cakes, Suri Cruise birthday, Suri Cruise news, Suri Cruise age, Suri Cruise instagram, katie holmes daughter, katie holmes news", "dc.title": "Suri Cruise celebrates 11th birthday with three cakes!", "distribution": "global", "viewport": "width=device-width, initial-scale=1, maximum-scale=3, user-scalable=yes", "news_keywords": "Suri Cruise, Suri Cruise cakes, Suri Cruise birthday, Suri Cruise news, Suri Cruise age, Suri Cruise instagram, katie holmes daughter, katie holmes news", "og": {"title": "Suri Cruise celebrates 11th birthday with three cakes!", "description": "Katie Holmes treated her daughter Suri Cruise to celebrate her 11th birthday", "image": "https://www.hellomagazine.com/imagenes/celebrities/2017041938218/suri-cruise-celebrates-11-birthday-three-cakes/0-204-600/katie-holmes-t.jpg", "updated_time": "2017-04-19T11:21:29+01:00", "url": "https://www.hellomagazine.com/celebrities/2017041938218/suri-cruise-celebrates-11-birthday-three-cakes/", "type": "article", "site_name": "HELLO!"}, "fb": {"admins": 89982930077}, "article": {"published_time": "2017-04-19T11:21:29+01:00", "modified_time": "2017-04-19T11:21:29+01:00"}, "twitter": {"card": "summary_large_image", "site": "@hellomag", "creator": "@hellomag", "url": "https://www.hellomagazine.com/celebrities/2017041938218/suri-cruise-celebrates-11-birthday-three-cakes/", "title": "Suri Cruise celebrates 11th birthday with three cakes!", "description": "Katie Holmes treated her daughter Suri Cruise to celebrate her 11th birthday.", "image": "https://www.hellomagazine.com/imagenes/celebrities/2017041938218/suri-cruise-celebrates-11-birthday-three-cakes/0-204-600/katie-holmes-t.jpg"}, "hmn": "true", "botify-site-verification": "rAorMmkbfzd6yOwJ3PITFmdyCjOzGLug"}, "movies": [], "publish_date": 1492597289.0, "source": "https://www.hellomagazine.com", "summary": ""}