{"url": "https://www.cosmopolitan.com/food-cocktails/a9556726/disneyland-starbucks-pink-pegasus-frappuccino/", "text": "The happiest place on Earth officially just became the most mythical, too.\n\nThis content is imported from Instagram. You may be able to find the same content in another format, or you may be able to find more information, at their web site.\n\nAfter running out of the ingredients necessary to make the uber popular new Unicorn Frappuccino, the Starbucks in Downtown Disneyland decided to create its own version of the rainbow beverage: the Pink Pegasus Frappuccino. As first reported by HelloGiggles, the magical white mocha and raspberry-flavored drink is near-identical to the Unicorn Frappuccino, minus all of the \"blue ingredients\" that make it sour \u2014 and based on social media, people are already obsessed with it.\n\nThis content is imported from Instagram. You may be able to find the same content in another format, or you may be able to find more information, at their web site.\n\nThis content is imported from Instagram. You may be able to find the same content in another format, or you may be able to find more information, at their web site.\n\nThis content is imported from Instagram. You may be able to find the same content in another format, or you may be able to find more information, at their web site.\n\nLike all mythical things, the Pink Pegasus Frappuccino won't be around for long \u2014 so get your hands on one while you still can. It's exclusively available at the Starbucks in Downtown Disneyland for a limited time only.\n\nFollow Gina on Twitter.\n\nGina Mei I'm Gina, the night editor here at Cosmopolitan.com!\n\nThis content is created and maintained by a third party, and imported onto this page to help users provide their email addresses. You may be able to find more information about this and similar content at piano.io", "images": ["data:image/gif;base64,R0lGODlhAQABAIAAAAAAAP///yH5BAEAAAAALAAAAAABAAEAAAIBRAA7", "https://hips.hearstapps.com/hmg-prod.s3.amazonaws.com/images/sbux-pink-pegasus-1493419782.png?crop=1.00xw:1.00xh;0,0&resize=1200:*"], "top_img": "https://hips.hearstapps.com/hmg-prod.s3.amazonaws.com/images/sbux-pink-pegasus-1493419782.png?crop=1.00xw:1.00xh;0,0&resize=1200:*", "keywords": [], "authors": ["Gina Mei", "I'M Gina", "The Night Editor Here At Cosmopolitan.Com"], "canonical_link": "https://www.cosmopolitan.com/food-cocktails/a9556726/disneyland-starbucks-pink-pegasus-frappuccino/", "title": "Disneyland Has Its Own Exclusive Version of the Unicorn Frappuccino", "meta_data": {"x-ua-compatible": "IE=edge,chrome=1", "viewport": "width=device-width,initial-scale=1,maximum-scale=6", "msapplication-tap-highlight": "no", "theme-color": "#EC008C", "og": {"type": "article", "site_name": "Cosmopolitan", "title": "Disneyland Has Its Own Exclusive Version of the Unicorn Frappuccino", "description": "The happiest place on Earth always delivers.", "url": "https://www.cosmopolitan.com/food-cocktails/a9556726/disneyland-starbucks-pink-pegasus-frappuccino/", "image": {"identifier": "https://hips.hearstapps.com/hmg-prod.s3.amazonaws.com/images/sbux-pink-pegasus-1493419782.png?crop=1.00xw:1.00xh;0,0&resize=1200:*", "width": 1200, "height": 600}}, "fb": {"app_id": 162305873819997, "pages": 8358247707}, "article": {"publisher": "https://facebook.com/Cosmopolitan", "modified_time": "2017-10-04 04:56:07", "published_time": "2017-04-25 04:07:00", "section": "Cosmo Bites", "opinion": "false"}, "twitter": {"site": "@Cosmopolitan", "card": "summary_large_image", "image": "https://hips.hearstapps.com/hmg-prod.s3.amazonaws.com/images/sbux-pink-pegasus-1493419782.png?crop=1.00xw:1.00xh;0,0&resize=640:*"}, "google-site-verification": "9QqScyr6oRc1iBU6yEjb9Ww8aQvv8v-cCm0TKu2J2iw", "title": "Disneyland Has Its Own Exclusive Version of the Unicorn Frappuccino", "description": "The happiest place on Earth always delivers.", "keywords": "disneyland, downtown disney, downtown disneyland, pink pegasus frappuccino, starbucks, unicorn frappuccino", "auto-publish": "timely", "thumbnail": "https://hips.hearstapps.com/hmg-prod.s3.amazonaws.com/images/sbux-pink-pegasus-1493419782.png?crop=0.501xw:1.00xh;0,0&resize=320:*", "sailthru.contenttype": "standard-article", "sailthru.tags": "Cosmo Bites,food-cocktails,pink pegasus frappuccino,downtown disneyland,downtown disney,unicorn frappuccino", "sailthru.date": "2017-04-25T04:07:00Z", "sailthru.image.full": "https://hips.hearstapps.com/hmg-prod.s3.amazonaws.com/images/sbux-pink-pegasus-1493419782.png?crop=1.00xw:1.00xh;0,0", "sailthru.image.thumb": "https://hips.hearstapps.com/hmg-prod.s3.amazonaws.com/images/sbux-pink-pegasus-1493419782.png?crop=0.501xw:1.00xh;0,0", "sailthru.socialtitle": "Disneyland Has Its Own Exclusive Version of the Unicorn Frappuccino", "m1": ".content-hed", "m2": ".content-dek p"}, "movies": [], "publish_date": 1493086020.0, "source": "https://www.cosmopolitan.com", "summary": ""}