{"url": "www.playbill.com/article/bette-midler-and-david-hyde-pierce-return-to-hello-dolly-on-broadway-july-17", "text": "Bette Midler and David Hyde Pierce Return to Hello, Dolly! on Broadway July 17\n\nMidler reprises her Tony-winning performance, closing out the revival with a six-week limited engagement.\n\nShe\u2019s back home where she belongs.\n\nBette Midler steps back into the Broadway revival of Hello, Dolly! beginning July 17, reprising her Tony-winning performance as title matchmaker Dolly Gallagher Levi. Joining her is her original co-star David Hyde Pierce, who returns to the role of Horace Vandergelder.\n\nThe two succeed Bernadette Peters and Victor Garber, who joined the company in January and took their final bows at the Shubert Theatre July 15.\n\nMidler and Pierce, who opened the production in April 2017, will play a six-week limited engagement and close out the Tony-winning revival when it shutters August 25.\n\nThe current cast also includes Tony winner Gavin Creel as Cornelius Hackl, Kate Baldwin as Irene Molloy, Charlie Stemp as Barnaby Tucker, Molly Griggs as Minnie Fay, Will Burton as Ambrose Kemper, Melanie Moore as Ermengarde, and Alli Mauzey as Ernestina.\n\nAs she did during Midler\u2019s original run, fellow Tony winner Donna Murphy will take the stage as Dolly at select performances, playing Sunday matinees July 22\u2013August 19, as well as August 20.\n\n", "images": ["data:image/gif;base64,R0lGODlhAQABAAAAACH5BAEKAAEALAAAAAABAAEAAAICTAEAOw==", "https://bsp-static.playbill.com/dims4/default/9cc3589/2147483647/thumbnail/300x300/quality/90/?url=http%3A%2F%2Fpb-asset-replication.s3.amazonaws.com%2F5b%2F63%2Ff208a3cd47c6833ea04b1dfb10b7%2Fpcart.Sq.Trans.png", "https://bsp-static.playbill.com/c8/ce/183565db4e49acf3c331b3e605c7/uat.playbill.psdops-1.png", "https://bsp-static.playbill.com/dims4/default/83dc4f4/2147483647/crop/2902x2902%2B330%2B419/resize/300x300/quality/90/?url=http%3A%2F%2Fpb-asset-replication.s3.amazonaws.com%2F53%2F98%2Ffbbb983b4dbab80e194c6529949e%2Fbette-midler-birthday-hello-dolly-2017-02-hr.jpg", "http://pixel.quantserve.com/pixel/p-d4EOGSLZ4snXA.gif", "https://sb.scorecardresearch.com/p?c1=2&c2=33044428&cv=3.1&cj=1", "https://www.facebook.com/tr?id=925349244281937&ev=PageView&noscript=1", "https://bsp-static.playbill.com/dims4/default/9d22f37/2147483647/crop/5577x3139%2B0%2B572/resize/970x546/quality/90/?url=http%3A%2F%2Fpb-asset-replication.s3.amazonaws.com%2Faa%2Ffa%2F752053634badb8c563c79a888994%2F1-1048-bette-midler-in-hello-dolly-photo-by-julieta-cervantes.jpg", "https://bsp-static.playbill.com/dims4/default/7018131/2147483647/resize/114x15/quality/90/?url=http%3A%2F%2Fpb-asset-replication.s3.amazonaws.com%2F67%2Fff%2F19d7acd74ba997d28c71f3e4fb43%2Fbrightspot.png", "https://bsp-static.playbill.com/dims4/default/02c8499/2147483647/thumbnail/5616x2934/resize/1200x627/quality/90/?url=http%3A%2F%2Fpb-asset-replication.s3.amazonaws.com%2Faa%2Ffa%2F752053634badb8c563c79a888994%2F1-1048-bette-midler-in-hello-dolly-photo-by-julieta-cervantes.jpg"], "top_img": "https://bsp-static.playbill.com/dims4/default/02c8499/2147483647/thumbnail/5616x2934/resize/1200x627/quality/90/?url=http%3A%2F%2Fpb-asset-replication.s3.amazonaws.com%2Faa%2Ffa%2F752053634badb8c563c79a888994%2F1-1048-bette-midler-in-hello-dolly-photo-by-julieta-cervantes.jpg", "keywords": [], "authors": [], "canonical_link": "http://www.playbill.com/article/bette-midler-and-david-hyde-pierce-return-to-hello-dolly-on-broadway-july-17", "title": "Bette Midler and David Hyde Pierce Return to Hello, Dolly! on Broadway July 17", "meta_data": {"viewport": "width=device-width, initial-scale=1", "title": "Bette Midler and David Hyde Pierce Return to Hello, Dolly! on Broadway July 17 | Playbill", "description": "Midler reprises her Tony-winning performance, closing out the revival with a six-week limited engagement.", "og": {"url": "http://www.playbill.com/article/bette-midler-and-david-hyde-pierce-return-to-hello-dolly-on-broadway-july-17", "site_name": "Playbill", "title": "Bette Midler and David Hyde Pierce Return to Hello, Dolly! on Broadway July 17 | Playbill", "description": "Midler reprises her Tony-winning performance, closing out the revival with a six-week limited engagement.", "image": "https://bsp-static.playbill.com/dims4/default/02c8499/2147483647/thumbnail/5616x2934/resize/1200x627/quality/90/?url=http%3A%2F%2Fpb-asset-replication.s3.amazonaws.com%2Faa%2Ffa%2F752053634badb8c563c79a888994%2F1-1048-bette-midler-in-hello-dolly-photo-by-julieta-cervantes.jpg"}, "twitter": {"card": "summary_large_image", "title": "Bette Midler and David Hyde Pierce Return to Hello, Dolly! on Broadway July 17 | Playbill", "description": "Midler reprises her Tony-winning performance, closing out the revival with a six-week limited engagement.", "site": "@playbill", "creator": "@playbill", "image": "https://bsp-static.playbill.com/dims4/default/4d6bb62/2147483647/crop/5616x2808%2B0%2B621/resize/1024x512%5E/quality/90/?url=http%3A%2F%2Fpb-asset-replication.s3.amazonaws.com%2Faa%2Ffa%2F752053634badb8c563c79a888994%2F1-1048-bette-midler-in-hello-dolly-photo-by-julieta-cervantes.jpg"}, "article": {"published_time": "Tue Jul 17 00:01:00 EDT 2018", "author": "Ryan McPhee", "section": "News"}}, "movies": [], "publish_date": 1531778460.0, "source": "http://www.playbill.com", "summary": ""}