{"url": "https://www.thesun.co.uk/tvandshowbiz/7955772/david-victoria-beckham-barely-speak-rita-ora/", "text": "THE Beckhams sat with their backs to each other as their awkward cold war continued.\n\nThe \u00a3500million couple barely exchanged words during the after party at The British Fashion Awards.\n\n7 The Beckhams sat with their backs to each other during the after party\n\n7 A sullen Victoria Beckham with husband David at the awards Credit: Getty - Contributor\n\nDespite presenting a united front on the red carpet, they went their separate ways once inside The Royal Albert Hall.\n\nDavid, 43, introduced himself to guests at the pre-ceremony dinner alongside pal Dave Gardner.\n\nAnd his friendliness with Rita Ora, 28, in Posh\u2019s absence, set tongues wagging.\n\nFrosty Victoria, 44, looked furious during the ceremony as Becks was praised by host Jack Whitehall \u2014 even though she was the one up for an award.\n\n7 David's friendliness with Rita Ora got party-goers talking Credit: Splash News\n\n7 The \u00a3500m couple presented a united front at another Fashion Awards bash Credit: Splash News\n\nJack joked about the football icon stealing the spotlight at the Royal Wedding in May.\n\nVictoria missed out on British Womenswear Designer of the Year award at Monday\u2019s bash.\n\nAn insider said: \u201cYou\u2019d expect Brand Beckham to do their schmoozing together, but David had only Dave by his side as he made his big entrance.\n\n7 The pair barely spoke after the award ceremony Credit: Getty - Contributor\n\n7 Their son Brooklyn Beckham took girlfriend Hanna Cross to the bash Credit: Splash News\n\nPregnant Duchess of Sussex Meghan Markle announces the winner for British Designer Womenswear at The Fashion Awards\n\n\u201cHe seemed quite charmed by Rita and said they should work together.\n\n\u201cVictoria\u2019s scowl as Jack joked of David \u201cwinning\u201d the Royal Wedding was caught on big screens for the audience to see.\n\n\u201cThey sat together for the ceremony but moved apart at the after party.\n\n7 Victoria did not seem impressed by host Jack Whitehall's jokes Credit: Splash News\n\nMOST READ IN BIZARRE HEAVY PRAYER Big Brother's Heavy D said 'I need all the blessings I can get' in final video OH HONEY Jonathan Ross' daughter poses naked on Instagram saying 'f*** it - a full nude' CHASED OFF The Chase\u2019s Anne is furious as her salary is slashed after new Chaser joins Exclusive JOE'S WOES Emmerdale star moves out after rows with girlfriend over time with DOI's Vanessa Exclusive gangster's paradise I'm A Celeb's Shane Richie had a close friendship with Reggie Kray 'TOO SKINNY' Chloe Ferry slammed by fans for posting 'too skinny' picture of her ribs\n\n\"They were only seen briefly speaking to each other once in about 25 minutes before they left.\n\n\u201cThey made an effort to look cosier when a crowd built around their table.\u201d\n\nA spokesman for David said: \u201cDavid, Victoria and Brooklyn had a fantastic night together at the Awards and party.\u201d\n\nDivorce rumours in the summer were rubbished by their reps.", "images": ["data:image/gif;base64,R0lGODlhAQABAAAAACH5BAEKAAEALAAAAAABAAEAAAICTAEAOw==", "data:image/svg+xml,%3Csvg xmlns=\"http://www.w3.org/2000/svg\" viewBox=\"0 0 1 1\"%3E%3C/svg%3E", "data:image/svg+xml,%3Csvg xmlns=\"http://www.w3.org/2000/svg\" viewBox=\"0 0 0.7 1\"%3E%3C/svg%3E", "https://www.thesun.co.uk/wp-content/uploads/2020/11/sunmasthead_mobile-1.png", "data:image/svg+xml,%3Csvg xmlns=\"http://www.w3.org/2000/svg\" viewBox=\"0 0 0.6 1\"%3E%3C/svg%3E", "data:image/svg+xml,%3Csvg xmlns=\"http://www.w3.org/2000/svg\" viewBox=\"0 0 1.5 1\"%3E%3C/svg%3E", "https://www.thesun.co.uk/wp-content/uploads/2018/12/tp-composite-beckhams-new27.jpg?strip=all&quality=100&w=750&h=500&crop=1", "https://www.thesun.co.uk/wp-content/themes/thesun/images/sunmasthead.svg", "https://www.facebook.com/tr?id=752905198150451&ev=PageView&noscript=1"], "top_img": "https://www.thesun.co.uk/wp-content/uploads/2018/12/tp-composite-beckhams-new27.jpg?strip=all&quality=100&w=750&h=500&crop=1", "keywords": [], "authors": ["Daniel Sperling"], "canonical_link": "https://www.thesun.co.uk/tvandshowbiz/7955772/david-victoria-beckham-barely-speak-rita-ora/", "title": "David and Victoria Beckham barely speak at fashion do as he schmoozes Rita Ora", "meta_data": {"twitter": {"text": {"title": "David and Victoria Beckham barely speak at fashion awards as he schmoozes Rita Ora"}, "card": "summary_large_image", "site": "@thesun"}, "robots": "noarchive,noodp", "taboola": {"kicker": "POSH 'N BACKS", "headline": "David and Victoria Beckham barely talk at fashion do as he schmoozes Rita Ora", "image": {"medium": "https://www.thesun.co.uk/wp-content/uploads/2018/12/tp-composite-beckhams-new27.jpg?strip=all&quality=100&w=300&h=192&crop=1", "large": "https://www.thesun.co.uk/wp-content/uploads/2018/12/tp-composite-beckhams-new27.jpg?strip=all&quality=100&w=620&h=413&crop=1"}}, "parsely-post-id": 7955772, "viewport": "initial-scale=1.0, maximum-scale=1.0, user-scalable=no, width=device-width, viewport-fit=cover", "apple-itunes-app": "app-id=373954290, affiliate-data=ct=Smart%20App%20Banner&pt=263124", "google-site-verification": "a576LGe3E0YA5QjAMY268jcuKWwPLIORxwlTMrjnfnE", "msvalidate.01": "E4359034FA254151A3AB2EFAC6D20D80", "p": {"domain_verify": "c061a8052bd9e93315b7f01447fa4124"}, "og": {"type": "article", "title": "David and Victoria Beckham barely talk at fashion do as he schmoozes Rita Ora", "url": "https://www.thesun.co.uk/tvandshowbiz/7955772/david-victoria-beckham-barely-speak-rita-ora/", "description": "THE Beckhams sat with their backs to each other as their awkward cold war continued. The \u00a3500million couple barely exchanged words during the after party at The British Fashion Awards. Despite pres\u2026", "site_name": "The Sun", "image": {"identifier": "https://www.thesun.co.uk/wp-content/uploads/2018/12/tp-composite-beckhams-new27.jpg?strip=all&quality=100&w=750&h=500&crop=1", "width": 750, "height": 500}, "locale": "en_GB"}, "article": {"published_time": "2018-12-11T21:30:39+00:00", "modified_time": "2018-12-12T08:08:06+00:00", "publisher": 161385360554578, "tag": "David Beckham, Rita Ora, The Beckhams, Victoria Beckham", "author": "https://www.facebook.com/thesunshowbiz/", "content_tier": "free"}, "fb": {"app_id": 144647118961553, "pages": 161385360554578}, "description": "The Beckhams sat with their backs to each other at the British Fashion Awards, despite presenting a united front on the red carpet", "keywords": "Beckham, David Beckham, Victoria Beckham, fashion, Rita Ora", "news_keywords": "Beckham, David Beckham, Victoria Beckham, fashion, Rita Ora", "msapplication-TileImage": "https://www.thesun.co.uk/wp-content/uploads/2016/04/icon-e1459786005667.png?strip=all&w=270"}, "movies": [], "publish_date": 1544563839.0, "source": "https://www.thesun.co.uk", "summary": ""}