{"url": "https://www.ranker.com/list/celebrities-most-likely-to-have-had-nose-jobs/mark", "text": "Which celebrities are most likely to have had nose jobs? The subject is a hotly debated one. Some celebs come clean and admit that they've had work done, including a \"nose job\" (rhinoplasty). Others definitely look like they've had some sort of plastic surgery, but they won't say one way or the other. Everyone listed here is rumored to have had a nose job, or has openly admitted to having one. Some are obvious, while others are far more subtle.", "images": ["https://imgix.ranker.com/user_node_img/65/1281398/original/1281398-photo-u33?fit=crop&fm=pjpg&q=60&w=375&dpr=1", "https://imgix.ranker.com/list_img_v2/8485/528485/original/528485-u3?w=817&h=427&fm=jpg&q=50&fit=crop", "https://imgix.ranker.com/user_img/1/1653/original/mark-u2?fit=crop&fm=pjpg&q=60&w=56&h=56&crop=faces", "https://imgix.ranker.com/user_node_img/40/781644/original/781644-photo-u127?fit=crop&fm=pjpg&q=60&w=375&dpr=1"], "top_img": "https://imgix.ranker.com/list_img_v2/8485/528485/original/528485-u3?w=817&h=427&fm=jpg&q=50&fit=crop", "keywords": [], "authors": ["Mark Holmes"], "canonical_link": "https://www.ranker.com/list/celebrities-most-likely-to-have-had-nose-jobs/mark", "title": "Celebrity Nose Jobs: Before and After", "meta_data": {"robots": "index,follow", "p": {"domain_verify": "6bc9700ac759049b4fe292e21daf582a"}, "listid": 528485, "twitter": {"site": "@ranker", "account_id": 1436986808, "card": "summary_large_image", "title": "Celebrity Nose Jobs: Before and After", "description": "Which celebrities are most likely to have had nose jobs? The subject is a hotly debated one. Some celebs come clean and admit that they've had work done, ...", "image": "https://imgix.ranker.com/list_img_v2/8485/528485/original/528485-u3?w=817&h=427&fm=jpg&q=50&fit=crop"}, "og": {"site_name": "Ranker", "title": "Celebrity Nose Jobs: Before and After", "type": "article", "url": "https://www.ranker.com/list/celebrities-most-likely-to-have-had-nose-jobs/mark", "description": "Which celebrities are most likely to have had nose jobs? The subject is a hotly debated one. Some celebs come clean and admit that they've had work done, including a \"nose job\" (rhinoplasty). Others definitely look like they've had some sort of plastic surgery, but they won't say one way or the...", "image": "https://imgix.ranker.com/list_img_v2/8485/528485/original/528485-u3?w=817&h=427&fm=jpg&q=50&fit=crop"}, "description": "Which celebrities are most likely to have had nose jobs? The subject is a hotly debated one. Some celebs come clean and admit that they've had work done, ...", "article": {"publisher": "https://www.facebook.com/Ranker"}, "google-signin-client_id": "890403204210-t8eic21uc86crk0lb21dio1h07dcs04o.apps.googleusercontent.com", "product": {"brand": "Ranker", "retailer_item_id": 528485, "availability": "in stock", "condition": "new", "price": {"amount": "1.00", "currency": "USD"}}, "fb": {"app_id": "\"129409087172024\"", "admins": 553725001, "pages": 192930444524663}, "viewport": "width=device-width", "next-head-count": 13}, "movies": [], "publish_date": null, "source": "https://www.ranker.com", "summary": ""}