{"url": "https://www.hollywoodreporter.com/thr-esq/ed-sheeran-settles-copyright-lawsuit-photograph-992354", "text": "After suing over the hit song, songwriters Martin Harrington and Thomas Leonard are now listed as co-writers.\n\nEd Sheeran has come to a deal to end a $20 million copyright infringement lawsuit brought by two songwriters, Martin Harrington and Thomas Leonard, over his hit, \"Photograph.\"\n\nOn Friday, court papers were filed dismissing the case with prejudice, but also stipulating that a California federal court would retain jurisdiction to enforce the terms of an agreement.\n\nAlthough the parties including co-defendants Sony/ATV and Warner Music didn't disclose the nature of the settlement terms in a court filing, songwriting credits in the BMI database now have added Harrington and Leonard as co-authors along with Sheeran and Johnny McDaid. What's more, it appears that the two plaintiffs have gained a significant share of royalties. Before the lawsuit, 100 percent of the work was controlled by BMI, which administers the public performance of McDaid's works, but now that percentage has dropped to 82.5 percent as Leonard has an ASCAP affiliation.\n\nHarrington and Leonard, along with their publishing company HaloSongs, filed the lawsuit in June 2016, alleging that \"Photograph\" derived from their 2009 work \"Amazing,\" which was recorded and released as a single by Matt Cardle, the winner of the 2010 season of the television competition show The X Factor. They were represented in court by Richard Busch, the attorney who prevailed at trial on behalf of the Marvin Gaye family in the copyright lawsuit over \"Blurred Lines.\"\n\nThe complaint, which charged \"verbatim, note-for-note copying,\" and included sheet music to prove it, was initially challenged on pleading standards and jurisdiction, but in January a judge let it move forward.\n\nThe defendants were represented by Michael Niborski and Ilene Farkas at Pryor Cashman.\n\nThis story has been updated to reflect new information from BMI's database.", "images": ["https://www.hollywoodreporter.com/assets/1606142862/images/homepage-icons/thr-esq.svg?5de16d88930168405795", "https://static.hollywoodreporter.com/sites/default/files/2017/02/ed-928x523.jpg", "http://b.scorecardresearch.com/p?c1=2&c2=7395269&cv=2.0&cj=1", "https://www.hollywoodreporter.com/assets/1606142862/images/brand/thr-logo-white.svg?5de16d88930168405795", "https://www.hollywoodreporter.com/assets/1606142862/images/brand/favicon.ico?5de16d88930168405795"], "top_img": "https://www.hollywoodreporter.com/assets/1606142862/images/brand/favicon.ico?5de16d88930168405795", "keywords": [], "authors": ["Eriq Gardner", "Eriq.Gardner Thr.Com"], "canonical_link": "https://www.hollywoodreporter.com/thr-esq/ed-sheeran-settles-copyright-lawsuit-photograph-992354", "title": "Ed Sheeran Gives Up Part Ownership of 'Photograph' in Settling Copyright Lawusit", "meta_data": {"viewport": "width=device-width", "sailthru.title": "Ed Sheeran Gives Up Part Ownership of 'Photograph' in Settling Copyright Lawusit", "sailthru.description": "After suing over the hit song, songwriters Martin Harrington and Thomas Leonard are now listed as co-writers.", "sailthru.author": "Eriq Gardner", "sailthru.vertical": "THR, Esq.", "sailthru.date": "2017-04-10 07:24:30"}, "movies": [], "publish_date": 1491801870.0, "source": "https://www.hollywoodreporter.com", "summary": ""}