{"url": "radaronline.com/exclusives/2018/01/kim-kardashian-baby-name-shocker-sister-kylie-jenner-fight/", "text": "Click to share on Twitter (Opens in new window)\n\nClick to share on Facebook (Opens in new window)\n\nKim Kardashian Baby Name Shocker! Star Fights With Pregnant Kylie Over What To Call Daughter\n\nKim Kardashian Baby Name Shocker! Star Fights With Pregnant Kylie Over What To Call Daughter\n\nKim Kardashian Baby Name Shocker! Star Fights With Pregnant Kylie Over What To Call Daughter Find out what the new mom of three has chosen for a moniker.\n\nWhat\u2019s in a name? Turns out a major fight, if you\u2019re Kim Kardashian and Kylie Jenner!\n\nRadarOnline.com has exclusively learned Kardashian \u2014 who just welcomed her 7 lb. 6 oz. baby girl via surrogate last night \u2014 and her 20-year-old pregnant sister had been battling over who gets to name their newborn daughter Love!\n\n\u201cKim and Kylie were fighting over the name,\u201d a source revealed.\n\nWhile Jenner \u201calso likes the name Princess,\u201d the source noted Kardashian, 37, \u201cwas learning toward Star, and will likely let Kylie have Love.\u201d\n\nNever one to give up creative control, Kardashian\u2019s husband, Kanye West, 40, wanted a say in what to call his little girl.\n\n\u201cKanye wanted South West,\u201d said the source. \u201cBut Kim said no because she thinks it\u2019s cheesy and bad for their brand.\u201d\n\nWhat do you think Kylie and Kim should name their babies? Weigh in with your ideas in the comments.\n\nWe pay for juicy info! Do you have a story for RadarOnline.com? Email us at tips@radaronline.com, or call us at (866) ON-RADAR (667-2327) any time, day or night.", "images": ["https://i0.heartyhosting.com/radaronline.com/wp-content/uploads/2019/03/logo-reality-tv-1.png?ssl=1", "https://i0.heartyhosting.com/radaronline.com/wp-content/uploads/2019/03/scandal-bg.jpg?fit=1440%2C210&ssl=1", "https://i0.heartyhosting.com/radaronline.com/wp-content/uploads/2020/11/crishell-gleb-rumors.jpeg?w=384&crop=0%2C20px%2C384px%2C215px&resize=384%2C215&ssl=1", "https://i0.heartyhosting.com/radaronline.com/wp-content/uploads/2019/03/reality-tv-bg.jpg?fit=1440%2C210&ssl=1", "https://i0.heartyhosting.com/radaronline.com/wp-content/uploads/2018/01/kim-kardashian-kylie-jenner-baby-names-fight-pp.jpg?resize=792%2C446&ssl=1", "https://i0.heartyhosting.com/radaronline.com/wp-content/uploads/2018/01/kim-kardashian-kylie-jenner-baby-names-fight-pp.jpg?resize=1200%2C630&ssl=1", "https://i0.heartyhosting.com/radaronline.com/wp-content/uploads/2020/11/shep-jax.jpeg?w=384&crop=0%2C20px%2C384px%2C215px&resize=384%2C215&ssl=1", "https://i0.heartyhosting.com/radaronline.com/wp-content/uploads/2019/03/logo-scandal.png?fit=307%2C70&ssl=1", "https://i0.heartyhosting.com/radaronline.com/wp-content/uploads/2019/03/logo-true-crime-b.png?fit=357%2C70&ssl=1", "https://i0.heartyhosting.com/radaronline.com/wp-content/uploads/2019/03/logo-omg.png?fit=188%2C70&ssl=1", "https://i0.heartyhosting.com/radaronline.com/wp-content/uploads/2019/03/celebrity-news-bg.jpg?fit=1440%2C210&ssl=1", "https://i0.heartyhosting.com/radaronline.com/wp-content/uploads/2019/03/logo-fashion-police.png?fit=489%2C70&ssl=1", "https://i0.heartyhosting.com/radaronline.com/wp-content/uploads/2019/03/logo-celebrity-news-b.png?fit=495%2C70&ssl=1", "https://i0.heartyhosting.com/radaronline.com/wp-content/uploads/2019/03/logo-reality-tv.png?fit=370%2C70&ssl=1", "https://radaronline.com/wp-content/themes/vip/am-radaronline/assets/build/images/icons/logo-tag-registered.svg", "https://i0.heartyhosting.com/radaronline.com/wp-content/uploads/2020/02/jersey-shore-ronnie-ortiz-magro-begs-plea-deal-jen-harley-domestic-violence-case-Feature.jpg?w=384&crop=0%2C20px%2C384px%2C215px&resize=384%2C215&ssl=1", "https://radaronline.com/wp-content/themes/vip/am-radaronline/assets/build/images/icons/logo-tag-registered-green.svg", "https://i0.heartyhosting.com/radaronline.com/wp-content/uploads/2020/11/larsa-pippen-COVID.jpeg?w=384&crop=0%2C20px%2C384px%2C215px&resize=384%2C215&ssl=1", "https://i0.heartyhosting.com/radaronline.com/wp-content/uploads/2019/03/true-crime-bg.jpg?fit=1440%2C210&ssl=1", "https://i0.heartyhosting.com/radaronline.com/wp-content/uploads/2019/03/omg-bg.jpg?fit=1440%2C210&ssl=1", "https://i0.heartyhosting.com/radaronline.com/wp-content/uploads/2019/03/fashion-police-bg.jpg?fit=1440%2C210&ssl=1"], "top_img": "https://i0.heartyhosting.com/radaronline.com/wp-content/uploads/2018/01/kim-kardashian-kylie-jenner-baby-names-fight-pp.jpg?resize=1200%2C630&ssl=1", "keywords": [], "authors": ["Radar Staff", "January"], "canonical_link": "https://radaronline.com/videos/kim-kardashian-baby-name-shocker-sister-kylie-jenner-fight/", "title": "Kim Kardashian Baby Name Shocker-- Star Fighting With Sister Kylie", "meta_data": {"viewport": "width=device-width, initial-scale=1.0", "fb": {"admins": 593583017, "app_id": 1008772232528225, "pages": 376279216711}, "theme-color": "#ffffff", "google-site-verification": "kONM_PqGX8Za53dFcExSTIIPZxxN_S4QtvDlONzzdA0", "description": "RadarOnline.com has exclusively learned Kim Kardashian was battling over baby names with her pregnant sister, Kylie Jenner.", "robots": "index, follow, max-snippet:-1, max-image-preview:large, max-video-preview:-1", "og": {"locale": "en_US", "type": "article", "title": "Kim Kardashian Baby Name Shocker! Star Fights With Kylie Over What To Call Daughter", "description": "RadarOnline.com has exclusively learned Kim Kardashian was battling over baby names with her pregnant sister, Kylie Jenner.", "url": "https://radaronline.com/videos/kim-kardashian-baby-name-shocker-sister-kylie-jenner-fight/", "site_name": "RadarOnline", "updated_time": "2018-01-16T19:04:56+00:00", "image": {"identifier": "https://i0.heartyhosting.com/radaronline.com/wp-content/uploads/2018/01/kim-kardashian-kylie-jenner-baby-names-fight-pp.jpg?resize=1200%2C630&ssl=1", "secure_url": "https://i0.heartyhosting.com/radaronline.com/wp-content/uploads/2018/01/kim-kardashian-kylie-jenner-baby-names-fight-pp.jpg?resize=1200%2C630&ssl=1", "width": 1200, "height": 630}}, "article": {"published_time": "2018-01-16T19:04:56+00:00"}, "twitter": {"card": "summary_large_image", "title": "Kim Kardashian Baby Name Shocker! Star Fights With Kylie Over What To Call Daughter", "description": "RadarOnline.com has exclusively learned Kim Kardashian was battling over baby names with her pregnant sister, Kylie Jenner.", "image": "https://i0.heartyhosting.com/radaronline.com/wp-content/uploads/2018/01/kim-kardashian-kylie-jenner-baby-names-fight-pp.jpg?resize=1200%2C630&ssl=1"}, "news_keywords": "Kim Kardashian", "generator": "WordPress 5.5.3"}, "movies": [], "publish_date": 1516129496.0, "source": "http://radaronline.com", "summary": ""}