{"url": "hollywoodlife.com/2017/03/17/ben-affleck-jennifer-lopez-romance-alex-rodriguez-secretly-hates-it/", "text": "Too close for comfort? Ben Affleck \u2018secretly hates\u2019 that his ex Jennifer Lopez is dating Alex Rodriguez, we\u2019ve EXCLUSIVELY learned, so is he jealous? The MLB legend and JLo have been inseparable lately, even enjoying a romantic trip to the Bahamas!\n\nIt\u2019s been over a decade since Jennifer Lopez, 47, and Ben Affleck, 44, decided to call it quits. Even though they\u2019ve both moved on romantically, he\u2019s not exactly pleased that she\u2019s now dating retired MLB star Alex Rodriguez, 41. \u201cEveryone knows that Ben is the number one Boston Red Sox fan,\u201d an insider tells HollywoodLife.com EXCLUSIVELY. \u201cHe is still friendly with Jen to this day and he is hating that she is with someone so tied to the New York Yankees. He can\u2019t wait to bust her balls about it when they see each other again at an award show or outing.\u201d Uh oh!\n\n\u201cAs much as he will joke about it to her, he secretly hates that she chose A-Rod, the worst Yankees player in his mind,\u201d our insider added. The pair was seen leaving the gym in Miami on March 16 and they were all smiles! JLo and Alex\u2019s trip to the gym comes days after they were spotted at the Bahamas\u2019 Baker Bay Ocean and Golf Club. She even shared a PDA pic from their trip! These two only began heating up a few weeks ago and they\u2019ve been almost inseparable.\n\n\u201cWhen it comes to love she marches to the beat of her own drum, and she can\u2019t help being a hopeless romantic,\u201d a source previously told HollywoodLife.com EXCLUSIVELY. \u201cFriends are worried because she\u2019s only just come out of the relationship with Drake and she\u2019s jumped right back in. There\u2019s concerns that she\u2019s moving way too fast,\u201d our insider added.\n\nJLo and Ben have both moved on, but they will always share a special place for each other in their hearts. \u201cI think different time different thing, who knows what could\u2019ve happened, but there was a genuine love there,\u201d the Shades of Blue actress said in 2016. The two began dating in 2002, while filming Gigli. If things keep going this well with Alex, Ben will have to get used to it!\n\nHollywoodLifers, do you think A-Rod and JLo are a good match? Tell us!", "images": ["https://footwearnews.com/wp-content/uploads/2020/11/AP_20329096381069-e1606248495668.jpg?w=230&crop=1", "https://hollywoodlife.com/wp-content/uploads/2017/03/ben-affleck-upset-jlo-dating-arod-ftr.jpg", "https://www.rollingstone.com/wp-content/uploads/2019/11/Surface-Pro-7.jpg?w=230&crop=1", "https://tvline.com/wp-content/uploads/2020/11/swat-4x04-1.jpg?w=230&crop=1", "https://hollywoodlife.com/wp-content/uploads/2020/11/sport-bra-ftr.jpg?w=143&h=80&crop=1", "http://pixel.quantserve.com/pixel?a.1=p-6fKiDaopTGEQg&a.2=p-31f3D02tYU8zY", "https://stylecaster.com/wp-content/uploads/2020/11/rothys-black-friday-collection-copy.jpg?w=230&crop=1", "https://www.sheknows.com/wp-content/uploads/2020/10/what-a-free-thanksgiving-dinner-really-means-to-a-family-like-mine.jpg?w=230&crop=1", "https://sb.scorecardresearch.com/p?c1=2&c2=6035310&c3=&c4=&c5=&c6=&c15=&cv=2.0&cj=1", "https://hollywoodlife.com/wp-content/uploads/2020/07/kelsey-nicole-5-things-to-know-ap-images-ftr.jpg?w=143&h=80&crop=1", "https://hollywoodlife.com/wp-content/uploads/2017/03/ben-affleck-upset-jlo-dating-arod-ftr.jpg?w=600", "https://hollywoodlife.com/wp-content/uploads/2020/11/kourtney-kardashian-and-kylie-jenner-wasted-meme-ap-images-ftr.jpg?w=143&h=80&crop=1", "data:image/gif;base64,R0lGODlhAQABAIAAAAAAAP///yH5BAEAAAAALAAAAAABAAEAAAIBRAA7"], "top_img": "https://hollywoodlife.com/wp-content/uploads/2017/03/ben-affleck-upset-jlo-dating-arod-ftr.jpg", "keywords": [], "authors": ["Samantha Benitz", "Kimberly Zapata", "Bella Gerard", "Matt Webb Mitovich", "Tim Chan", "Brandt Ranj", "Samantha Mcdonald"], "canonical_link": "https://hollywoodlife.com/2017/03/17/ben-affleck-jennifer-lopez-romance-alex-rodriguez-secretly-hates-it/", "title": "Ben Affleck \u2018Secretly Hates\u2019 That Ex Jennifer Lopez Is With Alex Rodriguez \u2014 Is He Jealous?", "meta_data": {"description": "Too close for comfort? Ben Affleck 'secretly hates' that his ex Jennifer Lopez is dating Alex Rodriguez, we've EXCLUSIVELY learned, so is he jealous? The MLB legend and JLo have been inseparable lately, even enjoying a romantic trip to the Bahamas!", "news_keywords": "Alex Rodriguez, Ben Affleck, Jennifer Lopez", "apple-itunes-app": "app-id=1400650284", "generator": "WordPress 5.5.2", "author": "Samantha Benitz", "theme-color": "#fff", "apple-mobile-web-app-capable": "yes", "mobile-web-app-capable": "yes", "apple-touch-fullscreen": "YES", "apple-mobile-web-app-title": "Hollywood Life", "application-name": "Hollywood Life", "fb": {"pages": 94724837471}, "robots": "max-image-preview:large", "onesignal": "wordpress-plugin", "og": {"type": "article", "title": "Ben Affleck \u2018Secretly Hates\u2019 That Ex Jennifer Lopez Is With Alex Rodriguez \u2014 Is He Jealous?", "url": "https://hollywoodlife.com/2017/03/17/ben-affleck-jennifer-lopez-romance-alex-rodriguez-secretly-hates-it/", "description": "Too close for comfort? Ben Affleck \u2018secretly hates\u2019 that his ex Jennifer Lopez is dating Alex Rodriguez, we\u2019ve EXCLUSIVELY learned, so is he jealous? The MLB legend and JLo\u00a0have b\u2026", "site_name": "Hollywood Life", "image": {"identifier": "https://hollywoodlife.com/wp-content/uploads/2017/03/ben-affleck-upset-jlo-dating-arod-ftr.jpg", "width": 600, "height": 700}, "locale": "en_US"}, "article": {"published_time": "2017-03-17T06:01:44+00:00", "modified_time": "2017-03-17T06:15:18+00:00"}, "twitter": {"text": {"title": "Ben Affleck \u2018Secretly Hates\u2019 That Ex Jennifer Lopez Is With Alex Rodriguez \u2014 Is He Jealous?"}, "image": "https://hollywoodlife.com/wp-content/uploads/2017/03/ben-affleck-upset-jlo-dating-arod-ftr.jpg?w=600", "card": "summary_large_image", "site": "@HollywoodLife", "title": "Ben Affleck \u2018Secretly Hates\u2019 That Ex Jennifer Lopez Is With Alex Rodriguez \u2014 Is He Jealous?", "description": "Too close for comfort? Ben Affleck 'secretly hates' that his ex Jennifer Lopez is dating Alex Rodriguez, we've EXCLUSIVELY learned, so is he jealous? The MLB legend and JLo have been inseparable lately, even enjoying a romantic trip to the Bahamas!"}, "msapplication-TileImage": "https://hollywoodlife.com/wp-content/uploads/2018/06/hl_logo.png?w=128"}, "movies": [], "publish_date": 1489705200.0, "source": "http://hollywoodlife.com", "summary": ""}