{"url": "radaronline.com/videos/megyn-kelly-ticket-trouble-today-show/", "text": "Megyn Kelly Struggling To Fill Studio Audience Of Failing Show! The anchor got her own hour on \u2018TODAY\u2019 in September.\n\nMegyn Kelly is struggling to fill out her TODAY studio, RadarOnline.com can exclusively reveal!\n\n\u201cFirst, she can\u2019t get A-list guests and now she can\u2019t get an audience!\u201d an insider told Radar.\n\n\u201cThey are having such trouble getting an audience to her live show that they are now getting Megyn to ask viewers to visit Today.com/MegynToday for tickets \u2014 on her show!\u201d the insider added. \u201cShe\u2019s literally now giving live shout outs on air to try and get a studio audience.\u201d\n\n\u201cRachel Ray and Kelly [Ripa] and Ryan [Seacrest] have a six month waiting list, and it\u2019s almost impossible to get into Wendy Williams\u2019 and Jimmy Fallon\u2018s audience,\u201d the insider noted. \u201cYet at Megyn you can hear crickets.\u201d\n\n\u201cWhen you can\u2019t get 150 people to watch the show in the audience at 30 Rock, what chance do they have to get anyone to watch the show from home?\u201d the insider added. \u201cThis is a disaster. Now it\u2019s getting humiliating.\u201d\n\n\u201cStaffers are giving out tickets to the folks that stand outside the windows of Matt [Lauer] and Savannah [Guthrie]\u2018s show, but that isn\u2019t enough,\u201d the insider concluded. \u201cThey have been playing with removing seats and even playing with camera angles to that the studio looks much more full than it really is.\u201d\n\nRadar exclusively reported that Kelly, 46, debuted on the TODAY show in September, and struggled to fill seats for her opening day. She was later caught faking her way through the premiere episode, and struggled to climb ahead in the ratings.\n\nKelly also began having trouble booking guests after her Debra Messing and Jane Fonda disasters.\n\nProducers ordered Lauer and Guthrie to appear on the show in an attempt to fix Kelly\u2019s image, but now she\u2019s begging Donald Trump to come on her hour-long segment.\n\nStay with Radar for more.\n\nWe pay for juicy info! Do you have a story for RadarOnline.com? Email us at tips@radaronline.com, or call us at (866) ON-RADAR (667-2327) any time, day or night.", "images": ["https://i0.heartyhosting.com/radaronline.com/wp-content/uploads/2019/03/scandal-bg.jpg?fit=1440%2C210&ssl=1", "https://i0.heartyhosting.com/radaronline.com/wp-content/uploads/2019/03/logo-celebrity-news.png?ssl=1", "https://i0.heartyhosting.com/radaronline.com/wp-content/uploads/2017/11/megyn-kelly-ticket-trouble-today-show-pp.jpg?resize=792%2C446&ssl=1", "https://i0.heartyhosting.com/radaronline.com/wp-content/uploads/2019/03/reality-tv-bg.jpg?fit=1440%2C210&ssl=1", "https://i0.heartyhosting.com/radaronline.com/wp-content/uploads/2017/11/megyn-kelly-ticket-trouble-today-show-pp.jpg?resize=1200%2C630&ssl=1", "https://i0.heartyhosting.com/radaronline.com/wp-content/uploads/2019/03/logo-scandal.png?fit=307%2C70&ssl=1", "https://i0.heartyhosting.com/radaronline.com/wp-content/uploads/2019/03/logo-true-crime-b.png?fit=357%2C70&ssl=1", "https://i0.heartyhosting.com/radaronline.com/wp-content/uploads/2019/03/logo-omg.png?fit=188%2C70&ssl=1", "https://i0.heartyhosting.com/radaronline.com/wp-content/uploads/2019/03/celebrity-news-bg.jpg?fit=1440%2C210&ssl=1", "https://i0.heartyhosting.com/radaronline.com/wp-content/uploads/2020/02/KUWTK-Kim-Kardashian-Denies-Booed-Tristan-Thompson-NBA-Game-pp.jpg?w=384&crop=0%2C20px%2C384px%2C215px&resize=384%2C215&ssl=1", "https://i0.heartyhosting.com/radaronline.com/wp-content/uploads/2019/03/logo-fashion-police.png?fit=489%2C70&ssl=1", "https://i0.heartyhosting.com/radaronline.com/wp-content/uploads/2019/03/logo-celebrity-news-b.png?fit=495%2C70&ssl=1", "https://i0.heartyhosting.com/radaronline.com/wp-content/uploads/2020/11/meghan-miscarriage.jpeg?w=384&crop=0%2C20px%2C384px%2C215px&resize=384%2C215&ssl=1", "https://i0.heartyhosting.com/radaronline.com/wp-content/uploads/2019/03/logo-reality-tv.png?fit=370%2C70&ssl=1", "https://i0.heartyhosting.com/radaronline.com/wp-content/uploads/2020/11/bobby-bobby-jrjpeg.jpeg?w=384&crop=0%2C20px%2C384px%2C215px&resize=384%2C215&ssl=1", "https://radaronline.com/wp-content/themes/vip/am-radaronline/assets/build/images/icons/logo-tag-registered.svg", "https://radaronline.com/wp-content/themes/vip/am-radaronline/assets/build/images/icons/logo-tag-registered-green.svg", "https://i0.heartyhosting.com/radaronline.com/wp-content/uploads/2019/03/true-crime-bg.jpg?fit=1440%2C210&ssl=1", "https://i0.heartyhosting.com/radaronline.com/wp-content/uploads/2019/03/omg-bg.jpg?fit=1440%2C210&ssl=1", "https://i0.heartyhosting.com/radaronline.com/wp-content/uploads/2019/03/fashion-police-bg.jpg?fit=1440%2C210&ssl=1", "https://i0.heartyhosting.com/radaronline.com/wp-content/uploads/2020/11/miley-cyrus-sobriety.jpeg?w=384&crop=0%2C20px%2C384px%2C215px&resize=384%2C215&ssl=1"], "top_img": "https://i0.heartyhosting.com/radaronline.com/wp-content/uploads/2017/11/megyn-kelly-ticket-trouble-today-show-pp.jpg?resize=1200%2C630&ssl=1", "keywords": [], "authors": ["Radar Staff", "November"], "canonical_link": "https://radaronline.com/videos/megyn-kelly-ticket-trouble-today-show/", "title": "Megyn Kelly Struggling To Fill Studio Audience Of Failing Show!", "meta_data": {"viewport": "width=device-width, initial-scale=1.0", "fb": {"admins": 593583017, "app_id": 1008772232528225, "pages": 376279216711}, "theme-color": "#ffffff", "google-site-verification": "kONM_PqGX8Za53dFcExSTIIPZxxN_S4QtvDlONzzdA0", "description": "Megyn Kelly is having problems filling out her studio for the \u2018TODAY\u2019 show.", "robots": "index, follow, max-snippet:-1, max-image-preview:large, max-video-preview:-1", "og": {"locale": "en_US", "type": "article", "title": "Megyn Kelly Struggling To Fill Studio Audience Of Failing Show!", "description": "Megyn Kelly is having problems filling out her studio for the \u2018TODAY\u2019 show.", "url": "https://radaronline.com/videos/megyn-kelly-ticket-trouble-today-show/", "site_name": "RadarOnline", "updated_time": "2017-11-02T17:29:54+00:00", "image": {"identifier": "https://i0.heartyhosting.com/radaronline.com/wp-content/uploads/2017/11/megyn-kelly-ticket-trouble-today-show-pp.jpg?resize=1200%2C630&ssl=1", "secure_url": "https://i0.heartyhosting.com/radaronline.com/wp-content/uploads/2017/11/megyn-kelly-ticket-trouble-today-show-pp.jpg?resize=1200%2C630&ssl=1", "width": 1200, "height": 630}}, "article": {"published_time": "2017-11-02T14:26:15+00:00", "modified_time": "2017-11-02T17:29:54+00:00"}, "twitter": {"card": "summary_large_image", "title": "Megyn Kelly Struggling To Fill Studio Audience Of Failing Show!", "description": "Megyn Kelly is having problems filling out her studio for the \u2018TODAY\u2019 show.", "image": "https://i0.heartyhosting.com/radaronline.com/wp-content/uploads/2017/11/megyn-kelly-ticket-trouble-today-show-pp.jpg?resize=1200%2C630&ssl=1"}, "news_keywords": "Megyn Kelly", "generator": "WordPress 5.5.3"}, "movies": [], "publish_date": 1509632775.0, "source": "http://radaronline.com", "summary": ""}