{"url": "http://www.youtube.com/watch?v=cN10_6pyshQ", "text": "", "images": ["https://i.ytimg.com/vi/cN10_6pyshQ/hqdefault.jpg"], "top_img": "https://i.ytimg.com/vi/cN10_6pyshQ/hqdefault.jpg", "keywords": [], "authors": [], "canonical_link": "https://www.youtube.com/watch?v=cN10_6pyshQ", "title": "McCain: McSame as Bush", "meta_data": {"theme-color": "rgba(255, 255, 255, 0.98)", "title": "McCain: McSame as Bush", "description": "On Iraq ... McSame as Bush.On the Economy ... McSame as Bush.On Energy ... McSame as Bush.On Healthcare ... McSame as Bush.McCain: McSame as Bush.", "keywords": "Bush, McCain, McSame", "og": {"site_name": "YouTube", "url": "https://www.youtube.com/watch?v=cN10_6pyshQ", "title": "McCain: McSame as Bush", "image": {"identifier": "https://i.ytimg.com/vi/cN10_6pyshQ/hqdefault.jpg", "width": 480, "height": 360}, "description": "On Iraq ... McSame as Bush.On the Economy ... McSame as Bush.On Energy ... McSame as Bush.On Healthcare ... McSame as Bush.McCain: McSame as Bush.", "type": "video.other", "video": {"url": "https://www.youtube.com/embed/cN10_6pyshQ", "secure_url": "https://www.youtube.com/embed/cN10_6pyshQ", "type": "text/html", "width": 480, "height": 360, "tag": "McSame"}}, "al": {"ios": {"app_store_id": 544007664, "app_name": "YouTube", "url": "vnd.youtube://www.youtube.com/watch?v=cN10_6pyshQ&feature=applinks"}, "android": {"url": "vnd.youtube://www.youtube.com/watch?v=cN10_6pyshQ&feature=applinks", "app_name": "YouTube", "package": "com.google.android.youtube"}, "web": {"url": "http://www.youtube.com/watch?v=cN10_6pyshQ&feature=applinks"}}, "fb": {"app_id": 87741124305}, "twitter": {"card": "player", "site": "@youtube", "url": "https://www.youtube.com/watch?v=cN10_6pyshQ", "title": "McCain: McSame as Bush", "description": "On Iraq ... McSame as Bush.On the Economy ... McSame as Bush.On Energy ... McSame as Bush.On Healthcare ... McSame as Bush.McCain: McSame as Bush.", "image": "https://i.ytimg.com/vi/cN10_6pyshQ/hqdefault.jpg", "app": {"name": {"iphone": "YouTube", "ipad": "YouTube", "googleplay": "YouTube"}, "id": {"iphone": 544007664, "ipad": 544007664, "googleplay": "com.google.android.youtube"}, "url": {"iphone": "vnd.youtube://www.youtube.com/watch?v=cN10_6pyshQ&feature=applinks", "ipad": "vnd.youtube://www.youtube.com/watch?v=cN10_6pyshQ&feature=applinks", "googleplay": "https://www.youtube.com/watch?v=cN10_6pyshQ"}}, "player": {"identifier": "https://www.youtube.com/embed/cN10_6pyshQ", "width": 480, "height": 360}}}, "movies": [], "publish_date": null, "source": "http://www.youtube.com", "summary": ""}