{"url": "https://www.elle.com/culture/celebrities/a25670356/kate-middleton-christmas-shopping-range/", "text": "Imagine heading to your local discount store to do some last minute holiday shopping and seeing...Kate Middleton, Duchess of Cambridge, filling up her cart with loads of gifts. This really happened in Norfolk, England over the weekend.\n\nOn Saturday, Kate Middleton was spotted at The Range store in Kings Lynn, England along with her children, Princess Charlotte and Prince George. Shoppers easily recognized the Duchess' children, who was holding their mother's hand, but Kate blended in with the crowd of last-minute shoppers in an olive green Dubarry Bracken tweed jacket (according to Kate Middleton fan page @middletonmaven) with her hair pulled back into a loose ponytail.\n\nWomen\u2019s Dubarry Bracken Tweed Jacket dubarry outdoorandcountry.co.uk \u00a3399.00 Shop Now\n\nOf course, Kate's security detail were nearby but gave the mother a considerable amount of distance \"so they looked like any other family out grabbing last-minute Christmas bargains,\" one shopper told The Sun.\n\nOne mother even tried to snap a photo with the Duchess but was turned down. \"When Kate got to the checkouts I plucked up courage to ask if she\u2019d do a selfie with me and my kids. She very politely declined,\" the shopper said. \"She was so nice, explaining she was just doing a bit of Christmas shopping.\"\n\nAh Royals, they're just like us. Sorta.\n\nNerisha Penrose Assistant Editor Nerisha is the assistant editor at ELLE.com, covering all things beauty and fashion.\n\nThis content is created and maintained by a third party, and imported onto this page to help users provide their email addresses. You may be able to find more information about this and similar content at piano.io", "images": ["data:image/gif;base64,R0lGODlhAQABAIAAAAAAAP///yH5BAEAAAAALAAAAAABAAEAAAIBRAA7", "https://hips.hearstapps.com/hmg-prod.s3.amazonaws.com/images/catherine-duchess-of-cambridge-attends-a-party-for-families-news-photo-1077512158-1545663936.jpg?crop=1.00xw:0.352xh;0,0.0383xh&resize=1200:*"], "top_img": "https://hips.hearstapps.com/hmg-prod.s3.amazonaws.com/images/catherine-duchess-of-cambridge-attends-a-party-for-families-news-photo-1077512158-1545663936.jpg?crop=1.00xw:0.352xh;0,0.0383xh&resize=1200:*", "keywords": [], "authors": ["Nerisha Penrose", "Assistant Editor", "Nerisha Is The Assistant Editor At Elle.Com", "Covering All Things Beauty"], "canonical_link": "https://www.elle.com/culture/celebrities/a25670356/kate-middleton-christmas-shopping-range/", "title": "Kate Middleton Did Some Last Minute Shopping at a Discount Store", "meta_data": {"x-ua-compatible": "IE=edge,chrome=1", "viewport": "width=device-width,initial-scale=1,maximum-scale=6", "msapplication-tap-highlight": "no", "theme-color": "#EC008C", "og": {"type": "article", "site_name": "ELLE", "title": "Kate Middleton Did Some Last Minute Shopping at a Discount Store", "description": "A relatable queen.", "url": "https://www.elle.com/culture/celebrities/a25670356/kate-middleton-christmas-shopping-range/", "image": {"identifier": "https://hips.hearstapps.com/hmg-prod.s3.amazonaws.com/images/catherine-duchess-of-cambridge-attends-a-party-for-families-news-photo-1077512158-1545663936.jpg?crop=1.00xw:0.352xh;0,0.0383xh&resize=1200:*", "width": 1200, "height": 600}}, "fb": {"app_id": 364664413547847, "pages": 31911516300}, "article": {"publisher": "https://www.facebook.com/ellemagazine", "modified_time": "2018-12-24 04:10:20", "published_time": "2018-12-24 03:58:00", "section": "Celebrity News 2020", "opinion": "false"}, "twitter": {"site": "@ELLEmagazine", "card": "summary_large_image", "image": "https://hips.hearstapps.com/hmg-prod.s3.amazonaws.com/images/catherine-duchess-of-cambridge-attends-a-party-for-families-news-photo-1077512158-1545663936.jpg?crop=1.00xw:0.352xh;0,0.0383xh&resize=640:*"}, "google-site-verification": "W6SOBCzCmb2sA5l3z9YK1yO7I7bPYArVQCP09_e2zck", "title": "Kate Middleton Did Some Last Minute Shopping at a Discount Store", "description": "On Saturday, Kate Middleton was spotted at \ufeff\ufeffThe Range store in Kings Lynn, England along with her children, Princess Charlotte and Prince George, shopping for Christmas gifts.", "keywords": "Kate Middleton, Kate Middleton christmas shopping, Kate Middleton shopping", "auto-publish": "timely", "thumbnail": "https://hips.hearstapps.com/hmg-prod.s3.amazonaws.com/images/catherine-duchess-of-cambridge-attends-a-party-for-families-news-photo-1077512158-1545663936.jpg?crop=1.00xw:0.704xh;0,0.0372xh&resize=320:*", "sailthru.contenttype": "standard-article", "sailthru.tags": "Culture,culture,celebrities,Kate Middleton christmas shopping,Kate Middleton shopping,kate middleton", "sailthru.date": "2018-12-24T15:58:00Z", "sailthru.image.full": "https://hips.hearstapps.com/hmg-prod.s3.amazonaws.com/images/catherine-duchess-of-cambridge-attends-a-party-for-families-news-photo-1077512158-1545663936.jpg?crop=1.00xw:0.352xh;0,0.0383xh", "sailthru.image.thumb": "https://hips.hearstapps.com/hmg-prod.s3.amazonaws.com/images/catherine-duchess-of-cambridge-attends-a-party-for-families-news-photo-1077512158-1545663936.jpg?crop=1.00xw:0.704xh;0,0.0372xh", "sailthru.socialtitle": "Kate Middleton Did Some Last Minute Shopping at a Discount Store", "m1": ".content-hed", "m2": ".content-dek p"}, "movies": [], "publish_date": 1545620280.0, "source": "https://www.elle.com", "summary": ""}