{"url": "www.express.co.uk/news/royal/871707/Prince-Harry-Meghan-Markle-Rachel-Zane-Suits-royal-royal-family-Queen-Wimbledon", "text": "We will use your email address only for sending you newsletters. Please see our Privacy Notice for details of your data protection rights.\n\nSign up fornow and never miss the top Royal stories again.\n\nIn a documentary set to air tomorrow, royal expert Katie Nicholl reveals that the smitten prince described the Suits star as his \u201cideal girl\u201d two years before they met last year.\n\nShe said: \u201cHe had a crush on Rachel Zane two years before he met Meghan and the reason I know is because I was having drinks with one of his friends.\n\n\u201cShe told me she\u2019d been on a night out with Prince Harry. He was single at the time, so she said, \u2018Harry, who\u2019s your ideal girl?\u2019 And he said \u2018Meghan Markle from Suits.\u2019\u201d\n\nPrince Harry is said to have organised a meeting with his dream woman after having asked mutual friend Markus Anderson, a close friend of the divorcee, to set up a meeting between the two in order to fulfil his Rachel Zane fantasies.", "images": ["https://cdn.images.express.co.uk/img/dynamic/106/285x190/868270_1.jpg", "https://analytics.twitter.com/i/adsct?txn_id=l4f18&p_id=Twitter", "https://cdn.images.express.co.uk/img/page/preloaderbig.gif", "https://cdn.images.express.co.uk/img/dynamic/galleries/x701/290423.jpg", "https://cdn.images.express.co.uk/img/dynamic/106/285x190/867329_1.jpg", "https://cdn.images.express.co.uk/img/static/share/facebook.png", "https://cdn.images.express.co.uk/img/static/share/twitter.png", "https://cdn.images.express.co.uk/img/static/share/copylink.png", "https://cdn.images.express.co.uk/img/dynamic/106/750x445/871707.jpg", "https://cdn.images.express.co.uk/img/static/share/comment.png", "https://cdn.images.express.co.uk/img/page/placeholder.gif", "https://cdn.images.express.co.uk/img/page/placeholder-vertical.gif", "https://cdn.images.express.co.uk/img/static/share/pinterest.png", "http://googleads.g.doubleclick.net/pagead/viewthroughconversion/1068671835/?value=0&label=u9gYCOmHtQYQ28bK_QM&guid=ON&script=0", "http://t.co/i/adsct?txn_id=l4f18&p_id=Twitter", "https://cdn.images.express.co.uk/img/static/share/linkedin.png", "https://www.facebook.com/tr?id=568781449942811&ev=PageView&noscript=1", "https://sb.scorecardresearch.com/p?c1=2&c2=6035737&cv=2.0&cj=1", "https://cdn.images.express.co.uk/img/page/placeholder-horizontal.gif"], "top_img": "https://cdn.images.express.co.uk/img/dynamic/106/750x445/871707.jpg", "keywords": [], "authors": ["Joseph Carey"], "canonical_link": "https://www.express.co.uk/news/royal/871707/Prince-Harry-Meghan-Markle-Rachel-Zane-Suits-royal-royal-family-Queen-Wimbledon", "title": "Revealed: Prince Harry had a crush on Meghan Markle \u2018TWO YEARS\u2019 before meeting her", "meta_data": {"viewport": "width=device-width, initial-scale=1", "description": "PRINCE Harry had a crush on Meghan Markle \u201ctwo years\u201d before meeting her, a royal expert has revealed.", "fb": {"pages": 129617873765147, "app_id": 823607694325129}, "og": {"title": "Revealed: Prince Harry had a crush on Meghan Markle \u2018TWO YEARS\u2019 before meeting her", "type": "article", "url": "https://www.express.co.uk/news/royal/871707/Prince-Harry-Meghan-Markle-Rachel-Zane-Suits-royal-royal-family-Queen-Wimbledon", "image": "https://cdn.images.express.co.uk/img/dynamic/106/750x445/871707.jpg", "site_name": "Express.co.uk", "language": "en", "tags": "headlines,nation,autoplay_video,Prince Harry,Prince Harry Meghan Markle,Prince Harry Rachel Zane,Prince Harry Suits,Prince Harry royal,Prince Harry royal family,Prince Harry Queen,Prince Harry Wimbledon", "section": "Royal", "description": "PRINCE Harry had a crush on Meghan Markle \u201ctwo years\u201d before meeting her, a royal expert has revealed."}, "news_keywords": "headlines,nation,autoplay_video,Prince Harry,Prince Harry Meghan Markle,Prince Harry Rachel Zane,Prince Harry Suits,Prince Harry royal,Prince Harry royal family,Prince Harry Queen,Prince Harry Wimbledon", "article": {"tag": "Prince Harry Wimbledon", "published_time": "2017-10-27T00:36:00+01:00", "modified_time": "2017-10-27T07:39:14+01:00", "expiration_time": "2017-11-26", "section": "Royal", "image_count": 3, "video_count": 2, "word_count": 543, "internal_link_count": 3, "external_link_count": 0, "opinion": "false", "content_tier": "free"}, "author": "Joseph Carey", "twitter": {"card": "summary_large_image", "image": {"src": "https://cdn.images.express.co.uk/img/dynamic/106/750x445/871707.jpg"}, "title": "Revealed: Prince Harry had a crush on Meghan Markle \u2018TWO YEARS\u2019 before meeting her", "description": "PRINCE Harry had a crush on Meghan Markle \u201ctwo years\u201d before meeting her, a royal expert has revealed."}, "video_autoplay": "false", "headline_short": "Revealed: Prince Harry had a crush on Meghan Markle \u2018TWO YEARS\u2019 before meeting her", "vf": {"container_id": "express-prod-871707"}, "verify-v1": "EGl3XPBuem43awGwLC1rXGpRHRnmNSwp7VZfnCAAcKE=", "msvalidate.01": "1960193A20395DAD3FCB640BCB0D91D7", "apple-mobile-web-app-capable": "yes", "mobile-web-app-capable": "yes", "robots": "noodp,noydir,all"}, "movies": [], "publish_date": 1509060960.0, "source": "http://www.express.co.uk", "summary": ""}