{"url": "www.billboard.com/articles/columns/pop/7717050/alicia-keys-gwen-stefani-relationship-blake-shelton-the-voice-today-show-interview-video", "text": "Alicia Keys is really in it to win it as a coach on The Voice. After promoting the reality competition on The Tonight Show With Jimmy Fallon last week, the singer appeared on NBC's The Today Show Tuesday (Mar. 7) to give morning viewers a taste of her fighting spirit.\n\nWhile sitting down with Today's co-anchors Willie Geist and Carson Daly, the singer -- who was appropriately displayed on screen with the headline \"This Girl Is Still On Fire\" -- discussed motherhood, her singing career, and how they have influenced her judging role on The Voice. Both hosts were intrigued by the \"girl crush\" between Keys and her fellow coach, Gwen Stefani, even comparing their connection to the bromance of Blake Shelton and Adam Levine. But perhaps the most notable thing Keys said about her relationship with her fellow female coach is that it's even stronger than the one Stefani has with Shelton.", "images": ["https://static.billboard.com/files/media/alicia-keys-the-voice-2017-billboard-1548-compressed.jpg", "https://static.billboard.com/files/2020/11/15cover_JaQuelKnight_LORES-1604610389-compressed.jpg", "http://b.scorecardresearch.com/p?c1=2&c2=7395269&cv=2.0&cj=1", "data:image/gif;base64,R0lGODlhAQABAIAAAAAAAP///yH5BAEAAAAALAAAAAABAAEAAAIBRAA7"], "top_img": "https://static.billboard.com/files/media/alicia-keys-the-voice-2017-billboard-1548-compressed.jpg", "keywords": [], "authors": ["Da'Shan Smith"], "canonical_link": "https://www.billboard.com/articles/columns/pop/7717050/alicia-keys-gwen-stefani-relationship-blake-shelton-the-voice-today-show-interview-video", "title": "Alicia Keys Says She Loves Gwen Stefani More Than Blake Shelton Does: Watch", "meta_data": {"viewport": "width=device-width, initial-scale=1", "theme-color": "#344072", "twitter": {"site": "@billboard", "description": "Alicia Keys appears on 'The Today Show' and confesses her love for Gwen Stefani while promoting 'The Voice.'", "title": "Alicia Keys Says She Loves Gwen Stefani More Than Blake Shelton Does: Watch", "card": "summary_large_image"}, "og": {"site_name": "Billboard", "url": "https://www.billboard.com/articles/columns/pop/7717050/alicia-keys-gwen-stefani-relationship-blake-shelton-the-voice-today-show-interview-video", "description": "Alicia Keys appears on 'The Today Show' and confesses her love for Gwen Stefani while promoting 'The Voice.'", "image": {"identifier": "https://static.billboard.com/files/media/alicia-keys-the-voice-2017-billboard-1548-compressed.jpg", "width": 1548, "height": 1024}, "title": "Alicia Keys Says She Loves Gwen Stefani More Than Blake Shelton Does: Watch", "type": "article"}, "description": "Alicia Keys appears on 'The Today Show' and confesses her love for Gwen Stefani while promoting 'The Voice.'"}, "movies": [], "publish_date": null, "source": "http://www.billboard.com", "summary": ""}