{"url": "https://www.si.com/swim-daily/2017/04/07/kate-upton-jimmy-fallon-dance-battle-tonight-show", "text": "You won't soon forget this unique dance battle between SI Swimsuit model Kate Upton and Tonight Show host Jimmy Fallon.\n\nKate Upton's got more than good looks, y'all...she's also got some pretty stellar dance moves!\n\nWhile in Orlando to celebrate the opening of his new ride at Universal Studios Orlando, Tonight Show host Jimmy Fallon welcomed our 2017 SI Swimsuit cover model onto his show and in turn challeneged her to a friendly (read: competitive) dance battle.\n\nIn the contest, Kate and Jimmy were each given unique prompts by a dance-move generator and were tasked with creating new signature moves on the spot.\n\nIn the hilarious segment, the two A-listers totally nailed their moves, somehow making \"Walking Into a Spider Web\" and \"The Elliptical\" look like dances we might actually want to pull out this weekend.\n\nLeave it to Hashtag the Panda to steal the show though... I mean, how's a girl supposed to compete with a life-size plush panda? Kate, we applaud you AND your amazing moves!\n\nBONUS: See some of Kate's best moments from SI Swimsuit!\n\n", "images": ["https://swimsuit.si.com/.image/ar_8:10%2Cc_fill%2Ccs_srgb%2Cfl_progressive%2Cg_faces:center%2Cq_auto:good%2Cw_620/MTc2MzkyNTQwODA5ODY0Mzgy/0c2302bf-a316-4b88-b788-b899eade874c.jpg", "https://swimsuit.si.com/.image/ar_8:10%2Cc_fill%2Ccs_srgb%2Cfl_progressive%2Cg_faces:center%2Cq_auto:good%2Cw_620/MTc2ODgzMDc0NjYxODg1ODk0/black-friday-deals.jpg", "https://swimsuit.si.com/.image/ar_8:10%2Cc_fill%2Ccs_srgb%2Cfl_progressive%2Cg_faces:center%2Cq_auto:good%2Cw_620/MTc2OTMxMTI5OTc3MjE5MDE0/holiday-gift-guide.jpg", "https://swimsuit.si.com/.image/ar_8:10%2Cc_fill%2Ccs_srgb%2Cfl_progressive%2Cg_faces:center%2Cq_auto:good%2Cw_620/MTc2ODg0NDIzNTUwMDUxOTIz/brooks.jpg", "https://swimsuit.si.com/.image/c_fit%2Ccs_srgb%2Cfl_progressive%2Ch_406%2Cq_auto:good%2Cw_620/MTY5MjQzMTk0ODkxNDQ1NTM3/kate-upton4jpg.jpg", "https://swimsuit.si.com/.image/c_fit%2Ccs_srgb%2Cfl_progressive%2Ch_406%2Cq_auto:good%2Cw_620/MTY5MjQzMTk1OTY4MjAyMDE3/op44-191695-raw1200_0jpg.jpg", "https://swimsuit.si.com/.image/ar_8:10%2Cc_fill%2Ccs_srgb%2Cfl_progressive%2Cg_faces:center%2Cq_auto:good%2Cw_620/MTc2NjI2ODU2NTA4Nzk0MDY1/joo.jpg", "https://swimsuit.si.com/.image/c_fit%2Ccs_srgb%2Cfl_progressive%2Ch_406%2Cq_auto:good%2Cw_620/MTY5MjQzMTk1MTczMTE5MjY1/aastcxjwmqdfvwjgdzetbjpg.jpg", "https://swimsuit.si.com/.image/ar_8:10%2Cc_fill%2Ccs_srgb%2Cfl_progressive%2Cg_faces:center%2Cq_auto:good%2Cw_620/MTc3MDQ3NzU4MjAzODU2MzQ0/13a54da1-2898-4a8b-81ec-5ad537921bd3.jpg", "https://swimsuit.si.com/.image/MTczODc3MTE5OTMwMzQ0NTEy/webassets-01.svg", "https://swimsuit.si.com/.image/ar_8:10%2Cc_fill%2Ccs_srgb%2Cfl_progressive%2Cg_faces:center%2Cq_auto:good%2Cw_620/MTc2MzcxODY4MDU4NTI2ODkz/0.jpg", "https://swimsuit.si.com/.image/t_share/MTY5MjQzOTE3MjUyNjM0MDc1/swim163_tk1_0545-rawwmfinal1920_0jpg.jpg", "https://swimsuit.si.com/.image/ar_8:10%2Cc_fill%2Ccs_srgb%2Cfl_progressive%2Cg_faces:center%2Cq_auto:good%2Cw_620/MTc3MDUxMjMwNDE2MTUxNjk1/untitled-design-16.jpg"], "top_img": "https://swimsuit.si.com/.image/t_share/MTY5MjQzOTE3MjUyNjM0MDc1/swim163_tk1_0545-rawwmfinal1920_0jpg.jpg", "keywords": [], "authors": ["Kelsey Hendrix"], "canonical_link": "https://swimsuit.si.com/news/kate-upton-jimmy-fallon-dance-battle-tonight-show", "title": "Kate Upton and Jimmy Fallon face off in a dance battle", "meta_data": {"author": "Kelsey Hendrix", "description": "You won't soon forget this unique dance battle between SI Swimsuit model Kate Upton and Tonight Show host Jimmy Fallon.", "keywords": "dance battle,Kate Upton,jimmy fallon,News", "section": "News", "pagetype": "article", "robots": "max-image-preview:large", "item-id": "ci02594679900f2521", "published": "2017-04-07T14:29:50Z", "dcterms.rightsHolder": "ABG-SI LLC. SPORTS ILLUSTRATED is a registered trademark of ABG-SI LLC. All Rights Reserved. Use of this site constitutes acceptance of our Terms of Use and Privacy Policy", "dcterms.dateCopyrighted": 2020, "twitter": {"card": "summary_large_image", "url": "https://swimsuit.si.com/news/kate-upton-jimmy-fallon-dance-battle-tonight-show", "image": "https://swimsuit.si.com/.image/t_share/MTY5MjQzOTE3MjUyNjM0MDc1/swim163_tk1_0545-rawwmfinal1920_0jpg.jpg", "description": "You won't soon forget this unique dance battle between SI Swimsuit model Kate Upton and Tonight Show host Jimmy Fallon.", "domain": "swimsuit.si.com"}, "og": {"type": "article", "url": "https://swimsuit.si.com/news/kate-upton-jimmy-fallon-dance-battle-tonight-show", "title": "Kate Upton and Jimmy Fallon face off in a dance battle", "description": "You won't soon forget this unique dance battle between SI Swimsuit model Kate Upton and Tonight Show host Jimmy Fallon.", "image": "https://swimsuit.si.com/.image/t_share/MTY5MjQzOTE3MjUyNjM0MDc1/swim163_tk1_0545-rawwmfinal1920_0jpg.jpg", "site_name": "Swimsuit | SI.com"}, "pinterest-rich-pin": "true", "apple-mobile-web-app-title": "Swimsuit | SI.com", "parsely-title": "Kate Upton and Jimmy Fallon face off in a dance battle - Swimsuit | SI.com", "parsely-link": "https://swimsuit.si.com/news/kate-upton-jimmy-fallon-dance-battle-tonight-show", "parsely-image-url": "https://swimsuit.si.com/.image/c_fill%2Ccs_srgb%2Cfl_progressive%2Ch_400%2Cq_auto:good%2Cw_620/MTY5MjQzOTE3MjUyNjM0MDc1/swim163_tk1_0545-rawwmfinal1920_0jpg.jpg", "parsely-post-id": "ci02594679900f2521", "parsely-pub-date": "2017-04-07T14:29:50Z", "parsely-section": "News", "parsely-author": "Kelsey Hendrix", "parsely-tags": "dance battle,Kate Upton,jimmy fallon,News", "sailthru.title": "Kate Upton and Jimmy Fallon face off in a dance battle", "sailthru.image.full": "https://swimsuit.si.com/.image/t_share/MTY5MjQzOTE3MjUyNjM0MDc1/swim163_tk1_0545-rawwmfinal1920_0jpg.jpg", "sailthru.date": "2017-04-07T14:29:50Z", "sailthru.author": "Kelsey Hendrix", "sailthru.tags": "dance battle,Kate Upton,jimmy fallon,News", "sailthru.description": "You won't soon forget this unique dance battle between SI Swimsuit model Kate Upton and Tonight Show host Jimmy Fallon.", "phx": {"content-item-id": "ci02594679900f2521", "content-object-type": "ContentArticle"}, "viewport": "width=device-width, initial-scale=1", "referrer": "unsafe-url", "HandheldFriendly": "True", "MobileOptimized": 320, "apple-mobile-web-app-capable": "no", "apple-mobile-web-app-status-bar-style": "black", "format-detection": "address=no", "generator": "Tempest - maven.io", "pinterest": "nohover"}, "movies": [], "publish_date": 1491516000.0, "source": "https://www.si.com", "summary": ""}