{"url": "https://torontosun.com/2017/04/11/emily-ratajkowski-why-cant-i-be-a-feminist-sex-symbol/wcm/c515173d-1a62-4fe3-8bfe-3f2936f9a2fe", "text": "Emily Ratajkowski is determined to fight back against people stereotyping her as an empty-headed sex symbol.\n\nThe 25-year-old model first shot to fame in Robin Thicke\u2019s Blurred Lines video and has since landed roles in movies including Gone Girl and We Are Your Friends.\n\nShe is also known for sharing sexy images on her social media pages, but said in a new interview with Marie Claire magazine that just because she is proud of her sexuality, doesn\u2019t mean she can\u2019t also be a women\u2019s rights advocate.\n\n\u201cIn every profile written about me, there is, \u2018She\u2019s so sexual and she\u2019s such a sex symbol,\u2019 paired with, \u2018But, wow, she knows about politics,\u2019\u201d she told the publication\u2019s Fresh Faces issue. \u201cAnd that in itself is sexist. Why does it have to be one or the other?\u201d\n\nEmily has two movies in post-production - In Darkness, in which she stars alongside Natalie Dormer and Joely Richardson and romance Cruise.\n\nWhile her good looks see her offered a variety of film roles, Emily has become more picky about the projects she takes on.\n\nThese days, she is determined to take on parts that offer her more than just a chance to show off her stunning figure.\n\n\u201cI am way more interested in working with unexpected and cool directors on interesting projects than being in this big studio movie where you\u2019re in a bikini,\u201d she added. \u201cI turn down a lot of movies, but I have to fight for the ones that I really want.\u201d\n\nEmily previously penned an essay for Glamour.com in which she insisted it\u2019s wrong for women to be accused of seeking attention more often than men - regardless of whether it\u2019s for speaking out on political issues, dressing a certain way or even for posting selfies.\n\n\u201cIt\u2019s absurd to think that desire for attention doesn\u2019t drive both women and men,\u201d she wrote in the essay. \u201cWhy are women scrutinized for it more, then? And if a woman dresses up because she does want attention, male or otherwise, does that make her guilty of something? Or less \u2018serious\u2019? Our society doesn\u2019t question men\u2019s motivations for taking their shirt off, or shaving, or talking about politics - nor should it. Wanting attention is genderless. It\u2019s human.\u201d", "images": ["https://dcs-static.prod.postmedia.digital/4.4.3/websites/images/share-icons/icon-soc-fb.svg", "https://dcs-static.prod.postmedia.digital/4.4.3/websites/images/share-icons/icon-circle-email.svg", "https://dcs-static.prod.postmedia.digital/4.4.3/websites/images/share-icons/icon-soc-li.svg", "https://smartcdn.prod.postmedia.digital/v1/dynamic_resize/sws_path/suns-prod-images/1297944302656_ORIGINAL.jpg?quality=80&size=520x", "https://dcs-static.prod.postmedia.digital/4.4.3/websites/images/share-icons/icon-circle-share.svg", "https://dcs-static.prod.postmedia.digital/4.4.3/websites/images/share-icons/icon-soc-ig.svg", "https://dcs-static.prod.postmedia.digital/4.4.3/websites/images/share-icons/share-modal-icon-close.svg", "https://smartcdn.prod.postmedia.digital/v1/dynamic_resize/sws_path/suns-prod-images/1297944302656_ORIGINAL.jpg?quality=5&size=520x&strip=all&w=100", "https://dcs-static.prod.postmedia.digital/4.4.3/websites/images/share-icons/icon-soc-yt.svg", "https://dcs-static.prod.postmedia.digital/4.4.3/websites/images/share-icons/icon-soc-rdit.svg", "https://dcs-static.prod.postmedia.digital/4.4.3/websites/images/share-icons/icon-soc-tblr.svg", "https://dcs-static.prod.postmedia.digital/4.4.3/websites/images/logo-postmedia.svg", "https://dcs-static.prod.postmedia.digital/4.4.3/websites/images/share-icons/icon-soc-tw.svg", "https://dcs-static.prod.postmedia.digital/4.4.3/websites/images/share-icons/icon-soc-pin.svg"], "top_img": "https://smartcdn.prod.postmedia.digital/v1/dynamic_resize/sws_path/suns-prod-images/1297944302656_ORIGINAL.jpg?quality=80&size=520x", "keywords": [], "authors": [], "canonical_link": "https://torontosun.com/2017/04/11/emily-ratajkowski-why-cant-i-be-a-feminist-sex-symbol", "title": "Emily Ratajkowski: 'Why can't I be a feminist sex symbol?'", "meta_data": {"viewport": "width=device-width,minimum-scale=1,initial-scale=1", "description": "Emily Ratajkowski is determined to fight back against people stereotyping her as an empty-headed sex symbol.", "google-site-verification": "kK9JgWClNj_xPmY-xEXJ8C95PgC_s3Ax12Qq6Wkqh88", "vf": {"container_id": "c515173d-1a62-4fe3-8bfe-3f2936f9a2fe"}, "fb": {"pages": 189526659635}, "og": {"site_name": "torontosun", "type": "article", "title": "Emily Ratajkowski: 'Why can't I be a feminist sex symbol?'", "image": {"identifier": "https://smartcdn.prod.postmedia.digital/v1/dynamic_resize/sws_path/suns-prod-images/1297944302656_ORIGINAL.jpg?quality=80&size=520x", "width": 520, "height": 780}}, "article": {"publisher": "https://www.facebook.com/torontosun/"}, "twitter": {"title": "Emily Ratajkowski: 'Why can't I be a feminist sex symbol?'", "image": "https://smartcdn.prod.postmedia.digital/v1/dynamic_resize/sws_path/suns-prod-images/1297944302656_ORIGINAL.jpg?quality=80&size=520x", "card": "summary_large_image"}, "ia": {"markup_url": "https://torontosun.com/2017/04/11/emily-ratajkowski-why-cant-i-be-a-feminist-sex-symbol?ia_markup=1"}}, "movies": [], "publish_date": 1491861600.0, "source": "https://torontosun.com", "summary": ""}