{"url": "http://extratv.com/2017/04/14/dwts-pro-sharna-burgess-famous-boyfriend-revealed-hint-its-not-bonner-bolton/", "text": "Fans love the chemistry between \u201cDancing with the Stars\u201d partners Sharna Burgess and Bonner Bolton, but alas, they are not a couple.\n\nE! News reports that Sharna is dating actor Pierson Fod\u00e9! Pierson is best known for the 2015 romantic comedy \u201cNaomi and Ely's No Kiss List\u201d and his role as Thomas Forrester on \u201cThe Bold and the Beautiful.\u201d\n\nGetty A source revealed, \"Sharna and Pierson are together. She just took him to that James Hinchcliffe race they both posted about on Instagram (see her post here, and his here) and were acting affectionate like a couple there. She was at Pierson's birthday party last week. He even visited her while she was on the road during the 'DWTS' tour months ago.\"", "images": ["https://extra-images.akamaized.net/image/33/o/2017/04/14/338b28840dc256a092958b2f7080f534_md.jpg", "https://extra-images.akamaized.net/image/64/5by6/2020/11/22/646112074708434cba98bb8c6d7f75e0_sm.jpg", "https://extra-images.akamaized.net/image/4b/5by6/2020/08/24/4bda0604f8005f84b96f44e0bb042891_sm.jpg", "https://extra-images.akamaized.net/image/0c/5by6/2020/11/05/0c432281e76c5daa8c424e4b6ea0e44a_md.jpg", "https://extra-images.akamaized.net/image/63/4by3/2016/04/07/63882c34a513573b85e129c3562440f5_sm.jpg", "https://extra-images.akamaized.net/image/17/16by9/2017/04/14/17ee106cc38b57ecbabdbb434e65ef86_xl.jpg", "https://extra-images.akamaized.net/image/16/5by6/2020/09/30/164820b906d5503280739681ef8e0d8a_sm.jpeg", "https://extra-images.akamaized.net/image/5e/4by3/2020/11/26/5e639ae148f044c3b05f8ee9a598d7f7_sm.jpg", "https://static.extratv.com/extra-web/img/logos/extra-logo-v1.svg", "https://extra-images.akamaized.net/image/81/4by3/2019/12/02/819107b8bc8653cc9dfcc5a8aab79791_sm.jpg", "https://extra-images.akamaized.net/image/e6/5by6/2020/11/26/e602f0d30ee14c1c9bb932b0805a15be_md.jpg", "https://extra-images.akamaized.net/image/2b/5by6/2020/07/22/2b75f0bfff0c51308891afc41b4fe61c_sm.jpg", "https://extra-images.akamaized.net/image/03/3by2/2020/11/25/037e7d32e62a44aeb99f0e78f1084d22_md.jpg", "https://extra-images.akamaized.net/image/c3/5by6/2020/09/23/c39c43f4835255c0b524bcf7f4f15f64_sm.jpg", "https://extra-images.akamaized.net/image/a4/5by6/2017/04/14/a4875698ceee52ed896e2c48be8dbfad_md.jpg", "https://extra-images.akamaized.net/image/4e/5by6/2020/11/20/4e1cd2764bc94b738a8805a9c54941d6_sm.jpg", "https://extra-images.akamaized.net/image/14/4by3/2020/07/29/14401a2143d15540a7c1b9a26a97d116_sm.jpg"], "top_img": "https://extra-images.akamaized.net/image/17/16by9/2017/04/14/17ee106cc38b57ecbabdbb434e65ef86_xl.jpg", "keywords": [], "authors": [], "canonical_link": "https://extratv.com/2017/04/14/dwts-pro-sharna-burgess-famous-boyfriend-revealed-hint-its-not-bonner-bolton/", "title": "\u2018DWTS\u2019 Pro Sharna Burgess\u2019 Famous Boyfriend Revealed (Hint\u2026 It\u2019s Not Bonner Bolton!)", "meta_data": {"viewport": "width=device-width,initial-scale=1", "referrer": "unsafe-url", "google-site-verification": "google56b059efc05e54d5.html", "robots": "index,follow", "description": "Fans love the chemistry between \u201cDancing with the Stars\u201d partners Sharna Burgess and Bonner Bolton, but alas, they are not a couple.", "fb": {"app_id": 18489729593, "pages": 26676834754}, "article": {"publisher": "https://www.facebook.com/Extra/"}, "og": {"site_name": "Extra", "type": "article", "url": "https://extratv.com/2017/04/14/dwts-pro-sharna-burgess-famous-boyfriend-revealed-hint-its-not-bonner-bolton/", "title": "\u2018DWTS\u2019 Pro Sharna Burgess\u2019 Famous Boyfriend Revealed (Hint\u2026 It\u2019s Not Bonner Bolton!)", "description": "Fans love the chemistry between \u201cDancing with the Stars\u201d partners Sharna Burgess and Bonner Bolton, but alas, they are not a couple.", "image": "https://extra-images.akamaized.net/image/17/16by9/2017/04/14/17ee106cc38b57ecbabdbb434e65ef86_xl.jpg"}, "twitter": {"site": "@extratv", "card": "summary_large_image", "title": "\u2018DWTS\u2019 Pro Sharna Burgess\u2019 Famous Boyfriend Revealed (Hint\u2026 It\u2019s Not Bonner Bolton!)", "description": "Fans love the chemistry between \u201cDancing with the Stars\u201d partners Sharna Burgess and Bonner Bolton, but alas, they are not a couple.", "image": "https://extra-images.akamaized.net/image/17/16by9/2017/04/14/17ee106cc38b57ecbabdbb434e65ef86_xl.jpg"}, "apple-mobile-web-app-capable": "yes", "apple-mobile-web-app-status-bar-style": "#0b1d2e", "apple-mobile-web-app-title": "extratv.com", "msapplication-TileImage": "https://static.extratv.com/extra-web/icons/msapplication-tile-image-310x310-v1.png", "msapplication-TileColor": "#0b1d2e", "msapplication-starturl": "https://extratv.com/?adid=IE9pin", "msapplication-navbutton-color": "#0b1d2e", "msapplication-window": "width=1024;height=768", "msapplication-tooltip": "Extra", "msapplication-task": "name=Photos;action-uri=https://extratv.com/photos/;icon-uri=https://static.extratv.com/extra-web/icons/favicon-32x32-v1.png"}, "movies": [], "publish_date": 1492120800.0, "source": "http://extratv.com", "summary": ""}