{"url": "https://www.nytimes.com/2017/04/17/arts/music/prince-opioid-death.html", "text": "At the time of Prince\u2019s death, his Paisley Park home and recording compound in Minnesota were strewn with \u201ca sizable amount\u201d of narcotic painkillers for which he did not have prescriptions, including some hidden in over-the-counter vitamin and aspirin bottles and others issued in the name of a close aide, according to newly released court documents related to the investigation into the accidental opioid overdose that killed Prince last year.\n\nSearch warrants and affidavits from the Carver County Sheriff\u2019s Office, which is leading the continuing homicide investigation in conjunction with the Drug Enforcement Administration, were unsealed on Monday.\n\nThe documents do not solve the mystery of where Prince got the powerful opioid fentanyl that killed him. But they sketch a picture of how this musician, a strict proponent of clean living who suffered from chronic hip pain, concealed his opioid addiction using a variety of methods, including mixing various prescription pills in bottles for everyday products like Bayer and Aleve. In at least one instance, Prince procured an opiate prescription in the name of Kirk Johnson, a personal friend and employee since the 1980s, according to investigators.\n\nPrince was found dead in the elevator of his home in Chanhassen, Minn., on April 21, 2016, by Mr. Johnson and others after he ingested the fatal amount of fentanyl, which is often used to manufacture counterfeit pills that are sold on the black market as oxycodone and other pain relievers. Investigators have said they are most concerned with who obtained the fentanyl, and have yet to charge anyone in Prince\u2019s death. They noted in court records that those who were present at the home that morning \u201cprovided inconsistent and, at times, contradictory statements.\u201d", "images": ["https://static01.nyt.com/images/2017/04/18/arts/18PRINCE/18PRINCE-articleLarge.jpg?quality=75&auto=webp&disable=upscale", "https://static01.nyt.com/images/2017/04/18/arts/18PRINCE/18PRINCE-facebookJumbo.jpg?year=2017&h=550&w=1050&sig=0xa2fb81bd9f424dd843359691c4f1d790", "https://static01.nyt.com/images/2016/04/21/multimedia/obit-prince/obit-prince-videoSixteenByNine3000.jpg"], "top_img": "https://static01.nyt.com/images/2017/04/18/arts/18PRINCE/18PRINCE-facebookJumbo.jpg?year=2017&h=550&w=1050&sig=0xa2fb81bd9f424dd843359691c4f1d790", "keywords": [], "authors": ["Joe Coscarelli", "Serge F. Kovaleski"], "canonical_link": "https://www.nytimes.com/2017/04/17/arts/music/prince-opioid-death.html", "title": "How Prince Concealed His Addiction: Aspirin Bottles of Opiates", "meta_data": {"article": {"published_time": "2017-04-17T18:30:51.000Z", "modified_time": "2017-04-17T18:32:50.000Z", "section": "Arts", "author": "http://www.nytimes.com/by/serge-f-kovaleski", "tag": "Pop and Rock Music", "opinion": "false", "content_tier": "metered"}, "robots": "noarchive", "articleid": 100000005048572, "nyt_uri": "nyt://article/eb744eab-8e47-572a-94c4-b6eb29d8f097", "pubp_event_id": "pubp://event/d733c472194c415db32fb75fc927fead", "description": "Newly released court documents reveal that the singer\u2019s home was strewn with narcotic painkillers for which he did not have prescriptions.", "image": "https://static01.nyt.com/images/2017/04/18/arts/18PRINCE/18PRINCE-facebookJumbo.jpg?year=2017&h=550&w=1050&sig=0xa2fb81bd9f424dd843359691c4f1d790", "byl": "By Joe Coscarelli and Serge F. Kovaleski", "thumbnail": "https://static01.nyt.com/images/2017/04/18/arts/18PRINCE/18PRINCE-thumbStandard.jpg", "news_keywords": "Prince,Opioids,Michael T. Schulenberg,Minnesota,Drug Abuse,Pop Rock Music", "pdate": 20170417, "og": {"url": "https://www.nytimes.com/2017/04/17/arts/music/prince-opioid-death.html", "type": "article", "title": "How Prince Concealed His Addiction: Aspirin Bottles of Opiates (Published 2017)", "image": {"identifier": "https://static01.nyt.com/images/2017/04/18/arts/18PRINCE/18PRINCE-facebookJumbo.jpg?year=2017&h=550&w=1050&sig=0xa2fb81bd9f424dd843359691c4f1d790", "alt": "Prince, who died last April at the age of 57, was concealing an addiction to opiates, according to investigators."}, "description": "Newly released court documents reveal that the singer\u2019s home was strewn with narcotic painkillers for which he did not have prescriptions."}, "twitter": {"url": "https://www.nytimes.com/2017/04/17/arts/music/prince-opioid-death.html", "title": "How Prince Concealed His Addiction: Aspirin Bottles of Opiates (Published 2017)", "description": "Newly released court documents reveal that the singer\u2019s home was strewn with narcotic painkillers for which he did not have prescriptions.", "image": {"identifier": "https://static01.nyt.com/images/2017/04/18/arts/18PRINCE/18PRINCE-videoSixteenByNine3000.jpg?year=2017&h=1689&w=3000&sig=0xe4d2af1920106db263346e1740eed928&tw=1", "alt": "Prince, who died last April at the age of 57, was concealing an addiction to opiates, according to investigators."}, "card": "summary_large_image", "app": {"name": {"googleplay": "NYTimes"}, "id": {"googleplay": "com.nytimes.android"}, "url": {"googleplay": "nyt://article/eb744eab-8e47-572a-94c4-b6eb29d8f097"}}, "site": "@nytimes"}, "CG": "arts", "SCG": "music", "PT": "article", "PST": "News", "url": "https://www.nytimes.com/2017/04/17/arts/music/prince-opioid-death.html", "msapplication-starturl": "https://www.nytimes.com", "al": {"android": {"url": "nyt://article/eb744eab-8e47-572a-94c4-b6eb29d8f097", "package": "com.nytimes.android", "app_name": "NYTimes"}, "iphone": {"url": "nytimes://www.nytimes.com/2017/04/17/arts/music/prince-opioid-death.html", "app_store_id": 284862083, "app_name": "NYTimes"}, "ipad": {"url": "nytimes://www.nytimes.com/2017/04/17/arts/music/prince-opioid-death.html", "app_store_id": 357066198, "app_name": "NYTimes"}}, "viewport": "width=device-width, initial-scale=1", "fb": {"app_id": 9869919170}}, "movies": [], "publish_date": 1492380000.0, "source": "https://www.nytimes.com", "summary": ""}