{"url": "www.ibtimes.co.in/brad-pitt-snubs-angelina-jolies-invite-spend-halloween-2017-children-747321", "text": "Is there a Brangelina reunion taking place? Hollywood Life claims so. The gossip website reveals that Brad Pitt and Angelina Jolie could be coming together on the occasion of Halloween.\n\nApparently, Jolie has reached out to her estranged husband to invite him to celebrate Halloween with the children. The website says that the move is for the sake of her children.\n\nAlso Read: WHAT! Brad Pitt and Angelina Jolie's relationship was '12 years of hell'?\n\n\"Angie invited Brad to go trick-or-treating with the kids next week. She knows how much he loved going out with the kids during the one holiday where they could all be disguised and blend in like regular people,\" an insider close to Jolie told the website.\n\n\"Brad has been through a lot this year and Angelina knows that he will forever be a part of the kids lives so why not invite him along? Angie figures they need to learn how to spend time together for the sake of the kids,\" the source continued.\n\nBut is Pitt up for it? Apparently not. The informant shares that Pitt hasn't given her a concrete answer because he is not in a state of mind to spend time with Jolie yet.\n\n\"Brad isn't having it and has not given her a clear answer. He has been busy working a lot and is leaning towards not participating in the trick-or-treating with the kids and his ex. He has his own fun stuff planned with the kids to celebrate Halloween and they don't include Angelina. He is not in a place where he wants to spend time with her right now,\" the insider explained.\n\nThe actor has expressed how difficult it is for him to move on from the life-changing event. While he took part of the blame when he spoke to GQ, it was recently reported that the break up has been impacting his work as well.\n\nA few weeks ago, the 53-year-old apparently stormed off the sets of Ad Astra, a sci-fi thriller he has been shooting for. So it is understandable that he wouldn't want to lose his cool and hence, he is avoiding any kind of interaction with his estrange wife.", "images": ["https://graphic1.ibtimes.co.in/www/img/logo-stack.png", "https://data1.ibtimes.co.in/en/full/746562/ibt-default-image.jpg?w=220&h=135", "https://data1.ibtimes.co.in/en/full/746562/ibt-default-image.jpg?h=450&l=50&t=40", "https://graphic1.ibtimes.co.in/www/responsive/latest/home.png", "https://data1.ibtimes.co.in/en/full/647341/angelina-jolie-brad-pitt.jpg", "https://data1.ibtimes.co.in/en/full/746562/ibt-default-image.jpg?w=220&h=138"], "top_img": "https://data1.ibtimes.co.in/en/full/647341/angelina-jolie-brad-pitt.jpg", "keywords": [], "authors": ["Dishya Sharma"], "canonical_link": "https://www.ibtimes.co.in/brad-pitt-snubs-angelina-jolies-invite-spend-halloween-2017-children-747321", "title": "Brad Pitt SNUBS Angelina Jolie's invite to spend Halloween 2017 with children?", "meta_data": {"viewport": "width=device-width, initial-scale=1.0", "language": "english", "author": "Dishya Sharma", "copyright": "2020 IBTimes", "subject": "Brad Pitt SNUBS Angelina Jolie's invite to spend Halloween 2017 with children?", "description": "Angelina Jolie has reportedly invited Brad Pitt to spend the Halloween this year with their children.", "keywords": "Brad Pitt,Angelina Jolie,Angelina Jolie Brad Pitt,Angelina Jolie Brad Pitt reunion,angelina jolie brad pitt children,Brad Pitt snubs Angelina Jolie,Angelina Jolie invites Brad Pitt for Halloween,Angelina Jolie Brad Pitt story,Angelina Jolie Brad Pitt news,Halloween 2017", "article": {"published_time": "2017-10-28T15:50:34+05:30", "modified_time": "2017-10-28T15:50:34+05:30", "section": "Celebrity", "tag": "Halloween 2017", "publisher": "https://www.facebook.com/ibtimes.india"}, "DC.title": "Brad Pitt SNUBS Angelina Jolie's invite to spend Halloween 2017 with children?", "DC.description": "Angelina Jolie has reportedly invited Brad Pitt to spend the Halloween this year with their children.", "DC.subject": "Brad Pitt,Angelina Jolie,Angelina Jolie Brad Pitt,Angelina Jolie Brad Pitt reunion,angelina jolie brad pitt children,Brad Pitt snubs Angelina Jolie,Angelina Jolie invites Brad Pitt for Halloween,Angelina Jolie Brad Pitt story,Angelina Jolie Brad Pitt news,Halloween 2017", "og": {"title": "Brad Pitt SNUBS Angelina Jolie's invite to spend Halloween 2017 with children?", "url": "https://www.ibtimes.co.in/brad-pitt-snubs-angelina-jolies-invite-spend-halloween-2017-children-747321", "image": "https://data1.ibtimes.co.in/en/full/647341/angelina-jolie-brad-pitt.jpg", "site_name": "IBTimes India", "type": "article", "description": "Angelina Jolie has reportedly invited Brad Pitt to spend the Halloween this year with their children."}, "news_keywords": "Celebrity,Brad Pitt,Angelina Jolie,Angelina Jolie Brad Pitt,Angelina Jolie Brad Pitt reunion,Angelina jolie brad pitt children,Brad Pitt snubs Angelina Jolie,Angelina Jolie invites Brad Pitt for Halloween,Angelina Jolie Brad Pitt story,Angelina Jolie Brad Pitt news,Halloween 2017", "syndication-source": "https://www.ibtimes.co.in/brad-pitt-snubs-angelina-jolies-invite-spend-halloween-2017-children-747321", "Googlebot-news": "index, follow", "robots": "index, follow", "twitter": {"title": "Brad Pitt SNUBS Angelina Jolie's invite to spend Halloween 2017 with children?", "description": "Angelina Jolie has reportedly invited Brad Pitt to spend the Halloween this year with their children.", "image": "https://data1.ibtimes.co.in/en/full/647341/angelina-jolie-brad-pitt.jpg", "card": "summary_large_image", "site": "@ibtimes_india", "domain": "www.ibtimes.co.in", "url": "https://www.ibtimes.co.in/brad-pitt-snubs-angelina-jolies-invite-spend-halloween-2017-children-747321"}, "theme-color": "#000000", "fb": {"pages": 134755750024728, "app_id": 1386147698272496}}, "movies": [], "publish_date": 1509186034.0, "source": "http://www.ibtimes.co.in", "summary": ""}