{"url": "http://www.youtube.com/watch?v=Vp6x3mEU4ok&list=UUOKW-o3oYdFmrMNcTLVuaoA", "text": "", "images": ["https://i.ytimg.com/vi/Vp6x3mEU4ok/maxresdefault.jpg"], "top_img": "https://i.ytimg.com/vi/Vp6x3mEU4ok/maxresdefault.jpg", "keywords": [], "authors": [], "canonical_link": "https://www.youtube.com/watch?v=Vp6x3mEU4ok&list=UUOKW-o3oYdFmrMNcTLVuaoA", "title": "3/8/14 Sen. Rob Portman (R-OH) delivers Weekly GOP Address on American jobs", "meta_data": {"theme-color": "rgba(255, 255, 255, 0.98)", "title": "3/8/14 Sen. Rob Portman (R-OH) delivers Weekly GOP Address on American jobs", "description": "In the Weekly Republican Address, Sen. Rob Portman of Ohio outlines a Senate Republican Jobs for America plan designed to bring back opportunity, spark an ec...", "keywords": "Rob Portman (U.S. Congressperson), Ohio (US State), Republican Party (Organization), Weekly Radio Address, Weekly Address, Barack Obama (US President), White House (Building), Response, Jobs, Unemployment, Jobs for America, Like it keep it, Obamacare, Affordable Care Act, PPACA, Debt, Keystone, Keystone XL", "robots": "noindex", "og": {"site_name": "YouTube", "url": "https://www.youtube.com/watch?v=Vp6x3mEU4ok&list=UUOKW-o3oYdFmrMNcTLVuaoA", "title": "3/8/14 Sen. Rob Portman (R-OH) delivers Weekly GOP Address on American jobs", "image": {"identifier": "https://i.ytimg.com/vi/Vp6x3mEU4ok/maxresdefault.jpg", "width": 1280, "height": 720}, "description": "In the Weekly Republican Address, Sen. Rob Portman of Ohio outlines a Senate Republican Jobs for America plan designed to bring back opportunity, spark an ec...", "type": "video.other", "video": {"url": "https://www.youtube.com/embed/Vp6x3mEU4ok?list=UUOKW-o3oYdFmrMNcTLVuaoA", "secure_url": "https://www.youtube.com/embed/Vp6x3mEU4ok?list=UUOKW-o3oYdFmrMNcTLVuaoA", "type": "text/html", "width": 1280, "height": 720, "tag": "Keystone XL"}}, "al": {"ios": {"app_store_id": 544007664, "app_name": "YouTube", "url": "vnd.youtube://www.youtube.com/watch?v=Vp6x3mEU4ok&list=UUOKW-o3oYdFmrMNcTLVuaoA&feature=applinks"}, "android": {"url": "vnd.youtube://www.youtube.com/watch?v=Vp6x3mEU4ok&list=UUOKW-o3oYdFmrMNcTLVuaoA&feature=applinks", "app_name": "YouTube", "package": "com.google.android.youtube"}, "web": {"url": "http://www.youtube.com/watch?v=Vp6x3mEU4ok&list=UUOKW-o3oYdFmrMNcTLVuaoA&feature=applinks"}}, "fb": {"app_id": 87741124305}, "twitter": {"card": "player", "site": "@youtube", "url": "https://www.youtube.com/watch?v=Vp6x3mEU4ok&list=UUOKW-o3oYdFmrMNcTLVuaoA", "title": "3/8/14 Sen. Rob Portman (R-OH) delivers Weekly GOP Address on American jobs", "description": "In the Weekly Republican Address, Sen. Rob Portman of Ohio outlines a Senate Republican Jobs for America plan designed to bring back opportunity, spark an ec...", "image": "https://i.ytimg.com/vi/Vp6x3mEU4ok/maxresdefault.jpg", "app": {"name": {"iphone": "YouTube", "ipad": "YouTube", "googleplay": "YouTube"}, "id": {"iphone": 544007664, "ipad": 544007664, "googleplay": "com.google.android.youtube"}, "url": {"iphone": "vnd.youtube://www.youtube.com/watch?v=Vp6x3mEU4ok&list=UUOKW-o3oYdFmrMNcTLVuaoA&feature=applinks", "ipad": "vnd.youtube://www.youtube.com/watch?v=Vp6x3mEU4ok&list=UUOKW-o3oYdFmrMNcTLVuaoA&feature=applinks", "googleplay": "https://www.youtube.com/watch?v=Vp6x3mEU4ok&list=UUOKW-o3oYdFmrMNcTLVuaoA"}}, "player": {"identifier": "https://www.youtube.com/embed/Vp6x3mEU4ok?list=UUOKW-o3oYdFmrMNcTLVuaoA", "width": 1280, "height": 720}}}, "movies": [], "publish_date": null, "source": "http://www.youtube.com", "summary": ""}