{"url": "http://video.foxnews.com/v/4406890723001/watch-a-replay-of-fox-news-5-pm-presidential-debate/?#sp=show-clips", "text": "", "images": ["http://metrics.foxnews.com/b/ss/foxnews/1/H22.1--NS/1608638834?pageName=noscript:fcn:video:collection&g=http://video.foxnews.com", "http://b.scorecardresearch.com/p?c1=2&c2=9013181&c3=&c4=http://video.foxnews.com&c5=&c6=&c15=&cv=2.2&cj=1", "https://a57.foxnews.com/media2.foxnews.com/2015/08/07/640/360/080615_gopdebate_online_full_640.jpg", "http://secure-us.imrworldwide.com/cgi-bin/m?ci=foxnews&cg=0&cc=1&si=http://video.foxnews.com&ts=noscript&rnd=1608638834"], "top_img": "https://a57.foxnews.com/media2.foxnews.com/2015/08/07/640/360/080615_gopdebate_online_full_640.jpg", "keywords": [], "authors": [], "canonical_link": "http://video.foxnews.com/v/4406890723001/", "title": "Watch a replay of Fox News' 5 p.m. presidential debate", "meta_data": {"viewport": "width=device-width, initial-scale=1.0", "apple-mobile-web-app-capable": "yes", "apple-mobile-web-app-title": "Video", "dc.description": "GOP candidates face off in Cleveland", "dcterms.abstract": "GOP candidates face off in Cleveland", "dc.title": "Watch a replay of Fox News' 5 p.m. presidential debate", "dc.language": "en-US", "dc.format": "text/html", "dc.date": "2015-08-07", "dcterms.created": "2015-08-07 6:45:10 PM", "dcterms.modified": "2015-08-07 6:45:10 PM", "dc.type": "Collection", "dc.identifier": "urn:uuid:4406890723001", "medium": "video", "pagetype": "video", "video_width": 400, "video_height": 249, "video_type": "application/x-shockwave-flash", "prism.aggregationType": "video", "og": {"title": "Watch a replay of Fox News' 5 p.m. presidential debate", "description": "GOP candidates face off in Cleveland", "url": "http://video.foxnews.com/v/4406890723001/", "image": "https://a57.foxnews.com/media2.foxnews.com/2015/08/07/640/360/080615_gopdebate_online_full_640.jpg", "type": "video", "video": {"identifier": "//video.foxnews.com/assets/video-player.swf?video_id=4406890723001&d=video.foxnews.com&auto_play=true", "secure_url": "https://video.foxnews.com/assets/video-player.swf?video_id=4406890723001&d=video.foxnews.com&auto_play=true", "height": 360, "width": 640, "type": "application/x-shockwave-flash"}, "site_name": "Fox News"}, "twitter": {"card": "player", "url": "http://video.foxnews.com/v/4406890723001/", "title": "Watch a replay of Fox News' 5 p.m. presidential debate", "description": "GOP candidates face off in Cleveland", "image": "https://a57.foxnews.com/media2.foxnews.com/2015/08/07/640/360/080615_gopdebate_online_full_640.jpg", "site": "@foxnews", "player": {"identifier": "https://video.foxnews.com/v/video-embed.html?video_id=4406890723001&ref=twitter.com", "width": 435, "height": 251}}, "dc.publisher": "Fox News", "dc.subject": "Fox News, FoxNews.com, Fox News Channel, Video.FoxNews.com, Fox News Video, FoxNews.com Video, video clips, breaking news, entertainment video, politics videos", "fb": {"app_id": 113186182048399, "pages": 15704546335}, "description": "GOP candidates face off in Cleveland", "name": "Watch a replay of Fox News' 5 p.m. presidential debate", "uploadDate": "2015-08-07", "thumbnailUrl": "https://a57.foxnews.com/media2.foxnews.com/2015/08/07/640/360/080615_gopdebate_online_full_640.jpg", "prism.channel": "fnc", "prism.section": "video", "prism.subsection1": "on-demand", "video_category": "settings|advertising|ad_supported"}, "movies": [], "publish_date": null, "source": "http://video.foxnews.com", "summary": ""}