{"url": "www.imdb.com/news/ni61417377", "text": "Are the producers of the upcoming live-action Barbie movie getting angry with Anne Hathaway \u2019s alleged demands about the project? That\u2019s the claim in one of this week\u2019s new tabloids, but Gossip Cop has the truth. It was announced last month that Hathaway is in talks to star in Sony Pictures\u2019 Barbie movie after Amy Schumer [\u2026]\n\nIMDb.com, Inc. takes no responsibility for the content or accuracy of the above news articles, Tweets, or blog posts. This content is published for the entertainment of our users only. The news articles, Tweets, and blog posts do not represent IMDb's opinions nor can we guarantee that the reporting therein is completely factual. Please visit the source responsible for the item in question to report any concerns you may have regarding content or accuracy.", "images": ["https://m.media-amazon.com/images/G/01/imdb/images/social/imdb_logo._CB410901634_.png", "https://sb.scorecardresearch.com/p?c1=2&c2=6034961&cj=1&cs_ucfr=", "http://fls-na.amazon.com/1/batch/1/OP/A1EVAM02EL8SFB:134-8638697-0251840:945JP4PF345NQHKA1ZBN$uedata=s:%2Frd%2Fuedata%3Fnoscript%26id%3D945JP4PF345NQHKA1ZBN:0", "http://fls-na.amazon.com/1/batch/1/OP/A1EVAM02EL8SFB:134-8638697-0251840:945JP4PF345NQHKA1ZBN$uedata=s:%2Frd%2Fuedata%3Fstaticb%26id%3D945JP4PF345NQHKA1ZBN:0"], "top_img": "https://m.media-amazon.com/images/G/01/imdb/images/social/imdb_logo._CB410901634_.png", "keywords": [], "authors": ["Andrew Shuster"], "canonical_link": "https://www.imdb.com/news/ni61417377", "title": "Anne Hathaway Angering \u2018Barbie\u2019 Movie Producers With Demands?", "meta_data": {"apple-itunes-app": "app-id=342792525, app-argument=imdb:///news/ni61417377?src=mdot", "og": {"url": "http://www.imdb.com/news/ni61417377", "image": "https://m.media-amazon.com/images/G/01/imdb/images/social/imdb_logo._CB410901634_.png", "title": "Anne Hathaway Angering \u2018Barbie\u2019 Movie Producers With Demands? - IMDb", "site_name": "IMDb", "description": "IMDb, the world's most popular and authoritative source for movie, TV and celebrity content."}, "theme-color": "#000000", "pageId": "ni61417377", "pageType": "news", "subpageType": "single", "fb": {"app_id": 115109575169727}, "title": "Anne Hathaway Angering \u2018Barbie\u2019 Movie Producers With Demands? - IMDb", "description": "IMDb, the world's most popular and authoritative source for movie, TV and celebrity content.", "keywords": "news, movies, films, television, TV, celebrities, hollywood, stars, actors, actresses, directors", "request_id": "945JP4PF345NQHKA1ZBN"}, "movies": [], "publish_date": null, "source": "http://www.imdb.com", "summary": ""}