{"url": "https://www.reuters.com/article/us-people-eltonjohn/elton-john-recovering-from-potentially-deadly-bacterial-infection-idUSKBN17Q2DD", "text": "(Reuters) - Elton John spent two nights in intensive care with a potentially deadly bacterial infection and has canceled all his concerts for the rest of April and May, his publicist said on Monday.\n\nThe British musician, 70, became \u201cviolently ill\u201d on a flight home from his recent South American tour, spokeswoman Fran Curtis said in a statement.\n\nThe \u201cRocket Man\u201d singer spent two nights in intensive care in the UK and is resting at home after being released on Saturday, the statement said.\n\nThe infection was not identified, but the statement said John contracted the \u201charmful and unusual bacterial infection\u201d during his South American tour, which ended in Chile on April 10.\n\n\u201cInfections of this nature are rare and potentially deadly,\u201d the statement said, adding that his time in intensive care was followed by an \u201cextended stay in hospital.\u201d\n\nJohn is expected to make a full recovery but has canceled all his concerts in Las Vegas for April and May, as well as a gig in Bakersfield, California, on May 6.\n\nJohn apologized to fans for disappointing them, adding in a statement: \u201cI am extremely grateful to the medical team for their excellence in looking after me so well.\u201d\n\nHe is due to resume performances at a concert in Twickenham, England, on June 3.\n\nJohn, a Grammy, Oscar and Tony winner for his work in film and theater, is working on a score for a Broadway musical adaptation of the comedy-drama \u201cThe Devil Wears Prada.\u201d", "images": ["https://static.reuters.com/resources/r/?m=02&d=20170424&t=2&i=1181882900&r=LYNXMPED3N176&w=800"], "top_img": "https://static.reuters.com/resources/r/?m=02&d=20170424&t=2&i=1181882900&r=LYNXMPED3N176&w=800", "keywords": [], "authors": ["Reuters Staff"], "canonical_link": "https://www.reuters.com/article/us-people-eltonjohn-idUSKBN17Q2DD", "title": "Elton John recovering from 'potentially deadly' bacterial infection", "meta_data": {"viewport": "width=device-width", "robots": "index, follow", "twitter": {"site": "@Reuters", "creator": "@Reuters", "card": "summary_large_image", "title": "Elton John recovering from 'potentially deadly' bacterial infection", "description": "Elton John spent two nights in intensive care with a potentially deadly bacterial infection and has canceled all his concerts for the rest of April and May, his publicist said on Monday.", "image": {"identifier": "https://static.reuters.com/resources/r/?m=02&d=20170424&t=2&i=1181882900&r=LYNXMPED3N176&w=800", "src": "https://static.reuters.com/resources/r/?m=02&d=20170424&t=2&i=1181882900&r=LYNXMPED3N176&w=800"}}, "msapplication-TileColor": "#ff8000", "msapplication-config": "none", "theme-color": "#ffffff", "article": {"publisher": "https://www.facebook.com/Reuters"}, "description": "Elton John spent two nights in intensive care with a potentially deadly bacterial infection and has canceled all his concerts for the rest of April and May, his publicist said on Monday.", "author": "Reuters Staff", "keywords": "US,PEOPLE,ELTONJOHN,Corporate Events,Celebrities,Arts / Culture / Entertainment,Europe,Film,United Kingdom,Government Borrowing Requirement,Health / Medicine,South America / Central America,Living / Lifestyle,Music,Pictures,Video Available,Personalities / People,Picture Available,Entertainment Production (TRBC level 4),Television,United States,Western Europe", "news_keywords": "US;PEOPLE;ELTONJOHN;Corporate Events;Celebrities;Arts / Culture / Entertainment;Europe;Film;United Kingdom;Government Borrowing Requirement;Health / Medicine;South America / Central America;Living / Lifestyle;Music;Pictures;Video Available;Personalities / People;Picture Available;Entertainment Production (TRBC level 4);Television;United States;Western Europe", "REVISION_DATE": "2017-04-25T00:09:39Z", "analyticsAttributes.articleDate": "2017-04-25T00:09:39Z", "analyticsAttributes.author": "Reuters Staff", "analyticsAttributes.canonicalUrl": "https://www.reuters.com/article/us-people-eltonjohn-idUSKBN17Q2DD", "analyticsAttributes.contentTitle": "Elton John recovering from 'potentially deadly' bacterial infection", "analyticsAttributes.edition": "us", "analyticsAttributes.keywords": "US,PEOPLE,ELTONJOHN,Corporate Events,Celebrities,Arts / Culture / Entertainment,Europe,Film,United Kingdom,Government Borrowing Requirement,Health / Medicine,South America / Central America,Living / Lifestyle,Music,Pictures,Video Available,Personalities / People,Picture Available,Entertainment Production (TRBC level 4),Television,United States,Western Europe", "analyticsAttributes.keywordSlug": "US-PEOPLE-ELTONJOHN", "analyticsAttributes.inlineType": "Image-Video", "analyticsAttributes.title": "Elton John recovering from 'potentially deadly' bacterial infection", "analyticsAttributes.channel": "News", "analyticsAttributes.contentType": "Article", "analyticsAttributes.contentChannel": "Business - Media & Telecoms", "analyticsAttributes.topicChannel": "Business", "analyticsAttributes.topicSubChannel": "Media & Telecoms", "analyticsAttributes.topicN2Codes": "BACT,CLEB,ENT,EUROP,FLM,GB,GBR,HEA,LATAM,LIF,MSIC,MTPIX,MTVID,PRO,PXP,SHOW,TELE,US,WEU", "analyticsAttributes.topicN2Names": "Corporate Events,Celebrities,Arts / Culture / Entertainment,Europe,Film,United Kingdom,Government Borrowing Requirement,Health / Medicine,South America / Central America,Living / Lifestyle,Music,Pictures,Video Available,Personalities / People,Picture Available,Entertainment Production (TRBC level 4),Television,United States,Western Europe", "analyticsAttributes.backendChannelList": "entertainmentNews;musicNews;peopleNews;media-industry;everythingNews;companies-phar;rcom-media-telecoms", "sailthru.title": "Elton John recovering from 'potentially deadly' bacterial infection", "sailthru.description": "Elton John spent two nights in intensive care with a potentially deadly bacterial infection and has canceled all his concerts for the rest of April and May, his publicist said on Monday.", "sailthru.image.full": "https://static.reuters.com/resources/r/?m=02&d=20170424&t=2&i=1181882900&r=LYNXMPED3N176&w=800", "sailthru.date": "2017-04-25T00:09:39Z", "sailthru.author": "Reuters Staff", "og": {"site_name": "U.S.", "locale": "en_US", "title": "Elton John recovering from 'potentially deadly' bacterial infection", "description": "Elton John spent two nights in intensive care with a potentially deadly bacterial infection and has canceled all his concerts for the rest of April and May, his publicist said on Monday.", "image": "https://static.reuters.com/resources/r/?m=02&d=20170424&t=2&i=1181882900&r=LYNXMPED3N176&w=800", "url": "https://www.reuters.com/article/us-people-eltonjohn-idUSKBN17Q2DD", "type": "article", "article": {"author": "Reuters Staff", "published_time": "2017-04-24T22:36:15Z", "modified_time": "2017-04-25T00:09:39Z", "section": "Media Industry", "tag": "US,PEOPLE,ELTONJOHN,Corporate Events,Celebrities,Arts / Culture / Entertainment,Europe,Film,United Kingdom,Government Borrowing Requirement,Health / Medicine,South America / Central America,Living / Lifestyle,Music,Pictures,Video Available,Personalities / People,Picture Available,Entertainment Production (TRBC level 4),Television,United States,Western Europe"}}, "DCSext.DartZone": "reuters.com/business/media/article", "DCSext.ContentChannel": "media-industry", "DCSext.ChannelList": "entertainmentNews;musicNews;peopleNews;media-industry;everythingNews;companies-phar;rcom-media-telecoms", "fb": {"app_id": 988502044532272, "pages": 114050161948682}, "ia": {"markup_url": "https://www.reuters.com/article/instant-article/idUSKBN17Q2DD", "markup_url_dev": "https://www.reuters.com/article/instant-article/idUSKBN17Q2DD"}, "next-head-count": 101}, "movies": [], "publish_date": 1493073375.0, "source": "https://www.reuters.com", "summary": ""}