{"url": "https://www.jetmag.com/entertainment/scandals-100th-episode-is-going-to-rewrite-olitzs-history/", "text": "Scandal is about to get a massive, \u201cwhat-if\u201d themed event for its 100th episode, and it will change the course of Fitz and Olivia\u2019s relationship.\n\nOn April 13th, \u201cThe Decision\u201d will air, and Gladiators will return once more to Fitz and Olivia, the relationship that rippled through the first five seasons of the series. This episode is going to be especially trippy because it\u2019s going back to the very beginning.\n\nWe all know that Olivia Pope, with the help of Fitz\u2019s then-wife Mellie Grant and Fitz\u2019s campaign manager, turned White House Chief Of Staff, Cyrus Beene fixed the election so that Fitz could take the Presidency. However, what if that never happened? What if the election was never rigged, and Fitz never became the President of the United States?!\n\nIt seems implausible to consider now, so many years down the line, but this is a Shonda Rhimes show, so she\u2019s going for it. The official episode summary states, \u201cWith the ugly truth behind Frankie\u2019s assassination revealed, a torn Olivia (Kerry Washington) wonders how different her life \u2014 and the country \u2014 would be if she, Mellie (Bellamy Young) and Cyrus (Jeff Perry) had never rigged Fitz\u2019s (Tony Goldwyn) election.\u201d\n\nThe cast of Scandal recently attended the PaleyFest conference and gave some small hints about what we can expect to see during \u201cThe Decision\u201d, which apparently has a very \u201cseason one vibe.\u201d Tony Goldwyn who plays Fitz said, \u201cIt also informs your understanding of all of us now when we get back to our \u2018normal\u2019 Scandal episodes.\u201d To be honest, we doubt Olivia and Fitz are together in this alternative universe, Liv has always wanted the White House, and without it, we doubt Fitz has very much appeal to her.\n\n~spoiler alert!\n\nIn Scandal\u2019s current storyline, we\u2019re just trying to figure out if Huck is going to survive those bullet wounds that Abby ordered. Are you excited about \u201cThe Decision?\u201d\n\nScandal\u2019s 100th episode airs April 13th at 9 PM ET on ABC.", "images": ["https://www.jetmag.com/wp-content/uploads/2019/05/shutterstock_image-12-400x600.jpg", "https://www.jetmag.com/wp-content/uploads/2012/08/ENT_KERRY_WASHINGTON3.jpg", "https://pixel.quantserve.com/pixel/p-HZLVXMAqwWejY.gif", "https://www.jetmag.com/wp-content/uploads/2017/03/1280_Scandal_Season_6.jpg", "https://www.jetmag.com/wp-content/uploads/2018/01/Avielle-Amor-Header-2-400x559.png", "https://www.jetmag.com/wp-content/uploads/2012/08/KyraGabby.jpg", "https://www.jetmag.com/wp-content/uploads/2019/05/shutterstock_392486365-400x600.jpg", "https://www.jetmag.com/wp-content/uploads/2019/05/shutterstock_image-13-400x600.jpg", "https://www.jetmag.com/wp-content/uploads/2017/03/jet_subscribe_image.jpg", "https://www.jetmag.com/wp-content/uploads/2017/03/scandal-100.jpg", "https://www.jetmag.com/wp-content/uploads/2017/04/summerw-400x600.jpg", "https://www.jetmag.com/wp-content/uploads/2017/02/khilaiahwilliams_bow_feature-400x468.jpg", "http://tags.bluekai.com/site/51221?limit=4&phint=j_entertainment%3Dtv\n", "https://www.jetmag.com/wp-content/uploads/2017/02/jet_logo_new_inverse.png", "https://www.jetmag.com/wp-content/uploads/2017/04/Unknown-4-400x600.jpeg", "https://www.jetmag.com/wp-content/uploads/2019/05/Untitled-design-3-400x600.jpg", "https://www.jetmag.com/wp-content/uploads/2017/05/Chasity-BOW-400x600.jpg", "https://www.jetmag.com/wp-content/uploads/2017/02/jet_logo_new.jpg", "https://www.jetmag.com/wp-content/uploads/2017/03/scandal-100-750x375.jpg", "https://www.jetmag.com/wp-content/uploads/2019/05/shutterstock_1083512990-400x600.jpg"], "top_img": "https://www.jetmag.com/wp-content/uploads/2017/03/scandal-100.jpg", "keywords": [], "authors": ["Aramide Tinubu", "Kyra Kyles", "Anslem Samuel Rocque", "Bianca Garwood", "Oj Williams", "Aaron Rhodan", "Jasmine Washington"], "canonical_link": "https://www.jetmag.com/entertainment/scandals-100th-episode-is-going-to-rewrite-olitzs-history/", "title": "'Scandal's' 100th Episode Is Going To Change Everything For Olivia & Fitz!", "meta_data": {"viewport": "width=device-width, initial-scale=1", "description": "Scandal's 100th episode airs April 13th and it's going to be super trippy, The \"what-if\" episode will take us back to Fitz and Olivia.", "og": {"locale": "en_US", "type": "article", "title": "'Scandal's' 100th Episode Is Going To Change Everything For Olivia & Fitz! - JetMag.com", "description": "Scandal's 100th episode airs April 13th and it's going to be super trippy, The \"what-if\" episode will take us back to Fitz and Olivia.", "url": "https://www.jetmag.com/entertainment/scandals-100th-episode-is-going-to-rewrite-olitzs-history/", "site_name": "JetMag.com", "image": {"identifier": "https://www.jetmag.com/wp-content/uploads/2017/03/scandal-100.jpg", "secure_url": "https://www.jetmag.com/wp-content/uploads/2017/03/scandal-100.jpg", "width": 1199, "height": 800}}, "article": {"publisher": "https://www.facebook.com/GetJetMag", "tag": "Tony Goldwyn", "section": "Entertainment", "published_time": "2017-03-28T14:45:19+00:00"}, "twitter": {"card": "summary_large_image", "description": "Scandal's 100th episode airs April 13th and it's going to be super trippy, The \"what-if\" episode will take us back to Fitz and Olivia.", "title": "'Scandal's' 100th Episode Is Going To Change Everything For Olivia & Fitz! - JetMag.com", "site": "@getjetmag", "image": "https://www.jetmag.com/wp-content/uploads/2017/03/scandal-100.jpg", "creator": "@getjetmag"}, "msapplication-TileImage": "https://www.jetmag.com/wp-content/uploads/2017/02/favicon.png"}, "movies": ["https://www.youtube.com/embed/pPGegRaPh6A?feature=oembed"], "publish_date": 1490712319.0, "source": "https://www.jetmag.com", "summary": ""}