{"url": "https://people.com/style/selena-gomez-wears-six-different-outfits-in-one-day/", "text": "One of the singer's many outfits costs a total of $1,756\n\nImage zoom Credit: Splash; Cindy Ord/Getty; Robert Kamau/GC Images (2); Felipe Ramales/Splash\n\nSelena Gomez is a master in the art of quick changing.\n\nThe songstress, 24, was spotted on Monday on her busy promo circuit in New York. As she swapped outfits from one appearance to the next, her style staples of the day were her Louis Vuitton\u2019s crystal flower sandals that featured black suede baby goat leather and a transparent heel. You too can get the same shoe as Selena for $1,060.\n\nGet push notifications with news, features and more.\n\nFor her first look, Gomez styled her Vuitton heels with a Jacquemus mini dress in the early morning. The navy ensemble was loose at the top and fitted through the body with a large button accenting the crossover V-neckline and split skirt. With a price tag of $696, the star\u2019s outfit cost nearly $2,000.\n\nNext, the 13 Reasons Why executive producer stopped by the Elvis Duran and The Morning Show. Wearing the same LV sandals, Gomez changed into a bright orange dress from Christopher Kane\u2019s pre-Fall 2017 collection. Her colorful look featured a deep V-neckline and a side slit.\n\nAfter, Gomez visited the SiriusXM studios for her Morning Mash Up interview wearing a black slip dress over a white tunic. Her Victor Glemaud resort ensemble was styled with Tura Inc sunglasses and her go-to Vuitton heels.\n\nThen, SelGo had all eyes on her when she opted for a matching neon pink-and-white printed polo shirt and pants set from Miu Miu\u2019s Fall 2017 ready-to-wear collection. She changed up her hairstyle by gathering her beach waves into a high ponytail, and she gave her Louis Vuitton heels a fashion break by changing into silver Gianvito Rossi heels.\n\nFROM PEN: Amandla Stenberg\u2019s Best Beauty Lesson Is One We All Need to Follow\n\nFor her final interview, the multi-hyphenate wore a long black-and-white striped dress and leather jacket at the Music Choice offices. Back again were the Louis Vuitton heels!\n\nTo wrap up her hectic day, Gomez dressed in a lacy black and white outfit by Opening Ceremony for a \u201cdate night\u201d with boyfriend, The Weeknd, at Rao\u2019s restaurant.", "images": ["https://imagesvc.meredithcorp.io/v3/mm/image?q=85&c=sc&poi=face&w=2000&h=1047&url=https%3A%2F%2Fstatic.onecms.io%2Fwp-content%2Fuploads%2Fsites%2F20%2F2019%2F11%2Fselena-gomez-outfits.jpg", "https://imagesvc.meredithcorp.io/v3/mm/image?url=https%3A%2F%2Fstatic.onecms.io%2Fwp-content%2Fuploads%2Fsites%2F20%2F2020%2F11%2F12%2Fthanksgiving-covid-150x150.jpg", "https://imagesvc.meredithcorp.io/v3/mm/image?url=https%3A%2F%2Fstatic.onecms.io%2Fwp-content%2Fuploads%2Fsites%2F20%2F2016%2F05%2F06%2Fprincess-diana-21.jpg", "https://imagesvc.meredithcorp.io/v3/mm/image?url=https%3A%2F%2Fstatic.onecms.io%2Fwp-content%2Fuploads%2Fsites%2F20%2F2020%2F07%2F23%2Ftout.jpg", "https://imagesvc.meredithcorp.io/v3/mm/image?url=https%3A%2F%2Fstatic.onecms.io%2Fwp-content%2Fuploads%2Fsites%2F20%2F2019%2F11%2Fselena-gomez-outfits.jpg", "https://peopledotcom.files.wordpress.com/2018/09/thumbnail_generic.png", "data:image/svg+xml,%3Csvg%20xmlns='http://www.w3.org/2000/svg'%20viewBox='0%200%20100%20100'%3E%3C/svg%3E", "data:image/svg+xml,%3Csvg%20xmlns='http://www.w3.org/2000/svg'%20viewBox='0%200%20100%2067'%3E%3C/svg%3E", "https://imagesvc.meredithcorp.io/v3/mm/image?url=https%3A%2F%2Fstatic.onecms.io%2Fwp-content%2Fuploads%2Fsites%2F20%2F2020%2F08%2F04%2Fcoyote-ugly-2000.jpg", "https://imagesvc.meredithcorp.io/v3/mm/image?url=https%3A%2F%2Fstatic.onecms.io%2Fwp-content%2Fuploads%2Fsites%2F20%2F2020%2F07%2F19%2Ftiaras-2.jpg", "https://imagesvc.meredithcorp.io/v3/mm/image?url=https%3A%2F%2Fstatic.onecms.io%2Fwp-content%2Fuploads%2Fsites%2F20%2F2020%2F11%2F12%2Fcat-phone.jpg"], "top_img": "https://imagesvc.meredithcorp.io/v3/mm/image?q=85&c=sc&poi=face&w=2000&h=1047&url=https%3A%2F%2Fstatic.onecms.io%2Fwp-content%2Fuploads%2Fsites%2F20%2F2019%2F11%2Fselena-gomez-outfits.jpg", "keywords": [], "authors": ["Karen Mizoguchi"], "canonical_link": "https://people.com/style/selena-gomez-wears-six-different-outfits-in-one-day/", "title": "Selena Gomez Wears Six Different Outfits in One Day", "meta_data": {"viewport": "width=device-width, initial-scale=1", "keywords": "Christopher Kane,Music News,News,Selena Gomez,Style News", "news_keywords": "Christopher Kane,Music News,News,Selena Gomez,Style News", "description": "One of the singer's many outfits costs a total of $1,756", "og": {"title": "Selena Gomez Wears Six Different Outfits in One Day", "type": "article", "site_name": "PEOPLE.com", "url": "https://people.com/style/selena-gomez-wears-six-different-outfits-in-one-day/", "description": "One of the singer's many outfits costs a total of $1,756", "image": {"identifier": "https://imagesvc.meredithcorp.io/v3/mm/image?q=85&c=sc&poi=face&w=2000&h=1047&url=https%3A%2F%2Fstatic.onecms.io%2Fwp-content%2Fuploads%2Fsites%2F20%2F2019%2F11%2Fselena-gomez-outfits.jpg", "width": 2000, "height": 1047}}, "pinterest": {"url": "https://people.com/style/selena-gomez-wears-six-different-outfits-in-one-day/", "description": "One of the singer's many outfits costs a total of $1,756", "media": "https://imagesvc.meredithcorp.io/v3/mm/image?url=https%3A%2F%2Fstatic.onecms.io%2Fwp-content%2Fuploads%2Fsites%2F20%2F2019%2F11%2Fselena-gomez-outfits.jpg"}, "twitter": {"card": "summary_large_image", "url": "https://people.com/style/selena-gomez-wears-six-different-outfits-in-one-day/", "title": "Selena Gomez Wears Six Different Outfits in One Day", "description": "One of the singer's many outfits costs a total of $1,756", "site": "@people", "image": "https://imagesvc.meredithcorp.io/v3/mm/image?q=85&c=sc&poi=face&w=2000&h=1047&url=https%3A%2F%2Fstatic.onecms.io%2Fwp-content%2Fuploads%2Fsites%2F20%2F2019%2F11%2Fselena-gomez-outfits.jpg"}, "robots": "max-image-preview:large", "fb": {"app_id": 610948219662029, "pages": 95926963131}, "article": {"opinion": "false"}, "p": {"domain_verify": "755183be01bfc739a9cac6673f1f2c1b"}}, "movies": [], "publish_date": null, "source": "https://people.com", "summary": ""}