{"url": "https://www.vogue.com.au/brides/news/pippa-middletons-wedding-everything-we-know-so-far/news-story/96ebdc72cce588b32bebae0846dda756", "text": "Vogue Australia\n\nYou need to enable JavaScript to run this app.", "images": ["https://content.api.news/v3/images/bin/0110788eadc8bf30ad0d79e53b8f1a2d"], "top_img": "https://content.api.news/v3/images/bin/0110788eadc8bf30ad0d79e53b8f1a2d", "keywords": [], "authors": [], "canonical_link": "https://vogue.com.au/brides/news/pippa-middletons-wedding-everything-we-know-so-far/news-story/96ebdc72cce588b32bebae0846dda756", "title": "Vogue", "meta_data": {"viewport": "width=device-width, initial-scale=1, shrink-to-fit=no", "theme-color": "#000000", "google-site-verification": "1j07G6Nu2IDJrC-g23wwzTEjb-d0Va1h15olpbRuxYI", "og": {"type": "article", "title": "Pippa Middleton\u2019s wedding: everything we know so far", "url": "https://www.vogue.com.au/brides/news/pippa-middletons-wedding-everything-we-know-so-far/news-story/96ebdc72cce588b32bebae0846dda756", "description": "From bridesmaid to bride.", "site_name": "Vogue Australia", "image": {"identifier": "https://content.api.news/v3/images/bin/0110788eadc8bf30ad0d79e53b8f1a2d", "width": 1920, "height": 1277}, "locale": "en_US"}, "article": {"published_time": "2017-05-19T14:55:00.000+00:00", "modified_time": "2018-01-17T00:25:13.000+00:00", "author": "Danielle Gay", "publisher": "//www.facebook.com.au/VogueAustralia"}, "twitter": {"text": {"title": "Pippa Middleton\u2019s wedding: everything we know so far"}, "image": {"identifier": "https://content.api.news/v3/images/bin/0110788eadc8bf30ad0d79e53b8f1a2d", "src": "https://content.api.news/v3/images/bin/0110788eadc8bf30ad0d79e53b8f1a2d", "alt": "Pippa Middleton\u2019s wedding: everything we know so far"}, "card": "summary_large_image", "site": {"identifier": "@VogueAustralia", "id": "@VogueAustralia"}, "title": "Pippa Middleton\u2019s wedding: everything we know so far", "description": "From bridesmaid to bride."}, "description": "From bridesmaid to bride.", "msapplication-TileImage": "https://origin.go.vogue.com.au/wp-content/uploads/2019/10/cropped-cropped-vogue-favicon-1.png?w=270"}, "movies": [], "publish_date": 1495205700.0, "source": "https://www.vogue.com.au", "summary": ""}