{"url": "https://people.com/tv/kim-kardashian-rob-blac-chyna-drama/", "text": "\"With Rob having sisters, he should just know better,\" says Kim Kardashian West in a KUWTK sneak peek\n\nMonths after Rob Kardashian\u2018s drama with Blac Chyna reached its explosive peak, the aftermath is being documented on Keeping Up with the Kardashians.\n\nIn a preview of Sunday\u2019s episode, sisters Kim and Khlo\u00e9 Kardashian sit down to discuss their brother\u2019s bitter legal battle with his ex-fianc\u00e9e, which began after he posted graphic and expletive-ridden content about her on social media in July \u2014 including three naked photos \u2014 while accusing her of drug use, alcohol abuse and infidelity.\n\nGet push notifications with news, features and more.\n\n\u201cDid you see how I just went off on Rob in our group text?\u201d says Kim, 37. \u201cI couldn\u2019t take it.\u201d\n\nKhlo\u00e9, 33, points out that there\u2019s a \u201cplus and a minus\u201d to the situation \u2014 with the plus side being that there\u2019s \u201cno way\u201d Rob, 30, and Chyna, 29, could \u201cget back together after this.\u201d\n\n\u201cLet\u2019s focus on the positive,\u201d Khlo\u00e9 says. \u201cThe negative is all of this other s\u2014 right now.\u201d\n\n\u201cThe negative is just that like, with Rob having sisters, he should just know better,\u201d Kim says. \u201cHe should have just like, controlled himself.\u201d\n\nBut Khlo\u00e9 is still in Rob\u2019s corner.\n\n\u201cIt just sucks,\u201d she tells Kim. \u201cHe\u2019s made out to [be] this bad guy when [Chyna] is taunting him. Love makes you do f\u2014ed up things. Do you think anyone\u2019s proud of that? No. You don\u2019t f\u2014 with someone\u2019s heart and emotions.\u201d\n\nHis actions launched a two-month-long custody war over their 14-month-old daughter Dream Ren\u00e9e. The two agreed to joint custody Sept. 15, PEOPLE confirmed \u2014 though at the time, Chyna\u2019s lawyer Lisa Bloom said the decision \u201cdoes not resolve all disputes between Chyna and Rob.\u201d\n\n\u201cSo Rob and Chyna have officially broken up, but they obviously still have to communicate for the custody of Dream,\u201d Khlo\u00e9 says in the sneak peek. \u201cThey\u2019re still having a hard time getting along. The legal battle that has been going on between the two of them has been super frustrating. I feel like this is escalating to a place that none of us could have ever imagined.\u201d\n\nIn September, Rob and his sister Kylie Jenner, 20, sued Chyna for battery, assault and vandalism, alleging she attempted to choke Kardashian with an iPhone cord during a fight in December 2016. (Jenner owns the home where the alleged altercation took place.)\n\nIn the complaint, the siblings alleged Chyna made a \u201cdeliberate attempt to extort the Kardashian family for her own monetary gains\u201d and claimed her decision to have a baby with Rob was \u201cnothing short of an outright fraud to shake down the Kardashian family.\u201d\n\nIn October, Chyna filed her own lawsuit against her ex for allegedly damaging her brand and verbally and physically abusing her. In the filing obtained by PEOPLE, Chyna claims she has suffered \u201csignificant damages\u201d from his social media posts. She alleged the nude photo scandal \u2014 along with influence from the Kardashian family \u2014 are what got Rob & Chyna, her and Rob\u2019s E! reality show, axed before a season 2.\n\nShe also accused Rob of physical abuse, alleging that her ex once grabbed her phone out of her hand and \u201cviolently knocked her to the ground where she landed on her hands and knees\u201d after she tried to call Tyga, with whom she shares 5-year-old son King Cairo and who previously dated Jenner for almost three years.\n\nRob, who denies the assault claims, and his family have requested that the case be dismissed. According to court documents filed Dec. 27 in the Superior Court of Los Angeles and obtained by The Blast, Rob \u201cgenerally and specifically denies each of the allegations\u201d and claimed Chyna \u201cdid not suffer any injury or harm as a result of any conduct by [Kardashian].\u201d\n\nIn a statement to PEOPLE in response, Chyna\u2019s attorney said, \u201cWe are confident that we will prevail on this motion and at trial.\u201d", "images": ["https://imagesvc.meredithcorp.io/v3/mm/image?q=85&c=sc&poi=face&w=842&h=441&url=https%3A%2F%2Fstatic.onecms.io%2Fwp-content%2Fuploads%2Fsites%2F20%2F2018%2F02%2Fkim-kardashian-west.jpg", "https://imagesvc.meredithcorp.io/v3/mm/image?url=https%3A%2F%2Fstatic.onecms.io%2Fwp-content%2Fuploads%2Fsites%2F20%2F2020%2F11%2F12%2Fthanksgiving-covid-150x150.jpg", "https://imagesvc.meredithcorp.io/v3/mm/image?url=https%3A%2F%2Fstatic.onecms.io%2Fwp-content%2Fuploads%2Fsites%2F20%2F2016%2F05%2F06%2Fprincess-diana-21.jpg", "https://imagesvc.meredithcorp.io/v3/mm/image?url=https%3A%2F%2Fstatic.onecms.io%2Fwp-content%2Fuploads%2Fsites%2F20%2F2020%2F07%2F23%2Ftout.jpg", "https://peopledotcom.files.wordpress.com/2018/09/thumbnail_generic.png", "data:image/svg+xml,%3Csvg%20xmlns='http://www.w3.org/2000/svg'%20viewBox='0%200%20100%20100'%3E%3C/svg%3E", "https://imagesvc.meredithcorp.io/v3/mm/image?url=https%3A%2F%2Fstatic.onecms.io%2Fwp-content%2Fuploads%2Fsites%2F20%2F2020%2F08%2F04%2Fcoyote-ugly-2000.jpg", "https://imagesvc.meredithcorp.io/v3/mm/image?url=https%3A%2F%2Fstatic.onecms.io%2Fwp-content%2Fuploads%2Fsites%2F20%2F2020%2F07%2F19%2Ftiaras-2.jpg", "https://imagesvc.meredithcorp.io/v3/mm/image?url=https%3A%2F%2Fstatic.onecms.io%2Fwp-content%2Fuploads%2Fsites%2F20%2F2020%2F11%2F12%2Fcat-phone.jpg"], "top_img": "https://imagesvc.meredithcorp.io/v3/mm/image?q=85&c=sc&poi=face&w=842&h=441&url=https%3A%2F%2Fstatic.onecms.io%2Fwp-content%2Fuploads%2Fsites%2F20%2F2018%2F02%2Fkim-kardashian-west.jpg", "keywords": [], "authors": ["Aurelie Corinthios"], "canonical_link": "https://people.com/tv/kim-kardashian-rob-blac-chyna-drama/", "title": "Kim and Khlo\u00e9 Kardashian: Rob Should Have 'Controlled Himself' During Blac Chyna Drama", "meta_data": {"viewport": "width=device-width, initial-scale=1", "keywords": "Blac Chyna,Keeping Up with the Kardashians,Khlo\u00e9 Kardashian,Kim Kardashian,News,Rob Kardashian,TV", "news_keywords": "Blac Chyna,Keeping Up with the Kardashians,Khlo\u00e9 Kardashian,Kim Kardashian,News,Rob Kardashian,TV", "description": "\"With Rob having sisters, he should just know better,\" says Kim Kardashian West in a Keeping Up with the Kardashians sneak peek", "og": {"title": "Kim and Khlo\u00e9 Kardashian: Rob Should Have 'Controlled Himself' During Blac Chyna Drama", "type": "article", "site_name": "PEOPLE.com", "url": "https://people.com/tv/kim-kardashian-rob-blac-chyna-drama/", "description": "\"With Rob having sisters, he should just know better,\" says Kim Kardashian West in a Keeping Up with the Kardashians sneak peek", "image": {"identifier": "https://imagesvc.meredithcorp.io/v3/mm/image?q=85&c=sc&poi=face&w=842&h=441&url=https%3A%2F%2Fstatic.onecms.io%2Fwp-content%2Fuploads%2Fsites%2F20%2F2018%2F02%2Fkim-kardashian-west.jpg", "width": 842, "height": 441}}, "pinterest": {"url": "https://people.com/tv/kim-kardashian-rob-blac-chyna-drama/", "description": "\"With Rob having sisters, he should just know better,\" says Kim Kardashian West in a Keeping Up with the Kardashians sneak peek", "media": "https://imagesvc.meredithcorp.io/v3/mm/image?url=https%3A%2F%2Fstatic.onecms.io%2Fwp-content%2Fuploads%2Fsites%2F20%2F2018%2F02%2Fkim-kardashian-west.jpg"}, "twitter": {"card": "summary_large_image", "url": "https://people.com/tv/kim-kardashian-rob-blac-chyna-drama/", "title": "Kim and Khlo\u00e9 Kardashian: Rob Should Have 'Controlled Himself' During Blac Chyna Drama", "description": "\"With Rob having sisters, he should just know better,\" says Kim Kardashian West in a Keeping Up with the Kardashians sneak peek", "site": "@people", "image": "https://imagesvc.meredithcorp.io/v3/mm/image?q=85&c=sc&poi=face&w=842&h=441&url=https%3A%2F%2Fstatic.onecms.io%2Fwp-content%2Fuploads%2Fsites%2F20%2F2018%2F02%2Fkim-kardashian-west.jpg"}, "robots": "max-image-preview:large", "fb": {"app_id": 610948219662029, "pages": 95926963131}, "article": {"opinion": "false"}, "p": {"domain_verify": "755183be01bfc739a9cac6673f1f2c1b"}}, "movies": ["https://www.youtube.com/embed/lzZadh-D8Tk"], "publish_date": null, "source": "https://people.com", "summary": ""}