{"url": "https://www.scoopnest.com/user/eonlineTV/852245768161288192", "text": "Why is it always crazy town when The Real Housewives of New York City go to the Berkshires?", "images": ["https://www.scoopnest.com/assets/icons/flame.svg", "https://www.scoopnest.com/assets/flags/be.png", "https://www.scoopnest.com/assets/flags/gb.png", "https://www.scoopnest.com/assets/flags/ca.png", "https://www.scoopnest.com/assets/icons/share.svg?v1", "https://www.scoopnest.com/assets/icons/thumbs-up.svg", "https://www.scoopnest.com/assets/flags/ar.png", "https://www.scoopnest.com/assets/flags/in.png", "https://www.scoopnest.com/assets/flags/ec.png", "https://www.scoopnest.com/assets/icons/ruby.svg", "https://www.scoopnest.com/assets/icons/trending-up.svg", "https://pbs.twimg.com/tweet_video_thumb/C9PI-flUQAEEHN1.jpg", "https://www.scoopnest.com/assets/flags/it.png", "https://www.scoopnest.com/assets/flags/fr.png", "https://www.scoopnest.com/assets/flags/de.png", "https://www.scoopnest.com/assets/flags/us.png", "https://www.scoopnest.com/assets/logo/logo_72.png", "https://www.scoopnest.com/assets/flags/pe.png", "https://www.scoopnest.com/assets/flags/jp.png", "https://www.scoopnest.com/assets/flags/bo.png", "https://www.scoopnest.com/assets/icons/add_list.svg", "https://www.scoopnest.com/assets/icons/megaphone.svg", "https://pbs.twimg.com/profile_images/1304101396896129025/qiyHuj9x_normal.jpg", "https://www.scoopnest.com/assets/flags/au.png", "https://www.scoopnest.com/assets/flags/ru.png", "https://www.scoopnest.com/assets/flags/br.png", "https://www.scoopnest.com/assets/flags/ch.png", "https://www.scoopnest.com/assets/flags/pt.png", "https://www.scoopnest.com/assets/flags/ie.png", "https://www.scoopnest.com/assets/flags/es.png", "https://www.scoopnest.com/assets/flags/co.png", "https://www.scoopnest.com/assets/flags/cl.png", "https://www.scoopnest.com/assets/logo_alert.svg", "https://www.scoopnest.com/assets/icons/thumbs-down.svg", "https://www.scoopnest.com/assets/flags/za.png", "https://www.scoopnest.com/assets/flags/kr.png", "https://www.scoopnest.com/assets/flags/mx.png", "https://www.scoopnest.com/assets/misc/loading.gif"], "top_img": "https://pbs.twimg.com/tweet_video_thumb/C9PI-flUQAEEHN1.jpg", "keywords": [], "authors": ["E", "News Tv Scoop", "Andy Lassner", "Daily Mail U.K.", "Jeffrey Wright"], "canonical_link": "https://www.scoopnest.com/en_US/user/eonlineTV/852245768161288192-why-is-it-always-crazy-town-when-the-real-housewives-of-new-york-city-go-to-the-berkshires", "title": "Real Housewives York City : crazy town Real Housewives York City Berkshires", "meta_data": {"description": "Why is it always crazy town when The Real Housewives of New York City go to the Berkshires?", "keywords": "Real Housewives York City,Crazy,town,real,housewives,york,city,berkshires,scoopnest,news,actu,noticias", "og": {"title": "Real Housewives York City :  crazy town Real Housewives York City Berkshires | Scoopnest", "site_name": "Scoopnest", "image": {"identifier": "https://pbs.twimg.com/tweet_video_thumb/C9PI-flUQAEEHN1.jpg", "secure_url": "https://pbs.twimg.com/tweet_video_thumb/C9PI-flUQAEEHN1.jpg"}, "type": "article", "url": "https://www.scoopnest.com/user/eonlineTV/852245768161288192-why-is-it-always-crazy-town-when-the-real-housewives-of-new-york-city-go-to-the-berkshires"}, "twitter": {"image": "https://pbs.twimg.com/tweet_video_thumb/C9PI-flUQAEEHN1.jpg"}, "viewport": "width=device-width, initial-scale=1, maximum-scale=2, user-scalable=yes", "publisher": "BigBird", "naver-site-verification": "6ad8fd51233ecda288c96862fc0ed67dd882992b", "robots": "index,follow"}, "movies": [], "publish_date": null, "source": "https://www.scoopnest.com", "summary": ""}