{"url": "https://www.vulture.com/2017/04/friends-musical-parody-off-broadway-next-fall.html", "text": "Friends. Photo: NBC/NBC via Getty Images\n\nFinally, 13 years after the series finale, fans will be able to see The One Where an Unauthorized, Singing Parody of Friends Comes to Off Broadway. Friends! The Musical! will center around six pals in their 20s looking for love and shenanigans. Also, these buddies hang out in sound stages New York in the \u201990s, their names are Rachel, Ross, Monica, Joey, Phoebe, and Chandler, and the relationships don\u2019t always stay very platonic. According to the Huffington Post, the musical is by Bob and Tobly McSmith, who previously created spoofs of other seminal late-20th-century TV series with Full House! The Musical!, Bayside! The Musical (Saved by the Bell), and 90210! The Musical. The upcoming original show will include songs like \u201cOh. My. God. It\u2019s Janice,\u201d \u201cWe Were on a Break!\u201d and \u201c45 Grove Street \u2014 How Can We Afford This Place?\u201d The show, per its website, will open sometime during fall 2017 at New York\u2019s Triad Theater.", "images": ["https://pyxis.nymag.com/v1/imgs/de0/cfa/8553a8d254b418fc582ae2aeb8bd3260db-12-friends.1x.rsocial.w1200.jpg", "https://pyxis.nymag.com/v1/imgs/5dc/208/41893bb6d25873493b03870d51b2c22d86-2420-sin-city-cover-4x5.w240.jpg", "https://pyxis.nymag.com/v1/imgs/de0/cfa/8553a8d254b418fc582ae2aeb8bd3260db-12-friends.rsquare.w330.jpg"], "top_img": "https://pyxis.nymag.com/v1/imgs/de0/cfa/8553a8d254b418fc582ae2aeb8bd3260db-12-friends.1x.rsocial.w1200.jpg", "keywords": [], "authors": ["Tolly Wright"], "canonical_link": "https://www.vulture.com/2017/04/friends-musical-parody-off-broadway-next-fall.html", "title": "Friends Musical Parody Will Be There for You Off Broadway", "meta_data": {"viewport": "width=device-width,initial-scale=1,shrink-to-fit=no", "og": {"title": "Friends Musical Parody Will Be There for You Off Broadway", "url": "https://www.vulture.com/2017/04/friends-musical-parody-off-broadway-next-fall.html", "description": "The one where the friends sing \u201cWe Were on a Break\u201d in an unauthorized musical.", "image": "https://pyxis.nymag.com/v1/imgs/de0/cfa/8553a8d254b418fc582ae2aeb8bd3260db-12-friends.1x.rsocial.w1200.jpg", "site_name": "Vulture", "type": "article"}, "twitter": {"title": "Friends Musical Parody Will Be There for You Off Broadway", "description": "The one where the friends sing \u201cWe Were on a Break\u201d in an unauthorized musical.", "image": "https://pyxis.nymag.com/v1/imgs/de0/cfa/8553a8d254b418fc582ae2aeb8bd3260db-12-friends.2x.rsocial.w600.jpg", "card": "summary_large_image", "creator": "@TollyW", "site": "@vulture"}, "description": "The one where the friends sing \u201cWe Were on a Break\u201d in an unauthorized musical.", "article": {"tag": "friends, musical theater, off broadway", "publisher": "https://www.facebook.com/Vulture"}, "sailthru.tags": "friends, musical theater, off broadway", "author": "Tolly Wright", "fb": {"app_id": 158902697551841}, "type": "Article", "vertical": "Vulture", "apple-mobile-web-app-title": "Vulture", "application-name": "Vulture", "msapplication-TileColor": "#00bcf1", "msapplication-TileImage": "https://assets.nymag.com/media/sites/vulture/icon.144x144.png"}, "movies": [], "publish_date": 1492049820.0, "source": "https://www.vulture.com", "summary": ""}