{"url": "http://www.documentcloud.org/documents/1033869-waronpoverty50.html#document/p2", "text": "", "images": ["https://assets.documentcloud.org/documents/1033869/pages/waronpoverty50-p1-normal.gif"], "top_img": "https://assets.documentcloud.org/documents/1033869/pages/waronpoverty50-p1-normal.gif", "keywords": [], "authors": ["Matt Delong", "Washington Post"], "canonical_link": "http://www.documentcloud.org/documents/1033869-waronpoverty50.html", "title": "WarOnPoverty50", "meta_data": {"viewport": "width=device-width, initial-scale=1, shrink-to-fit=no", "author": "Matt DeLong (Washington Post)", "og": {"title": "WarOnPoverty50", "url": "http://www.documentcloud.org/documents/1033869-waronpoverty50.html", "description": "Source document contributed to DocumentCloud by Matt DeLong (Washington Post).", "image": {"identifier": "https://assets.documentcloud.org/documents/1033869/pages/waronpoverty50-p1-normal.gif", "type": "image/gif", "width": 700}}, "twitter": {"card": "summary_large_image", "image": {"alt": "The first page of WarOnPoverty50"}, "site": "@documentcloud", "domain": "documentcloud.org", "description": "Source document contributed to DocumentCloud by Matt DeLong (Washington Post).", "label1": "Contributor", "data1": "Matt DeLong", "label2": "Organization", "data2": "Washington Post"}, "csrf-param": "authenticity_token", "csrf-token": "hWOTHsAMLDAWO+LlvKA40FnmoIhab0ujjaaKQl28N+oU/boOCYGtUad7ovIOwzdOyMqSDRLeVlLFElWtk53kfA=="}, "movies": [], "publish_date": null, "source": "http://www.documentcloud.org", "summary": ""}