{"url": "www.intouchweekly.com/posts/kim-kardashian-kanye-west-mid-nuptial-agreement-139044", "text": "Trouble in paradise? Hollywood\u2019s favorite power couple, Kim Kardashian and Kanye West, are reportedly drafting up a mid-nuptial agreement. Why? Because Kanye\u2019s finances are a disaster, and Kimmie wants protection.\n\nAn insider told Radar Online, \u201cHe\u2019s making all kinds of deals right now that are very high stakes, and Kim\u2019s nervous.\u201d Although the pair already has an arrangement in place \u2014 which protects Kim from going down with him if he screws up \u2014 she \u201cwants everything looked over with a fine-tooth comb, especially as her kids are so involved and potentially impacted at this point.\u201d The insider added, \u201cKim\u2019s worried sick about Kanye\u2019s current situation, which has incurred millions in legal fees already and is only getting more expensive and complicated. She wants to protect herself, and for all her faults nobody could blame her.\u201d\n\nMUSE SEE: Kylie Jenner Is Reportedly Pregnant With Boyfriend Travis Scott\u2019s Baby \u2014 and Is Due in January!\n\nMORE: Kylie Jenner Helped Cut Khlo\u00e9 Kardashian\u2019s Hair and It Actually Looks Amazing\n\nPreviously, In Touch reported that the rapper, 40, is in the middle of a nasty lawsuit with his insurance company \u2014 who refuses to cover damages that are the result of his canceled Saint Pablo Tour. A source told us exclusively, \u201cThis whole lawsuit can blow up in Kanye\u2019s face because if this goes to trial, then all of his and Kim Kardashian\u2019s secrets will come out,\u201d a family insider said. \u201cKanye has opened a can of worms by launching this lawsuit. What comes out could be devastating to Kanye, his marriage to Kim, and the Kardashian family.\u201d\n\nMeanwhile, the hot couple is also reportedly expecting their third child together via surrogate \u2014 and seeking the help of a therapist to prepare. A separate insider previously told Radar, \u201cThey\u2019ve got a long way to go, but they want to have their marriage rock solid by the time their new baby arrives.\u201d They added, \u201cThey\u2019ve just never been the same since Kanye\u2019s breakdown and it\u2019s taken a lot of work to get them to this point. They\u2019re doing couple\u2019s therapy and making a big effort to reconnect.\u201d Yikes \u2014 here\u2019s to hoping the two can work things out. #Kimye4lyfe.", "images": ["https://www.intouchweekly.com/wp-content/uploads/2018/04/Jamie-and-Doug-Season-1-MAFS.jpg?crop=0px%2C0px%2C750px%2C750px&resize=90%2C90", "https://www.intouchweekly.com/wp-content/uploads/2020/11/Mama-June-Reveals-70-Pound-Weight-Gain-Amid-Quarantine-002.jpg?crop=0px%2C18px%2C1454px%2C824px&resize=120%2C68", "https://www.intouchweekly.com/wp-content/uploads/2017/08/kim-and-kanye-family.jpg?w=750&h=876&crop=1&resize=1180%2C1380", "https://www.intouchweekly.com/wp-content/uploads/2020/10/IT4420_cover_final.jpg?w=300", "https://www.intouchweekly.com/wp-content/uploads/2020/11/Shanti-Zohra-Shades-90-Day-Fiance-Star-Stacey-Silva-Marriage-Florian.jpg?crop=0px%2C0px%2C1337px%2C757px&resize=120%2C68", "https://www.intouchweekly.com/wp-content/uploads/2017/08/caitlyn-jenner-oj-simpson-affair-.jpg?resize=120%2C68", "https://www.intouchweekly.com/wp-content/uploads/2020/01/Who-Are-Kobe-Bryants-Wife-and-Kids.jpg?crop=0px%2C69px%2C3150px%2C3150px&resize=90%2C90", "https://www.intouchweekly.com/wp-content/uploads/2020/11/Inside-Prince-Harry-Meghan-Markle-Thanksgiving-Plans-IT.jpg?crop=0px%2C0px%2C2072px%2C1174px&resize=120%2C68", "https://www.intouchweekly.com/wp-content/uploads/2020/11/90-day-fiance-thanksgiving-darcey-deavan-paola.jpg?crop=0px%2C0px%2C2048px%2C1160px&resize=120%2C68", "https://www.intouchweekly.com/wp-content/uploads/2018/05/Duggar-Girls-Wearing-Pants-and-Jeans.jpg?resize=90%2C90", "https://www.intouchweekly.com/wp-content/uploads/2017/08/kim-kardashian-kanye-west-mid-nuptial-agreement-.jpg?resize=120%2C68", "https://www.intouchweekly.com/wp-content/uploads/2017/08/jay-z-kanye-west-feud.jpg?resize=120%2C68", "https://www.intouchweekly.com/wp-content/uploads/2020/11/Jon-Hopes-Collin-and-Hannah-See-Siblings-on-Thanksgiving.jpg?crop=0px%2C243px%2C1080px%2C611px&resize=120%2C68", "https://www.intouchweekly.com/wp-content/uploads/2020/11/Mama-June-Reveals-Her-Diet-and-Fitness-Changes-to-Shed-70-Pounds.jpg?crop=0px%2C31px%2C1500px%2C850px&resize=120%2C68", "https://www.intouchweekly.com/wp-content/uploads/2020/11/LTG_HOL_AMI_11.24.20_300x490.jpg?fit=300%2C490", "https://www.intouchweekly.com/wp-content/uploads/2020/01/Meghan-Markle-Hated-Royal-Dress-Code-Shes-Much-More-Comfortable-Wearing-Casual-Clothes.jpg?resize=90%2C90", "https://www.intouchweekly.com/wp-content/uploads/2017/08/kim-kardashian-kanye-west-mid-nuptial-agreement-.jpg?resize=1200%2C630", "https://www.intouchweekly.com/wp-content/uploads/2020/01/Screen-Shot-2020-01-27-at-4.09.35-PM.png?resize=90%2C90", "https://www.intouchweekly.com/wp-content/uploads/2017/03/kylie-jenner-blushes-1.png?resize=120%2C68", "https://www.intouchweekly.com/wp-content/uploads/2020/11/Kate-Gosselin-Will-Have-Bittersweet-Thanksgiving-at-Home.jpg?crop=0px%2C41px%2C2556px%2C1449px&resize=120%2C68", "https://www.intouchweekly.com/wp-content/uploads/2020/11/90-Day-Fiance-Star-Darcey-Silva-Confrontation-With-Shanti-Zohra-Was-Set-Up-By-Producers.jpg?crop=0px%2C0px%2C1468px%2C832px&resize=120%2C68", "https://www.intouchweekly.com/wp-content/uploads/2020/08/Leah-Messer-Honestly-Grateful-Repaired-Relationship-With-Corey-Miranda.jpg?crop=0px%2C0px%2C1566px%2C887px&resize=120%2C68"], "top_img": "https://www.intouchweekly.com/wp-content/uploads/2017/08/kim-kardashian-kanye-west-mid-nuptial-agreement-.jpg?resize=1200%2C630", "keywords": [], "authors": ["Megan Heintz"], "canonical_link": "https://www.intouchweekly.com/posts/kim-kardashian-kanye-west-mid-nuptial-agreement-139044/", "title": "Kim Kardashian and Kanye West to File Mid-Nuptial Agreement (REPORT)", "meta_data": {"viewport": "width=device-width, initial-scale=1.0", "theme-color": "#ffffff", "msvalidate.01": "097DBAAF43A9B61E9E4259AA7D75B069", "description": "Trouble in paradise? Hollywood's favorite power couple, Kim Kardashian and Kanye West, are reportedly drafting up a mid-nuptial agreement. Why? Because", "robots": "index, follow, max-snippet:-1, max-image-preview:large, max-video-preview:-1", "og": {"locale": "en_US", "type": "article", "title": "Kim Kardashian and Kanye West to File Mid-Nuptial Agreement (REPORT)", "description": "Trouble in paradise? Hollywood\u2019s favorite power couple, Kim Kardashian and Kanye West, are reportedly drafting up a mid-nuptial agreement. Why? Because Kanye\u2019s finances are a disaster, and Kimmie wants protection. An insider told...", "url": "https://www.intouchweekly.com/posts/kim-kardashian-kanye-west-mid-nuptial-agreement-139044/", "site_name": "In Touch Weekly", "updated_time": "2017-08-10T16:42:48+00:00", "image": {"identifier": "https://www.intouchweekly.com/wp-content/uploads/2017/08/kim-kardashian-kanye-west-mid-nuptial-agreement-.jpg?resize=1200%2C630", "secure_url": "https://www.intouchweekly.com/wp-content/uploads/2017/08/kim-kardashian-kanye-west-mid-nuptial-agreement-.jpg?resize=1200%2C630", "width": 1200, "height": 630}}, "article": {"publisher": "http://www.facebook.com/InTouchWeekly", "author": "https://www.facebook.com/megan.heintz.96", "published_time": "2017-08-10T16:39:00+00:00", "modified_time": "2017-08-10T16:42:48+00:00"}, "fb": {"app_id": 437388016401044, "admins": 593583017, "pages": 75932763901}, "twitter": {"card": "summary_large_image", "title": "Kim K. to File Mid-Nuptial Agreement Because Kanye's Finances Are a Mess (REPORT)", "description": "Trouble in paradise? Hollywood\u2019s favorite power couple, Kim Kardashian and Kanye West, are reportedly drafting up a mid-nuptial agreement. Why? Because Kanye\u2019s finances are a disaster, and Kimmie wants protection. An insider told...", "image": "https://www.intouchweekly.com/wp-content/uploads/2017/08/kim-kardashian-kanye-west-mid-nuptial-agreement-.jpg?resize=1200%2C630", "creator": "@MeganHeintz", "site": "@intouchweekly"}, "generator": "WordPress 5.5.2", "msapplication-TileImage": "https://www.intouchweekly.com/wp-content/uploads/2020/11/android-chrome-192x192-1.png?fit=192%2C192"}, "movies": [], "publish_date": 1502383140.0, "source": "http://www.intouchweekly.com", "summary": ""}