{"url": "www.etonline.com/kim-and-khloe-kardashian-come-for-younes-bendjima-after-kourtney-breakup-drama-107535", "text": "The Kardashian sisters may be after each other on Keeping Up With the Kardashians this season, but when push comes to shove, they always have each other's back.\n\nKim and Khloe Kardashian used the power of social media to throw shade at Kourtney's ex, Younes Bendjima,who spoke out following their breakup on Tuesday.\n\nIn a message posted to his Instagram story, Younes claimed news outlets \"wanna make me be the bad guy\" after photos surfaced of him getting flirty with Jordan Ozuna, a former Hooters waitress who was previously linked to Tyga and Justin Bieber.\n\n\"Nice pics from your 'boys trip,'\" Kim commented on The Shade Room's screenshot of the post, while Khloe commented, \"Alexa play 'heard it all before' by Sunshine Anderson\" on another screenshotted post. A source told ET, meanwhile, that Younes and Jordan aren't romantically involved.\n\nInstagram\n\nKourtney, 39, and Younes, 25, started dating in 2016, but \"recently broke up after [they] decided it wasn't workout out,\" ET's source said. According to the source, Kourtney was the one to initiate the split.\n\n\"Near the end of the relationship, the two weren't getting along and the age difference ultimately played a part,\" the source added. \"Younes is young, and although mature for his age, he and Kourtney are at different stages in their lives.\"\n\nSee more on the pair in the video below.\n\nRELATED CONTENT:\n\nYounes Bendjima Lashes Out at Media After Kourtney Kardashian Split: 'You Guys Failed'\n\nKourtney Kardashian Splits From Younes Bendjima\n\nKourtney Kardashian Spars With Kim and Khloe While Live-Tweeting 'KUWTK' Premiere\n\nKourtney Kardashian and Younes Bendjima Split After Nearly 2 Years of Dating This video is unavailable because we were unable to load a message from our sponsors.\n\n\n\nIf you are using ad-blocking software, please disable it and reload the page. Embed Code Restart\n\nRelated Gallery", "images": ["http://www.etonline.com/sites/default/files/styles/970xh/public/images/2018-08/image_from_ios_3.png?itok=5iaXfVkB", "http://www.etonline.com/sites/default/files/styles/60x60/public/images/2020-10/gettyimages-620924887-1.jpg?h=bfe0b221&itok=bFM8TIHn", "http://www.etonline.com/sites/default/files/styles/max_970x546/public/images/2018-08/khloe_kourtney_kim_gettyimages-492410742_1280.jpg?h=c673cd1c&itok=t3c_HztN", "http://www.etonline.com/sites/default/files/styles/840x470/public/images/2018-11/eto_news_daily_pete_ariana_110118.jpg?h=c673cd1c&itok=-NOJ0JS3", "http://www.etonline.com/sites/default/files/styles/60x60/public/images/2020-11/royalsvp2.jpg?h=6c83441f&itok=0IE_jvyT", "https://www.etonline.com/sites/default/files/styles/max_1280x720/public/images/2018-08/khloe_kourtney_kim_gettyimages-492410742_1280.jpg?h=c673cd1c&itok=h142Ze48", "http://www.etonline.com/themes/custom/et/img/watch-now.png"], "top_img": "https://www.etonline.com/sites/default/files/styles/max_1280x720/public/images/2018-08/khloe_kourtney_kim_gettyimages-492410742_1280.jpg?h=c673cd1c&itok=h142Ze48", "keywords": [], "authors": ["Jennifer Drysdale"], "canonical_link": "https://www.etonline.com/kim-and-khloe-kardashian-come-for-younes-bendjima-after-kourtney-breakup-drama-107535", "title": "Kim and Khloe Kardashian Come For Younes Bendjima After Kourtney Breakup Drama", "meta_data": {"article": {"opinion": "false"}, "title": "Kim and Khloe Kardashian Come For Younes Bendjima After Kourtney Breakup Drama | Entertainment Tonight", "og": {"site_name": "Entertainment Tonight", "type": "Article", "url": "https://www.etonline.com/kim-and-khloe-kardashian-come-for-younes-bendjima-after-kourtney-breakup-drama-107535", "title": "Kim & Khloe Kardashian Come For Younes Bendjima After Kourtney Breakup", "description": "News broke of Kourtney and Younes' split on Tuesday -- and Kim and Khloe were quick to have their sister's back.", "image": {"identifier": "https://www.etonline.com/sites/default/files/styles/max_1280x720/public/images/2018-08/khloe_kourtney_kim_gettyimages-492410742_1280.jpg?h=c673cd1c&itok=h142Ze48", "width": 1280, "height": 720}}, "fb": {"pages": 106843036179, "admins": 3111204, "app_id": 145337045558621}, "robots": "index", "apple-mobile-web-app-capable": "yes", "twitter": {"card": "summary_large_image", "description": "News broke of Kourtney and Younes' split on Tuesday -- and Kim and Khloe were quick to have their sister's back.", "site": {"identifier": "@etnow", "id": 23603092}, "title": "Kim & Khloe Kardashian Come For Younes Bendjima After Kourtney Breakup", "creator": "Jennifer Drysdale\u200d", "url": "https://www.etonline.com/kim-and-khloe-kardashian-come-for-younes-bendjima-after-kourtney-breakup-drama-107535", "image": "https://www.etonline.com/sites/default/files/styles/max_1280x720/public/images/2018-08/khloe_kourtney_kim_gettyimages-492410742_1280.jpg?h=c673cd1c&itok=h142Ze48"}, "description": "News broke of Kourtney and Younes' split on Tuesday -- and Kim and Khloe were quick to have their sister's back.", "msvalidate.01": "DC10472F438B55F3A58638BC31271706", "google-site-verification": "hKpIt34FKZ_qMU81xUdLUw2YzuyZY1pS76p0622Hc7w", "keywords": "News, Kourtney Kardashian, Kim Kardashian, Khloe Kardashian, Younes Bendjima", "Generator": "Drupal 8 (https://www.drupal.org)", "MobileOptimized": "width", "HandheldFriendly": "true", "viewport": "width=device-width, initial-scale=1.0, minimum-scale=1.0"}, "movies": [], "publish_date": null, "source": "http://www.etonline.com", "summary": ""}