{"url": "http://www.playbill.com/article/kevin-spacey-will-host-the-2017-tony-awards", "text": "Kevin Spacey Will Host the 2017 Tony Awards\n\nThe Oscar and Tony winner will emcee the June 11 event.\n\nOscar and Tony Award winner and House of Cards star Kevin Spacey is set to host the 71st annual Tony Awards, which will take place Sunday, June 11 at Radio City Music Hall.\n\n\u201cI was their second choice for Usual Suspects, fourth choice for American Beauty and 15th choice to host this year's Tony Awards. I think my career is definitely going in the right direction,\u201d said Spacey in a statement. \u201cMaybe I can get shortlisted to host the Oscars if everyone else turns it down.\u201d\n\nNominations for this year's Tonys will be announced May 2 by two performers who received nods last year: Hamilton's Christopher Jackson and She Loves Me's Jane Krakowski.\n\nRead: CHRISOPHER JACKSON AND JANE KRAKOWSKI TO ANNOUNCE 2017 TONY NOMINATIONS\n\n\u201cWe're excited to be working with a witty and charming host who is not only a Tony-winning actor and fan of live theatre, he's also a president who is a true champion of the arts,\u201d said Executive Producers Glenn Weiss and Ricky Kirshner.\n\nSpacey won Academy Awards for his performances in American Beauty and The Usual Suspects. He currently stars as Frank Underwood on the Netflix drama House of Cards, for which he has received a Golden Globe Award and four Emmy nominations for Outstanding Lead Actor in a Drama Series.\n\nRead: TONY AWARDS ANNOUNCE OFFICIAL 2017 CALENDAR OF EVENTS\n\nIn 1991, Spacey won a Tony Award for his role as Louie in Lost in Yonkers. He received a subsequent nomination for The Iceman Cometh, and last appeared on Broadway in A Moon for the Misbegotten. His additional stage credits include Long Day's Journey Into Night, Hurlyburly, and Ghosts. He also served as the artistic director of the Old Vic from 2003 to 2015, during which time he appeared in such productions as Richard II, Inherit the Wind and Richard III.\n\nTake a look at Spacey in Richard III in its New York engagement below.\n\n\n\nThe 71st annual Tony Awards, presented by the Broadway League and American Theatre Wing, will air on CBS at 8 PM on June 11.\n\nLOVE BROADWAY? CHECK OUT THE NEW ARRIVALS AT THE PLAYBILL STORE!", "images": ["data:image/gif;base64,R0lGODlhAQABAAAAACH5BAEKAAEALAAAAAABAAEAAAICTAEAOw==", "https://bsp-static.playbill.com/dims4/default/9cc3589/2147483647/thumbnail/300x300/quality/90/?url=http%3A%2F%2Fpb-asset-replication.s3.amazonaws.com%2F5b%2F63%2Ff208a3cd47c6833ea04b1dfb10b7%2Fpcart.Sq.Trans.png", "https://bsp-static.playbill.com/c8/ce/183565db4e49acf3c331b3e605c7/uat.playbill.psdops-1.png", "http://pixel.quantserve.com/pixel/p-d4EOGSLZ4snXA.gif", "https://bsp-static.playbill.com/dims4/default/cfc47e5/2147483647/crop/1981x1115%2B0%2B358/resize/970x546/quality/90/?url=http%3A%2F%2Fpb-asset-replication.s3.amazonaws.com%2Fdd%2Fdd%2F3078cf804f429e47cdedc4e0d68b%2Fartsdayonejm26.JPG", "https://bsp-static.playbill.com/dims4/default/8d79fef/2147483647/thumbnail/2000x1045/resize/1200x627/quality/90/?url=http%3A%2F%2Fpb-asset-replication.s3.amazonaws.com%2Fdd%2Fdd%2F3078cf804f429e47cdedc4e0d68b%2Fartsdayonejm26.JPG", "https://sb.scorecardresearch.com/p?c1=2&c2=33044428&cv=3.1&cj=1", "https://www.facebook.com/tr?id=925349244281937&ev=PageView&noscript=1", "https://bsp-static.playbill.com/dims4/default/7018131/2147483647/resize/114x15/quality/90/?url=http%3A%2F%2Fpb-asset-replication.s3.amazonaws.com%2F67%2Fff%2F19d7acd74ba997d28c71f3e4fb43%2Fbrightspot.png"], "top_img": "https://bsp-static.playbill.com/dims4/default/8d79fef/2147483647/thumbnail/2000x1045/resize/1200x627/quality/90/?url=http%3A%2F%2Fpb-asset-replication.s3.amazonaws.com%2Fdd%2Fdd%2F3078cf804f429e47cdedc4e0d68b%2Fartsdayonejm26.JPG", "keywords": [], "authors": [], "canonical_link": "http://www.playbill.com/article/kevin-spacey-will-host-the-2017-tony-awards", "title": "Kevin Spacey Will Host the 2017 Tony Awards", "meta_data": {"viewport": "width=device-width, initial-scale=1", "title": "Kevin Spacey Will Host the 2017 Tony Awards | Playbill", "description": "The Oscar and Tony winner will emcee the June 11 event.", "og": {"url": "http://www.playbill.com/article/kevin-spacey-will-host-the-2017-tony-awards", "site_name": "Playbill", "title": "Kevin Spacey Will Host the 2017 Tony Awards | Playbill", "description": "The Oscar and Tony winner will emcee the June 11 event.", "image": "https://bsp-static.playbill.com/dims4/default/8d79fef/2147483647/thumbnail/2000x1045/resize/1200x627/quality/90/?url=http%3A%2F%2Fpb-asset-replication.s3.amazonaws.com%2Fdd%2Fdd%2F3078cf804f429e47cdedc4e0d68b%2Fartsdayonejm26.JPG"}, "twitter": {"card": "summary_large_image", "title": "Kevin Spacey Will Host the 2017 Tony Awards | Playbill", "description": "The Oscar and Tony winner will emcee the June 11 event.", "site": "@playbill", "creator": "@playbill", "image": "https://bsp-static.playbill.com/dims4/default/9899ff8/2147483647/crop/2000x1000%2B0%2B364/resize/1024x512%5E/quality/90/?url=http%3A%2F%2Fpb-asset-replication.s3.amazonaws.com%2Fdd%2Fdd%2F3078cf804f429e47cdedc4e0d68b%2Fartsdayonejm26.JPG"}, "article": {"published_time": "Tue Apr 18 13:05:13 EDT 2017", "author": "Ryan McPhee", "section": "News"}}, "movies": [], "publish_date": 1492513513.0, "source": "http://www.playbill.com", "summary": ""}