{"url": "https://people.com/celebrity/abigail-breslin-explains-not-reporting-sexual-assault-feared-not-being-believed/", "text": "\"I also feared that if my case didn't lead anywhere, he would still find out and hurt me even more,\" Abigail Breslin said\n\nAbigail Breslin Reveals Why She Stayed Quiet About Her Sexual Assault: I 'Feared Not Being Believed'\n\nTwo weeks after Abigail Breslin opened up about her own sexual assault in honor of Sexual Assault Awareness Month, the actress responded to a comment written on her Instagram to explain why she didn\u2019t come forward with the incident right away.\n\nAfter posting an infographic showing the low number of assaults that are reported, Breslin received a comment that read, \u201cReported rapes are the only rapes that count.\u201d The 21-year-old actress then candidly explained all the reasons she hesitated to talk about her personal experience.\n\nGet push notifications with news, features and more.\n\n\u201cI did not report my rape. I didn\u2019t report it because of many reasons,\u201d she said. \u201cFirst off, I was in complete shock and total denial. I didn\u2019t want to view myself as a victim so I suppressed it and pretended it never happened.\u201d\n\nAs she was in a relationship with the perpetrator, Breslin was unsure if reporting the incident would cause more issues.\n\n\u201cI was in a relationship with my rapist and feared not being believed,\u201d she wrote. \u201cI also feared that if my case didn\u2019t lead anywhere, he would still find out and hurt me even more.\u201d\n\nShe continued, \u201cThird, I knew how hurt my family and friends would be after finding out and I didn\u2019t want to put them thru that.\u201d\n\nBreslin said she was diagnosed with post-traumatic stress disorder following the incident. Despite making progress, the actress revealed she still has nightmares and flashbacks.\n\n\u201cI still jump when somebody touches me unexpectedly, even if it\u2019s my best friend tapping me on the shoulder,\u201d she wrote.\n\nThe Dirty Dancing reboot star said that claims that unreported rapes \u201cdon\u2019t matter\u201d is \u201cunfair, untrue and unhelpful.\u201d\n\n\u201cIt\u2019s like [saying] you got a black eye from being punched in the face, but because you didn\u2019t call the police, you didn\u2019t really get a black eye,\u201d she explained.\n\nShe concluded, \u201cUnreported rapes count. Reported rapes count. End of the story.\u201d\n\nBreslin revealed her story in an Instagram post earlier this month that showed a block of text that reads: \u201cConsent II: You are not obligated to have sex with someone that you\u2019re in a relationship with. Dating is not consent. Marriage is not consent.\u201d\n\nThe Scream Queens actress added a caption, writing: \u201cI knew my assailant. #SexualAssaultAwarenessMonth #breakthesilence.\u201d\n\nThe next day, Breslin had received an outpouring of support and love from fans on social and took to Twitter on Tuesday to thank everyone.", "images": ["https://imagesvc.meredithcorp.io/v3/mm/image?url=https%3A%2F%2Fstatic.onecms.io%2Fwp-content%2Fuploads%2Fsites%2F20%2F2020%2F11%2F12%2Fthanksgiving-covid-150x150.jpg", "https://imagesvc.meredithcorp.io/v3/mm/image?url=https%3A%2F%2Fstatic.onecms.io%2Fwp-content%2Fuploads%2Fsites%2F20%2F2016%2F05%2F06%2Fprincess-diana-21.jpg", "https://imagesvc.meredithcorp.io/v3/mm/image?url=https%3A%2F%2Fstatic.onecms.io%2Fwp-content%2Fuploads%2Fsites%2F20%2F2020%2F07%2F23%2Ftout.jpg", "data:image/svg+xml,%3Csvg%20xmlns='http://www.w3.org/2000/svg'%20viewBox='0%200%20100%20133'%3E%3C/svg%3E", "https://imagesvc.meredithcorp.io/v3/mm/image?url=https%3A%2F%2Fstatic.onecms.io%2Fwp-content%2Fuploads%2Fsites%2F20%2F2017%2F04%2Fabigail-breslin3-2000.jpg", "https://peopledotcom.files.wordpress.com/2018/09/thumbnail_generic.png", "https://imagesvc.meredithcorp.io/v3/mm/image?q=85&c=sc&poi=face&w=1372&h=718&url=https%3A%2F%2Fstatic.onecms.io%2Fwp-content%2Fuploads%2Fsites%2F20%2F2017%2F04%2Fabigail-breslin3-2000.jpg", "data:image/svg+xml,%3Csvg%20xmlns='http://www.w3.org/2000/svg'%20viewBox='0%200%20100%20100'%3E%3C/svg%3E", "https://imagesvc.meredithcorp.io/v3/mm/image?url=https%3A%2F%2Fstatic.onecms.io%2Fwp-content%2Fuploads%2Fsites%2F20%2F2020%2F08%2F04%2Fcoyote-ugly-2000.jpg", "https://imagesvc.meredithcorp.io/v3/mm/image?url=https%3A%2F%2Fstatic.onecms.io%2Fwp-content%2Fuploads%2Fsites%2F20%2F2020%2F07%2F19%2Ftiaras-2.jpg", "https://imagesvc.meredithcorp.io/v3/mm/image?url=https%3A%2F%2Fstatic.onecms.io%2Fwp-content%2Fuploads%2Fsites%2F20%2F2020%2F11%2F12%2Fcat-phone.jpg"], "top_img": "https://imagesvc.meredithcorp.io/v3/mm/image?q=85&c=sc&poi=face&w=1372&h=718&url=https%3A%2F%2Fstatic.onecms.io%2Fwp-content%2Fuploads%2Fsites%2F20%2F2017%2F04%2Fabigail-breslin3-2000.jpg", "keywords": [], "authors": ["Stephanie Petit"], "canonical_link": "https://people.com/celebrity/abigail-breslin-explains-not-reporting-sexual-assault-feared-not-being-believed/", "title": "Abigail Breslin Explains Why She Did Not Report Her Rape", "meta_data": {"viewport": "width=device-width, initial-scale=1", "keywords": "Abigail Breslin,Movie Celebrities,News", "news_keywords": "Abigail Breslin,Movie Celebrities,News", "description": "\"I also feared that if my case didn't lead anywhere, he would still find out and hurt me even more,\" Abigail Breslin said", "og": {"title": "Abigail Breslin Explains Why She Did Not Report Her Rape", "type": "article", "site_name": "PEOPLE.com", "url": "https://people.com/celebrity/abigail-breslin-explains-not-reporting-sexual-assault-feared-not-being-believed/", "description": "\"I also feared that if my case didn't lead anywhere, he would still find out and hurt me even more,\" Abigail Breslin said", "image": {"identifier": "https://imagesvc.meredithcorp.io/v3/mm/image?q=85&c=sc&poi=face&w=1372&h=718&url=https%3A%2F%2Fstatic.onecms.io%2Fwp-content%2Fuploads%2Fsites%2F20%2F2017%2F04%2Fabigail-breslin3-2000.jpg", "width": 1372, "height": 718}}, "pinterest": {"url": "https://people.com/celebrity/abigail-breslin-explains-not-reporting-sexual-assault-feared-not-being-believed/", "description": "\"I also feared that if my case didn't lead anywhere, he would still find out and hurt me even more,\" Abigail Breslin said", "media": "https://imagesvc.meredithcorp.io/v3/mm/image?url=https%3A%2F%2Fstatic.onecms.io%2Fwp-content%2Fuploads%2Fsites%2F20%2F2017%2F04%2Fabigail-breslin3-2000.jpg"}, "twitter": {"card": "summary_large_image", "url": "https://people.com/celebrity/abigail-breslin-explains-not-reporting-sexual-assault-feared-not-being-believed/", "title": "Abigail Breslin Explains Why She Did Not Report Her Rape", "description": "\"I also feared that if my case didn't lead anywhere, he would still find out and hurt me even more,\" Abigail Breslin said", "site": "@people", "image": "https://imagesvc.meredithcorp.io/v3/mm/image?q=85&c=sc&poi=face&w=1372&h=718&url=https%3A%2F%2Fstatic.onecms.io%2Fwp-content%2Fuploads%2Fsites%2F20%2F2017%2F04%2Fabigail-breslin3-2000.jpg"}, "robots": "max-image-preview:large", "fb": {"app_id": 610948219662029, "pages": 95926963131}, "article": {"opinion": "false"}, "p": {"domain_verify": "755183be01bfc739a9cac6673f1f2c1b"}}, "movies": [], "publish_date": null, "source": "https://people.com", "summary": ""}