{"url": "www.ibtimes.com/robert-pattinson-kristen-stewart-are-not-getting-back-together-2668983", "text": "\u201cTwilight\u201d fans have been eagerly awaiting for the day that stars Robert Pattinson and Kristen Stewart would get back together following their high profile break up. Despite a new article alleging the former co-stars are rekindling their romance, it looks like Robsten shippers will have to keep on dreaming, seeing as sources shut down the report as false.\n\nPattinson and Stewart began dating in 2009 after meeting on the set of the supernatural movie. The former couple experienced a brief break up in 2012 when the actress was caught cheating with her \u201cSnow White and the Huntsman\u201d director Rupert Sanders. Although the actors tried to work past the scandal, their relationship officially ended in 2013.\n\nA new report published by OK! claims Stewart is \u201con the rocks\u201d with her current girlfriend, Stella Maxwell, and has been spending time with her ex-boyfriend.\n\n\u201cKristen is angling to give things between them another go. She\u2019s hoping that Rob is serious when he says he\u2019s forgiven what happened back then,\u201d an \u201cinsider\u201d told the tabloid.\n\nThe OK! \u201cinsider\u201d went on to claim there is still a spark between the former couple and their friends are beginning to question if they will get back together. \u201cThey\u2019re trying to keep it low-key, but there\u2019s still chemistry there. People in their circles are starting to wonder if they\u2019re considering a reconciliation.\u201d\n\nHowever, a source told Gossip Cop the article is nonsense and revealed Stewart and Pattinson are not considering a reconciliation.\n\nFollowing Pattinson and Stewart\u2019s split, the stars moved on to other people. The actor began dating British singer FKA Twigs in 2014. The two were briefly engaged before news of their break up began to surface in 2017.\n\nTowards the end of that year, Pattinson was accompanied by a mystery woman to Seth MacFarlane\u2019s annual holiday party. At the time, sources told Us Weekly the two didn\u2019t attempt to hide they were together and held hands throughout the night.\n\nMeanwhile, Stewart has been in a relationship with Maxwell since December 2016. The two were most recently photographed enjoying a cozy date night on March 21 in Los Angeles.\n\nWhile fans of Pattinson and Stewart are still hoping the pair will get back together, it looks like the exes have their sights set on other people.\n\nPhoto: Jason Merritt/Getty Images", "images": ["https://d1.spcdn.ibt.com/multiupload/2020/11/09/ed-bastian.png", "https://s1.ibtimes.com/sites/www.ibtimes.com/files/styles/sm/public/2020/11/25/as-the-us-prepares-for-thanksgiving-several-cities.jpg", "https://d1.spcdn.ibt.com/multiupload/2020/09/30/brian-scudamore.png", "https://s1.ibtimes.com/sites/www.ibtimes.com/files/styles/sm/public/2020/11/25/federal-reserve-officials-have-been-gently-calling-on.jpg", "https://s1.ibtimes.com/sites/www.ibtimes.com/files/styles/sm/public/2020/11/26/a-flydubai-boing-737-800-lands-at-dubai.jpg", "https://s1.ibtimes.com/sites/www.ibtimes.com/files/styles/embed/public/2018/04/04/robert-pattinson.jpg", "https://s1.ibtimes.com/sites/www.ibtimes.com/files/styles/sm/public/2020/11/25/images-and-soundbitesdespite-the-covid-19-pandemic-the-AFP_8VW737.jpg", "https://s1.ibtimes.com/sites/www.ibtimes.com/files/styles/sm/public/2020/11/25/crock-pot-multi-cookers.jpg", "https://s1.ibtimes.com/sites/www.ibtimes.com/files/styles/full/public/2018/04/04/kristen-stewart.jpg"], "top_img": "https://s1.ibtimes.com/sites/www.ibtimes.com/files/styles/full/public/2018/04/04/kristen-stewart.jpg", "keywords": [], "authors": [], "canonical_link": "https://www.ibtimes.com/robert-pattinson-kristen-stewart-are-not-getting-back-together-2668983", "title": "Robert Pattinson And Kristen Stewart Are Not Getting Back Together", "meta_data": {"viewport": "width=device-width, initial-scale=1.0, maximum-scale=1, user-scalable=no", "news_keywords": "kristen stewart and robert pattinson 2018, kristen stewart and robert pattinson break up, robert pattinson and fka twigs, kristen stewart and robert pattinson relationship, kristen stewart girlfriend, kristen stewart and stella maxwell", "fb": {"app_id": 263851690471857, "pages": 128026713884051}, "og": {"type": "article", "site_name": "International Business Times", "url": "https://www.ibtimes.com/robert-pattinson-kristen-stewart-are-not-getting-back-together-2668983", "title": "Robert Pattinson And Kristen Stewart Are Not Getting Back Together", "description": "Robert Pattinson and Kristen Stewart have not attempted to rekindle their romance.", "image": {"identifier": "https://s1.ibtimes.com/sites/www.ibtimes.com/files/styles/full/public/2018/04/04/kristen-stewart.jpg", "secure_url": "https://s1.ibtimes.com/sites/www.ibtimes.com/files/styles/full/public/2018/04/04/kristen-stewart.jpg", "height": 681, "width": 1024, "type": "image/jpeg"}}, "article": {"publisher": "https://www.facebook.com/IBTimes", "section": "Entertainment", "author": "Cortney Drakeford", "modified_time": "2020-11-21T04:54:09-05:00", "published_time": "2018-04-04T10:34:13-04:00"}, "twitter": {"site": "@IBTimes", "card": "summary_large_image", "title": "Robert Pattinson And Kristen Stewart Are Not Getting Back Together", "url": "https://www.ibtimes.com/robert-pattinson-kristen-stewart-are-not-getting-back-together-2668983", "description": "Robert Pattinson and Kristen Stewart have not attempted to rekindle their romance.", "image": "https://s1.ibtimes.com/sites/www.ibtimes.com/files/styles/full/public/2018/04/04/kristen-stewart.jpg"}, "msapplication-TileColor": "#000000", "msapplication-config": "https://s1.ibtimes.com/sites/www.ibtimes.com/themes/us_ibtimes/favicons/browserconfig.xml", "theme-color": "#000000", "keywords": "kristen stewart and robert pattinson 2018, kristen stewart and robert pattinson break up, robert pattinson and fka twigs, kristen stewart and robert pattinson relationship, kristen stewart girlfriend, kristen stewart and stella maxwell", "author": "Cortney Drakeford", "description": "Robert Pattinson and Kristen Stewart have not attempted to rekindle their romance."}, "movies": [], "publish_date": 1522852453.0, "source": "http://www.ibtimes.com", "summary": ""}