{"url": "https://www.elledecor.com/celebrity-style/celebrity-homes/a9157491/ellen-and-portia/", "text": "There's a certain expectation that celebrity homes will be three things: grand, expensive and overlooking a stunning view. The Santa Barbara villa belonging to Ellen DeGeneres and Portia de Rossi checks off each of these boxes, but it also comes with a rare, quiet sense of grandeur, emulating the classic style of a 17th-century Italian villa with precision.\n\nThe couple just listed the 10,500-square-foot home for $45 million, and it's apparent it was designed to awe. Sitting on what was once two adjacent properties (now a 16.88-acre piece of land), the villa overlooks the ocean and is surrounded by mountains. It has six bedrooms, six full bathrooms and two half bathrooms, plus a fitness room, library, sun room and home office, according to the listing.\n\nJim Bartsch\n\nPerhaps one of the most stunning features is the home's seamless integration of outdoor and indoor living \u2014 typical of California design. An alfresco dining area is nestled below mature trees that provide cool shade on hot summer days, a Roman-style pool is surrounded by lush expanses of grass, and olive and eucalyptus trees line the twisting quarter-mile drive to the entry's 18th-century Spanish gates.\n\n\"The surrounding gardens and olive trees are almost as wonderful as the interior,\" DeGeneres told Sotheby's International Realty. \"The house truly feels like it was built out of the landscape, rather than plopped on a plot. It feels ancient, like it's been there forever. Like that hill was never without the house. It's a home that honors nature, and I love that.\"\n\nJim Bartsch\n\nDeGeneres and de Rossi purchased the villa, which was featured in DeGeneres' book \"Home,\" in 2012 for $26.5 million, according to People. The estate was built in the 1930s by famed American architect Wallace Frost, who had just returned from living in Italy, entranced by the villas there. Decades later, the home was given a five-year restoration by architectural designer John Saladino, who was captivated by its \"mix of grandeur and modesty.\"\n\n\"The house is always surprising,\" DeGeneres told Sotheby's. \"It reveals itself to you in new ways every day. It's not overly manicured or tidy. It's not overly precious or perfect. And it's a home that manages to be both spacious and cozy at once.\"\n\nJim Bartsch\n\nOther Italian influences include a classic barrel-tiled roof, wide wood flooring planks, rustic exposed ceiling beans, terra-cotta surfaces, 18th-century Italian tiles, vintage light fixtures and walls of locally quarried stone. Nine fireplaces lend an air of regal warmth to the villa worthy of any royalty \u2014 even Emmy-winning Hollywood royalty.\n\nDeGeneres has made an impression as an incredible house flipper and decorator, with her own home lines ranging from bedding to dining tables. Where she and de Rossi are headed next, we're not sure, but it can only be predicted that it will be as intricately designed and beautiful as this home.\n\nItching to see more of the estate? Take a look at the video below and swipe up for more photos.\n\nThis content is imported from Third party. You may be able to find the same content in another format, or you may be able to find more information, at their web site.\n\nJim Bartsch\n\nJim Bartsch\n\nJim Bartsch\n\nJim Bartsch\n\nJim Bartsch\n\nJim Bartsch\n\nJim Bartsch\n\nJim Bartsch\n\nJim Bartsch\n\nJim Bartsch\n\nJim Bartsch\n\nJim Bartsch\n\nThis content is created and maintained by a third party, and imported onto this page to help users provide their email addresses. You may be able to find more information about this and similar content at piano.io", "images": ["https://hips.hearstapps.com/hmg-prod.s3.amazonaws.com/images/ellen-and-portia-1490116164.jpg?crop=1.00xw:1.00xh;0,0&resize=1200:*", "data:image/gif;base64,R0lGODlhAQABAIAAAAAAAP///yH5BAEAAAAALAAAAAABAAEAAAIBRAA7"], "top_img": "https://hips.hearstapps.com/hmg-prod.s3.amazonaws.com/images/ellen-and-portia-1490116164.jpg?crop=1.00xw:1.00xh;0,0&resize=1200:*", "keywords": [], "authors": ["Kelsey Kloss"], "canonical_link": "https://www.elledecor.com/celebrity-style/celebrity-homes/a9157491/ellen-and-portia/", "title": "Ellen DeGeneres And Portia De Rossi Home", "meta_data": {"x-ua-compatible": "IE=edge,chrome=1", "viewport": "width=device-width,initial-scale=1,maximum-scale=6", "msapplication-tap-highlight": "no", "theme-color": "#000000", "og": {"type": "article", "site_name": "ELLE Decor", "title": "Step Inside Ellen And Portia's Sprawling Santa Barbara Villa", "description": "We can't stop staring.", "url": "https://www.elledecor.com/celebrity-style/celebrity-homes/a9157491/ellen-and-portia/", "image": {"identifier": "https://hips.hearstapps.com/hmg-prod.s3.amazonaws.com/images/ellen-and-portia-1490116164.jpg?crop=1.00xw:1.00xh;0,0&resize=1200:*", "width": 1200, "height": 600}}, "fb": {"app_id": 265408283546879, "pages": 80643096709}, "article": {"publisher": "https://www.facebook.com/ELLEDECORmag", "modified_time": "2018-05-14 04:06:21", "published_time": "2017-03-20 07:52:00", "section": "Celebrity Homes", "opinion": "false"}, "twitter": {"site": "@elledecor", "card": "summary_large_image", "image": "https://hips.hearstapps.com/hmg-prod.s3.amazonaws.com/images/ellen-and-portia-1490116164.jpg?crop=1.00xw:1.00xh;0,0&resize=640:*"}, "google-site-verification": "6esoHT8vCZ3FNz2gg9lD4okxrkxWxhX3WXBA_a5iYL8", "title": "Ellen DeGeneres And Portia De Rossi Home - The Ellen DeGeneres Show", "description": "The power couple is seeking $45 million for the Italian-inspired estate.", "keywords": "celebrity homes, celebrity houses, ellen and portia, ellen degeneres, portia de rossi, celebrity style, stars, celebrity real estate", "auto-publish": "timely", "thumbnail": "https://hips.hearstapps.com/hmg-prod.s3.amazonaws.com/images/ellen-and-portia-1490116164.jpg?crop=0.443xw:0.886xh;0,0&resize=320:*", "sailthru.contenttype": "standard-article", "sailthru.tags": "Celebrity Style,celebrity-style,celebrity-homes,portia de rossi,ellen degeneres,celebrity homes", "sailthru.date": "2017-03-20T19:52:00Z", "sailthru.image.full": "https://hips.hearstapps.com/hmg-prod.s3.amazonaws.com/images/ellen-and-portia-1490116164.jpg?crop=1.00xw:1.00xh;0,0", "sailthru.image.thumb": "https://hips.hearstapps.com/hmg-prod.s3.amazonaws.com/images/ellen-and-portia-1490116164.jpg?crop=0.443xw:0.886xh;0,0", "sailthru.socialtitle": "Step Inside Ellen And Portia's Sprawling Santa Barbara Villa", "m1": ".content-hed", "m2": ".content-dek p"}, "movies": [], "publish_date": 1489992720.0, "source": "https://www.elledecor.com", "summary": ""}