{"url": "https://www.nytimes.com/2018/06/25/us/brendan-dassey-supreme-court.html", "text": "The Supreme Court declined on Monday to hear the appeal of Brendan Dassey, whose murder conviction was documented in the 2015 Netflix documentary series \u201cMaking a Murderer.\u201d\n\nHis lawyers, and a legion of supporters he gained after the popular series questioned his 2007 conviction, argued that police investigators improperly coerced his videotaped confession. Mr. Dassey, 28, was convicted of participating with his uncle Steven Avery in the 2005 murder of Teresa Halbach, a 25-year-old photographer in Manitowoc, Wis.\n\nThe 10-part Netflix series by the filmmakers Laura Ricciardi and Moira Demos suggested that police investigators unfairly questioned Mr. Dassey when he was 16 without a lawyer or parent present. He appeared scared and unaware of the gravity of his situation on camera, and his lawyers say he had a low IQ in the seventh percentile of children his age, making him susceptible to suggestion.\n\nThe Supreme Court did not offer a reasoning for its decision.\n\nIn a statement, Laura Nirider, a lawyer for Mr. Dassey, said, \u201cWe will continue to fight to free Brendan Dassey.\u201d", "images": ["https://static01.nyt.com/images/2018/06/25/us/26xp-dassey/26xp-dassey-articleLarge.jpg?quality=75&auto=webp&disable=upscale", "https://static01.nyt.com/images/2018/06/25/us/26xp-dassey/26xp-dassey-facebookJumbo.jpg?year=2018&h=550&w=1050&sig=0x4ca25649d5cdaf6728ae1bf34e63ab78"], "top_img": "https://static01.nyt.com/images/2018/06/25/us/26xp-dassey/26xp-dassey-facebookJumbo.jpg?year=2018&h=550&w=1050&sig=0x4ca25649d5cdaf6728ae1bf34e63ab78", "keywords": [], "authors": ["Daniel Victor"], "canonical_link": "https://www.nytimes.com/2018/06/25/us/brendan-dassey-supreme-court.html", "title": "Supreme Court Won\u2019t Hear Appeal of \u2018Making a Murderer\u2019 Subject Brendan Dassey", "meta_data": {"article": {"published_time": "2018-06-25T18:09:22.000Z", "modified_time": "2019-10-02T15:27:24.505Z", "section": "U.S.", "tag": "Making a Murderer (TV Program)", "opinion": "false", "content_tier": "metered"}, "robots": "noarchive", "articleid": 100000005973787, "nyt_uri": "nyt://article/1b34aa46-b5c9-522e-a153-4d5682665c3f", "pubp_event_id": "pubp://event/3cc65c01b284403db8af72999d623bd3", "description": "Lawyers for Mr. Dassey, whose murder conviction was documented in the 2015 Netflix series, say investigators improperly coerced his confession.", "image": "https://static01.nyt.com/images/2018/06/25/us/26xp-dassey/26xp-dassey-facebookJumbo.jpg?year=2018&h=550&w=1050&sig=0x4ca25649d5cdaf6728ae1bf34e63ab78", "byl": "By Daniel Victor", "thumbnail": "https://static01.nyt.com/images/2018/06/25/us/26xp-dassey/26xp-dassey-thumbStandard.jpg", "news_keywords": "Confessions,Decisions and Verdicts,Supreme Court;SCOTUS,Brendan Dassey,Teresa Halbach,Manitowoc,Steven Avery,Making a Murderer", "pdate": 20180625, "og": {"url": "https://www.nytimes.com/2018/06/25/us/brendan-dassey-supreme-court.html", "type": "article", "title": "Supreme Court Won\u2019t Hear Appeal of \u2018Making a Murderer\u2019 Subject Brendan Dassey (Published 2018)", "image": {"identifier": "https://static01.nyt.com/images/2018/06/25/us/26xp-dassey/26xp-dassey-facebookJumbo.jpg?year=2018&h=550&w=1050&sig=0x4ca25649d5cdaf6728ae1bf34e63ab78", "alt": "Brendan Dassey in court in 2007. His murder conviction was documented in the 2015 Netflix series \u201cMaking a Murderer.\u201d"}, "description": "Lawyers for Mr. Dassey, whose murder conviction was documented in the 2015 Netflix series, say investigators improperly coerced his confession."}, "twitter": {"url": "https://www.nytimes.com/2018/06/25/us/brendan-dassey-supreme-court.html", "title": "Supreme Court Won\u2019t Hear Appeal of \u2018Making a Murderer\u2019 Subject Brendan Dassey (Published 2018)", "description": "Lawyers for Mr. Dassey, whose murder conviction was documented in the 2015 Netflix series, say investigators improperly coerced his confession.", "image": {"identifier": "https://static01.nyt.com/images/2018/06/25/us/26xp-dassey/26xp-dassey-videoSixteenByNineJumbo1600.jpg?year=2018&h=765&w=1359&sig=0x3e1ede941d8287e86507a6a76e426116&tw=1", "alt": "Brendan Dassey in court in 2007. His murder conviction was documented in the 2015 Netflix series \u201cMaking a Murderer.\u201d"}, "card": "summary_large_image", "app": {"name": {"googleplay": "NYTimes"}, "id": {"googleplay": "com.nytimes.android"}, "url": {"googleplay": "nyt://article/1b34aa46-b5c9-522e-a153-4d5682665c3f"}}, "site": "@nytimes"}, "CG": "us", "PT": "article", "PST": "News", "url": "https://www.nytimes.com/2018/06/25/us/brendan-dassey-supreme-court.html", "msapplication-starturl": "https://www.nytimes.com", "al": {"android": {"url": "nyt://article/1b34aa46-b5c9-522e-a153-4d5682665c3f", "package": "com.nytimes.android", "app_name": "NYTimes"}, "iphone": {"url": "nytimes://www.nytimes.com/2018/06/25/us/brendan-dassey-supreme-court.html", "app_store_id": 284862083, "app_name": "NYTimes"}, "ipad": {"url": "nytimes://www.nytimes.com/2018/06/25/us/brendan-dassey-supreme-court.html", "app_store_id": 357066198, "app_name": "NYTimes"}}, "viewport": "width=device-width, initial-scale=1", "fb": {"app_id": 9869919170}}, "movies": [], "publish_date": 1529877600.0, "source": "https://www.nytimes.com", "summary": ""}