{"url": "people.com/health/kaley-cuoco-update-shoulder-surgery-recovery-ice-is-my-best-friend/", "text": "Kaley Cuoco has a new appreciation for ice following her recent shoulder surgery\n\nKaley Cuoco Gives Update on Shoulder Surgery Recovery: 'Ice Is My Best Friend'\n\nKaley Cuoco has a new appreciation for ice following her recent shoulder surgery.\n\nDocumenting her recovery process on Saturday, the Big Bang Theory star, 32, shared a video of herself icing her healing shoulder on her Instagram Story.\n\nGet push notifications with news, features and more.\n\n\u201cDay 3 in the same shirt,\u201d she wrote alongside a video, as a bag of ice cubes rested on her shoulder. \u201cBraids are hanging in. Karl might have to re-do them. Could write a sitcom around his hairstyles.\u201d\n\nAlongside the video, she also proclaimed that right now \u201cice is my best friend.\u201d\n\nIn a separate video, Cuoco also shared that her dog Ruby seemed really happy the actress was staying at home while she recovered from the procedure.\n\n\u201cRuby is so happy I had surgery because she just gets to lay and stare at me for hours on end,\u201d she remarked in the video, before asking the canine, \u201cIs this your dream?\u201d\n\nImage zoom Kaley Cuoco | Credit: Kaley Cuoco/Instagram\n\nThe actress previously revealed that although she underwent surgery a mere five days after tying the knot with husband Karl Cook, a surprise injury wasn\u2019t responsible for the procedure.\n\n\u201cThis was a planned surgery I\u2019ve had for over a year,\u201d she explained in her Instagram Story earlier this week.\n\n\u201cI hurt [my shoulder] over a year ago and did not need immediate surgery so brilliantly planned it five days after our wedding,\u201d she continued. \u201cI knew I\u2019d have a babysitter.\u201d\n\nImage zoom Kaley Cuoco and Karl Cook | Credit: Kaley Cuoco/Instagram\n\nShe also added that she plans to \u201clay low\u201d during the recovery process, which could last up to six weeks.\n\n\u201cI\u2019m in a pretty big cast. No horsies for a minute. Time to lay low and hopefully not kill this guy,\u201d she said as she panned the camera over to Cook. \u201cOr him kill me.\u201d\n\nImage zoom Kaley Cuoco and Karl Cook | Credit: Kaley Cuoco/Instagram\n\nRELATED VIDEO: How Kaley Cuoco Achieved Her \u2018Effortless and Natural\u2019 Wedding Day Look\n\nThe actress first revealed her surgery on Thursday.\n\n\u201cWhen your \u2018honeymoon\u2019 is shoulder surgery and your husband looks just as happy lol on the road to recovery,\u201d the actress captioned a hospital selfie on Instagram.\n\n\u201cThank you for all the love and support! knowing @mrtankcook I\u2019m sure he will be posting tons of hilarious gems,\u201d the newly married Cuoco added.", "images": ["https://imagesvc.meredithcorp.io/v3/mm/image?url=https%3A%2F%2Fstatic.onecms.io%2Fwp-content%2Fuploads%2Fsites%2F20%2F2018%2F07%2Fcuoco-1.jpg", "https://imagesvc.meredithcorp.io/v3/mm/image?url=https%3A%2F%2Fstatic.onecms.io%2Fwp-content%2Fuploads%2Fsites%2F20%2F2018%2F07%2Fkaleycuocohealthice-1.jpg", "https://imagesvc.meredithcorp.io/v3/mm/image?url=https%3A%2F%2Fstatic.onecms.io%2Fwp-content%2Fuploads%2Fsites%2F20%2F2020%2F11%2F12%2Fthanksgiving-covid-150x150.jpg", "https://imagesvc.meredithcorp.io/v3/mm/image?url=https%3A%2F%2Fstatic.onecms.io%2Fwp-content%2Fuploads%2Fsites%2F20%2F2016%2F05%2F06%2Fprincess-diana-21.jpg", "https://imagesvc.meredithcorp.io/v3/mm/image?url=https%3A%2F%2Fstatic.onecms.io%2Fwp-content%2Fuploads%2Fsites%2F20%2F2020%2F07%2F23%2Ftout.jpg", "data:image/svg+xml,%3Csvg%20xmlns='http://www.w3.org/2000/svg'%20viewBox='0%200%20100%20133'%3E%3C/svg%3E", "https://imagesvc.meredithcorp.io/v3/mm/image?q=85&c=sc&poi=face&w=1125&h=589&url=https%3A%2F%2Fstatic.onecms.io%2Fwp-content%2Fuploads%2Fsites%2F20%2F2018%2F07%2Fkaleycuocohealthice-1.jpg", "https://peopledotcom.files.wordpress.com/2018/09/thumbnail_generic.png", "data:image/svg+xml,%3Csvg%20xmlns='http://www.w3.org/2000/svg'%20viewBox='0%200%20100%20100'%3E%3C/svg%3E", "data:image/svg+xml,%3Csvg%20xmlns='http://www.w3.org/2000/svg'%20viewBox='0%200%20100%2067'%3E%3C/svg%3E", "https://imagesvc.meredithcorp.io/v3/mm/image?url=https%3A%2F%2Fstatic.onecms.io%2Fwp-content%2Fuploads%2Fsites%2F20%2F2020%2F08%2F04%2Fcoyote-ugly-2000.jpg", "https://imagesvc.meredithcorp.io/v3/mm/image?url=https%3A%2F%2Fstatic.onecms.io%2Fwp-content%2Fuploads%2Fsites%2F20%2F2020%2F07%2F19%2Ftiaras-2.jpg", "https://imagesvc.meredithcorp.io/v3/mm/image?url=https%3A%2F%2Fstatic.onecms.io%2Fwp-content%2Fuploads%2Fsites%2F20%2F2020%2F11%2F12%2Fcat-phone.jpg", "https://imagesvc.meredithcorp.io/v3/mm/image?url=https%3A%2F%2Fstatic.onecms.io%2Fwp-content%2Fuploads%2Fsites%2F20%2F2018%2F07%2Fkcwedding.jpg"], "top_img": "https://imagesvc.meredithcorp.io/v3/mm/image?q=85&c=sc&poi=face&w=1125&h=589&url=https%3A%2F%2Fstatic.onecms.io%2Fwp-content%2Fuploads%2Fsites%2F20%2F2018%2F07%2Fkaleycuocohealthice-1.jpg", "keywords": [], "authors": ["Maria Pasquini"], "canonical_link": "https://people.com/health/kaley-cuoco-update-shoulder-surgery-recovery-ice-is-my-best-friend/", "title": "Kaley Cuoco Gives Update on Shoulder Surgery Recovery: 'Ice Is My Best Friend'", "meta_data": {"viewport": "width=device-width, initial-scale=1", "keywords": "Celebrity Health,Kaley Cuoco,News,TV", "news_keywords": "Celebrity Health,Kaley Cuoco,News,TV", "description": "Kaley Cuoco has a new appreciation for ice following her recent\u00a0shoulder surgery", "og": {"title": "Kaley Cuoco Gives Update on Shoulder Surgery Recovery: 'Ice Is My Best Friend'", "type": "article", "site_name": "PEOPLE.com", "url": "https://people.com/health/kaley-cuoco-update-shoulder-surgery-recovery-ice-is-my-best-friend/", "description": "Kaley Cuoco has a new appreciation for ice following her recent\u00a0shoulder surgery", "image": {"identifier": "https://imagesvc.meredithcorp.io/v3/mm/image?q=85&c=sc&poi=face&w=1125&h=589&url=https%3A%2F%2Fstatic.onecms.io%2Fwp-content%2Fuploads%2Fsites%2F20%2F2018%2F07%2Fkaleycuocohealthice-1.jpg", "width": 1125, "height": 589}}, "pinterest": {"url": "https://people.com/health/kaley-cuoco-update-shoulder-surgery-recovery-ice-is-my-best-friend/", "description": "Kaley Cuoco has a new appreciation for ice following her recent\u00a0shoulder surgery", "media": "https://imagesvc.meredithcorp.io/v3/mm/image?url=https%3A%2F%2Fstatic.onecms.io%2Fwp-content%2Fuploads%2Fsites%2F20%2F2018%2F07%2Fkaleycuocohealthice-1.jpg"}, "twitter": {"card": "summary_large_image", "url": "https://people.com/health/kaley-cuoco-update-shoulder-surgery-recovery-ice-is-my-best-friend/", "title": "Kaley Cuoco Gives Update on Shoulder Surgery Recovery: 'Ice Is My Best Friend'", "description": "Kaley Cuoco has a new appreciation for ice following her recent\u00a0shoulder surgery", "site": "@people", "image": "https://imagesvc.meredithcorp.io/v3/mm/image?q=85&c=sc&poi=face&w=1125&h=589&url=https%3A%2F%2Fstatic.onecms.io%2Fwp-content%2Fuploads%2Fsites%2F20%2F2018%2F07%2Fkaleycuocohealthice-1.jpg"}, "robots": "max-image-preview:large", "fb": {"app_id": 610948219662029, "pages": 95926963131}, "article": {"opinion": "false"}, "p": {"domain_verify": "755183be01bfc739a9cac6673f1f2c1b"}}, "movies": [], "publish_date": null, "source": "http://people.com", "summary": ""}