{"url": "https://www.etonline.com/news/214629_blac_chyna_steps_out_without_her_engagement_ring_one_year_after_rob_kardashian_s_proposal", "text": "What a difference a year makes. Though there have been lots of recent rumors that Blac Chyna and her ex Rob Kardashian have reconciled, the TV personality and model stepped out on Tuesday night without her giant engagement ring.\n\nChyna, 28, rocked a skin-tight black jumpsuit, leather coat, and heels, while enjoying an evening at TAO with a mystery man.\n\n\n\nMORE: Blac Chyna Calls Dream \u2018Baby Rob\u2019 as the Exes Continue to Spark Reconciliation Rumors\n\n\n\n\n\nThe outing was significant as it was just ahead of the one-year anniversary of Rob\u2019s public proposal, which the exes previously documented on social media and their reality series, Rob & Chyna.\n\nAKM-GSI\n\nThe on-again couple split earlier this year, but continue to co-parent their daughter, Dream. Earlier this month, they were spotted getting cozy on Snapchat, as Chyna danced around Rob and even got a kiss on the cheek from him.\n\nThey also enjoyed time with Dream together earlier this week.\n\nBut Rob was nowhere to be seen while Chyna had her night out, which ended with her getting into a white car with a male friend.\n\nOther stars at TAO on Tuesday included Drake and Kardashian pal French Montana, who hung out with Chyna on Instagram several months ago.\n\nWATCH: Blac Chyna Says She\u2019s \u2018In It For The Long Haul\u2019 With Rob Kardashian: 'We're Fighting for Each Other'\n\n\n\n\n\nThough Rob and Chyna have kept the status of their relationship under wraps, Chyna did speak with Cosmopolitan South Africa for the April issue, saying, \u201cI feel like everything isn't going to be perfect, but I know we love each other and we're fighting for each other, and the people we surround ourselves with are rooting for us. It makes everything much easier.\"\n\nFor more from the exes, watch the clip below!\n\nBlac Chyna on Relationship With Rob Kardashian: 'We're Fighting for Each Other' This video is unavailable because we were unable to load a message from our sponsors.\n\n\n\nIf you are using ad-blocking software, please disable it and reload the page. Embed Code Restart\n\nRelated Gallery", "images": ["https://www.etonline.com/sites/default/files/styles/840x470/public/images/2015-06/640_engagement_rings_split.jpg?itok=EyQVx0Mr", "https://www.etonline.com/sites/default/files/styles/60x60/public/images/2020-11/Screen%20Shot%202020-11-26%20at%208.14.18%20PM_0.png?h=0d68163c&itok=sT_dMiPp", "https://www.etonline.com/themes/custom/et/img/watch-now.png", "https://www.etonline.com/sites/default/files/styles/max_1280x720/public/images/2017-04/1280_blac_chyna_anniversary_akm_gsi2_AG_187428_002.jpg?itok=_9GTTxPB", "https://www.etonline.com/sites/default/files/styles/max_970x546/public/images/2017-04/1280_blac_chyna_anniversary_akm_gsi2_AG_187428_002.jpg?itok=gf-fswVw", "https://www.etonline.com/sites/default/files/styles/970xh/public/images/2017-04/1280_blac_chyna_anniversary_akm_gsi_AG_187428_002.jpg?itok=bAr4L3rD", "https://www.etonline.com/sites/default/files/styles/60x60/public/images/2020-06/GettyImages-900221704-1.jpg?h=f2fcf546&itok=6awKsRkl"], "top_img": "https://www.etonline.com/sites/default/files/styles/max_1280x720/public/images/2017-04/1280_blac_chyna_anniversary_akm_gsi2_AG_187428_002.jpg?itok=_9GTTxPB", "keywords": [], "authors": ["Rachel Mcrady"], "canonical_link": "https://www.etonline.com/news/214629_blac_chyna_steps_out_without_her_engagement_ring_one_year_after_rob_kardashian_s_proposal", "title": "Blac Chyna Hits the Town Sans Her Engagement Ring One Year After Rob Kardashian's Proposal", "meta_data": {"article": {"opinion": "false"}, "title": "Blac Chyna Hits the Town Sans Her Engagement Ring One Year After Rob Kardashian's Proposal | Entertainment Tonight", "og": {"site_name": "Entertainment Tonight", "type": "Article", "url": "https://www.etonline.com/news/214629_blac_chyna_steps_out_without_her_engagement_ring_one_year_after_rob_kardashian_s_proposal", "title": "Blac Chyna Hits the Town Sans Her Engagement Ring One Year After Rob Kardashian's Proposal", "description": "She enjoyed a night out with a mystery man.", "image": {"identifier": "https://www.etonline.com/sites/default/files/styles/max_1280x720/public/images/2017-04/1280_blac_chyna_anniversary_akm_gsi2_AG_187428_002.jpg?itok=_9GTTxPB", "width": 1280, "height": 720}}, "fb": {"pages": 106843036179, "admins": 3111204, "app_id": 145337045558621}, "robots": "index", "apple-mobile-web-app-capable": "yes", "twitter": {"card": "summary_large_image", "description": "She enjoyed a night out with a mystery man.", "site": {"identifier": "@etnow", "id": 23603092}, "title": "Blac Chyna Hits the Town Sans Her Engagement Ring One Year After Rob Kardashian's Proposal", "creator": "Rachel McRady", "url": "https://www.etonline.com/news/214629_blac_chyna_steps_out_without_her_engagement_ring_one_year_after_rob_kardashian_s_proposal", "image": "https://www.etonline.com/sites/default/files/styles/max_1280x720/public/images/2017-04/1280_blac_chyna_anniversary_akm_gsi2_AG_187428_002.jpg?itok=_9GTTxPB"}, "description": "She enjoyed a night out with a mystery man.", "msvalidate.01": "DC10472F438B55F3A58638BC31271706", "google-site-verification": "hKpIt34FKZ_qMU81xUdLUw2YzuyZY1pS76p0622Hc7w", "keywords": "News, Rob Kardashian, Blac Chyna", "Generator": "Drupal 8 (https://www.drupal.org)", "MobileOptimized": "width", "HandheldFriendly": "true", "viewport": "width=device-width, initial-scale=1.0, minimum-scale=1.0"}, "movies": [], "publish_date": null, "source": "https://www.etonline.com", "summary": ""}