{"url": "hollywoodlife.com/2017/06/21/harry-styles-tess-ward-break-up-split/", "text": "It\u2019s too much to bear! Just one day after Harry Styles\u2019 stepfather Robin Twist reportedly passed away, a new report has surfaced that his food blogger girlfriend Tess Ward broke up with him!\n\nOur hearts are shattered for Harry Styles, 23! His beautiful new girlfriend Tess Ward allegedly broke up with him, according to a report form The Sun on June 21. Their source claims that Tess called off the relationship because she \u201crealized she still had feelings for her ex after splitting from him to date Harry and has apologized to him for her romance with the singer.\u201d Just one month into her romance with the One Direction front-man, she allegedly ran back into her exes arms. \u201cIt will take a while for Tess to build back his trust but they have been getting on as normal. She was in London this week and met her ex straight away \u2014 they\u2019ve been inseparable since.\u201d Poor Harry! See pics of the blonde food blogger, here.\n\nThough Harry is also currently in England, the source insisted that \u201cHarry and Tess haven\u2019t seen each other for a number of weeks. They\u2019re both constantly travelling the world.\u201d That\u2019s certainly enough to put a nail in the coffin of a relationship. There were warning signs of a rift. In May, Tess admitted in an interview that she was struggling with all of the hate she was getting from 1D fans. \u201cI want a break! I just want a break. It\u2019s been so weird, the hate messages. Very bizarre. I\u2019m not the kind of person who\u2019s interested in fame.\u201d\n\nThe report comes on the same day that Radar reported that Harry\u2019s stepfather Robin Twist died. Harry was very close with his supportive stepdad, who married his mom Anne Cox in 2013. We\u2019re so sorry that Harry has to deal with so much heartache right now, but he can always lean on his 1D brothers and fans for support.\n\nHollywoodLifers, are you sad to hear that Harry is not with Tess anymore? Let us know!", "images": ["https://tvline.com/wp-content/uploads/2020/11/virgin-river-season-1-recap-mel.jpg?w=230&crop=1", "https://www.rollingstone.com/wp-content/uploads/2019/11/Surface-Pro-7.jpg?w=230&crop=1", "https://hollywoodlife.com/wp-content/uploads/2020/11/sport-bra-ftr.jpg?w=143&h=80&crop=1", "http://pixel.quantserve.com/pixel?a.1=p-6fKiDaopTGEQg&a.2=p-31f3D02tYU8zY", "https://hollywoodlife.com/wp-content/uploads/2017/06/harry-styles-tess-ward-split-ftr.jpg", "https://stylecaster.com/wp-content/uploads/2020/11/rothys-black-friday-collection-copy.jpg?w=230&crop=1", "https://www.sheknows.com/wp-content/uploads/2020/10/what-a-free-thanksgiving-dinner-really-means-to-a-family-like-mine.jpg?w=230&crop=1", "https://sb.scorecardresearch.com/p?c1=2&c2=6035310&c3=&c4=&c5=&c6=&c15=&cv=2.0&cj=1", "https://hollywoodlife.com/wp-content/uploads/2020/07/kelsey-nicole-5-things-to-know-ap-images-ftr.jpg?w=143&h=80&crop=1", "https://footwearnews.com/wp-content/uploads/2020/11/vanessa-hudgens-crop-top-jeans.jpg?w=230&crop=1", "https://hollywoodlife.com/wp-content/uploads/2020/11/kourtney-kardashian-and-kylie-jenner-wasted-meme-ap-images-ftr.jpg?w=143&h=80&crop=1", "data:image/gif;base64,R0lGODlhAQABAIAAAAAAAP///yH5BAEAAAAALAAAAAABAAEAAAIBRAA7", "https://hollywoodlife.com/wp-content/uploads/2017/06/harry-styles-tess-ward-split-ftr.jpg?w=620"], "top_img": "https://hollywoodlife.com/wp-content/uploads/2017/06/harry-styles-tess-ward-split-ftr.jpg", "keywords": [], "authors": ["Emy Lacroix", "Kimberly Zapata", "Bella Gerard", "Andy Swift", "Tim Chan", "Brandt Ranj", "Claudia Miller", "Senior Writer"], "canonical_link": "https://hollywoodlife.com/2017/06/21/harry-styles-tess-ward-break-up-split/", "title": "Harry Styles Splits With Girlfriend Tess Ward After Just One Month Of Dating", "meta_data": {"description": "Just one day after Harry Styles' stepfather Robin Twist died, a new report says his girlfriend Tess Ward broke up with him!", "news_keywords": "Harry Styles, Tess Ward", "apple-itunes-app": "app-id=1400650284", "generator": "WordPress 5.5.2", "author": "Emy LaCroix", "theme-color": "#fff", "apple-mobile-web-app-capable": "yes", "mobile-web-app-capable": "yes", "apple-touch-fullscreen": "YES", "apple-mobile-web-app-title": "Hollywood Life", "application-name": "Hollywood Life", "fb": {"pages": 94724837471}, "ia": {"markup_url_dev": "https://hollywoodlife.com/2017/06/21/harry-styles-tess-ward-break-up-split/?ia_markup=1"}, "robots": "max-image-preview:large", "onesignal": "wordpress-plugin", "og": {"type": "article", "title": "Harry Styles Splits With Girlfriend Tess Ward After Just One Month Of Dating", "url": "https://hollywoodlife.com/2017/06/21/harry-styles-tess-ward-break-up-split/", "description": "It\u2019s too much to bear! Just one day after Harry Styles\u2019 stepfather Robin Twist reportedly passed away, a new report has surfaced that his food blogger girlfriend Tess Ward broke up with\u2026", "site_name": "Hollywood Life", "image": {"identifier": "https://hollywoodlife.com/wp-content/uploads/2017/06/harry-styles-tess-ward-split-ftr.jpg", "width": 620, "height": 352, "alt": "Harry Styles and Tess Ward"}, "locale": "en_US"}, "article": {"published_time": "2017-06-22T02:12:06+00:00", "modified_time": "2017-06-22T02:12:06+00:00"}, "twitter": {"text": {"title": "Harry Styles Splits With Girlfriend Tess Ward After Just One Month Of Dating"}, "image": {"identifier": "https://hollywoodlife.com/wp-content/uploads/2017/06/harry-styles-tess-ward-split-ftr.jpg?w=620", "alt": "Harry Styles and Tess Ward"}, "card": "summary_large_image", "site": "@HollywoodLife", "title": "Harry Styles Splits With Girlfriend Tess Ward After Just One Month Of Dating", "description": "Just one day after Harry Styles' stepfather Robin Twist died, a new report says his girlfriend Tess Ward broke up with him!"}, "msapplication-TileImage": "https://hollywoodlife.com/wp-content/uploads/2018/06/hl_logo.png?w=128"}, "movies": ["https://www.youtube.com/embed/oMdzxa1asuQ?version=3&rel=1&showsearch=0&showinfo=1&iv_load_policy=1&fs=1&hl=en-US&autohide=2&wmode=transparent"], "publish_date": 1497996000.0, "source": "http://hollywoodlife.com", "summary": ""}