{"url": "www.inquisitr.com/4852661/channing-tatum-jenna-dewan-jealousy-bitter-fights-led-to-split-reports-radar-online/", "text": "Channing Tatum and Jenna Dewan officially announced their split on Monday night after months of speculation that the couple was heading for a divorce. Fans were stunned to hear the news that the pair had decided to end their nine-year marriage and couldn\u2019t help but wonder what caused the sad breakup.\n\nAccording to an April 3 report by Radar Online, there were many factors that led to the end of Channing Tatum and Jenna Dewan\u2019s marriage. The first is likely the fact that Tatum wanted to have more children. The actor and his estranged wife are the parents of one daughter, Everly, but it seems that the Magic Mike star wanted a bigger family, which is something that Dewan didn\u2019t seem to be on board with. A past report by OK! Magazine claims that Jenna wanted to get back into acting and that caring for a newborn would derail those plans.\n\nThe baby battle allegedly continued for Channing Tatum and Jenna Dewan when the actress got tired of being a housewife while her husband spent his time on movie sets. A source revealed that Tatum made more than enough money to support the family and that he wanted Dewan at home with little Everly so she would not be raised by nannies.\n\nThe jealousy allegedly began to rise in Jenna Dewan as Channing Tatum hit new levels of success with movies like 21 Jump Street, Magic Mike, and their sequels. The pair met on the set of the film Step Up as equals in their careers, but Channing\u2019s celebrity surpassed Jenna\u2019s over the years. However, that wasn\u2019t all Jenna was reportedly jealous of.\n\nChanning Tatum has become a sex symbol in Hollywood, and women flock to him wherever he goes. The actor will often create a gaggle of girls and women around him, and sources claim that Jenna Dewan hated the way her husband flirted with fans in front of her. Although many fans deemed the pair as the perfect couple, Dewan told the media earlier this year that they are far from perfect and \u201cfight\u201d just like any other couple would.\n\nChanning Tatum and Jenna Dewan released an official statement on their split via social media and revealed they would make no further comments on the end of their marriage going forward.", "images": ["data:image/svg+xml,%3Csvg%20xmlns%3D'http%3A%2F%2Fwww.w3.org%2F2000%2Fsvg'%20width%3D'300'%20height%3D'170'%20viewbox%3D'0%200%20300%20170'%3E%3C%2Fsvg%3E", "https://secure.gravatar.com/avatar/5a1aab41ece6a274bcaecb11bc798ff5?s=250&d=mm&r=g", "http://www.inquisitr.com/assets/272f0a/dist/images/logos/logo_footer.png", "http://www.inquisitr.com/assets/272f0a/dist/images/logos/logo_header_no_tagline.png", "data:image/svg+xml,%3Csvg%20xmlns%3D'http%3A%2F%2Fwww.w3.org%2F2000%2Fsvg'%20width%3D'950'%20height%3D'460'%20viewbox%3D'0%200%20950%20460'%3E%3C%2Fsvg%3E", "https://cdn.inquisitr.com/wp-content/uploads/2018/04/Channing-Tatum-and-Jenna-Dewan-split.jpg", "data:image/svg+xml,%3Csvg%20xmlns%3D'http%3A%2F%2Fwww.w3.org%2F2000%2Fsvg'%20width%3D'138'%20height%3D'70'%20viewbox%3D'0%200%20138%2070'%3E%3C%2Fsvg%3E", "https://certify.alexametrics.com/atrk.gif?account=Tllhu1DlQy20Y8"], "top_img": "https://cdn.inquisitr.com/wp-content/uploads/2018/04/Channing-Tatum-and-Jenna-Dewan-split.jpg", "keywords": [], "authors": ["Amanda Lynne"], "canonical_link": "https://www.inquisitr.com/4852661/channing-tatum-jenna-dewan-jealousy-bitter-fights-led-to-split-reports-radar-online/", "title": "Channing Tatum & Jenna Dewan: Jealousy & \u2018Bitter\u2019 Fights Led To Split, Reports \u2018Radar Online\u2019", "meta_data": {"msapplication-TileImage": "//www.inquisitr.com/assets/272f0a/dist/images/logos/inq-win.png", "msapplication-TileColor": "#ed1c24", "fb": {"pages": 71179904752, "app_id": 164157850314499}, "y_key": "f282393706a5fd85", "viewport": "width=980", "og": {"type": "article", "locale": "en_US", "title": "Channing Tatum & Jenna Dewan: Jealousy & \u2018Bitter\u2019 Fights Led To Split, Reports \u2018Radar Online\u2019", "url": "https://www.inquisitr.com/4852661/channing-tatum-jenna-dewan-jealousy-bitter-fights-led-to-split-reports-radar-online/", "site_name": "The Inquisitr", "description": "What led to Channing Tatum and Jenna Dewan\u2019s split? Channing Tatum and Jenna Dewan officially announced their split on Monday night after months of speculation that the couple was heading for a ...", "image": {"identifier": "https://cdn.inquisitr.com/wp-content/uploads/2018/04/Channing-Tatum-and-Jenna-Dewan-split.jpg", "width": 950, "height": 460}}, "article": {"published_time": "2018-04-03T14:54:03+00:00"}, "twitter": {"card": "summary_large_image", "site": "@theinquisitr", "image": {"src": "https://cdn.inquisitr.com/wp-content/uploads/2018/04/Channing-Tatum-and-Jenna-Dewan-split.jpg", "width": 950, "height": 460}, "description": "What led to Channing Tatum and Jenna Dewan\u2019s split? Channing Tatum and Jenna Dewan officially announced their split on Monday night after months of speculation that the couple was heading for a ..."}, "msvalidate.01": "1C6368F835120934051BE08C50A93BA3", "p": {"domain_verify": "27de048ce20584ff72683f9a7e89cbc1"}, "yandex-verification": "01101353387c3168"}, "movies": [], "publish_date": 1522767243.0, "source": "http://www.inquisitr.com", "summary": ""}