{"url": "https://www.harpersbazaar.com/celebrity/latest/news/a21907/justin-trudeau-prince-william-harry-vimy/", "text": "Getty Images\n\nCanadian Prime Minister Justin Trudeau, Prince William and Prince Harry united yesterday to honor the fallen soldiers of the Battle of Vimy Ridge in 1917. Trudeau, the royal brothers and their father Prince Charles gathered at Vimy Memorial Park in northern France on Sunday for a ceremony marking the 100th anniversary of the World War I battle.\n\nFrance's president Fran\u00e7ois Hollande led the ritual, which included speeches from Trudeau and Prince Charles. An estimated 20,000 Canadians were in attendance.\n\nGetty Images\n\nBoth Prince William and Prince Harry laid down a pair of boots to commemorate those who fought in battle.\n\nGetty Images\n\n\"Canada was born here,\" Trudeau said in his remarks.\n\nThis content is imported from Twitter. You may be able to find the same content in another format, or you may be able to find more information, at their web site.\n\nWe must never forget the burden they bore, for the country they made. Full remarks from #Vimy100: pic.twitter.com/URXTTJBOQF \u2014 Justin Trudeau (@JustinTrudeau) April 9, 2017\n\nThe Battle of Vimy marks a significant turning point in Canadian history. Though it was led by British troops, it was mostly fought by Canadian forces. Over 10,000 were killed or wounded for the hard-earned victory.\n\nPrince Charles commended the \"strength of character\" of Canada's troops.\n\nThis content is imported from Twitter. You may be able to find the same content in another format, or you may be able to find more information, at their web site.\n\n\u201cCanadians displayed a strength of character and commitment to one another that is still evident today. They did not waver.\u201d pic.twitter.com/N82njeEcvh \u2014 The Prince of Wales and The Duchess of Cornwall (@ClarenceHouse) April 9, 2017\n\nAfterwards, both the Trudeau family and royal family toured the trenches and tunnels at the Vimy Memorial Park.\n\nGetty Images\n\nGetty Images\n\nThis content is created and maintained by a third party, and imported onto this page to help users provide their email addresses. You may be able to find more information about this and similar content at piano.io", "images": ["https://hips.hearstapps.com/hbz.h-cdn.co/assets/17/15/1600x800/landscape-1491827314-hbz-trudeau-william-harry.jpg?resize=1200:*", "data:image/gif;base64,R0lGODlhAQABAIAAAAAAAP///yH5BAEAAAAALAAAAAABAAEAAAIBRAA7"], "top_img": "https://hips.hearstapps.com/hbz.h-cdn.co/assets/17/15/1600x800/landscape-1491827314-hbz-trudeau-william-harry.jpg?resize=1200:*", "keywords": [], "authors": ["Erica Gonzales"], "canonical_link": "https://www.harpersbazaar.com/celebrity/latest/news/a21907/justin-trudeau-prince-william-harry-vimy/", "title": "Justin Trudeau, Prince William and Prince Harry Join Forces to Honor Canadian Troops", "meta_data": {"x-ua-compatible": "IE=edge,chrome=1", "viewport": "width=device-width,initial-scale=1,maximum-scale=6", "msapplication-tap-highlight": "no", "theme-color": "#606060", "og": {"type": "article", "site_name": "Harper's BAZAAR", "title": "Your Three Favorites Just Joined Forces for a Good Cause", "description": "The Canadian Prime Minister and royal brothers paid respects at Vimy Memorial Park.", "url": "https://www.harpersbazaar.com/celebrity/latest/news/a21907/justin-trudeau-prince-william-harry-vimy/", "image": {"identifier": "https://hips.hearstapps.com/hbz.h-cdn.co/assets/17/15/1600x800/landscape-1491827314-hbz-trudeau-william-harry.jpg?resize=1200:*", "width": 1200, "height": 600}}, "fb": {"app_id": 227018747326504, "pages": 8327967561}, "article": {"publisher": "https://www.facebook.com/HarpersBazaar", "modified_time": "2017-10-05 01:16:08", "published_time": "2017-04-10 01:14:00", "section": "Celebrity News", "opinion": "false"}, "twitter": {"site": "@harpersbazaarus", "card": "summary_large_image", "image": "https://hips.hearstapps.com/hbz.h-cdn.co/assets/17/15/1600x800/landscape-1491827314-hbz-trudeau-william-harry.jpg?resize=640:*"}, "google-site-verification": "bNUXKPTEqUVDbaxHrYA-c1kj007Ao4VsMKdoU80EyiU", "title": "Justin Trudeau, Prince William and Prince Harry Join Forces to Honor Canadian Troops", "description": "The Canadian Prime Minister and royal brothers paid respects at Vimy Memorial Park.", "keywords": "justin trudeau,prince william,prince harry", "auto-publish": "timely", "thumbnail": "https://hips.hearstapps.com/hbz.h-cdn.co/assets/17/15/980x980/square-1491827314-hbz-trudeau-william-harry.jpg?resize=320:*", "sailthru.contenttype": "standard-article", "sailthru.tags": "Celebrity,celebrity,latest,Justin Trudeau,prince harry,prince william", "sailthru.date": "2017-04-10T13:14:00Z", "sailthru.image.full": "https://hips.hearstapps.com/hbz.h-cdn.co/assets/17/15/1600x800/landscape-1491827314-hbz-trudeau-william-harry.jpg", "sailthru.image.thumb": "https://hips.hearstapps.com/hbz.h-cdn.co/assets/17/15/980x980/square-1491827314-hbz-trudeau-william-harry.jpg", "sailthru.socialtitle": "Your Three Favorites Just Joined Forces for a Good Cause", "m1": ".content-hed", "m2": ".content-dek p"}, "movies": [], "publish_date": 1491779640.0, "source": "https://www.harpersbazaar.com", "summary": ""}