{"url": "https://people.com/bodies/leslie-jones-sweaty-gym-workout-40-lb-weight-loss/", "text": "Saturday Night Live's Leslie Jones hit the gym with her trainer for two tough workouts to keep at her 40-lb. weight loss\n\nLeslie Jones Gets Sweaty in the Gym as She Keeps Up Her 40-Lb. Weight Loss: 'Arms Arms Arms!'\n\nThe Saturday Night Live star, 47, put in two tough workouts over the weekend with her trainer, Thaddeus Harvey.\n\nGet push notifications with news, features and more.\n\nJones shared photos and videos on Instagram from her sweaty time in the gym, which focused on \u201carms arms arms!\u201d\n\n\u201cGetting them arm yo!!!\u201d she wrote, along with a video of her doing seated arm rows.\n\nJones revealed in July that she dropped 40 lbs. in a year thanks to her hard workouts and a lighter diet \u2014 plus a little nudge from two people.\n\n\u201cThe first thing is for your doctor to tell you that you need to lose 40 lbs.,\u201d she said on Live with Kelly. \u201cI got rid of soda and juice, that was the first thing I did. That literally was 20 lbs. right there.\u201d\n\nRELATED VIDEO: Funniest Confessions Ever! Leslie Jones and Kate McKinnon Talk Cat Hair, Naked Binge-Watching and \u2018Fashion Sweats\u2019\n\nHer interest in keeping up the health kick started to wane, but Jones\u2019 SNL and Ghostbusters costar Kate McKinnon pushed her to lose the other 20 lbs.", "images": ["https://imagesvc.meredithcorp.io/v3/mm/image?url=https%3A%2F%2Fstatic.onecms.io%2Fwp-content%2Fuploads%2Fsites%2F20%2F2020%2F11%2F12%2Fthanksgiving-covid-150x150.jpg", "https://imagesvc.meredithcorp.io/v3/mm/image?url=https%3A%2F%2Fstatic.onecms.io%2Fwp-content%2Fuploads%2Fsites%2F20%2F2016%2F05%2F06%2Fprincess-diana-21.jpg", "https://imagesvc.meredithcorp.io/v3/mm/image?url=https%3A%2F%2Fstatic.onecms.io%2Fwp-content%2Fuploads%2Fsites%2F20%2F2020%2F07%2F23%2Ftout.jpg", "https://peopledotcom.files.wordpress.com/2018/09/thumbnail_generic.png", "https://imagesvc.meredithcorp.io/v3/mm/image?url=https%3A%2F%2Fstatic.onecms.io%2Fwp-content%2Fuploads%2Fsites%2F20%2F2017%2F04%2Fleslie-jones.jpg", "data:image/svg+xml,%3Csvg%20xmlns='http://www.w3.org/2000/svg'%20viewBox='0%200%20100%20100'%3E%3C/svg%3E", "https://imagesvc.meredithcorp.io/v3/mm/image?url=https%3A%2F%2Fstatic.onecms.io%2Fwp-content%2Fuploads%2Fsites%2F20%2F2020%2F08%2F04%2Fcoyote-ugly-2000.jpg", "https://imagesvc.meredithcorp.io/v3/mm/image?url=https%3A%2F%2Fstatic.onecms.io%2Fwp-content%2Fuploads%2Fsites%2F20%2F2020%2F07%2F19%2Ftiaras-2.jpg", "https://imagesvc.meredithcorp.io/v3/mm/image?url=https%3A%2F%2Fstatic.onecms.io%2Fwp-content%2Fuploads%2Fsites%2F20%2F2020%2F11%2F12%2Fcat-phone.jpg", "https://imagesvc.meredithcorp.io/v3/mm/image?q=85&c=sc&poi=face&w=1189&h=623&url=https%3A%2F%2Fstatic.onecms.io%2Fwp-content%2Fuploads%2Fsites%2F20%2F2017%2F04%2Fleslie-jones.jpg"], "top_img": "https://imagesvc.meredithcorp.io/v3/mm/image?q=85&c=sc&poi=face&w=1189&h=623&url=https%3A%2F%2Fstatic.onecms.io%2Fwp-content%2Fuploads%2Fsites%2F20%2F2017%2F04%2Fleslie-jones.jpg", "keywords": [], "authors": ["Julie Mazziotta"], "canonical_link": "https://people.com/bodies/leslie-jones-sweaty-gym-workout-40-lb-weight-loss/", "title": "Leslie Jones Gets Sweaty in the Gym as She Keeps Up Her 40-Lb. Weight Loss", "meta_data": {"viewport": "width=device-width, initial-scale=1", "keywords": "Bodies,Bodies News,Celebrity Bodies,Celebrity Workouts,Fitness,Fitness & Health,Health,Leslie Jones,News,Saturday Night Live,TV Watch,Weight Loss", "news_keywords": "Bodies,Bodies News,Celebrity Bodies,Celebrity Workouts,Fitness,Fitness & Health,Health,Leslie Jones,News,Saturday Night Live,TV Watch,Weight Loss", "description": "Saturday Night Live's Leslie Jones hit the gym with her trainer for two tough workouts to keep at her 40-lb. weight loss", "og": {"title": "Leslie Jones Gets Sweaty in the Gym as She Keeps Up Her 40-Lb. Weight Loss", "type": "article", "site_name": "PEOPLE.com", "url": "https://people.com/bodies/leslie-jones-sweaty-gym-workout-40-lb-weight-loss/", "description": "Saturday Night Live's Leslie Jones hit the gym with her trainer for two tough workouts to keep at her 40-lb. weight loss", "image": {"identifier": "https://imagesvc.meredithcorp.io/v3/mm/image?q=85&c=sc&poi=face&w=1189&h=623&url=https%3A%2F%2Fstatic.onecms.io%2Fwp-content%2Fuploads%2Fsites%2F20%2F2017%2F04%2Fleslie-jones.jpg", "width": 1189, "height": 623}}, "pinterest": {"url": "https://people.com/bodies/leslie-jones-sweaty-gym-workout-40-lb-weight-loss/", "description": "Saturday Night Live's Leslie Jones hit the gym with her trainer for two tough workouts to keep at her 40-lb. weight loss", "media": "https://imagesvc.meredithcorp.io/v3/mm/image?url=https%3A%2F%2Fstatic.onecms.io%2Fwp-content%2Fuploads%2Fsites%2F20%2F2017%2F04%2Fleslie-jones.jpg"}, "twitter": {"card": "summary_large_image", "url": "https://people.com/bodies/leslie-jones-sweaty-gym-workout-40-lb-weight-loss/", "title": "Leslie Jones Gets Sweaty in the Gym as She Keeps Up Her 40-Lb. Weight Loss", "description": "Saturday Night Live's Leslie Jones hit the gym with her trainer for two tough workouts to keep at her 40-lb. weight loss", "site": "@people", "image": "https://imagesvc.meredithcorp.io/v3/mm/image?q=85&c=sc&poi=face&w=1189&h=623&url=https%3A%2F%2Fstatic.onecms.io%2Fwp-content%2Fuploads%2Fsites%2F20%2F2017%2F04%2Fleslie-jones.jpg"}, "robots": "max-image-preview:large", "fb": {"app_id": 610948219662029, "pages": 95926963131}, "article": {"opinion": "false"}, "p": {"domain_verify": "755183be01bfc739a9cac6673f1f2c1b"}}, "movies": [], "publish_date": null, "source": "https://people.com", "summary": ""}