{"url": "https://variety.com/2017/film/news/beauty-and-the-beast-worldwide-box-office-3-1202029168/", "text": "Disney\u2019s smash hit \u201cBeauty and the Beast\u201d is on the verge of crossing the $1 billion mark at the worldwide box office, becoming the 29th movie to hit the milestone.\n\nThe company reported that \u201cBeauty and the Beast\u201d had grossed $9.7 million on Tuesday to lift its worldwide total to $993.2 million with $435.9 million domestically and $557.3 million internationally. A similar take on Wednesday would lift the movie over the $1 billion mark.\n\nChina is the top foreign market with $85.3 million, followed by the U.K. with $75.3 million, Brazil with $36.7 million, and South Korea with $34.3 million. Japan is the lone market left to open with an April 21 launch.\n\nDisney-Lucasfilm\u2019s \u201cRogue One: A Star Wars Story\u201d was the most recent film to hit $1 billion worldwide. Fox\u2019s \u201cLogan\u201d is 2017\u2019s second largest worldwide grosser at $597 million, followed by Warner Bros.-Legendary\u2019s \u201cKong: Skull Island\u201d at $535 million.\n\nDisney spent $160 million making the movie, directed by Bill Condon. The cast includes Emma Watson as Belle and \u201cDownton Abbey\u201d alum Dan Stevens as her cursed love interest. Luke Evans, Kevin Kline, Josh Gad, Ewan McGregor, Stanley Tucci, Audra McDonald, Gugu Mbatha-Raw, Ian McKellen, and Emma Thompson round out the star-studded cast.\n\nThe $174.8 million opening weekend for \u201cBeauty\u201d set a record as the best domestic March launch, topping \u201cBatman v Superman\u201d and solidifying Disney\u2019s status as the current dominant player in the film business.", "images": ["https://variety.com/wp-content/themes/pmc-variety-2020/assets/public/lazyload-fallback.gif", "https://www.facebook.com/tr?id=315552255725686&ev=PageView&noscript=1", "https://variety.com/wp-content/uploads/2017/02/beauty-and-the-beast-disney-remake.jpg?w=1000", "https://px.ads.linkedin.com/collect/?pid=1429113&fmt=gif", "https://sb.scorecardresearch.com/p?c1=2&c2=6035310&c3=&c4=&c5=&c6=&c15=&cv=2.0&cj=1", "https://pixel.quantserve.com/pixel?a.1=&a.2=p-31f3D02tYU8zY", "https://www.facebook.com/tr?id=586935388485447&ev=PageView&noscript=1"], "top_img": "https://variety.com/wp-content/uploads/2017/02/beauty-and-the-beast-disney-remake.jpg?w=1000", "keywords": [], "authors": ["Dave Mcnary"], "canonical_link": "https://variety.com/2017/film/news/beauty-and-the-beast-worldwide-box-office-3-1202029168/", "title": "\u2018Beauty and the Beast\u2019 to Cross $1 Billion at Worldwide Box Office", "meta_data": {"theme-color": "#fff", "viewport": "width=device-width, initial-scale=1.0", "apple-mobile-web-app-status-bar-style": "black-translucent", "msapplication-config": "https://variety.com/wp-content/themes/pmc-variety-2020/assets/app/browserconfig.xml", "msapplication-TileImage": "https://variety.com/wp-content/uploads/2018/06/variety-favicon.png?w=128", "msapplication-TileColor": "#eff4ff", "description": "Disney's smash hit \"Beauty and the Beast\" is on the verge of crossing the $1 billion mark at the worldwide box office.", "alexaVerifyID": "4IBqfMBcohHTnitnTLanYijElhs", "fb": {"admins": 697514199}, "cXenseParse": {"pmc-lob": "variety", "pmc-page_type": "article", "articleid": 1202029168, "author": "Dave McNary", "pmc-category": "Box Office,News", "pmc-over_1_year": "yes", "pmc-post_type": "post", "recs": {"publishtime": "2017-04-12T10:00:53"}, "pmc-tag": "Beauty And The Beast,Disney,Emma Watson", "title": "\u2018Beauty and the Beast\u2019 to Cross $1 Billion at Worldwide Box Office", "pageclass": "article", "pmc-vertical": "film", "pmc-primary-category": "Box Office", "pmc-primary-vertical": "film", "pmc-is_vyvip_article": "no"}, "apple-itunes-app": "app-id=416179538", "generator": "WordPress 5.5.2", "author": "Dave McNary", "apple-mobile-web-app-capable": "yes", "mobile-web-app-capable": "yes", "apple-touch-fullscreen": "YES", "apple-mobile-web-app-title": "Variety", "application-name": "Variety", "robots": "max-image-preview:large", "content_type": "Article", "post_id": 1202029168, "title": "'Beauty and the Beast' to Cross $1 Billion at Worldwide Box Office", "published_at": "2017-04-12 10:00:53", "image": "https://variety.com/wp-content/uploads/2017/02/beauty-and-the-beast-disney-remake.jpg?w=1000", "comment_count": 0, "tags": "Emma Watson", "topics": "News", "appeared_in_print": "No", "body": "Disney's smash hit \"Beauty and the Beast\" is on the verge of crossing the $1 billion mark at the worldwide box office, becoming the 29th movie to hit the milestone.\r\n\r\nThe company reported that \"Beauty and the Beast\" had grossed $9.7 million on Tuesday to lift its worldwide total to $993.2 million with $435.9 million domestically and $557.3 million internationally. A similar take on Wednesday would lift the movie over the $1 billion mark.\r\n\r\nChina is the top foreign market with $85.3 million, followed by the U.K. with $75.3 million, Brazil with $36.7 million, and South Korea with $34.3 million. Japan is the lone market left to open with an April 21 launch.\r\n\r\n\r\n\r\nDisney-Lucasfilm's \"Rogue One: A Star Wars Story\" was the most recent film to hit $1 billion worldwide. Fox's \"Logan\" is 2017's second largest worldwide grosser at $597 million, followed by Warner Bros.-Legendary's \"Kong: Skull Island\" at $535 million.\r\n\r\nDisney spent $160 million making the movie, directed by Bill Condon. The cast includes Emma Watson as Belle and \u201cDownton Abbey\u201d alum Dan Stevens as her cursed love interest. Luke Evans, Kevin Kline, Josh Gad, Ewan McGregor, Stanley Tucci, Audra McDonald, Gugu Mbatha-Raw, Ian McKellen, and Emma Thompson round out the star-studded cast.\r\n\r\nThe $174.8 million opening weekend for \u201cBeauty\u201d set a record as the best domestic March launch, topping \u201cBatman v Superman\u201d and solidifying Disney\u2019s status as the current dominant player in the film business.", "onesignal": "wordpress-plugin", "fragment": "!", "og": {"type": "article", "title": "\u2018Beauty and the Beast\u2019 to Cross $1 Billion at Worldwide Box Office", "url": "https://variety.com/2017/film/news/beauty-and-the-beast-worldwide-box-office-3-1202029168/", "description": "Disney\u2019s smash hit \u201cBeauty and the Beast\u201d is on the verge of crossing the $1 billion mark at the worldwide box office, becoming the 29th movie to hit the milestone. The company re\u2026", "site_name": "Variety", "image": {"identifier": "https://variety.com/wp-content/uploads/2017/02/beauty-and-the-beast-disney-remake.jpg?w=1000", "width": 1000, "height": 563, "alt": "Emma Watson stars as Belle and Dan Stevens as the Beast in Disney's BEAUTY AND THE BEAST, a live-action adaptation of the studio's animated classic directed by Bill Condon."}, "locale": "en_US"}, "article": {"published_time": "2017-04-12T17:00:53+00:00", "modified_time": "2017-04-12T17:00:53+00:00"}, "twitter": {"site": "@variety", "text": {"title": "\u2018Beauty and the Beast\u2019 to Cross $1 Billion at Worldwide Box Office"}, "image": {"identifier": "https://variety.com/wp-content/uploads/2017/02/beauty-and-the-beast-disney-remake.jpg?w=1000", "alt": "Emma Watson stars as Belle and Dan Stevens as the Beast in Disney's BEAUTY AND THE BEAST, a live-action adaptation of the studio's animated classic directed by Bill Condon."}, "card": "summary_large_image", "creator": "@Variety_DMcNary", "title": "\u2018Beauty and the Beast\u2019 to Cross $1 Billion at Worldwide Box Office", "description": "Disney's smash hit \"Beauty and the Beast\" is on the verge of crossing the $1 billion mark at the worldwide box office."}}, "movies": [], "publish_date": 1492016453.0, "source": "https://variety.com", "summary": ""}