{"url": "www.eonline.com/news/850988/throwback-alert-relive-pippa-middleton-s-scene-stealing-appearance-at-kate-middleton-s-wedding", "text": "Just remember: Nobody can outshine the beauty and grace of the bride.\n\nWhen the Duchess of Cambridge Kate Middleton said \"I Do\" to Prince William in 2011, one family member caught the attention of millions of royal watchers around the world.\n\nYes, we're talking about Kate's sister Pippa Middleton.\n\nWhen arriving at Westminster Abbey, the Maid of Honor stepped out in a neckline-plunging ivory gown designed by Sarah Burton at Alexander McQueen. Whether carrying her sister's 25-foot train or posing next to Prince Harry, Pippa quickly experienced the public scrutiny her sister learned to deal with long ago.\n\nIn fact, outlets went on a mission to find out how to get Pippa's bottom. The secret? A pair of underwear from Beautiful Bottoms.", "images": ["https://akns-images.eonline.com/eol_images/Entire_Site/2014126/rs_600x600-140226045607-600-Pippa-Middleton-JR-22614.jpg?fit=around%7C1080:1080&output-quality=90&crop=1080:1080;center,top"], "top_img": "https://akns-images.eonline.com/eol_images/Entire_Site/2014126/rs_600x600-140226045607-600-Pippa-Middleton-JR-22614.jpg?fit=around%7C1080:1080&output-quality=90&crop=1080:1080;center,top", "keywords": [], "authors": [], "canonical_link": "https://www.eonline.com/news/850988/throwback-alert-relive-pippa-middleton-s-scene-stealing-appearance-at-kate-middleton-s-wedding", "title": "Relive Pippa Middleton's Big Appearance at Kate Middleton's Wedding", "meta_data": {"viewport": "width=device-width, initial-scale=1, maximum-scale=1, user-scalable=0", "google-site-verification": "jOadQCDbZTkKw5sn27yXszjIb9c3PdMPHENN92uPWy8", "msvalidate.01": "564B986CE3CECCAE84779191BEC6B755", "fb": {"admins": 10101649, "pages": 1387539234854280, "app_id": 195662528604}, "og": {"title": "Throwback Alert! Relive Pippa Middleton's Scene-Stealing Appearance at Kate Middleton's Wedding - E! Online", "type": "article", "url": "https://www.eonline.com/news/850988/throwback-alert-relive-pippa-middleton-s-scene-stealing-appearance-at-kate-middleton-s-wedding", "site_name": "E! Online", "description": "Bride-to-be made quite the splash when attending her family member\u2019s big day", "locale": "en_US", "image": {"identifier": "https://akns-images.eonline.com/eol_images/Entire_Site/2014126/rs_600x600-140226045607-600-Pippa-Middleton-JR-22614.jpg?fit=around%7C1080:1080&output-quality=90&crop=1080:1080;center,top", "width": 1080, "height": 1080}}, "article": {"tag": "weddings,royals,pippa_middleton", "published_time": "Thu May 18 12:00:00 GMT+0 2017", "modified_time": "Fri May 12 04:14:29 GMT+0 2017", "content_tier": "free", "opinion": "false"}, "description": "Bride-to-be made quite the splash when attending her family member\u2019s big day", "twitter": {"card": "summary_large_image", "site": "https://twitter.com/eonline", "title": "Throwback Alert! Relive Pippa Middleton's Scene-Stealing Appearance at Kate Middleton's Wedding - E! Online", "description": "Bride-to-be made quite the splash when attending her family member\u2019s big day", "image": "https://akns-images.eonline.com/eol_images/Entire_Site/2014126/rs_600x600-140226045607-600-Pippa-Middleton-JR-22614.jpg?fit=around%7C1080:540&output-quality=90&crop=1080:540;center,top", "url": "https://www.eonline.com/news/850988/throwback-alert-relive-pippa-middleton-s-scene-stealing-appearance-at-kate-middleton-s-wedding"}, "sailthru.contenttype": "news", "sailthru.cid": 850988, "sailthru.ed.cid": "us_850988", "sailthru.edition": "us", "sailthru.image.full": "https://akns-images.eonline.com/eol_images/Entire_Site/2014126/rs_600x600-140226045607-600-Pippa-Middleton-JR-22614.jpg?fit=around%7C1080:1080&output-quality=90&crop=1080:1080;center,top", "sailthru.date": "2017 05 18 12:00:00", "sailthru.title": "Throwback Alert! Relive Pippa Middleton's Scene-Stealing Appearance at Kate Middleton's Wedding", "sailthru.tags": "weddings,royals,pippa_middleton", "robots": "max-image-preview:large"}, "movies": [], "publish_date": 1495108800.0, "source": "http://www.eonline.com", "summary": ""}