{"url": "https://web.archive.org/web/20090425195727/http://republicanleader.house.gov:80/News/DocumentSingle.aspx?DocumentID=123296", "text": "Debt Day: A Symbol of Washington\u2019s Arrogant Culture of Borrowing and Spending (Boehner Op-Ed on Townhall.com)\n\nWashington, Apr 22 - Next week, the Obama Administration will mark its 100th day in power. The first three-plus months of this Administration have been turbulent, to say the least. Confronted with the most severe economic crisis in generations, President Obama and congressional Democrats have set out on a spending spree the likes of which our nation has never seen. In fact, the Administration has spent more in its first 100 days than all previous presidents have combined \u2013 hardly a distinction of which to be proud.\n\n\n\nFeeling the heat, the President has asked his Cabinet to begin identifying wasteful programs to cut from the federal budget. While this sort of talk sounds good, the inescapable fact is that the Administration and Congress have spent the last three months piling mountains of wasteful debt on the backs of our children and grandchildren. Just take a look at how some of the so-called \u201cstimulus\u201d dollars are being spent. In spite of promises of transparency and accountability from the Administration, hundreds of millions of taxpayer dollars are being spent on wasteful projects: a skateboard park in Rhode Island, bike racks in the District of Columbia, highway studies instead of construction projects in my native Ohio, and programs led by housing agencies that have repeatedly failed audits \u2013 all in the name of economic \u201cstimulus.\u201d\n\nThis Sunday marks a day that is symbolic not only of our government\u2019s arrogant culture of spending \u2013 but of this Administration\u2019s borrowing binge as well. It\u2019s called \u201cDebt Day.\u201d Many workers have become familiar with a concept known as \u201cTax Freedom Day,\u201d which is the day on which Americans begin working for themselves each year, after having covered Uncle Sam\u2019s tax bill for the year. Debt Day is very similar. It is the day of the Fiscal Year \u2013 beginning on October 1 of the previous calendar year \u2013 on which total government spending exceeds total federal revenues. And in our current Fiscal Year, that falls on April 26 \u2013 this Sunday, just days before the Administration\u2019s 100th day milestone. In short, about halfway through Fiscal Year 2009, Washington has run out of money.\n\nI often like to highlight the folly of politicians spending money we don\u2019t have. Well, Debt Day illustrates exactly what I\u2019m talking about. Starting this Sunday, every day between now and September 30, 2009, when the federal government\u2019s budget year ends, we\u2019ll be deficit spending and piling more massive debt onto the backs of our children and grandchildren.\n\nThink about it from your family\u2019s perspective. If your entire income for the year was paid out in the first six months of the year, would you spend it all during that first half of the year and charge the rest of the year\u2019s spending on a credit card \u2013 plunging your family deeper and deeper into debt? Almost certainly not. A responsible family would show some discipline by drawing up and following a budget so its annual spending was spread out throughout the entire year.\n\nThis is a concept House Republicans had in mind when we offered a better solution during the budget debate several weeks ago. Our plan would curb spending, create jobs by cutting taxes, and control the debt \u2013 all with an eye toward restoring some fiscal sanity on both ends of Pennsylvania Avenue. But the Democrats in charge of our government would have none of it.\n\nWashington\u2019s attitude gives new meaning to the common sales phrase \u201cbuy now, pay later.\u201d Congress and the White House have burned through our government\u2019s \u201cincome\u201d for the current Fiscal Year \u2013 a practice that shows no signs of stopping after Debt Day comes and goes on Sunday. So, Washington will continue to \u201cbuy now,\u201d while taxpayers 10, 20, and 30 years from now will be forced to \u201cpay later.\u201d And pay dearly, they will.", "images": ["https://web.archive.org/web/20090425195727im_/http://republicanleader.house.gov/img/image05.jpg", "https://web.archive.org/web/20090425195727im_/http://republicanleader.house.gov/img/image06.jpg", "https://web.archive.org/web/20090425195727im_/http://republicanleader.house.gov/img/image07.jpg", "https://web.archive.org/web/20090425195727im_/http://republicanleader.house.gov/UploadedFiles/2.jpg", "https://web.archive.org/web/20090425195727im_/http://republicanleader.house.gov/images/transpix.gif", "https://web.archive.org/web/20090425195727im_/http://republicanleader.house.gov/UploadedFiles/1.jpg", "https://web.archive.org/web/20090425195727im_/http://republicanleader.house.gov/img/image04.jpg", "https://web.archive.org/web/20090425195727im_/http://republicanleader.house.gov/img/image03.jpg"], "top_img": "https://web.archive.org/web/20090425195727im_/http://republicanleader.house.gov/img/image05.jpg", "keywords": [], "authors": [], "canonical_link": "", "title": "Debt Day: A Symbol of Washington\u2019s Arrogant Culture of Borrowing and Spending (Boehner Op-Ed on Townhall.com)", "meta_data": {}, "movies": [], "publish_date": null, "source": "https://web.archive.org", "summary": ""}