{"url": "https://deadline.com/2017/04/erin-moran-dead-happy-days-actress-dies-56-1202075458/", "text": "UPDATED with cause of death: Erin Moran, the actress who played Joanie Cunningham on the sitcom Happy Days died from complications of Stage 4 cancer, coroner and sheriff\u2019s officials said Monday. She was 56.\n\nMoran was found unresponsive Saturday afternoon April 22 by authorities in Indiana after they got a call just after 4 PM ET. The cause of death was released Monday in a joint statement from the Harrison County coroner\u2019s office and sheriff\u2019s department.\n\n\u201cA joint investigation into Mrs. Moran\u2019s death was conducted by the Harrison County Sheriff\u2019s Department and the Harrison County Coroner\u2019s office,\u201d the statement reads. \u201cA subsequent autopsy revealed that Mrs. Moran likely succumbed to complications of stage 4 cancer. Standard toxicology tests were performed and the results are pending however no illegal narcotics were found at the residence.\u201d\n\nThe actress rose to fame in the \u201970s after appearing as Ron Howard\u2019s Richie Cunningham\u2019s little sister on Happy Days. The show ran for 11 season, with Moran portraying Joanie from 1974 to 1984. She also reprised her role in the short-lived 1982 series Joanie Loves Chachi alongside Scott Baio, which lasted two seasons.\n\nHer acting credits include Family Affair, The Smith Family, Gunsmoke, The Love Boat, Murder, She Wrote, Diagnosis Murder, Dickie Roberts: Former Child Star and The Bold and the Beautiful. Her last project was the 2010 film Not Another B Movie.\n\nUpon hearing the news of her passing, Henry Winkler who played Fonzie and Ron Howard tweeted their condolences.\n\nOH Erin\u2026 now you will finally have the peace you wanted so badly here on earth \u2026Rest In It serenely now.. too soon \u2014 Henry Winkler (@hwinkler4real) April 23, 2017\n\nhttps://twitter.com/RealRonHoward/status/855972685632942080", "images": ["https://www.facebook.com/tr?id=422369225140645&ev=PageView&noscript=1", "https://deadline.com/wp-content/themes/pmc-deadline-2019/assets/public/lazyload-fallback.jpg", "https://deadline.com/wp-content/uploads/2017/04/erin-moran.jpg?w=640", "https://pixel.quantserve.com/pixel?a.1=p-0f0nSqEQ_DwA6&a.2=p-31f3D02tYU8zY", "https://sb.scorecardresearch.com/p?c1=2&c2=6035310&c3=&c4=&c5=&c6=&c15=&cv=2.0&cj=1"], "top_img": "https://deadline.com/wp-content/uploads/2017/04/erin-moran.jpg?w=640", "keywords": [], "authors": ["Liz Calvario"], "canonical_link": "https://deadline.com/2017/04/erin-moran-dead-happy-days-actress-dies-56-1202075458/", "title": "Coroner: \u2018Happy Days\u2019 Star Erin Moran Died Of Cancer \u2013 Update", "meta_data": {"viewport": "width=device-width, initial-scale=1.0", "apple-mobile-web-app-status-bar-style": "black-translucent", "msapplication-config": "https://deadline.com/wp-content/themes/pmc-deadline-2019/assets/app/browserconfig.xml", "msapplication-TileImage": "https://deadline.com/wp-content/uploads/2019/04/cropped-icon-512x512.png?w=270", "msapplication-TileColor": "#eff4ff", "description": "\"Happy Days\" star Erin Moran has passed away at the age of 56.", "news_keywords": "Erin Moran", "apple-itunes-app": "app-id=533209613", "generator": "WordPress 5.5.2", "author": "Liz Calvario", "theme-color": "#fff", "apple-mobile-web-app-capable": "yes", "mobile-web-app-capable": "yes", "apple-touch-fullscreen": "YES", "apple-mobile-web-app-title": "Deadline", "application-name": "Deadline", "robots": "max-image-preview:large", "content_type": "Article", "post_id": 1202075458, "title": "Coroner: 'Happy Days' Star Erin Moran Died Of Cancer - Update", "published_at": "2017-04-24 10:08:40", "image": "https://deadline.com/wp-content/uploads/2017/04/erin-moran.jpg?w=296&h=166&crop=1", "comment_count": 56, "tags": "Erin Moran", "topics": "TV", "body": "UPDATED with cause of death: Erin Moran, the actress who played\u00a0Joanie Cunningham on the sitcom Happy Days\u00a0died from complications of Stage 4 cancer, coroner and sheriff's officials said Monday. She was 56.\r\n\r\nMoran was found unresponsive Saturday afternoon April 22 by authorities in Indiana after they got a call just after 4 PM ET. \u00a0The cause of death was released Monday in a joint statement from the Harrison County coroner's office and sheriff's department.\r\n\r\n\u201cA joint investigation into Mrs. Moran\u2019s death was conducted by the Harrison County Sheriff\u2019s Department and the Harrison County Coroner\u2019s office,\u201d the statement reads. \u201cA subsequent autopsy revealed that Mrs. Moran likely succumbed to complications of stage 4 cancer. Standard toxicology tests were performed and the results are pending however no illegal narcotics were found at the residence.\u201d\r\n\r\nThe actress\u00a0rose to fame in the\u00a0'70s after appearing as Ron Howard's Richie Cunningham's little sister on Happy Days. The show ran for 11 season, with Moran portraying Joanie from\u00a01974 to 1984. She\u00a0also\u00a0reprised her role in the short-lived 1982 series Joanie Loves Chachi alongside Scott Baio, which lasted two seasons.\r\n\r\nHer acting credits include\u00a0Family Affair, The Smith Family, Gunsmoke, The Love Boat,\u00a0Murder, She Wrote,\u00a0Diagnosis Murder,\u00a0Dickie Roberts: Former Child Star\u00a0and\u00a0The Bold and the Beautiful. Her last project was the 2010 film\u00a0Not Another B Movie.\r\n\r\nUpon hearing the news of her passing, Henry Winkler who played Fonzie and Ron Howard tweeted their condolences.\r\n\r\nhttps://twitter.com/hwinkler4real/status/855961562556751872\r\n\r\nhttps://twitter.com/RealRonHoward/status/855972685632942080", "onesignal": "wordpress-plugin", "fragment": "!", "og": {"type": "article", "title": "Coroner: \u2018Happy Days\u2019 Star Erin Moran Died Of Cancer \u2013 Update", "url": "https://deadline.com/2017/04/erin-moran-dead-happy-days-actress-dies-56-1202075458/", "description": "UPDATED with cause of death: Erin Moran, the actress who played\u00a0Joanie Cunningham on the sitcom Happy Days\u00a0died from complications of Stage 4 cancer, coroner and sheriff\u2019s officials said Mond\u2026", "site_name": "Deadline", "image": {"identifier": "https://deadline.com/wp-content/uploads/2017/04/erin-moran.jpg?w=640", "width": 640, "height": 423, "alt": "Erin Moran"}, "locale": "en_US"}, "article": {"published_time": "2017-04-24T17:08:40+00:00", "modified_time": "2017-04-24T17:17:42+00:00"}, "twitter": {"site": "@Deadline", "text": {"title": "Coroner: \u2018Happy Days\u2019 Star Erin Moran Died Of Cancer \u2013 Update"}, "image": {"identifier": "https://deadline.com/wp-content/uploads/2017/04/erin-moran.jpg?w=640", "alt": "Erin Moran"}, "card": "summary_large_image", "title": "Coroner: \u2018Happy Days\u2019 Star Erin Moran Died Of Cancer \u2013 Update", "description": "\"Happy Days\" star Erin Moran has passed away at the age of 56."}, "fb": {"page_id": 105558754896}, "y_key": "a810be562637c603"}, "movies": [], "publish_date": 1493053720.0, "source": "https://deadline.com", "summary": ""}