{"url": "https://tvline.com/2015/12/20/homeland-finale-recap-season-5-quinn-dies-rupert-friend/", "text": "The following story contains major spoilers about Homeland\u2018s Season 5 finale. Stop reading if the episode is still sitting on your DVR.\n\nHomeland ended its fifth season Sunday with the presumed death of Rupert Friend\u2019s Quinn.\n\nHis already-bleak condition took a turn for the worse when the super-sniper suffered a brain hemorrhage. Even if he was to recover, he would\u2019ve been left with severe brain damage, his doc explained to Carrie. That prompted Carrie to remove his pulse monitor before \u2014 presumably \u2014 pulling the plug (or smothering him?) in the episode\u2019s closing minutes. (Or did Quinn stop breathing on his own, as one reader noted in the comments below?) Earlier, Dar handed her the letter Quinn had written her at the end of last season on the off chance he didn\u2019t survive that covert Syrian mission.\n\nHere\u2019s the full text of his heartbreaking farewell note:\n\nCarrie. I guess I\u2019m done. And we never happened. I\u2019m not one for words, but they\u2019re coming now. I don\u2019t believe in fate, or destiny, or horoscopes, but I can\u2019t say I\u2019m surprised things turned out this way. I always thought there was something kind of pulling me back to darkness. But I wasn\u2019t allowed a real life. Or a real love. That was for normal people. With you I thought maybe just maybe. But I know now that was a false glimmer. I\u2019m used to\u2026 they happen all of the time in the desert, but this one got to me. And here\u2019s the thing, this death, this end of me is exactly what should\u2019ve happened. I wanted the darkness. I f\u2014ing asked for it. And it has me now. So don\u2019t put a star on the wall for me. Don\u2019t say some dumb speech. Just think of me as a light on the heavens. A beacon. Steering you clear of the wrongs. I loved you. \u2014Yours, for always now, Quinn.\n\n(Quick sidebar: While it\u2019s true we didn\u2019t actually see Carrie pull the plug, given the extent of Quinn\u2019s brain injury, Homeland would risk mass ridicule if it returned in Season 6 with Quinn still alive; he\u2019s dead, people.)\n\nOther highlights from Season 5\u2019s final hour:\n\n* The chemical weapons attack in the Berlin subway station was averted, thanks to Carrie and good samaritan Qasim (may he R.I.P.).\n\n* Saul cut a deal with Ivan \u2014 witness protection in the U.S. in exchange for delivering the duplicitous Allison to him. He came through with his end of the bargain, pinpointing Allison\u2019s whereabouts as she was being smuggled across the border in the trunk of a black sedan. The second the vehicle was in his sights, Saul ordered it fired upon; Allison was killed instantly.\n\nRELATED \u2018Homeland Is Racist\u2019 Message Sneaks Into Season 5 Episode; EP Responds\n\n* Laura and Numan were arrested by the BND for the role they played in stealing those sensitive documents. Astrid then floated a deal by Laura \u2014 publicly throw the late Marwan under the bus and, in return, her hacker buddy Numan won\u2019t be deported. Laura reluctantly accepted it. (I\u2019m gonna miss that scowl of hers.)\n\n* Carrie and Jonas had makeup sex and then he promptly dumped her.\n\n* Carrie \u2014 via Saul \u2014 was offered by the CIA a chance to \u201cpick her next mission, design your own team\u201d \u2014 a gig she flatly declined. \u201cI\u2019m not that person anymore,\u201d she explained to Saul. Otto later made his own, far creepier job offer to Carrie \u2014 be his partner in work and life. She agreed to sleep on it.\n\nWhat did you think of the finale? Got theories about the setting and conceit of Season 6? Grade the episode below and then hit the comments!", "images": ["https://tvline.com/wp-content/uploads/2020/11/lucifer-season-5-episode-6.jpg?w=619", "https://tvline.com/wp-content/uploads/2019/01/2021-scorecard-featured.jpg?w=280", "https://variety.com/wp-content/uploads/2020/11/MS-S4_EP408-Show-MB_0468.jpg?w=180&crop=1", "https://sb.scorecardresearch.com/p?c1=2&c2=6035310&c3=&c4=&c5=&c6=&c15=&cv=2.0&cj=1", "https://tvline.com/wp-content/uploads/2015/12/homeland.png?w=620", "https://tvline.com/wp-content/uploads/2020/11/virgin-river-season-1-recap-mel.jpg?w=620", "https://secure-us.imrworldwide.com/cgi-bin/m?ci=us-203220h&cg=0&cc=1&ts=noscript", "https://tvline.com/wp-content/uploads/2020/11/seal-team-clay-jason-sonny.jpg?w=620", "https://tvline.com/wp-content/uploads/2015/12/homeland1.png", "https://deadline.com/wp-content/uploads/2020/11/Nina-Etspueler.jpg?w=180&crop=1", "https://www.indiewire.com/wp-content/uploads/2020/11/Screen-Shot-2020-11-25-at-1.26.09-PM.png?w=180&crop=1", "https://tvline.com/wp-content/uploads/2015/12/homeland.png?w=620&h=420&crop=1", "https://pixel.quantserve.com/pixel?a.1=p-60R-umvc0T-Cw&a.2=p-31f3D02tYU8zY", "https://tvline.com/wp-content/themes/pmc-tvline-2014/library/images/follow_us_on_facebook_graphic.png", "https://www.sportico.com/wp-content/uploads/2020/11/AP_20019802610845-e1606416521374.jpg?w=180&crop=1", "https://tvline.com/wp-content/uploads/2015/07/dying-characters-deathwatch_shield.jpg?w=620", "https://tvline.com/wp-content/uploads/2020/11/national-dog-show-2020-winner.jpg?w=620", "https://spy.com/wp-content/uploads/2020/11/all-clad-pan-FI.jpg?w=180&crop=1", "https://tvline.com/wp-content/uploads/2020/11/supernatural-misha-collins.jpg?w=620"], "top_img": "https://tvline.com/wp-content/uploads/2015/12/homeland.png?w=620", "keywords": [], "authors": ["Michael Ausiello"], "canonical_link": "https://tvline.com/2015/12/20/homeland-finale-recap-season-5-quinn-dies-rupert-friend/", "title": "Homeland Season 5 Finale Recap: Auf Wiedersehen", "meta_data": {"HandheldFriendly": "True", "MobileOptimized": 320, "viewport": "width=device-width, initial-scale=1.0 maximum-scale=1, user-scalable=no", "p": {"domain_verify": "9ad238c78ee34da2d6d96a41981790d2"}, "description": "The following story contains major spoilers about Homeland's Season 5 finale. Stop reading if the episode is still sitting on your DVR. Homeland ended its fifth season Sunday with the presumed\u00a0death of Rupert Friend's Quinn.", "news_keywords": "Homeland, Showtime", "apple-itunes-app": "app-id=1377345661", "generator": "WordPress 5.5.2", "author": "Michael Ausiello", "theme-color": "#fff", "apple-mobile-web-app-capable": "yes", "mobile-web-app-capable": "yes", "apple-touch-fullscreen": "YES", "apple-mobile-web-app-title": "TVLine", "application-name": "TVLine", "robots": "max-image-preview:large", "content_type": "Article", "post_id": 668772, "title": "<i>Homeland</i> Season 5 Finale Recap: Auf Wiedersehen", "published_at": "2015-12-20 18:56:22", "image": "https://tvline.com/wp-content/uploads/2015/12/homeland.png?w=300&h=208&crop=1", "comment_count": 249, "tags": "Showtime", "topics": "Recaps", "body": "The following story contains major spoilers about Homeland's Season 5 finale. Stop reading if the episode is still sitting on your DVR.\r\n\r\nHomeland ended its fifth season Sunday with the presumed\u00a0death of Rupert Friend's Quinn.\r\n\r\nHis\u00a0already-bleak condition took a turn for the worse when the super-sniper suffered a brain hemorrhage. Even if he was\u00a0to recover, he would've been left with severe brain damage, his doc explained to Carrie. That prompted Carrie to remove his pulse monitor before\u00a0\u2014 presumably \u2014 pulling the plug (or smothering him?) in the episode's closing minutes. (Or did\u00a0Quinn stop breathing on his own, as one reader noted in the comments below?) Earlier,\u00a0Dar handed her the letter Quinn had written her at the end of last season on the off chance he didn't survive that covert Syrian mission.\r\n\r\nHere's the full text of his heartbreaking farewell note:\r\nCarrie. I guess I'm done. And we never happened. I'm not one for words, but they're coming now. I don't believe in fate, or destiny, or horoscopes, but I can't say I'm surprised things turned out this way. I always thought there was something kind of pulling me back to darkness. But I wasn't allowed a real life. Or a real love. That was for normal people. With you I thought maybe just maybe. But I know now that was a false glimmer. I'm used to... they happen all of the time in the desert, but this one got to me. And here's the thing, this death, this end of me is exactly what should've happened. I wanted the darkness. I f---ing asked for it. And it has me now. So don't put a star on the wall for me. Don't say some dumb speech. Just think of me as a light on the heavens. A beacon. Steering you clear of the wrongs. I loved you. \u2014Yours, for always now, Quinn.\r\n(Quick sidebar: While it's true we didn't actually see Carrie pull the plug, given the extent of Quinn's brain injury, Homeland would risk mass\u00a0ridicule if it returned in Season 6 with Quinn still alive; he's dead, people.)\r\n\r\n\r\n\r\nOther highlights from Season 5's final hour:\r\n\r\n* The chemical weapons attack in the Berlin subway station was averted, thanks to Carrie and good samaritan\u00a0Qasim (may he R.I.P.).\r\n\r\n* Saul cut a deal with Ivan \u2014 witness protection in the U.S. in exchange for delivering the duplicitous Allison to him. He came through with his end of the bargain, pinpointing Allison's whereabouts as she was being smuggled across the border in the trunk of a black sedan. The second the vehicle was in his sights, Saul ordered it fired upon; Allison was killed instantly.\r\n\r\nRELATED\u00a0'Homeland Is Racist' Message Sneaks Into Season 5 Episode; EP Responds\r\n\r\n*\u00a0Laura and Numan were arrested by the BND for the role they played in stealing those sensitive documents. Astrid then\u00a0floated a\u00a0deal by Laura \u2014 publicly throw the late Marwan under the bus and, in return, her hacker buddy Numan won't be deported. Laura reluctantly accepted it. (I'm gonna miss that scowl of hers.)\r\n\r\n* Carrie and Jonas had makeup sex and then he promptly dumped her.\r\n\r\n* Carrie \u2014 via Saul \u2014 was offered by the CIA a chance to \"pick her next mission, design your own team\" \u2014 a gig she flatly declined. \"I'm not that person anymore,\" she explained to Saul. Otto later made his own, far creepier job offer to Carrie \u2014 be his partner in work and life. She agreed to sleep on it.\r\n\r\nWhat did you think of the finale? Got theories about the setting and conceit of Season 6? Grade the episode below and then hit the comments!", "fb": {"pages": 187516444593639, "page_id": 187516444593639}, "onesignal": "wordpress-plugin", "fragment": "!", "og": {"type": "article", "title": "Homeland Season 5 Finale Recap: Auf Wiedersehen", "url": "https://tvline.com/2015/12/20/homeland-finale-recap-season-5-quinn-dies-rupert-friend/", "description": "The following story contains major spoilers about Homeland\u2019s Season 5 finale. Stop reading if the episode is still sitting on your DVR. Homeland ended its fifth season Sunday with the presume\u2026", "site_name": "TVLine", "image": {"identifier": "https://tvline.com/wp-content/uploads/2015/12/homeland.png?w=620", "width": 620, "height": 420, "alt": "Homeland Finale Recap"}, "locale": "en_US"}, "article": {"published_time": "2015-12-21T02:56:22+00:00", "modified_time": "2015-12-21T11:46:36+00:00"}, "twitter": {"text": {"title": "<i>Homeland</i> Season 5 Finale Recap: Auf Wiedersehen"}, "image": {"identifier": "https://tvline.com/wp-content/uploads/2015/12/homeland.png?w=620", "alt": "Homeland Finale Recap"}, "card": "summary_large_image", "site": "@TVLine", "creator": "@michaelausiello", "title": "Homeland Season 5 Finale Recap: Auf Wiedersehen", "description": "The following story contains major spoilers about Homeland\u2019s Season 5 finale. Stop reading if the episode is still sitting on your DVR. Homeland ended its fifth season Sunday with the presume\u2026"}, "msapplication-TileImage": "https://tvline.com/wp-content/uploads/2018/06/logo-tvline.png?w=270"}, "movies": [], "publish_date": 1450566000.0, "source": "https://tvline.com", "summary": ""}