{"url": "http://www.youtube.com/watch?v=XzZNP4tTfV0", "text": "", "images": ["https://i.ytimg.com/vi/XzZNP4tTfV0/hqdefault.jpg"], "top_img": "https://i.ytimg.com/vi/XzZNP4tTfV0/hqdefault.jpg", "keywords": [], "authors": [], "canonical_link": "https://www.youtube.com/watch?v=XzZNP4tTfV0", "title": "Sen. Barack Obama's answer to meeting energy demands", "meta_data": {"theme-color": "rgba(255, 255, 255, 0.98)", "title": "Sen. Barack Obama's answer to meeting energy demands", "description": "Sen. Barack Obama's answer to meeting energy demands", "keywords": "Obama, Energy, Oil, Tires, Domestic, Offshore, Drilling, Shale, Tune, up, Hybrid, inflate, tire, ethanol", "og": {"site_name": "YouTube", "url": "https://www.youtube.com/watch?v=XzZNP4tTfV0", "title": "Sen. Barack Obama's answer to meeting energy demands", "image": {"identifier": "https://i.ytimg.com/vi/XzZNP4tTfV0/hqdefault.jpg", "width": 480, "height": 360}, "description": "Sen. Barack Obama's answer to meeting energy demands", "type": "video.other", "video": {"url": "https://www.youtube.com/embed/XzZNP4tTfV0", "secure_url": "https://www.youtube.com/embed/XzZNP4tTfV0", "type": "text/html", "width": 480, "height": 360, "tag": "ethanol"}}, "al": {"ios": {"app_store_id": 544007664, "app_name": "YouTube", "url": "vnd.youtube://www.youtube.com/watch?v=XzZNP4tTfV0&feature=applinks"}, "android": {"url": "vnd.youtube://www.youtube.com/watch?v=XzZNP4tTfV0&feature=applinks", "app_name": "YouTube", "package": "com.google.android.youtube"}, "web": {"url": "http://www.youtube.com/watch?v=XzZNP4tTfV0&feature=applinks"}}, "fb": {"app_id": 87741124305}, "twitter": {"card": "player", "site": "@youtube", "url": "https://www.youtube.com/watch?v=XzZNP4tTfV0", "title": "Sen. Barack Obama's answer to meeting energy demands", "description": "Sen. Barack Obama's answer to meeting energy demands", "image": "https://i.ytimg.com/vi/XzZNP4tTfV0/hqdefault.jpg", "app": {"name": {"iphone": "YouTube", "ipad": "YouTube", "googleplay": "YouTube"}, "id": {"iphone": 544007664, "ipad": 544007664, "googleplay": "com.google.android.youtube"}, "url": {"iphone": "vnd.youtube://www.youtube.com/watch?v=XzZNP4tTfV0&feature=applinks", "ipad": "vnd.youtube://www.youtube.com/watch?v=XzZNP4tTfV0&feature=applinks", "googleplay": "https://www.youtube.com/watch?v=XzZNP4tTfV0"}}, "player": {"identifier": "https://www.youtube.com/embed/XzZNP4tTfV0", "width": 480, "height": 360}}}, "movies": [], "publish_date": null, "source": "http://www.youtube.com", "summary": ""}