{"url": "https://web.archive.org/web/20071020022110/http://action.getourtroopsout.com:80/page/content/candidatesonnoresidualtroops/", "text": "There are approximately 169,000 troops in Iraq. How many troops would you leave behind?\n\nZero\n\n?\n\nOne brigade OR up to 90,000 support troops? 18\n\n?\n\n?", "images": ["https://web.archive.org/web/20071020022110im_/http://action.getourtroopsout.com/page/-/getourtroopsout/logo.gif"], "top_img": "", "keywords": [], "authors": [], "canonical_link": "", "title": "Candidate Comparison", "meta_data": {"description": "GetOurTroopsOut.com", "copyright": "(c) Copyright 2007 Bill Richardson for President", "revisit-after": "1 day"}, "movies": [], "publish_date": null, "source": "https://web.archive.org", "summary": ""}