{"url": "metro.co.uk/2018/03/22/perrie-edwards-gigi-hadid-prove-taste-rock-similar-sunglasses-7408595/", "text": "Gigi Hadid headed out sporting her signature tiny sunnies (Picture: GC Images)\n\nPerrie Edwards and Gigi Hadid might have the same taste in men \u2013 after both enjoying long relationships with Zayn Malik \u2013 but it seems that\u2019s not the only thing the pair have in common.\n\nThe Little Mix singer was spotted touching down in Tokyo with her bandmates \u2013 rocking a very similar pair of black sunglasses to ones the Victoria\u2019s Secret supermodel was photographed in recently.\n\nShe nailed airport chic as she headed to Japan, opting for a pair of tiny specs for the day.\n\nAnd eagle-eyed fans wondered if she was making a point with her choice of eyewear \u2013 with Gigi constantly pictured in tiny sunnies, and even launching her own collection filled similar shades for Vogue Eyewear.\n\nAdvertisement\n\nAdvertisement\n\n\n\nPerrie Edwards followed suit in a pair of mini shades (Picture: Sato)\n\nIt seems they\u2019ve both been getting style tips from Kanye, who famously said told wife Kim Kardashian that \u2018big glasses are out\u2019.\n\nThis isn\u2019t the first time the two have been compared over their fashion choices, with the Shout Out To My Ex singer sharing snaps of herself on Instagram wearing an outfit very similar to those from Gigi\u2019s collection with Tommy Hilfiger.\n\nHowever, the X Factor star later deleted her upload, after fans questioned whether she was \u2018shading\u2019 the 22-year-old.\n\nGigi Hadid recently made headlines after confirming her split from Zayn, after two years together.\n\nBella Hadid\u2019s sister announced the news earlier this month by sharing a statement on Twitter.\n\nZayn and Gigi dated for two years (Picture: Getty)\n\n\u2018Breakup statements often seem impersonal because there is really no way to put into words what two people experience together over a few years,\u2019 she told her 8.81million followers. \u2018Not only in the relationship, but in life in general.\n\n\u2018I\u2019m forever grateful for the love, time and life lessons that Z and I shared. I want nothing but the best for him and will continue to support him as a friend that I have immense love and respect for.\n\n\u2018As for the future, whatever\u2019s meant to be will always be. xG.\u2019\n\nBefore he dated the supermodel, Zayn dated Perrie for four years, and was engaged to the 24-year-old for two.\n\nShe later revealed he split with her over a \u2018simple text message\u2019 \u2013 something he has since denied.\n\nGot a showbiz story? If you've got a celebrity story, video or pictures get in touch with the Metro.co.uk entertainment team by emailing us celebtips@metro.co.uk, calling 020 3615 2145 or by visiting our Submit Stuff page - we'd love to hear from you.\n\nMORE : Zayn debuts drastic new \u2018do as he bleaches hair and beard in wake of Gigi Hadid split\n\nMORE : Gigi Hadid and Lewis Hamilton \u2018sending flirty texts\u2019 days after Zayn Malik split", "images": ["https://i1.wp.com/metro.co.uk/wp-content/uploads/2018/03/sec_42181241.jpg?quality=90&strip=all&w=1200&h=630&crop=1&zoom=1&ssl=1", "https://d17fy28x8ov4h8.cloudfront.net/190x/images/v/virgin-media_9.png", "https://d17fy28x8ov4h8.cloudfront.net/190x/images/w/Wickes-Logo_9.png", "https://i1.wp.com/metro.co.uk/wp-content/uploads/2018/03/sei_4212298-e1521730091755.jpg?quality=90&strip=all&zoom=1&resize=644%2C377&ssl=1", "https://d3tsytm1wtjqo2.cloudfront.net/images/media/72/n/nord_logo_square_1x_9.png", "https://metro.co.uk/wp-content/themes/metro-parent/img/fallback.png", "https://d17fy28x8ov4h8.cloudfront.net/190x/images/j/JL_Brandlines_Logo_Micro_Use_Blk_RGB-100px_9.png", "https://d3tsytm1wtjqo2.cloudfront.net/180x/images/c/currys_9.png", "https://sb.scorecardresearch.com/p?c1=2&c2=6034964&cv=2.0&cj=1"], "top_img": "https://i1.wp.com/metro.co.uk/wp-content/uploads/2018/03/sec_42181241.jpg?quality=90&strip=all&w=1200&h=630&crop=1&zoom=1&ssl=1", "keywords": [], "authors": ["Rishma Dosani"], "canonical_link": "https://metro.co.uk/2018/03/22/perrie-edwards-gigi-hadid-prove-taste-rock-similar-sunglasses-7408595/", "title": "Perrie Edwards wears Gigi Hadid\u2018s sunglasses after Zayn Malik split", "meta_data": {"viewport": "width=device-width, initial-scale=1, minimum-scale=1, maximum-scale=1", "HandheldFriendly": "True", "MobileOptimized": 320, "format-detection": "telephone=no", "robots": "max-image-preview:large", "google-site-verification": "NRfCb8mBNAy5_f17NpvLZYoY38EzM2dgpcOh_Am9yps", "twitter": {"widgets": {"csp": "on"}, "image": {"src": "https://metro.co.uk/wp-content/uploads/2018/03/sec_4218124.jpg?quality=90&strip=all&crop=54px%2C47px%2C1080px%2C567px&resize=1200%2C630"}, "title": "Perrie Edwards and Gigi Hadid have the same taste as they rock similar sunnies", "description": "Perrie and Gigi have the same taste in more ways than one.", "card": "summary_large_image", "site": "@MetroUK", "account_id": 138749160}, "ir-site-verification-token": 422605026, "description": "Perrie Edwards and Gigi Hadid might have the same taste in men \u2013 after both enjoying long relationships with Zayn Malik \u2013 but it seems that\u2019s not the only thing the pair have in common.", "news_keywords": "gigi hadid, zayn malik, perrie edwards, perrie edwards zayn malik split, gigi hadid sunglasses, gigi hadid zayn malik split, gigi hadid net worth, gigi hadid instagram, perrie edwards instagram, gigi hadid perrie edwards comparisons,", "msvalidate.01": "11110DC8D42E74E13F24B3A18E7CFB8A", "pocket-site-verification": "8aec208948f7b2f9092ac4ce91dac7", "generator": "WordPress 5.5.2", "fb": {"pages": 117118184990145, "app_id": 176908729004638}, "ia": {"markup_url": "https://metro.co.uk/2018/03/22/perrie-edwards-gigi-hadid-prove-taste-rock-similar-sunglasses-7408595/?ia_markup=1"}, "theme-color": "#000000", "apple-mobile-web-app-title": "Metro", "sailthru.date": "2018-03-22 15:29:17", "sailthru.title": "Perrie Edwards and Gigi Hadid prove they have the same taste as they rock similar sunglasses", "sailthru.tags": "bella hadid, gigi hadid, little mix, perrie edwards, zayn malik", "sailthru.description": "Perrie and Gigi have the same taste in more ways than one.", "sailthru.image.full": "https://metro.co.uk/wp-content/uploads/2018/03/sec_4218124.jpg?quality=90&strip=all&crop=605px%2C59px%2C506px%2C506px&resize=150%2C150", "sailthru.image.thumb": "https://metro.co.uk/wp-content/uploads/2018/03/sec_4218124.jpg?quality=90&strip=all&crop=605px%2C59px%2C506px%2C506px&resize=150%2C150&w=50", "og": {"locale": "en_GB", "title": "Perrie Edwards and Gigi Hadid have the same taste as they rock similar sunnies", "type": "article", "url": "https://metro.co.uk/2018/03/22/perrie-edwards-gigi-hadid-prove-taste-rock-similar-sunglasses-7408595/", "description": "Perrie and Gigi have the same taste in more ways than one.", "site_name": "Metro", "image": {"identifier": "https://i1.wp.com/metro.co.uk/wp-content/uploads/2018/03/sec_42181241.jpg?quality=90&strip=all&w=1200&h=630&crop=1&zoom=1&ssl=1", "secure_url": "https://i1.wp.com/metro.co.uk/wp-content/uploads/2018/03/sec_42181241.jpg?quality=90&strip=all&w=1200&h=630&crop=1&zoom=1&ssl=1", "width": 1200, "height": 630}}, "article": {"publisher": "https://www.facebook.com/MetroUK", "section": "Entertainment", "tag": "Zayn Malik", "published_time": "2018-03-22T15:29:17+0000", "modified_time": "2019-12-12T15:54:20+0000"}, "msapplication-TileImage": "https://metro.co.uk/wp-content/uploads/2020/03/cropped-m-icon-black-9693.png?w=270"}, "movies": [], "publish_date": 1521673200.0, "source": "http://metro.co.uk", "summary": ""}