{"url": "https://pagesix.com/2017/04/18/how-carmelo-anthony-justified-allegedly-cheating-on-la-la/", "text": "Carmelo Anthony has been dogged by cheating rumors for years and sources say he\u2019d justify it to his friends by saying, \u201cLa La is married, I\u2019m not.\u201d\n\nMultiple sources tell Page Six that Melo would often flirt or hook up with women while he was on the road with the Knicks during his nearly seven-year marriage to La La.\n\nOne source said, \u201cMelo\u2019s tagline was, \u2018She\u2019s married, I\u2019m not.\u2019 That\u2019s how he would justify it. His attitude is that all professional athletes do it, and many of them do. La La has put up with a lot. She knew it was going on, but I guess this time she\u2019s had enough.\u201d\n\nA rep for Melo declined to comment on allegations of his cheating or the report that he impregnated a stripper who works at a New York gentlemen\u2019s club over six months ago. The dancer allegedly is demanding money for medical bills and other baby expenses.\n\nA source close to Melo added, \u201cThe stripper pregnancy rumor is not true. Yes he\u2019s not been perfect, but the baby with a stripper isn\u2019t true.\u201d\n\nOther sources say La La and Carmelo currently have no plans to file for divorce.\n\nOne told Page Six, \u201cThey\u2019ve been living separately for several months. They\u2019ve broken up in the past, they split three years ago, gave it some time and then got back together. They\u2019re hoping the same works again.\u201d\n\nIn the light of the new allegations that Carmelo impregnated a stripper, as reported by TMZ, a source close to his wife said, \u201cLa La doesn\u2019t want to deal with all of these rumors \u2026 she doesn\u2019t want to focus on any of it at the moment \u2026 She\u2019ll deal with it when it all comes down.\n\n\u201cThe cheating rumors have always been out there and the majority will talk about the rumors over and over. She\u2019s waiting on his team to respond and decide how to handle the rumors.\u201d\n\nA complicating factor is that La La\u2019s career is really taking off just when Carmelo\u2019s really struggling with his. She\u2019s starring in 50 Cent\u2018s \u201cPower\u201d and last week she wrapped her latest movie, \u201cEmergency Furlough\u201d with Whoopi Goldberg and Anna Paquin. She\u2019s also hosting a Mother\u2019s Day special on VH1.\n\nThe source continued, \u201cCarmelo\u2019s career problems, on the other hand, don\u2019t put him in a good mental place,\u201d adding, \u201cThere\u2019s also the uncertainty about their future \u2014 Carmelo is likely to be leaving New York but who knows for where.\n\n\u201cThey want to see how that shakes out before figuring out what to do.\u201d\n\nOf the couple, who have a 10-year-old son, Kiyan, the source said, \u201cLa La thinks Melo is a great dad. But the fact is, they\u2019re better when they\u2019re not together.\u201d", "images": ["https://pagesix.com/wp-content/mu-plugins/jetpack-9.1/modules/sharedaddy/images/loading.gif", "https://pagesix.com/wp-content/uploads/sites/3/2017/04/lala-melo.jpg?quality=90&strip=all&w=1200", "https://pagesix.com/wp-content/uploads/sites/3/2017/04/lala-melo.jpg?quality=90&strip=all&w=618&h=410&crop=1", "https://googleads.g.doubleclick.net/pagead/viewthroughconversion/988380111/?value=0&guid=ON&script=0", "https://nypost.com/wp-content/uploads/sites/3/2019/09/apple-podcast-badge402x.png", "https://pagesix.com/wp-content/mu-plugins/vip-helpers/images/vip-powered-dark-small.png", "https://nypost.com/wp-content/uploads/sites/3/2019/09/p6podcast402x.png", "data:image/gif;base64,R0lGODlhAQABAIAAAAAAAP///yH5BAEAAAAALAAAAAABAAEAAAIBRAA7"], "top_img": "https://pagesix.com/wp-content/uploads/sites/3/2017/04/lala-melo.jpg?quality=90&strip=all&w=1200", "keywords": [], "authors": ["April"], "canonical_link": "https://pagesix.com/2017/04/18/how-carmelo-anthony-justified-allegedly-cheating-on-la-la/", "title": "How Carmelo Anthony justified allegedly cheating on La La", "meta_data": {"viewport": "width=device-width, initial-scale=1", "copyright": "Copyright 2020 NYP Holdings. All rights reserved.", "p": {"domain_verify": "44b526edc36ffbcc163412ee9fe42833"}, "robots": "max-image-preview:large", "description": "Carmelo Anthony has been dogged with cheating rumors for years and sources say he'd justify it to his friends by saying, \"La La is married, I'm not.\"", "generator": "WordPress 5.4.3", "fb": {"pages": 261611377580503}, "parsely-metadata": "{\"post_id\":\"pagesix-4237158\"}", "keywords": "carmelo anthony,celebrity breakups,la la anthony", "article": {"opinion": "false", "content_tier": "free", "published_time": "2017-04-18T17:39:22+00:00", "modified_time": "2017-04-18T21:17:43+00:00", "publisher": "https://www.facebook.com/pagesix"}, "google-site-verification": "kUaM_iOUItG-sfAnU_xqPqFG_0hl71TEfuta-jVPcSw", "msvalidate.01": "8188997BC82071CE07AB711B5675CE54", "og": {"type": "article", "title": "How Carmelo Anthony justified allegedly cheating on La La", "url": "https://pagesix.com/2017/04/18/how-carmelo-anthony-justified-allegedly-cheating-on-la-la/", "description": "Carmelo Anthony has been dogged with cheating rumors for years and sources say he\u2019d justify it to his friends by saying, \u201cLa La is married, I\u2019m not.\u201d", "site_name": "Page Six", "image": {"identifier": "https://pagesix.com/wp-content/uploads/sites/3/2017/04/lala-melo.jpg?quality=90&strip=all&w=1200", "secure_url": "https://i1.wp.com/pagesix.com/wp-content/uploads/sites/3/2017/04/lala-melo.jpg?quality=90&strip=all&ssl=1"}, "locale": "en_US"}, "twitter": {"creator": "@pagesix", "site": "@pagesix", "text": {"title": "How Carmelo Anthony justified allegedly cheating on La La"}, "image": {"identifier": "https://pagesix.com/wp-content/uploads/sites/3/2017/04/lala-melo.jpg?quality=90&strip=all&w=680&h=356&crop=1", "src": "https://pagesix.com/wp-content/uploads/sites/3/2017/04/lala-melo.jpg?quality=90&strip=all&w=680&h=356&crop=1"}, "card": "summary_large_image", "title": "How Carmelo Anthony justified allegedly cheating on La La", "description": "Carmelo Anthony has been dogged with cheating rumors for years and sources say he'd justify it to his friends by saying, \"La La is married, I'm not.\""}}, "movies": [], "publish_date": 1492466400.0, "source": "https://pagesix.com", "summary": ""}