{"url": "abc.go.com/shows/the-gong-show", "text": "Get ready for a second fabulous season of television's most irreverent talent show competition, The Gong Show, with Mike Myers starring as cheeky host and British comedy legend Tommy Maitland. Executive produced by actor/comedian Will Arnett, every episode will celebrate unusually talented and unique performers on a primetime stage. A revolving panel of judges featuring Hollywood's hottest stars praise, critique and gong contestants in one of TV's all-time great variety shows.", "images": ["https://assets.cdn.watchdisneyfe.com/delta/assets/common/close.png", "https://cdn1.edgedatg.com/aws/v2/abc/TheGongShow/showimages/bbd231a37871e5c8e976c3e63857a0d4/350x117-Q80_bbd231a37871e5c8e976c3e63857a0d4.png", "https://assets.cdn.watchdisneyfe.com/delta/assets/abc/abc@2x.png", "https://cdn1.edgedatg.com/aws/v2/abc/TheGongShow/showimages/50232b622973056b77dda3b3b6578314/1200x627-Q80_50232b622973056b77dda3b3b6578314.jpg", "https://assets.cdn.watchdisneyfe.com/delta/assets/common/search.png", "data:image/gif;base64,R0lGODlhAQABAIAAAAAAAP///yH5BAEAAAAALAAAAAABAAEAAAIBRAA7"], "top_img": "https://cdn1.edgedatg.com/aws/v2/abc/TheGongShow/showimages/50232b622973056b77dda3b3b6578314/1200x627-Q80_50232b622973056b77dda3b3b6578314.jpg", "keywords": [], "authors": [], "canonical_link": "https://abc.com/shows/the-gong-show", "title": "Watch The Gong Show TV Show", "meta_data": {"description": "Watch the official The Gong Show online at ABC.com. Get exclusive videos, blogs, photos, cast bios, free episodes", "fb": {"app_id": 137585909851}, "twitter": {"card": "summary_large_image", "site": "@{twitter.account}", "image": "https://cdn1.edgedatg.com/aws/v2/abc/TheGongShow/showimages/50232b622973056b77dda3b3b6578314/1200x627-Q80_50232b622973056b77dda3b3b6578314.jpg"}, "og": {"url": "https://abc.com/shows/the-gong-show", "app_id": 137585909851, "site_name": "ABC", "image": "https://cdn1.edgedatg.com/aws/v2/abc/TheGongShow/showimages/50232b622973056b77dda3b3b6578314/1200x627-Q80_50232b622973056b77dda3b3b6578314.jpg", "title": "Watch The Gong Show TV Show - ABC.com", "description": "Watch the official The Gong Show online at ABC.com. Get exclusive videos, blogs, photos, cast bios, free episodes", "type": "website", "locale": "en_US"}, "google-play-app": "app-id=com.disney.datg.videoplatforms.android.abc", "msApplication-PackageFamilyName": "ABC.ABCPlayer", "msvalidate.01": "0EABD001D404EA9DDE2025E9E4F14CAF", "msApplication-ID": "App", "msapplication-TileColor": "#2D2D2D", "viewport": "initial-scale=1.0, maximum-scale=1.0, user-scalable=no", "keywords": "The Gong Show, abc The Gong Show, The Gong Show videos, The Gong Show news", "apple-itunes-app": "app-id=364191819, app-argument=https://abc.com/watch-live", "google-site-verification": "5ojqqxU4pdyoa-4TgjCukgNv4eEl-8TGQZPsRhznWXc", "msapplication-TileImage": "//cdn1.edgedatg.com/aws/abc/brand/fall2018/favicon_ie10.png", "format-detection": "telephone=no"}, "movies": [], "publish_date": null, "source": "http://abc.go.com", "summary": ""}