{"url": "www.oscars.org/news/academy-and-abc-announce-key-dates-90th-oscars", "text": "THE OSCARS AIRS LIVE SUNDAY, MARCH 4, 2018 ON THE ABC TELEVISION NETWORK\n\nOSCARS DATES SELECTED FOR 2019, 2020 AND 2021\n\nThe Academy and the ABC Television Network today announced key dates for the 90th Oscars\u00ae. The Academy Awards\u00ae presentation will air live on ABC on Oscar\u00ae Sunday, March 4, 2018. Dates for the 91st, 92nd and 93rd Oscars presentations are set for February 24, 2019, February 23, 2020, and February 28, 2021, respectively.\n\nAcademy key dates for the 2017 Awards season are:\n\nSaturday, November 11, 2017 Governors Awards Friday, January 5, 2018 Nominations voting opens Friday, January 12, 2018 Nominations voting closes Tuesday, January 23, 2018 Oscar Nominations Announcement Monday, February 5, 2018 Oscar Nominees Luncheon Saturday, February 10, 2018 Scientific and Technical Awards Tuesday, February 20, 2018 Finals voting opens Tuesday, February 27, 2018 Finals voting closes Wednesday, February 28, 2018 The Oscar Concert Sunday, March 4, 2018 90th Oscars\n\nThe date for the 90th Oscars was previously announced.\n\nThe 90th Oscars will be held at the Dolby Theatre\u00ae at Hollywood & Highland Center\u00ae in Hollywood, and will be televised live by the ABC Television Network. The Oscars also will be televised live in more than 225 countries and territories worldwide.", "images": ["https://www.oscars.org/sites/all/themes/oscar/logo.png", "https://www.oscars.org/sites/oscars/files/oscarnews_homepage2.png"], "top_img": "https://www.oscars.org/sites/oscars/files/oscarnews_homepage2.png", "keywords": [], "authors": [], "canonical_link": "https://www.oscars.org/news/academy-and-abc-announce-key-dates-90th-oscars", "title": "THE ACADEMY AND ABC ANNOUNCE KEY DATES FOR 90TH OSCARS", "meta_data": {"description": "THE OSCARS AIRS LIVE SUNDAY, MARCH 4, 2018 ON THE ABC TELEVISION NETWORKOSCARS DATES SELECTED FOR 2019, 2020 AND 2021The", "generator": "Drupal 7 (http://drupal.org)", "og": {"image": "https://www.oscars.org/sites/oscars/files/oscarnews_homepage2.png", "site_name": "Oscars.org | Academy of Motion Picture Arts and Sciences", "type": "article", "title": "THE ACADEMY AND ABC ANNOUNCE KEY DATES FOR 90TH OSCARS", "url": "https://www.oscars.org/news/academy-and-abc-announce-key-dates-90th-oscars", "description": "The Academy and the ABC Television Network today announced key dates for the 90th Oscars.", "updated_time": "2018-02-20T16:04:03-08:00"}, "twitter": {"image": "https://www.oscars.org/sites/oscars/files/oscarnews_homepage2.png", "card": "summary_large_image", "creator": "@TheAcademy", "url": "https://www.oscars.org/news/academy-and-abc-announce-key-dates-90th-oscars", "title": "THE ACADEMY AND ABC ANNOUNCE KEY DATES FOR 90TH OSCARS", "description": "The Academy and the ABC Television Network today announced key dates for the 90th Oscars."}, "article": {"published_time": "2017-04-04T09:38:05-07:00", "modified_time": "2018-02-20T16:04:03-08:00"}}, "movies": [], "publish_date": 1491323885.0, "source": "http://www.oscars.org", "summary": ""}