{"url": "https://web.archive.org/web/20071102131244/http://vote-smart.org:80/issue_rating_category.php?can_id=9490", "text": "Social Issues\n\n2006 Senator Obama supported the interests of the NETWORK, A National Catholic Social Justice Lobby 77 percent in 2006.\n\n2006 According to the National Journal - Conservative on Social Policy calculations, in 2006 Senator Obama voted more conservative on social policy issues than 21 percent of the [HOUSE].\n\n2006 Senator Obama supported the interests of the Population Connection 100 percent in 2006.\n\n2006 Senator Obama supported the interests of the Secular Coalition for America 90 percent in 2006.\n\n2005-2006 Senator Obama supported the interests of the Population Action International 100 percent in 2005-2006.\n\n2005 Senator Obama supported the interests of the Drum Major Institute for Public Policy 75 percent in 2005.\n\n2005 Senator Obama supported the interests of the Mennonite Central Committee 90 percent in 2005.\n\n2005 Senator Obama supported the interests of the NETWORK, A National Catholic Social Justice Lobby 100 percent in 2005.\n\n2005 Senator Obama supported the interests of the Population Connection 100 percent in 2005.\n\n2005 Senator Obama supported the interests of the Population Institute 100 percent in 2005.\n\n2003 Senator Obama supported the interests of the Citizen Action Illinois 96 percent in 2003.\n\n2002 Senator Obama supported the interests of the Illinois Churches in Action - ILLCAAAP 0 percent in 2002.\n\n2002 Senator Obama supported the interests of the Illinois Family Institute 50 percent in 2002.\n\n1999-2000 Senator Obama supported the interests of the Illinois Churches in Action - ILLCAAAP 100 percent in 1999-2000.\n\n1998-1999 Senator Obama supported the interests of the Illinois Churches in Action - ILLCAAAP 100 percent in 1998-1999.\n\n1998 Senator Obama supported the interests of the Illinois Family Institute 80 percent in 1998.\n\n1997-1998 Senator Obama supported the interests of the National Association of Social Workers - Illinois Chapter 100 percent in 1997-1998.\n\n1997 Senator Obama supported the interests of the Illinois Churches in Action - ILLCAAAP 0 percent in 1997.", "images": ["https://web.archive.org/web/20071102131244im_/http://vote-smart.org/pulldowns/pvstype_currelect.gif", "https://web.archive.org/web/20071102131244im_/http://vote-smart.org/pulldowns/pvstype_mystate.gif", "https://web.archive.org/web/20071102131244im_/http://vote-smart.org/pulldowns/pvstype_separator.gif", "https://web.archive.org/web/20071102131244im_/http://vote-smart.org/img/pvsguy.gif", "https://web.archive.org/web/20071102131244im_/http://vote-smart.org/img/Member_179Ad1.gif", "https://web.archive.org/web/20071102131244im_/http://vote-smart.org/pulldowns/pvstype_about.gif", "https://web.archive.org/web/20071102131244im_/http://vote-smart.org/pulldowns/pvstype_issues_on.gif", "https://web.archive.org/web/20071102131244im_/http://vote-smart.org/img/CCCCCC.gif", "https://web.archive.org/web/20071102131244im_/http://vote-smart.org/img/spacer.gif", "https://web.archive.org/web/20071102131244im_/http://vote-smart.org/img/masthead/flag.gif", "https://web.archive.org/web/20071102131244im_/http://vote-smart.org/pulldowns/pvstype_resources.gif", "https://web.archive.org/web/20071102131244im_/http://vote-smart.org/favicon.ico", "https://web.archive.org/web/20071102131244im_/http://vote-smart.org/img/masthead/logo.gif", "https://web.archive.org/web/20071102131244im_/http://vote-smart.org/pulldowns/pvstype_home_off.gif", "https://web.archive.org/web/20071102131244im_/http://vote-smart.org/pulldowns/pvstype_donate_yellow.gif", "https://web.archive.org/web/20071102131244im_/http://vote-smart.org/pulldowns/pvstype_cands.gif", "https://web.archive.org/web/20071102131244im_/http://vote-smart.org/pulldowns/pvstype_voterreg.gif"], "top_img": "https://web.archive.org/web/20071102131244im_/http://vote-smart.org/favicon.ico", "keywords": [], "authors": [], "canonical_link": "", "title": "Interest Group Ratings", "meta_data": {"resource-type": "document", "description": "Project Vote Smart", "keywords": "PVS, Project Vote Smart, candidates, presidential, politics, election, campaign, president, congress, senate, voting, ratings, issues, legislation, presidential candidiates, house, government, campaign finances, governor, special interest groups, PACS, political action, get involved, issue group ratings, NPAT, National Political Awareness Test, electorate", "distribution": "global"}, "movies": [], "publish_date": null, "source": "https://web.archive.org", "summary": ""}