{"url": "http://www.youtube.com/watch?v=8k3Or06g9YA", "text": "", "images": ["https://i.ytimg.com/vi/8k3Or06g9YA/hqdefault.jpg"], "top_img": "https://i.ytimg.com/vi/8k3Or06g9YA/hqdefault.jpg", "keywords": [], "authors": [], "canonical_link": "https://www.youtube.com/watch?v=8k3Or06g9YA", "title": "Memorial Day", "meta_data": {"theme-color": "rgba(255, 255, 255, 0.98)", "title": "Memorial Day", "description": "Go to http://www.youtube.com/johnmccaindotcom to watch more John McCain YouTube videos.You can receive the latest official YouTube videos from the McCain cam...", "keywords": "john, mccain, web, ad, memorial, day, hispanic, vietnam, war, washington, dc, iraq, afghanistan, country, service, citizenship, soldier", "og": {"site_name": "YouTube", "url": "https://www.youtube.com/watch?v=8k3Or06g9YA", "title": "Memorial Day", "image": {"identifier": "https://i.ytimg.com/vi/8k3Or06g9YA/hqdefault.jpg", "width": 480, "height": 360}, "description": "Go to http://www.youtube.com/johnmccaindotcom to watch more John McCain YouTube videos.You can receive the latest official YouTube videos from the McCain cam...", "type": "video.other", "video": {"url": "https://www.youtube.com/embed/8k3Or06g9YA", "secure_url": "https://www.youtube.com/embed/8k3Or06g9YA", "type": "text/html", "width": 480, "height": 360, "tag": "soldier"}}, "al": {"ios": {"app_store_id": 544007664, "app_name": "YouTube", "url": "vnd.youtube://www.youtube.com/watch?v=8k3Or06g9YA&feature=applinks"}, "android": {"url": "vnd.youtube://www.youtube.com/watch?v=8k3Or06g9YA&feature=applinks", "app_name": "YouTube", "package": "com.google.android.youtube"}, "web": {"url": "http://www.youtube.com/watch?v=8k3Or06g9YA&feature=applinks"}}, "fb": {"app_id": 87741124305}, "twitter": {"card": "player", "site": "@youtube", "url": "https://www.youtube.com/watch?v=8k3Or06g9YA", "title": "Memorial Day", "description": "Go to http://www.youtube.com/johnmccaindotcom to watch more John McCain YouTube videos.You can receive the latest official YouTube videos from the McCain cam...", "image": "https://i.ytimg.com/vi/8k3Or06g9YA/hqdefault.jpg", "app": {"name": {"iphone": "YouTube", "ipad": "YouTube", "googleplay": "YouTube"}, "id": {"iphone": 544007664, "ipad": 544007664, "googleplay": "com.google.android.youtube"}, "url": {"iphone": "vnd.youtube://www.youtube.com/watch?v=8k3Or06g9YA&feature=applinks", "ipad": "vnd.youtube://www.youtube.com/watch?v=8k3Or06g9YA&feature=applinks", "googleplay": "https://www.youtube.com/watch?v=8k3Or06g9YA"}}, "player": {"identifier": "https://www.youtube.com/embed/8k3Or06g9YA", "width": 480, "height": 360}}}, "movies": [], "publish_date": null, "source": "http://www.youtube.com", "summary": ""}