{"url": "www.hsn.com/shop/sheryl-crow/16123", "text": "Enjoy Stylish Everyday Pieces From Sheryl Crow\n\nSinger and songwriter Sheryl Crow brings her unique mix of country and rock and roll to her stylish clothing line. If you're looking for everyday pieces with a touch of the unexpected, turn to the Sheryl Crow line. Whether you're simply running errands or you're heading out for an afternoon with friends, Sheryl Crow makes it easy to create the ideal outfit. Start with one of her comfortable tops with unique details, such as lace trim, fringe, or embroidery. Match this shirt with a pair of relaxed jeans, and keep the laid-back vibe going by choosing a pair of sandals to complete the look. For accessories, layer some chain necklaces and slide on a few bangle bracelets. Sheryl Crow also offers a nice selection of leather handbags. On the outside, these handbags have eye-catching details like studs and woven fabric. The insides are spacious enough to hold all your essentials, and they come with pockets to corral those small items. They're also stylish enough to go with everything from laid-back jeans to a professional skirt. When you're looking to add the relaxed and easy-to-wear style offered by Sheryl Crow, be sure to shop at HSN for all the latest looks.", "images": ["http://i03.hsncdn.com/desktop/DG00000-footer-twitter-3.png?v=7", "http://i03.hsncdn.com/desktop/DG00000-footer-instagram-3.png?v=7", "https://img.hsni.com/images/prod/2014/images/iosHSNFlatWhite_120.jpg", "http://i03.hsncdn.com/desktop/DG00000-footer-pinterest-3.png?v=7", "https://img.hsni.com/images/prod/svg/DG41190_010120_FlexPay_EveryItemEveryDay.svg", "http://i04.hsncdn.com/desktop/DG54321_hsncard_footer_205px_New_HSN_Card.jpg?v=7", "http://i03.hsncdn.com/desktop/DG00000-footer-facebook-3.png?v=17", "http://i03.hsncdn.com/desktop/DG00000-footer-youtube-7.png?v=7"], "top_img": "https://img.hsni.com/images/prod/2014/images/iosHSNFlatWhite_120.jpg", "keywords": [], "authors": [], "canonical_link": "https://www.hsn.com/shop/sheryl-crow/16123", "title": "Sheryl Crow", "meta_data": {"viewport": "width=1006", "description": "Find stylish everyday pieces from the Sheryl Crow fashion line. Whether you're simply running errands or you're heading out for an afternoon with friends, pieces from the Sheryl Crow fashion line makes it easy to create the ideal outfit.", "format-detection": "telephone=no", "al": {"iphone": {"url": "hsnapp://shop/16123/", "app_store_id": 324326909, "app_name": "HSN shop app"}, "ipad": {"url": "hsnapp://shop/16123/", "app_store_id": 408868281, "app_name": "HSN for iPad"}}, "branch": {"deeplink": {"$ios_deeplink_path": "shop/16123", "$android_deeplink_path": "shop/16123"}}, "og": {"title": "Sheryl Crow | HSN", "image": {"identifier": "https://img.hsni.com/images/prod/2014/images/iosHSNFlatWhite_120.jpg", "secure_url": "https://img.hsni.com/images/prod/2014/images/iosHSNFlatWhite_120.jpg", "width": 100, "height": 100}}, "fb": {"app_id": 215160975166467}}, "movies": [], "publish_date": null, "source": "http://www.hsn.com", "summary": ""}