{"url": "www.eonline.com/videos/233137/jamie-foxx-responds-to-katie-holmes-dating-rumors", "text": "Jamie Foxx Responds to Katie Holmes Dating Rumors\n\nThe Oscar winner sets the record straight about his alleged romance with Tom Cruise's ex-wife. Find out what he and Katie are really doing!", "images": ["https://eonlinethumbs-a.akamaihd.net/images/524/603/raw_20150320_foxx_233137_560x315.jpg?fit=around%7C1080:1080&output-quality=90&crop=1080:1080;center,top"], "top_img": "https://eonlinethumbs-a.akamaihd.net/images/524/603/raw_20150320_foxx_233137_560x315.jpg?fit=around%7C1080:1080&output-quality=90&crop=1080:1080;center,top", "keywords": [], "authors": [], "canonical_link": "https://www.eonline.com/videos/233137/jamie-foxx-responds-to-katie-holmes-dating-rumors", "title": "Jamie Foxx Responds to Katie Holmes Dating Rumors", "meta_data": {"viewport": "width=device-width, initial-scale=1, maximum-scale=1, user-scalable=0", "google-site-verification": "jOadQCDbZTkKw5sn27yXszjIb9c3PdMPHENN92uPWy8", "msvalidate.01": "564B986CE3CECCAE84779191BEC6B755", "fb": {"admins": 10101649, "pages": 1387539234854280, "app_id": 195662528604}, "og": {"title": "Jamie Foxx Responds to Katie Holmes Dating Rumors - E! Online", "type": "video.other", "url": "https://www.eonline.com/videos/233137/jamie-foxx-responds-to-katie-holmes-dating-rumors", "site_name": "E! Online", "description": "The Oscar winner sets the record straight about his alleged romance with Tom Cruise's ex-wife. Find out what he and Katie are really doing!", "locale": "en_US", "image": {"identifier": "https://eonlinethumbs-a.akamaihd.net/images/524/603/raw_20150320_foxx_233137_560x315.jpg?fit=around%7C1080:1080&output-quality=90&crop=1080:1080;center,top", "width": 1080, "height": 1080}, "video": {"url": "/videos/233137/jamie-foxx-responds-to-katie-holmes-dating-rumors", "type": "video/mp4", "width": 1600, "height": 900}}, "description": "The Oscar winner sets the record straight about his alleged romance with Tom Cruise's ex-wife. Find out what he and Katie are really doing!", "twitter": {"card": "summary_large_image", "site": "https://twitter.com/eonline", "title": "Jamie Foxx Responds to Katie Holmes Dating Rumors - E! Online", "description": "The Oscar winner sets the record straight about his alleged romance with Tom Cruise's ex-wife. Find out what he and Katie are really doing!", "image": "https://eonlinethumbs-a.akamaihd.net/images/524/603/raw_20150320_foxx_233137_560x315.jpg?fit=around%7C1080:540&output-quality=90&crop=1080:540;center,top", "url": "https://www.eonline.com/videos/233137/jamie-foxx-responds-to-katie-holmes-dating-rumors"}, "sailthru.contenttype": "news", "sailthru.cid": 233137, "sailthru.ed.cid": "us_233137", "sailthru.edition": "us", "sailthru.image.full": "https://eonlinethumbs-a.akamaihd.net/images/524/603/raw_20150320_foxx_233137_560x315.jpg?fit=around%7C1080:1080&output-quality=90&crop=1080:1080;center,top", "sailthru.date": "2015 03 20 22:57:00", "sailthru.title": "Jamie Foxx Responds to Katie Holmes Dating Rumors", "sailthru.tags": "jamie_foxx,katie_holmes,rumors", "tp": {"EnableExternalController": "true"}}, "movies": [], "publish_date": 1426888620.0, "source": "http://www.eonline.com", "summary": ""}