{"url": "https://www.etonline.com/news/215822_celebs_remember_prince_on_1_year_anniversary_of_his_death", "text": "Hollywood fans and friends alike took to social media on Friday to remember a pop music icon.\n\nPrince, who died of an accidental drug overdose last April at age 57, heavily influenced the world of music with his groundbreaking pop songs and performances. Celebrities honored the late \"Purple Rain\" singer one year after his tragic, untimely death via a slew of Instagram posts and tweets adorned with the #RIPPrince hashtag.\n\n\n\nRELATED: Purple Reign: How Prince Continued to Dominate Pop Culture 1 Year After His Death\n\nFilm director Spike Lee shared a photo of his \"most prized possession\" -- a gold guitar in the shape of the Prince symbol -- alongside the words, \"This guitar will be handed down through generations of the Lee's (will be put in my will).\"\n\nFellow GRAMMY-winning singer and longtime fan Usher posted a portrait of The Purple One with a purple umbrella rain emoji, one that many stars shared, including actress Taraji P. Henson and singer-songwriter Janelle Mon\u00e1e. This isn't the first time many of these celebs have paid tribute to the superstar -- Usher joined Major Lazer for a cover of \"1999\" at last year's Coachella music festival, while Mon\u00e1e performed a medley of Prince tracks at last year's BET Awards.\n\n\u2602\ufe0f\u2602\ufe0f\u2602\ufe0f\u2602\ufe0f\u2602\ufe0f\u2602\ufe0f\ud83c\udf02\ud83c\udf02\ud83c\udf02\ud83c\udf02\ud83c\udf02\ud83c\udf02 \u2014 Janelle Mon\u00e1e, Cindi Mayweather\ud83d\udc7d\ud83d\ude86\ud83e\udd16\ud83d\ude80\ud83e\ude90 (@JanelleMonae) April 21, 2017\n\n\n\nMORE: Lenny Kravitz to Perform Prince Tribute at 2017 Rock and Roll Hall of Fame Ceremony\n\n\n\nUnforgettable actress Rosario Dawson posted a series of #RIPPrince Instagram posts including an iconic quote and a snapshot of a rainy day in New York City, while Salma Hayek shared a collage of images dedicated to the singer.\n\nSeveral famous faces shared their love and remembrance on social media via portraits and action shots.\n\nPrince was really the watershed. The purple watershed. It was his music I gravitated towards at a young age \u2013Today is a sad day #RIPPrince \ud83d\udc9c pic.twitter.com/1XHLByVh9u \u2014 Rufus Wainwright (@rufuswainwright) April 21, 2017\n\nA year ago, the world's collective heart was broken. We'll never fill the void Prince left in us but his LOVE lives on. \ud83c\udf0d\ud83d\udc94\ud83d\udc9c #RIPPrincepic.twitter.com/ZB235f68zN \u2014 C H A K A | K H A N (@ChakaKhan) April 21, 2017\n\nWe had an all purple morning today on @SteveHarveyFM. #Prince wrote so many hits but my favorite is definitely Adore. We miss you man #RIPpic.twitter.com/x0Zz1jDFUx \u2014 Steve Harvey (@IAmSteveHarvey) April 21, 2017\n\n\n\nWATCH: Inside Prince's Paisley Park: Friends and Fans Remember the Late Singrs Enigmatic Estate\n\nWhile others, like Paula Abdul and Questlove, posted simple tweets and videos.\n\nThe only thing you really need to watch on #PrinceDay. This is his legacy. The spirit of creativity in all forms. Pushing forward to beauty. https://t.co/Bczx7P32lM \u2014 Ava DuVernay (@ava) April 21, 2017\n\nFor more on Prince's legacy, watch the video below.", "images": ["https://www.etonline.com/sites/default/files/styles/max_970x546/public/images/2016-05/prince_1280_2948991.jpg?itok=uu8VU_3n", "https://www.etonline.com/sites/default/files/styles/max_1280x720/public/images/2016-05/prince_1280_2948991.jpg?itok=8_8mfY8b", "https://www.etonline.com/sites/default/files/styles/60x60/public/images/2020-10/kate%20spade%20new%20york%20prime%20day.jpg?h=c673cd1c&itok=yp76SOTl", "https://www.etonline.com/themes/custom/et/img/watch-now.png", "https://www.etonline.com/sites/default/files/styles/60x60/public/images/2020-10/amazon_fashion_gifts_1280.jpg?h=c673cd1c&itok=1bGubX5T"], "top_img": "https://www.etonline.com/sites/default/files/styles/max_1280x720/public/images/2016-05/prince_1280_2948991.jpg?itok=8_8mfY8b", "keywords": [], "authors": ["Tina Smithers Peckham"], "canonical_link": "https://www.etonline.com/news/215822_celebs_remember_prince_on_1_year_anniversary_of_his_death", "title": "Celebs Remember Prince on 1-Year Anniversary of His Death", "meta_data": {"article": {"opinion": "false"}, "title": "Celebs Remember Prince on 1-Year Anniversary of His Death | Entertainment Tonight", "og": {"site_name": "Entertainment Tonight", "type": "Article", "url": "https://www.etonline.com/news/215822_celebs_remember_prince_on_1_year_anniversary_of_his_death", "title": "Celebs Remember Prince on 1-Year Anniversary of His Death", "description": "One year after Prince's tragic passing, famous fans are honoring his legacy.", "image": {"identifier": "https://www.etonline.com/sites/default/files/styles/max_1280x720/public/images/2016-05/prince_1280_2948991.jpg?itok=8_8mfY8b", "width": 1280, "height": 720}}, "fb": {"pages": 106843036179, "admins": 3111204, "app_id": 145337045558621}, "robots": "index", "apple-mobile-web-app-capable": "yes", "twitter": {"card": "summary_large_image", "description": "One year after Prince's tragic passing, famous fans are honoring his legacy.", "site": {"identifier": "@etnow", "id": 23603092}, "title": "Celebs Remember Prince on 1-Year Anniversary of His Death", "creator": "Tina Smithers Peckham", "url": "https://www.etonline.com/news/215822_celebs_remember_prince_on_1_year_anniversary_of_his_death", "image": "https://www.etonline.com/sites/default/files/styles/max_1280x720/public/images/2016-05/prince_1280_2948991.jpg?itok=8_8mfY8b"}, "description": "One year after Prince's tragic passing, famous fans are honoring his legacy.", "msvalidate.01": "DC10472F438B55F3A58638BC31271706", "google-site-verification": "hKpIt34FKZ_qMU81xUdLUw2YzuyZY1pS76p0622Hc7w", "keywords": "News, Music, Janelle Monae, La Toya Jackson, Steve Harvey, Salma Hayek, Rosario Dawson, Paula Abdul, Usher, Prince", "Generator": "Drupal 8 (https://www.drupal.org)", "MobileOptimized": "width", "HandheldFriendly": "true", "viewport": "width=device-width, initial-scale=1.0, minimum-scale=1.0"}, "movies": [], "publish_date": null, "source": "https://www.etonline.com", "summary": ""}