{"url": "hiplatina.com/jennifer-lope-alex-rodriguez-together-penthouse/", "text": "We know it\u2019s serious when a couple moves in together. Jennifer Lopez and Alex Rodriguez, however, isn\u2019t your average couple moving in together, so when they do \u2014 they do it big. The couple \u2014 who\u2019ve been hot and heavy for a year now, are taking their relationship to the next level by purchasing a penthouse together.\n\nWhile the couple have been basically living together at Jennifer\u2019s house in Los Angeles, they have now gone in on something as a real committed unit. It\u2019s being reported that J.Lo and A.Rod have been thinking of moving in together for a few months now. Jennifer put up her previous penthouse ( $27 million!) on the market in October. So what\u2019s up with the new place? Here are some deets:\n\nThe penthouse is located at 432 Park Avenue \u2014 also known as the tallest residential building in Manhattan. It cost the couple a whopping $15.32 million (why does it sound like a step down from her previous place?). The penthouse is stacked with three bedrooms, four and half bathrooms, and a library, Curbed reports.\n\nHere\u2019s some more details, according to Variety: \u201cA private elevator landing and a 21-plus-foot entrance gallery lead to a nearly 30-foot square combination living and dining room with 12.5-foot ceilings, solid oak floorboards laid at a herringbone pattern and four, ten-foot square single pane windows with staggering open views to the north and east across the city and the entirety of Central Park.\u201d\n\nHere are some of the cons that have been reported about this building. Some drawbacks to living in the tallest residential building: \u201cI\u2019ve been up in that building, and it sways quite a bit. You can feel it,\u201d New York real estate agent Dolly Lenz tells realtor.com. Some have also said it looks like a trashcan because that was the \u201cinspiration\u201d behind its design. Other reports say, because mostly business-types own places there, that no one is ever in the building.\n\nWell, who gives a damn!? Check out this amazing pictures of the place.\n\nhttps://www.instagram.com/p/BgvtofSguh8/?hl=en&taken-at=227112967\n\nhttps://www.instagram.com/p/Bg4nAe2BO3B/?hl=en&tagged=432parkavenue", "images": ["https://sb.scorecardresearch.com/p?c1=2&c2=21175322&cv=2.0&cj=1", "https://1qxya61uvyue18mpsx3zc8om-wpengine.netdna-ssl.com/wp-content/uploads/sites/2/2018/03/john-cameron-fGiJtgi2RRg-unsplash.jpg", "https://www.facebook.com/tr?id=2141896119462672&ev=PageView&noscript=1", "https://cdn.shortpixel.ai/client/q_lqip,ret_wait,w_800,h_600/https://1qxya61uvyue18mpsx3zc8om-wpengine.netdna-ssl.com/wp-content/uploads/sites/2/2018/03/john-cameron-fGiJtgi2RRg-unsplash.jpg", "https://cdn.shortpixel.ai/client/q_glossy,ret_img,w_800,h_600/https://1qxya61uvyue18mpsx3zc8om-wpengine.netdna-ssl.com/wp-content/uploads/sites/2/2018/03/john-cameron-fGiJtgi2RRg-unsplash.jpg"], "top_img": "https://1qxya61uvyue18mpsx3zc8om-wpengine.netdna-ssl.com/wp-content/uploads/sites/2/2018/03/john-cameron-fGiJtgi2RRg-unsplash.jpg", "keywords": [], "authors": [], "canonical_link": "https://hiplatina.com/jennifer-lope-alex-rodriguez-together-penthouse/", "title": "J.Lo and A.Rod Just Bought Their Own Penthouse Together and It\u2019s Insane", "meta_data": {"viewport": "width=device-width, initial-scale=1", "description": "You know it's serious when a couple moves in together, but this new purchase by the hot couple is next level. You have to see the pictures to believe it.", "robots": "max-snippet:-1, max-image-preview:large, max-video-preview:-1", "og": {"locale": "en_US", "type": "article", "title": "J.Lo and A.Rod Just Bought Their Own Penthouse Together and It's Insane", "description": "You know it's serious when a couple moves in together, but this new purchase by the hot couple is next level. You have to see the pictures to believe it.", "url": "https://hiplatina.com/jennifer-lope-alex-rodriguez-together-penthouse/", "site_name": "HipLatina", "updated_time": "2020-10-23T14:22:44+00:00", "image": {"identifier": "https://1qxya61uvyue18mpsx3zc8om-wpengine.netdna-ssl.com/wp-content/uploads/sites/2/2018/03/john-cameron-fGiJtgi2RRg-unsplash.jpg", "secure_url": "https://1qxya61uvyue18mpsx3zc8om-wpengine.netdna-ssl.com/wp-content/uploads/sites/2/2018/03/john-cameron-fGiJtgi2RRg-unsplash.jpg", "width": 800, "height": 600}}, "article": {"publisher": "https://www.facebook.com/hiplatinas/", "tag": "relationships", "section": "Lifestyle", "published_time": "2018-03-30T13:02:33+00:00", "modified_time": "2020-10-23T14:22:44+00:00"}, "twitter": {"card": "summary", "description": "You know it's serious when a couple moves in together, but this new purchase by the hot couple is next level. You have to see the pictures to believe it.", "title": "J.Lo and A.Rod Just Bought Their Own Penthouse Together and It's Insane", "site": "@hip_latina", "image": "https://1qxya61uvyue18mpsx3zc8om-wpengine.netdna-ssl.com/wp-content/uploads/sites/2/2018/03/john-cameron-fGiJtgi2RRg-unsplash.jpg", "creator": "@hip_latina"}, "BridPlugin": "oauth_token:01110011 01100101 01100011 01110010 01100101 01110100|ver:2.7|site:7400|unit:2380|width:1400|height:788|autoplay:1|aspect:1|user_id:6834|default_channel:123|visual:0|ovr_def:0|player:15848|unit_width:480|unit_height:270|video_image:|async_embed:1|widget:1|channels:Array|google_seo:0|disable_video_autosave:|raw_embed:0", "fb": {"app_id": 348280475330978}, "generator": "Powered by WPBakery Page Builder - drag and drop page builder for WordPress."}, "movies": [], "publish_date": 1522414953.0, "source": "http://hiplatina.com", "summary": ""}