{"url": "http://www.youtube.com/watch?v=_YXqf_6ug54", "text": "", "images": ["https://i.ytimg.com/vi/_YXqf_6ug54/hqdefault.jpg"], "top_img": "https://i.ytimg.com/vi/_YXqf_6ug54/hqdefault.jpg", "keywords": [], "authors": [], "canonical_link": "https://www.youtube.com/watch?v=_YXqf_6ug54", "title": "Mourning in America", "meta_data": {"theme-color": "rgba(255, 255, 255, 0.98)", "title": "Mourning in America", "description": "In 1984, the Reagan reelection campaign set the standard for modern political advertising with its fabled \"Morning in America\" series, which included one of ...", "keywords": "Mourning in America, Morning in America, Reagan, Obama, debt, spending, zeitgeist, Reid, Pelosi, Axelrod, Fred, Davis", "og": {"site_name": "YouTube", "url": "https://www.youtube.com/watch?v=_YXqf_6ug54", "title": "Mourning in America", "image": {"identifier": "https://i.ytimg.com/vi/_YXqf_6ug54/hqdefault.jpg", "width": 480, "height": 360}, "description": "In 1984, the Reagan reelection campaign set the standard for modern political advertising with its fabled \"Morning in America\" series, which included one of ...", "type": "video.other", "video": {"url": "https://www.youtube.com/embed/_YXqf_6ug54", "secure_url": "https://www.youtube.com/embed/_YXqf_6ug54", "type": "text/html", "width": 640, "height": 360, "tag": "Davis"}}, "al": {"ios": {"app_store_id": 544007664, "app_name": "YouTube", "url": "vnd.youtube://www.youtube.com/watch?v=_YXqf_6ug54&feature=applinks"}, "android": {"url": "vnd.youtube://www.youtube.com/watch?v=_YXqf_6ug54&feature=applinks", "app_name": "YouTube", "package": "com.google.android.youtube"}, "web": {"url": "http://www.youtube.com/watch?v=_YXqf_6ug54&feature=applinks"}}, "fb": {"app_id": 87741124305}, "twitter": {"card": "player", "site": "@youtube", "url": "https://www.youtube.com/watch?v=_YXqf_6ug54", "title": "Mourning in America", "description": "In 1984, the Reagan reelection campaign set the standard for modern political advertising with its fabled \"Morning in America\" series, which included one of ...", "image": "https://i.ytimg.com/vi/_YXqf_6ug54/hqdefault.jpg", "app": {"name": {"iphone": "YouTube", "ipad": "YouTube", "googleplay": "YouTube"}, "id": {"iphone": 544007664, "ipad": 544007664, "googleplay": "com.google.android.youtube"}, "url": {"iphone": "vnd.youtube://www.youtube.com/watch?v=_YXqf_6ug54&feature=applinks", "ipad": "vnd.youtube://www.youtube.com/watch?v=_YXqf_6ug54&feature=applinks", "googleplay": "https://www.youtube.com/watch?v=_YXqf_6ug54"}}, "player": {"identifier": "https://www.youtube.com/embed/_YXqf_6ug54", "width": 640, "height": 360}}}, "movies": [], "publish_date": null, "source": "http://www.youtube.com", "summary": ""}