{"url": "https://www.usmagazine.com/celebrity-news/news/wizards-of-waverly-place-star-david-henrie-is-married-w478297/", "text": "A fairy tale beginning! Wizards of Waverly Place star David Henrie married his longtime girlfriend, Maria Cahill, in an Old Hollywood\u2013inspired wedding in Los Angeles on Friday, April 21.\n\nThe 27-year-old former Disney star and Cahill, a former Miss Delaware, tied the knot before some of Henrie\u2019s Waverly Place castmates, including Selena Gomez, Jake T. Austin, Jennifer Stone and Maria Canals-Barrera.\n\nA special day with some amazing people. A post shared by Jake T. Austin (@jaketaustin) on Apr 22, 2017 at 12:00pm PDT\n\nGomez, 24, and Henrie last reunited in January for the \u201cKill \u2018Em With Kindness\u201d singer\u2019s first Instagram story. (He and Gomez played siblings along with Austin, 22, who played their younger brother.)\n\nIn a statement to Entertainment Tonight, Henrie explained that he knew Cahill was The One from their first meeting.\n\nWOWP reunion at David Henrie\u2019s wedding today ??? #GomezUpdate pic.twitter.com/6QxBOoVqFi \u2014 Selena Gomez News (@MyLifeIsSelG) April 22, 2017\n\n\u201cI knew Maria was special from the moment I saw her,\u201d he said in the statement. \u201cNow, almost three years later, it\u2019s almost surreal that we\u2019re finally getting married. We\u2019re so blessed to be surrounded by our family and friends to celebrate this special day and I can\u2019t wait to start this next adventure with my best friend and soulmate.\u201d\n\nThe Disney alum announced the pair\u2019s engagement this past January, telling fans that he initially wasn\u2019t sure whether he wanted to make a big announcement.\n\n\u201cI always debated keeping my personal life private or public, but you guys have meant so much to me over the years, I just have to share my JOY :),\u201d he captioned a black-and-white Instagram picture of the pair. \u201c#marriage is beautiful. I can not wait.\u201d", "images": ["https://www.usmagazine.com/wp-content/themes/us-weekly/assets/img/svg-icons/logo-tag-registered-green.svg", "https://www.usmagazine.com/wp-content/themes/us-weekly/assets/img/placeholders/default-usweekly.svg", "https://i1.wp.com/www.usmagazine.com/wp-content/uploads/david-henrie-wedding-090e186f-0e3e-47af-a908-d43b0f6ba212.jpg?crop=117px%2C9px%2C1367px%2C717px&resize=1200%2C630&ssl=1&quality=86&strip=all", "https://www.usmagazine.com/wp-content/themes/us-weekly/assets/img/svg-icons/logo-tag-registered.svg", "https://www.usmagazine.com/wp-content/themes/us-weekly/assets/img/svg-icons/icon-download.svg", "https://www.usmagazine.com/wp-content/themes/us-weekly/assets/img/bg-subscribe.png"], "top_img": "https://i1.wp.com/www.usmagazine.com/wp-content/uploads/david-henrie-wedding-090e186f-0e3e-47af-a908-d43b0f6ba212.jpg?crop=117px%2C9px%2C1367px%2C717px&resize=1200%2C630&ssl=1&quality=86&strip=all", "keywords": [], "authors": ["Joyce Chen"], "canonical_link": "https://www.usmagazine.com/celebrity-news/news/wizards-of-waverly-place-star-david-henrie-is-married-w478297/", "title": "\u2018Wizards of Waverly Place\u2019 Star David Henrie Is Married", "meta_data": {"viewport": "width=device-width, initial-scale=1", "ir-site-verification-token": "-206090124", "fo-verify": "49e6fc6a-c68d-447f-9978-70e3eac455ac", "theme-color": "#fff", "description": "\u2018Wizards of Waverly Place\u2019 star David Henrie married Maria Cahill on Friday, April 21, and his Disney costars, including Selena Gomez, were on hand to celebrate \u2014 read more", "robots": "index, follow, max-snippet:-1, max-image-preview:large, max-video-preview:-1", "og": {"locale": "en_US", "type": "article", "title": "\u2018Wizards of Waverly Place\u2019 Star David Henrie Is Married", "description": "\u2018Wizards of Waverly Place\u2019 star David Henrie married Maria Cahill on Friday, April 21, and his Disney costars, including Selena Gomez, were on hand to celebrate \u2014 read more", "url": "https://www.usmagazine.com/celebrity-news/news/wizards-of-waverly-place-star-david-henrie-is-married-w478297/", "site_name": "Us Weekly", "updated_time": "2017-12-07T03:13:53+00:00", "image": {"identifier": "https://i1.wp.com/www.usmagazine.com/wp-content/uploads/david-henrie-wedding-090e186f-0e3e-47af-a908-d43b0f6ba212.jpg?crop=117px%2C9px%2C1367px%2C717px&resize=1200%2C630&ssl=1&quality=86&strip=all", "secure_url": "https://i1.wp.com/www.usmagazine.com/wp-content/uploads/david-henrie-wedding-090e186f-0e3e-47af-a908-d43b0f6ba212.jpg?crop=117px%2C9px%2C1367px%2C717px&resize=1200%2C630&ssl=1&quality=86&strip=all", "width": 1200, "height": 630}}, "article": {"publisher": "https://www.facebook.com/UsWeekly", "published_time": "2017-04-22T17:01:00+00:00", "modified_time": "2017-12-07T03:13:53+00:00"}, "fb": {"app_id": 1785612128341436}, "twitter": {"card": "summary_large_image", "title": "\u2018Wizards of Waverly Place\u2019 Star David Henrie Is Married", "description": "\u2018Wizards of Waverly Place\u2019 star David Henrie married Maria Cahill on Friday, April 21, and his Disney costars, including Selena Gomez, were on hand to celebrate \u2014 read more", "image": "https://i1.wp.com/www.usmagazine.com/wp-content/uploads/david-henrie-wedding-090e186f-0e3e-47af-a908-d43b0f6ba212.jpg?crop=117px%2C9px%2C1367px%2C717px&resize=1200%2C630&ssl=1&quality=86&strip=all", "creator": "@usweekly", "site": "@usweekly"}, "tragedy": "off", "generator": "WordPress 5.5.2", "msapplication-TileImage": "https://www.usmagazine.com/wp-content/uploads/2020/05/cropped-us-logo.png?w=270&quality=86&strip=all"}, "movies": [], "publish_date": 1492880460.0, "source": "https://www.usmagazine.com", "summary": ""}