{"url": "https://omgcheckitout.com/netflix-reportedly-reviving-carmen-sandiego-gina-rodriguez/", "text": "Do you miss Carmen Sandiego?\n\nWe may see her again soon on Netflix. As Tracking Board reports, Netflix will release 20 brand new episodes of the legendary \u201990s character\u2019s animated series. The purpose will remain the same \u2013 to teach children about geography in an entertaining way.\n\nThe new voice for Carmen will, according to the same report, be Gina Rodriguez, best known for leading role in Jane the Virgin.", "images": ["https://pixel.quantserve.com/pixel/p-Lt5C7hC-NKF-K.gif", "https://omgcheckitout.com/wp-content/uploads/2017/04/shutterstock_8588040bh-696x1001.jpg", "https://omgcheckitout.com/wp-content/uploads/2017/04/shutterstock_8588040bh.jpg", "https://omgcheckitout.com/wp-content/uploads/2018/02/shutterstock_9306496y-100x70.jpg", "https://omgcheckitout.com/wp-content/uploads/2020/11/11-324x400.jpg", "https://omgcheckitout.com/wp-content/uploads/2016/12/logo_transparent_background_small.png", "https://omgcheckitout.com/wp-content/uploads/2020/10/1-100x70.jpg", "https://certify.alexametrics.com/atrk.gif?account=3BRhr1Fx9f207i", "https://omgcheckitout.com/wp-content/uploads/2020/11/shutterstock_editorial_5866360b-100x70.jpg", "https://omgcheckitout.com/wp-content/uploads/2020/10/7-100x70.jpg"], "top_img": "https://omgcheckitout.com/wp-content/uploads/2017/04/shutterstock_8588040bh.jpg", "keywords": [], "authors": [], "canonical_link": "https://omgcheckitout.com/netflix-reportedly-reviving-carmen-sandiego-gina-rodriguez/", "title": "Netflix Is Reportedly Reviving Carmen Sandiego With Gina Rodriguez", "meta_data": {"viewport": "width=device-width, initial-scale=1.0", "og": {"image": {"identifier": "https://omgcheckitout.com/wp-content/uploads/2017/04/shutterstock_8588040bh.jpg", "width": 2085, "height": 3000}, "locale": "en_US", "type": "article", "title": "Netflix Is Reportedly Reviving Carmen Sandiego With Gina Rodriguez", "description": "Do you miss Carmen Sandiego? We may see her again soon on Netflix. As\u00a0Tracking Board reports, Netflix will release 20 brand new episodes of the legendary", "url": "https://omgcheckitout.com/netflix-reportedly-reviving-carmen-sandiego-gina-rodriguez/", "site_name": "OMG Check It Out !"}, "description": "Do you miss Carmen Sandiego? We may see her again soon on Netflix. As\u00a0Tracking Board reports, Netflix will release 20 brand new episodes of the legendary", "robots": "index, follow, max-snippet:-1, max-image-preview:large, max-video-preview:-1", "article": {"publisher": "https://facebook.com/omgcheckitout", "published_time": "2017-04-16T20:21:01+00:00", "modified_time": "2017-04-18T09:10:47+00:00"}, "twitter": {"card": "summary", "creator": "@OMG_CheckItOut", "site": "@OMG_CheckItOut"}, "theme-color": "#bc2025", "generator": "Powered by Visual Composer - drag and drop page builder for WordPress."}, "movies": [], "publish_date": 1492374061.0, "source": "https://omgcheckitout.com", "summary": ""}