{"url": "www.eonline.com/news/956453/inside-robert-pattinson-and-suki-waterhouse-s-casual-romance", "text": "Well, the cat's out of the bag.\n\nRobert Pattinson and Suki Waterhouse are \"casually dating,\" a source tells E! News.\n\nThis weekend, the Twilight star and model sparked rumors of a romance when they were spotted engaging in some heavy PDA while enjoying a midnight stroll through the streets of London. Since then, the pair has kept quiet about their relationship status, \"but they are definitely into each other,\" the insider confirmed.\n\nThe source said, \"Rob is having fun right now and has definitely moved on from his relationship with FKA Twigs.\"\n\nTheir recent rendezvous is no surprise as the two share many mutual friends and have hung out together before. So it makes sense that the Brits would reconnect, especially with the Water for Elephants star splitting his time between filming The King and hanging out in Suki's hometown of London.", "images": ["https://akns-images.eonline.com/eol_images/Entire_Site/2018630/rs_600x600-180730102028-600.Robert-Pattinson-Suki-Waterhouse-EXCLUSIVE-JR1-073018.jpg?fit=around%7C1080:1080&output-quality=90&crop=1080:1080;center,top"], "top_img": "https://akns-images.eonline.com/eol_images/Entire_Site/2018630/rs_600x600-180730102028-600.Robert-Pattinson-Suki-Waterhouse-EXCLUSIVE-JR1-073018.jpg?fit=around%7C1080:1080&output-quality=90&crop=1080:1080;center,top", "keywords": [], "authors": [], "canonical_link": "https://www.eonline.com/news/956453/inside-robert-pattinson-and-suki-waterhouse-s-casual-romance", "title": "Inside Robert Pattinson and Suki Waterhouse's ''Casual'' Romance", "meta_data": {"viewport": "width=device-width, initial-scale=1, maximum-scale=1, user-scalable=0", "google-site-verification": "jOadQCDbZTkKw5sn27yXszjIb9c3PdMPHENN92uPWy8", "msvalidate.01": "564B986CE3CECCAE84779191BEC6B755", "fb": {"admins": 10101649, "pages": 1387539234854280, "app_id": 195662528604}, "og": {"title": "Inside Robert Pattinson and Suki Waterhouse's ''Casual'' Romance - E! Online", "type": "article", "url": "https://www.eonline.com/news/956453/inside-robert-pattinson-and-suki-waterhouse-s-casual-romance", "site_name": "E! Online", "description": "Source tells E! News the two Brits are \"definitely into each other\"", "locale": "en_US", "image": {"identifier": "https://akns-images.eonline.com/eol_images/Entire_Site/2018630/rs_600x600-180730102028-600.Robert-Pattinson-Suki-Waterhouse-EXCLUSIVE-JR1-073018.jpg?fit=around%7C1080:1080&output-quality=90&crop=1080:1080;center,top", "width": 1080, "height": 1080}}, "article": {"tag": "robert_pattinson,couples,suki_waterhouse", "published_time": "Tue Jul 31 20:35:00 GMT+0 2018", "modified_time": "Tue Jul 31 23:36:07 GMT+0 2018", "content_tier": "free", "opinion": "false"}, "description": "Source tells E! News the two Brits are \"definitely into each other\"", "twitter": {"card": "summary_large_image", "site": "https://twitter.com/eonline", "title": "Inside Robert Pattinson and Suki Waterhouse's ''Casual'' Romance - E! Online", "description": "Source tells E! News the two Brits are \"definitely into each other\"", "image": "https://akns-images.eonline.com/eol_images/Entire_Site/2018630/rs_600x600-180730102028-600.Robert-Pattinson-Suki-Waterhouse-EXCLUSIVE-JR1-073018.jpg?fit=around%7C1080:540&output-quality=90&crop=1080:540;center,top", "url": "https://www.eonline.com/news/956453/inside-robert-pattinson-and-suki-waterhouse-s-casual-romance"}, "sailthru.contenttype": "news", "sailthru.cid": 956453, "sailthru.ed.cid": "us_956453", "sailthru.edition": "us", "sailthru.image.full": "https://akns-images.eonline.com/eol_images/Entire_Site/2018630/rs_600x600-180730102028-600.Robert-Pattinson-Suki-Waterhouse-EXCLUSIVE-JR1-073018.jpg?fit=around%7C1080:1080&output-quality=90&crop=1080:1080;center,top", "sailthru.date": "2018 07 31 20:35:00", "sailthru.title": "Inside Robert Pattinson and Suki Waterhouse's ''Casual'' Romance", "sailthru.tags": "robert_pattinson,couples,suki_waterhouse", "robots": "max-image-preview:large"}, "movies": [], "publish_date": 1533069300.0, "source": "http://www.eonline.com", "summary": ""}