{"url": "hollywoodlife.com/2017/09/08/brad-pitt-fears-falling-in-love-again-angelina-jolie-divorce/", "text": "Brad Pitt is keeping his relationship with co-star Ruth Negga \u2018light and casual\u2019 for now, as HollywoodLife.com has EXCLUSIVELY learned he\u2019s afraid of falling in love again after his painful divorce from Angelina Jolie.\n\nRuth Negga, 35, for a part in his in-production sci-fi movie, Ad Astra \u2014 but you won\u2019t be seeing them engaging in any sort of romantic relationship anytime soon. Despite a recent report by Brad Pitt , 53, may be working with a sexy new actress \u2014 he allegedly hand-picked Irish star, 35, for a part in his in-production sci-fi movie, Ad Astra \u2014 but you won\u2019t be seeing them engaging in any sort of romantic relationship anytime soon. Despite a recent report by Radar Online , claiming that Ruth may be Brad\u2019s next girlfriend, we\u2019ve EXCLUSIVELY learned that he\u2019s scared of falling in love again after parting ways with his ex-wife, Angelina Jolie, 42. So for the time being, he\u2019s keeping things \u201clight and casual\u201d with Ruth. He certainly has a crush on Ruth, but that\u2019s as far as anything will go right now. Poor Brad.\n\n\u201cBrad fears falling in love again after suffering from a broken heart with Angelina. Brad has great chemistry with his co-star, Ruth, but he is cautiously keeping things between them light and casual. Brad is keeping it light and friendly with Ruth, as he has with any other women he meets these days,\u201d a source close to Brad tells HollywoodLife.com EXCLUSIVELY. \u201cHe may have a crush on the beautiful co-star, but he will not be falling in love again anytime soon.\u201d Another source tells us, \u201c[Brad and Ruth\u2019s] relationship is strictly professional and any chemistry between them is in the on-screen context.\u201d\n\nMeanwhile, Angelina recently revealed she hates being single, so perhaps she doesn\u2019t feel the same way that Brad does. Or if she is fearful of falling in love again post-divorce, maybe she\u2019ll \u201crip the Band-Aid off\u201d and do it anyway. \u201cI don\u2019t enjoy being single. It\u2019s not something I wanted,\u201d Angelina revealed during a candid interview with the Sunday Telegraph. \u201cThere are no upsides, there\u2019s nothing nice about it. It\u2019s just hard.\u201d Preach, sister.\n\nHollywoodLifers, how do YOU feel about Brad Pitt falling in love again after his divorce from Angelina Jolie? Is it too soon? Tell us below!", "images": ["https://hollywoodlife.com/wp-content/uploads/2020/11/lori-harvey-michael.b-jordan-spotted-ap-ftr-1.jpg?w=143&h=80&crop=1", "https://stylecaster.com/wp-content/uploads/2020/11/k-beauty.gif?w=230&crop=1", "https://hollywoodlife.com/wp-content/uploads/2015/05/chrisrogers.jpg?w=48", "https://hollywoodlife.com/wp-content/uploads/2020/11/Megan-Thee-Stallion-Admits-She-Has-\u2018Chemistry-With-DaBaby-ap-ftr.jpg?w=143&h=80&crop=1", "https://hollywoodlife.com/wp-content/uploads/2020/11/christina-milian-one-piece-swimsuit-splashnews-ftr.jpg?w=143&h=80&crop=1", "https://www.rollingstone.com/wp-content/uploads/2020/09/macys-parade-going-virtual.jpg?w=230&crop=1", "http://pixel.quantserve.com/pixel?a.1=p-6fKiDaopTGEQg&a.2=p-31f3D02tYU8zY", "https://hollywoodlife.com/wp-content/uploads/2017/09/brad-pitt-falling-in-love-again-after-divorce-ftr.jpg?w=620", "https://tvline.com/wp-content/uploads/2020/11/the-prom-movie-trailer.jpg?w=230&crop=1", "https://hollywoodlife.com/wp-content/uploads/2017/09/brad-pitt-falling-in-love-again-after-divorce-ftr.jpg", "https://sb.scorecardresearch.com/p?c1=2&c2=6035310&c3=&c4=&c5=&c6=&c15=&cv=2.0&cj=1", "data:image/gif;base64,R0lGODlhAQABAIAAAAAAAP///yH5BAEAAAAALAAAAAABAAEAAAIBRAA7", "https://www.sheknows.com/wp-content/uploads/2020/11/ols5-092119-4402-a-7-1.jpg?w=230&crop=1", "https://footwearnews.com/wp-content/uploads/2020/11/dollar-tree-store.jpg?w=230&crop=1"], "top_img": "https://hollywoodlife.com/wp-content/uploads/2017/09/brad-pitt-falling-in-love-again-after-divorce-ftr.jpg", "keywords": [], "authors": ["Chris Rogers", "Reshma Gopaldas", "Elizabeth Denton", "Andy Swift", "Claire Shaffer", "Sheena Butler-Young", "Deputy Editor Of Los Angeles"], "canonical_link": "https://hollywoodlife.com/2017/09/08/brad-pitt-fears-falling-in-love-again-angelina-jolie-divorce/", "title": "Brad Pitt \u2018Fears Falling In Love Again\u2019 After Angelina Jolie Divorce: Keeping It \u2018Casual\u2019 With Co-Star", "meta_data": {"description": "Brad Pitt is keeping his relationship with co-star Ruth Negga 'light and casual' for now.", "news_keywords": "Angelina Jolie, Brad Pitt", "apple-itunes-app": "app-id=1400650284", "generator": "WordPress 5.5.2", "author": "Chris Rogers", "theme-color": "#fff", "apple-mobile-web-app-capable": "yes", "mobile-web-app-capable": "yes", "apple-touch-fullscreen": "YES", "apple-mobile-web-app-title": "Hollywood Life", "application-name": "Hollywood Life", "fb": {"pages": 94724837471}, "robots": "max-image-preview:large", "onesignal": "wordpress-plugin", "og": {"type": "article", "title": "Brad Pitt \u2018Fears Falling In Love Again\u2019 After Angelina Jolie Divorce: Keeping It \u2018Casual\u2019 With Co-Star", "url": "https://hollywoodlife.com/2017/09/08/brad-pitt-fears-falling-in-love-again-angelina-jolie-divorce/", "description": "Brad Pitt is keeping his relationship with co-star Ruth Negga \u2018light and casual\u2019 for now, as HollywoodLife.com has EXCLUSIVELY learned he\u2019s afraid of falling in love again after h\u2026", "site_name": "Hollywood Life", "image": {"identifier": "https://hollywoodlife.com/wp-content/uploads/2017/09/brad-pitt-falling-in-love-again-after-divorce-ftr.jpg", "width": 620, "height": 349}, "locale": "en_US"}, "article": {"published_time": "2017-09-08T22:53:37+00:00", "modified_time": "2017-09-09T04:51:20+00:00"}, "twitter": {"text": {"title": "Brad Pitt \u2018Fears Falling In Love Again\u2019 After Angelina Jolie Divorce: Keeping It \u2018Casual\u2019 With Co-Star"}, "image": "https://hollywoodlife.com/wp-content/uploads/2017/09/brad-pitt-falling-in-love-again-after-divorce-ftr.jpg?w=620", "card": "summary_large_image", "site": "@HollywoodLife", "creator": "@https://twitter.com/ChrisRogers86/", "title": "Brad Pitt \u2018Fears Falling In Love Again\u2019 After Angelina Jolie Divorce: Keeping It \u2018Casual\u2019 With Co-Star", "description": "Brad Pitt is keeping his relationship with co-star Ruth Negga 'light and casual' for now."}, "msapplication-TileImage": "https://hollywoodlife.com/wp-content/uploads/2018/06/hl_logo.png?w=128"}, "movies": [], "publish_date": 1504821600.0, "source": "http://hollywoodlife.com", "summary": ""}