{"url": "www.romper.com/p/kim-kardashian-revealed-how-much-saints-diaper-bag-costs-its-um-shocking-75879", "text": "The diaper bag I use for my toddler ran about $70. To me, that was a pretty hefty price to pay. Then Kim Kardashian revealed how much Saint's diaper bag costs. I don't think I could complain about dropping $70 on anything in my life again. Kardashian's diaper bag for Saint reportedly costs $23,000, Us Weekly reported, citing a blog post the celebrity mom wrote Thursday.\n\nThe diaper bag in question is a Herm\u00e8s Birkin purse, which usually cost thousands of dollars, according to ABC. (The most expensive Birkin handbag sold for $379,261 in June.) So it shouldn't be a surprise that Kardashian is carrying around a $23,000 diaper bag for her 20-month-old son. I won't lie, though: I choked on my water when I saw that price tag.\n\nIn a post for her official app, Kardashian explained more about the origin of Saint's diaper bag,\n\nBut the thing is, it\u2019s a really old bag. It was my first Birkin bag that I ever bought. ... But that\u2019s all they had and I just wanted one so badly and I\u2019d saved and saved and that\u2019s all they had and I took it. When I got pregnant I was like, \u2018perfect! I\u2019ll use it as a diaper bag.\u2019\n\nThis isn't the first time Kardashian used a diaper bag with a price tag in the five-digit range. According to the Hollywood Life, the 36-year-old entrepreneur used a $30,000 Herm\u00e8s Birkin handbag to carry around diapers, snacks, and wipes when daughter North West was only a few months old in 2013.\n\nStill, for many of us, $23,000 is a shocking price. After all, that's how much I spend on nearly two year's worth of rent. It's a huge chunk of change most of us won't have the chance to hold in our hands for even a second. Of course, I'm not judging Kardashian for dropping that kind of money; she has it to spend, obviously, and spend she should. And it seems her Herm\u00e8s Birkin bag will stand the test of time and weather, which is more than I could say for mine.\n\nIn fact, as US Weekly pointed out, Kardashian could probably use the Herm\u00e8s Birkin diaper bag when she and Kayne West have their third child next year via surrogacy. (Kardashian has been quite public about her high-risk pregnancy complications and desire to have more children.) The powerhouse couple have reportedly recently chosen a surrogate, a mom from San Diego in her late 20s. They're expecting to welcome their newest addition in January 2018, according to reports.", "images": ["https://pixel.quantserve.com/pixel/p-xPmcrFNGfHkBg.gif", "https://cdn2.bustle.com/romper/2020/logo-e94059045b.svg", "https://sb.scorecardresearch.com/p?c1=2&c2=17519299&cs_ucfr=0&cv=2.0&cj=1", "https://www.facebook.com/tr?id=932972280084675&ev=PageView&noscript=1", "https://imgix.bustle.com/uploads/getty/2017/8/10/305a1e6b-75e4-4d0f-bd8c-a143f43655ce-getty-532000996.jpg?w=1200&h=630&q=70&fit=crop&crop=faces&fm=jpg", "https://imgix.bustle.com/uploads/getty/2017/8/10/305a1e6b-75e4-4d0f-bd8c-a143f43655ce-getty-532000996.jpg?w=540&auto=format%2Ccompress&cs=srgb&q=70&fit=crop&crop=faces"], "top_img": "https://imgix.bustle.com/uploads/getty/2017/8/10/305a1e6b-75e4-4d0f-bd8c-a143f43655ce-getty-532000996.jpg?w=1200&h=630&q=70&fit=crop&crop=faces&fm=jpg", "keywords": [], "authors": [], "canonical_link": "https://www.romper.com/p/kim-kardashian-revealed-how-much-saints-diaper-bag-costs-its-um-shocking-75879", "title": "Saint West's Diaper Bag Is Worth More Than Your Car, Hopes, Dreams", "meta_data": {"viewport": "width=device-width,initial-scale=1", "referrer": "unsafe-url", "twitter": {"site": "@romper", "card": "summary_large_image"}, "og": {"site_name": "Romper", "url": "https://www.romper.com/p/kim-kardashian-revealed-how-much-saints-diaper-bag-costs-its-um-shocking-75879", "type": "article", "title": "Saint West's Diaper Bag Is Worth More Than Your Car, Hopes, Dreams", "description": "The diaper bag I use for my toddler ran about $70. To me, that was a pretty hefty price to pay. Then Kim Kardashian revealed how much Saint's diaper bag costs. I don't think I could complain about dropping $70 on anything in my life again.\u2026", "image": {"identifier": "https://imgix.bustle.com/uploads/getty/2017/8/10/305a1e6b-75e4-4d0f-bd8c-a143f43655ce-getty-532000996.jpg?w=1200&h=630&q=70&fit=crop&crop=faces&fm=jpg", "width": 1200, "height": 630}}, "fb": {"app_id": 132694503601208}, "article": {"publisher": "https://www.facebook.com/romperdotcom"}, "description": "The diaper bag I use for my toddler ran about $70. To me, that was a pretty hefty price to pay. Then Kim Kardashian revealed how much Saint's diaper bag costs. I don't think I could complain about dropping $70 on anything in my life again.\u2026"}, "movies": [], "publish_date": null, "source": "http://www.romper.com", "summary": ""}