{"url": "www.telegraph.co.uk/news/2017/08/22/hollywood-bollywood-gender-pay-gap-revealed-highest-paid-actress/", "text": "The Hollywood gender pay gap has been laid bare in figures that show highest-paid actress Emma Stone is out-earned by 14 male actors.\n\nStone earned $26 million (around \u00a320 million) in the year up to June 2017, due in part to the success of the hit musical La La Land.\n\nBut she would only rank 15th in an overall table of Hollywood\u2019s - and Bollywood's - biggest earners.", "images": ["http://www.telegraph.co.uk/content/dam/politics/2020/11/25/TELEMMGLPICT000243948706-small_trans_NvBQzQNjv4BqdyzzeLTVDDdM_6qhSz43_O7Gf2qrCQxybNEE5SA1xbs.jpeg", "http://www.telegraph.co.uk/content/dam/politics/2020/11/26/261120_ZD_NEW_RULES_LOCKDOWN-03-1-small_trans_NvBQzQNjv4BqufPWexoDNO0wvV3FQMbBIDJHZ7jRKbA15p4Bvck6XLk.jpg", "http://www.telegraph.co.uk/content/dam/news/2020/11/26/TELEMMGLPICT000245375245-small_trans_NvBQzQNjv4BqJKePjvA7KLjUjS7c8w6DUD4oI0ZREogNZR0ZHEzbJbc.jpeg", "https://www.telegraph.co.uk/content/dam/news/2017/08/22/TELEMMGLPICT000117432319_trans_NvBQzQNjv4BqqVzuuqpFlyLIwiB6NTmJweyzqlfEG82ygVq5CRKny40.jpeg?impolicy=logo-overlay", "http://www.telegraph.co.uk/content/dam/news/2017/08/22/TELEMMGLPICT000117432319_trans_NvBQzQNjv4BqqVzuuqpFlyLIwiB6NTmJweyzqlfEG82ygVq5CRKny40.jpeg?imwidth=450", "http://www.telegraph.co.uk/content/dam/news/2020/11/26/TELEMMGLPICT000245279531-small_trans_NvBQzQNjv4BqpVlberWd9EgFPZtcLiMQfyf2A9a6I9YchsjMeADBa08.jpeg", "http://www.telegraph.co.uk/content/dam/news/2020/11/25/TELEMMGLPICT000245267871-small_trans_NvBQzQNjv4Bq3XmyF3YIL3K1caQxZsZv2Ssm-UOV8_Q90I8_c5Af0yY.jpeg", "http://www.telegraph.co.uk/content/dam/news/2020/11/23/2311_Tier1_LEAD-small_trans_NvBQzQNjv4BqqVzuuqpFlyLIwiB6NTmJwfSVWeZ_vEN7c6bHu2jJnT8.jpg", "http://www.telegraph.co.uk/content/dam/news/2020/11/26/TELEMMGLPICT000245370638-small_trans_NvBQzQNjv4BqaBJSHwufYM_Fh0ArUj1hen6jm8JmtdbOYDNXtsUnvuU.jpeg", "http://www.telegraph.co.uk/content/dam/news/2020/11/26/GettyImages-543753872-small_trans_NvBQzQNjv4BqyjCZXk3xEOV718edyZKWiOJyXdH0kngI70q-b3rCYMg.jpg", "http://www.telegraph.co.uk/content/dam/environment/2020/11/26/TELEMMGLPICT000184581534-small_trans_NvBQzQNjv4BqeoMPseA8rXxS7fV2a1a45RR0oWjcIvW4VDyV5L2RoS8.jpeg", "http://www.telegraph.co.uk/content/dam/generic/Matt-cartoon-255x206px-small.png", "http://www.telegraph.co.uk/content/dam/news/2017/08/22/TELEMMGLPICT000033294209_trans_NvBQzQNjv4Bqek9vKm18v_rkIPH9w2GMNtm3NAjPW-2_OvjCiS6COCU.jpeg?imwidth=480", "http://www.telegraph.co.uk/content/dam/news/2020/11/26/TELEMMGLPICT000169819968-small_trans_NvBQzQNjv4Bqek9vKm18v_rkIPH9w2GMNtm3NAjPW-2_OvjCiS6COCU.jpeg", "http://www.telegraph.co.uk/content/dam/PortalPictures/Nov2020/228133950_%C3%82%C2%A9Stuart%20Nicol%20Photography_May0094614_DTel_Weekend_Gardening_Pet_Safety-small.png", "https://i.ytimg.com/vi/CWPTIWgQfww/mqdefault_live.jpg", "http://www.telegraph.co.uk/content/dam/TheTelegraph_portal_white-320-small.png", "http://www.telegraph.co.uk/content/dam/news/2020/09/29/TELEMMGLPICT000230248503-small_trans_NvBQzQNjv4BqVV3O4fliYhybKGByz6q2IDyQYbXR70-6O2GfxRHSQHE.jpeg", "http://www.telegraph.co.uk/content/dam/news/2020/10/27/TELEMMGLPICT000242617180-small_trans_NvBQzQNjv4BqBrLFYIpvrVkg-3i7G5QYcR1Sd9C6GjBHiUqy-iFL-LU.jpeg", "https://i.ytimg.com/vi/RdYVxoE7xWo/mqdefault_live.jpg", "http://www.telegraph.co.uk/content/dam/news/2020/11/26/TELEMMGLPICT000227077031-small_trans_NvBQzQNjv4BqQDfO_Li8BnuRdRCVfSGXuQvhzdjcZien2ya59CfVOfk.jpeg", "https://i.ytimg.com/vi/RdYVxoE7xWo/mqdefault.jpg", "http://www.telegraph.co.uk/content/dam/politics/2020/11/26/TELEMMGLPICT000245374317-small_trans_NvBQzQNjv4BqpVlberWd9EgFPZtcLiMQfyf2A9a6I9YchsjMeADBa08.jpeg", "http://www.telegraph.co.uk/content/dam/global-health/2020/10/19/1810_HK_vaccine_2-small_trans_NvBQzQNjv4BqiA0a4wx_vHPqDOcP5ctsdXNolPDHvLLpjkycZ9Qvj0o.jpg", "http://www.telegraph.co.uk/content/dam/politics/2020/11/26/TELEMMGLPICT000245371552-small_trans_NvBQzQNjv4BqKR1Itdz8ycvgDfbrq6A5-PaLmoxi8t6uyKTdFq3xyO4.jpeg", "https://img.youtube.com/vi/t5zSeZAE_T4/mqdefault.jpg"], "top_img": "https://www.telegraph.co.uk/content/dam/news/2017/08/22/TELEMMGLPICT000117432319_trans_NvBQzQNjv4BqqVzuuqpFlyLIwiB6NTmJweyzqlfEG82ygVq5CRKny40.jpeg?impolicy=logo-overlay", "keywords": [], "authors": ["Anita Singh", "Ashley Kirk", "Arts", "Entertainment Editor", "Flic Everett"], "canonical_link": "https://www.telegraph.co.uk/news/2017/08/22/hollywood-bollywood-gender-pay-gap-revealed-highest-paid-actress/", "title": "Hollywood gender pay gap revealed: Find out who are the highest paid stars", "meta_data": {"msapplication-TileColor": "#2c769d", "msapplication-TileImage": "/etc/designs/telegraph/core/clientlibs/core/icons/mstile-144x144.png", "msapplication-tooltip": "The Telegraph", "msapplication-config": "/etc/designs/telegraph/core/clientlibs/core/icons/browserconfig.xml", "msapplication-square310x310logo": "/etc/designs/telegraph/core/clientlibs/core/icons/mstile-310x310.png", "msapplication-wide310x150logo": "/etc/designs/telegraph/core/clientlibs/core/icons/mstile-310x150.png", "msapplication-square150x150logo": "/etc/designs/telegraph/core/clientlibs/core/icons/mstile-150x150.png", "msapplication-square70x70logo": "/etc/designs/telegraph/core/clientlibs/core/icons/mstile-70x70.png", "viewport": "width=device-width, initial-scale=1, user-scalable=yes", "description": "The Hollywood gender pay gap has been laid bare in figures that show highest-paid actress Emma Stone is out-earned by 14 male actors.", "keywords": "Jennifer Lawrence,Hollywood,Vin Diesel,Mila Kunis,Robert Downey Jr.,Gender Pay Gap,Standard,Tom Cruise,Data story,Ryan Gosling,Jennifer Aniston,News", "tmgads.channel": "news", "tmgads.section": "news-2017", "tmgads.zone": "news.2017.08.22", "tmgads.articleid": "ApT4JBfSFgk5", "tmgads.pagetype": "story", "tmgads.level": 5, "tmgads.geo": "SE", "tmgads.keywords": "Jennifer Lawrence,Hollywood,Vin Diesel,Mila Kunis,Robert Downey Jr.,Gender Pay Gap,Standard,Tom Cruise,Data story,Ryan Gosling,Jennifer Aniston,News", "DCSext.Channel": "news", "DCSext.Category": 2017, "DCSext.Genre": 8, "DCSext.MLC": "/news/2017/08/22", "DCSext.articleId": "ApT4JBfSFgk5", "DCSext.Content_Type": "story", "DCSext.Level": 5, "DCSext.author": "Anita Singh; Ashley Kirk", "DCSext.articleFirstPublished": "2017-08-22 15:00", "DCSext.cf": 0, "DCSext.cd": 0, "DCSext.cn": 0, "DCSext.pd": 1, "og": {"title": "Hollywood gender pay gap revealed: Find out who are the highest paid stars", "description": "The Hollywood gender pay gap has been laid bare in figures that show highest-paid actress Emma Stone is out-earned by 14 male actors.", "type": "article", "site_name": "The Telegraph", "url": "https://www.telegraph.co.uk/news/2017/08/22/hollywood-bollywood-gender-pay-gap-revealed-highest-paid-actress/", "image": "https://www.telegraph.co.uk/content/dam/news/2017/08/22/TELEMMGLPICT000117432319_trans_NvBQzQNjv4BqqVzuuqpFlyLIwiB6NTmJweyzqlfEG82ygVq5CRKny40.jpeg?impolicy=logo-overlay"}, "twitter": {"title": "Hollywood gender pay gap revealed: Find out who are the highest paid stars", "url": "https://www.telegraph.co.uk/news/2017/08/22/hollywood-bollywood-gender-pay-gap-revealed-highest-paid-actress/", "image": "https://www.telegraph.co.uk/content/dam/news/2017/08/22/TELEMMGLPICT000117432319_trans_NvBQzQNjv4BqqVzuuqpFlyLIwiB6NTmJweyzqlfEG82ygVq5CRKny40.jpeg?impolicy=logo-overlay", "site": "@TelegraphNews", "description": "The Hollywood gender pay gap has been laid bare in figures that show highest-paid actress Emma Stone is out-earned by 14 male actors.", "card": "summary_large_image"}, "tmgads.businessSegment": "news", "tmg.premium.override": "true", "tmg.premium.state": "true", "premiumContentOnFirstPublish": "false", "article": {"content_tier": "locked", "opinion": "false"}, "fb": {"pages": 122346694516955}, "tmg.app": "false", "fbn-bypass": "false", "robots": "max-snippet:-1,max-image-preview:standard,max-video-preview:-1"}, "movies": [], "publish_date": 1503352800.0, "source": "http://www.telegraph.co.uk", "summary": ""}