{"url": "www.newsday.com/entertainment/celebrities/katie-holmes-tom-cruise-divorce-deal-lets-her-control-suri-s-upbringing-source-says-1.3829086", "text": "This site is not available in your region\n\nIt appears that you are trying to access our website from a location in the European Union, which enforces the General Data Protection Regulation (GDPR). Unfortunately, because of this regulation we cannot provide access at this time. We appreciate your understanding.", "images": ["http://www.newsday.com/entertainment/celebrities/newsdayLogo.svg"], "top_img": "", "keywords": [], "authors": [], "canonical_link": "", "title": "Long Island's & NYC's News Source", "meta_data": {"viewport": "width=100%,initial-scale=1.0,maximum-scale=2.0", "robots": "noindex, nofollow"}, "movies": [], "publish_date": null, "source": "http://www.newsday.com", "summary": ""}