{"url": "https://www.popsugar.com/fashion/Gigi-Hadid-Best-Outfits-2018-44797208", "text": "This is no doubt Gigi Hadid's year to shine. Not convinced? Well, we took a look back at the outfits she has worn so far and, needless to say, they blew us away. While the supermodel's on-again, off-again relationship with singer Zayn Malik has everyone in a tizzy, her incredible street style is one thing that's been a constant all year long. From the shimmery gold Versace dress she wore for her 22nd birthday to a pair of simple yet chic leopard-print boots, we're counting down 31 of Gigi's best looks. Read on to have a look at what we're talking about ahead.", "images": ["https://sb.scorecardresearch.com/p?c1=2&c2=6035900&cv=2.0&cj=1&cs_ucfr=1", "https://media1.popsugar-assets.com/files/thumbor/8VKh3ZgXpgUOMYMsr4ntkuWUzfE/338x233:1799x1694/fit-in/550x550/filters:format_auto-!!-:strip_icc-!!-/2020/11/25/760/n/1922564/68d584695fbe91251a4463.87766925_/i/irina-shayk-cloud-print-coat.jpg", "https://media1.popsugar-assets.com/files/thumbor/j1QdJ99VnqfA3vPcwYxV_e1W5ko/761x0:3489x2728/fit-in/550x550/filters:format_auto-!!-:strip_icc-!!-/2020/11/25/751/n/1922564/b3b2cacb5fbe8df3942f76.44799496_/i/halima-aden-hijab-journey-in-fashion.jpg", "https://media1.popsugar-assets.com/files/thumbor/-4gF_2rLte4cRnWyxnlwmFFbMFk/0x0:1800x1800/fit-in/550x550/filters:format_auto-!!-:strip_icc-!!-/2020/11/24/963/n/1922564/acf12a5b5fbd842e094515.39683046_/i/best-style-moments-from-simple-life.jpg", "https://media1.popsugar-assets.com/v4628/themes/onsugar_themes/lightspeed/imgs/push_notification_icon.png", "https://media1.popsugar-assets.com/files/thumbor/hAlMW6WO_ETth9XQeW_eTE1N9MM/0x70:2000x2070/fit-in/550x550/filters:format_auto-!!-:strip_icc-!!-/2020/11/24/785/n/1922153/81150b185fbd4817892d25.88927211_/i/gigi-hadid-tattoo-meaning.jpg", "https://media1.popsugar-assets.com/v4628/static/imgs/Download_on_the_App_Store_Badge_US-UK_135x40.svg", "https://ts.popsugar.com/b/ss/popsugarglobalprod/1/H.26--NS/?v1=fab%3Aus:nojs", "https://www.popsugar.com/static/ck.php?nids[]=44797208&p=&u=0", "https://media1.popsugar-assets.com/files/thumbor/XUsVgYkcA_n8wn-1wreNsHPGp5I/fit-in/1200x630/filters:format_auto-!!-:strip_icc-!!-:fill-!white!-/2018/05/02/719/n/1922564/5b0dcc985ae9e42bb94e42.29009357_.jpg", "https://media1.popsugar-assets.com/files/docs/exit_2020_fashion.jpg", "https://media1.popsugar-assets.com/files/thumbor/KBEfZKl-golFgUCCcxQswDqEnGA/426x0:4639x4213/fit-in/550x550/filters:format_auto-!!-:strip_icc-!!-/2020/11/24/762/n/1922729/a2e6342d5fbd40307f9343.76693251_/i/peloton-beyonce-classes-instructor-outfits.jpg", "https://media1.popsugar-assets.com/files/thumbor/4T2SI7qTjM1SrBJwHzubjxKa2Ww/fit-in/1024x1024/filters:format_auto-!!-:strip_icc-!!-/2018/05/02/719/n/1922564/2269bad85ae9e4294c0ca9.47266280_/i/Gigi-Hadid-Best-Outfits-2018.jpg", "https://media1.popsugar-assets.com/files/thumbor/YAvxv6UVdqP_qDz3n028n8HfwzY/452x0:2012x1560/fit-in/550x550/filters:format_auto-!!-:strip_icc-!!-/2020/11/25/708/n/1922564/655ca67c5fbe7f74199ad0.48354122_/i/taylor-swift-folklore-disney-outfits.png", "https://www.facebook.com/tr?id=258101201039378&ev=PageView&noscript=1", "https://media1.popsugar-assets.com/files/thumbor/GGf16NW_hL74EqPVw2BEbVQb6iY/0x499:3092x1773/fit-in/550x550/filters:format_auto-!!-:strip_icc-!!-/2020/11/17/885/n/38761221/06ecbdbb5fb42f3f47e475.87534873_/i/how-to-honor-native-americans-on-thanksgiving.jpg", "https://media1.popsugar-assets.com/files/thumbor/Cc3lNAo4iHgMX4yHCox3NABHFbQ/150x150/filters:format_auto-!!-:strip_icc-!!-:sharpen-!1,0,true!-/2017/03/01/668/n/1922398/0f673d3758b6e2783a1bf5.56177758_14362632_10154299447966558_4593916872369849351_o/i/Nikita-Ramsinghani-avatar.jpg", "https://media1.popsugar-assets.com/files/thumbor/3O-WTj_XGqbHy-YWgt_q69yPGr4/75x75/filters:format_auto-!!-:strip_icc-!!-:sharpen-!1,0,true!-/2018/01/13/738/n/1922564/b4e35b7d5a5a37507d22a6.91983401_edit_img_image_40720189_1510581902/i/Gigi-Hadid-Zayn-Malik-Couple-Style.jpg"], "top_img": "https://media1.popsugar-assets.com/files/thumbor/XUsVgYkcA_n8wn-1wreNsHPGp5I/fit-in/1200x630/filters:format_auto-!!-:strip_icc-!!-:fill-!white!-/2018/05/02/719/n/1922564/5b0dcc985ae9e42bb94e42.29009357_.jpg", "keywords": [], "authors": ["Nikita Charuza"], "canonical_link": "https://www.popsugar.com/fashion/Gigi-Hadid-Best-Outfits-2018-44797208", "title": "31 Stylish Outfits That Prove 2018 Is Gigi Hadid's Year to Shine", "meta_data": {"viewport": "width=1120, maximum-scale=1.0", "article": {"author": "Nikita Charuza", "published_time": "2018-12-30T10:30:12-08:00"}, "author": "Nikita Charuza", "description": "This is no doubt Gigi Hadid's year to shine. Not convinced? Well, we took a look back at the outfits she has worn so far and, needless to say, they blew us", "fb": {"app_id": 175338224756, "pages": 112402358796244}, "og": {"article": {"modified_time": "2018-12-30T10:30:21-08:00", "published_time": "2018-12-30T10:30:12-08:00"}, "description": "Gigi had so many amazing looks in 2018.", "image": {"identifier": "https://media1.popsugar-assets.com/files/thumbor/XUsVgYkcA_n8wn-1wreNsHPGp5I/fit-in/1200x630/filters:format_auto-!!-:strip_icc-!!-:fill-!white!-/2018/05/02/719/n/1922564/5b0dcc985ae9e42bb94e42.29009357_.jpg", "alt": "31 Stylish Outfits That Prove 2018 Is Gigi Hadid's Year to Shine", "height": 628, "width": 1200}, "locale": "en_US", "site_name": "POPSUGAR Fashion", "title": "31 Stylish Outfits That Prove 2018 Is Gigi Hadid's Year to Shine", "type": "article", "url": "https://www.popsugar.com/node/44797208"}, "pin": {"description": "Gigi Hadid's Best Outfits 2018", "media": "https://media1.popsugar-assets.com/files/thumbor/J8RHhA1qKe-UXTiTwy6i_Bgzg4Y/fit-in/728xorig/filters:format_auto-!!-:strip_icc-!!-/2018/05/02/719/n/1922564/5b0dcc985ae9e42b4b0422.51040197_.jpg", "url": "https://www.popsugar.com/node/44797208"}, "publish_date": "Sun, 30 Dec 2018 10:30:12 PST", "twitter": {"card": "summary_large_image", "creator": "@POPSUGARFashion", "description": "This is no doubt Gigi Hadid's year to shine. Not convinced? Well, we took a look back at the outfits she has worn so far and, needless to say, they blew us", "domain": "POPSUGAR Fashion", "image": {"identifier": "https://media1.popsugar-assets.com/files/thumbor/OhNmBxqWcfHpq9uZPHR6Z5GJGok/fit-in/728xorig/filters:format_auto-!!-:strip_icc-!!-/2018/05/02/719/n/1922564/5b0dcc985ae9e42bb94e42.29009357_.jpg", "height": 380, "width": 728}, "site": "@POPSUGARFashion", "title": "31 Stylish Outfits That Prove 2018 Is Gigi Hadid's Year to Shine"}, "theme-color": "#002FA7", "msapplication-TileColor": "#002FA7", "msapplication-TileImage": "https://media1.popsugar-assets.com/v4628/static/imgs/apple/apple-touch-icon-180x180.png"}, "movies": [], "publish_date": 1546194612.0, "source": "https://www.popsugar.com", "summary": ""}