{"url": "https://web.archive.org/web/20070513055236/http://www.opensecrets.org/pres08/select.asp?Ind=K02", "text": "METHODOLOGY: The totals on these charts are calculated from PAC contributions and contributions from individuals giving more than $200, as reported to the Federal Election Commission. Individual contributions are generally categorized based on the donor's occupation/employer, although individuals may be classified instead as ideological donors if they've given more than $200 to an ideological PAC.\n\nNOTE: All the numbers on this page are for the 2008 election cycle and based on Federal Election Commission data released on Sunday, April 15, 2007. Feel free to distribute or cite this material, but please credit the Center for Responsive Politics. (Help! The numbers don't add up...\")", "images": ["https://web.archive.org/web/20070513055236im_/http://www.opensecrets.org/include/img/green.gif", "https://web.archive.org/web/20070513055236im_/http://www.opensecrets.org/img/home/top_right_off.gif", "https://web.archive.org/web/20070513055236im_/http://www.opensecrets.org/img/oslogo_white.gif", "https://web.archive.org/web/20070513055236im_/http://www.opensecrets.org/img/home/top_left.gif", "https://web.archive.org/web/20070513055236im_/http://www.opensecrets.org/img/home/top_right.gif", "https://web.archive.org/web/20070513055236im_/http://www.opensecrets.org/pres08/img/race.gif", "https://web.archive.org/web/20070513055236im_/http://www.opensecrets.org/include/img/space.gif", "https://web.archive.org/web/20070513055236im_/http://www.opensecrets.org/img/home/top_left_off.gif", "https://web.archive.org/web/20070513055236im_/http://www.opensecrets.org/img/crp_tiny.GIF"], "top_img": "", "keywords": [], "authors": [], "canonical_link": "", "title": "2008 Presidential Election", "meta_data": {"keywords": ",presidential, candidates, 2008 election, campaign, money, politics", "Generator": "TextPad", "description": "Profiles for 2008 presidential candidates. See where their money came from."}, "movies": [], "publish_date": null, "source": "https://web.archive.org", "summary": ""}