{"url": "https://www.hollywoodreporter.com/thr-esq/james-woods-drops-lawsuit-cocaine-addict-tweet-getting-trophy-letter-1022660", "text": "James Woods has received a letter that he can now frame and put on his mantel shelf alongside his Emmy and Golden Globe awards.\n\nFrom attorney Kenneth White, the letter states, \"On behalf of my client \u2014 the defendant referred to as 'Abe List' in the lawsuit filed by James Woods \u2014 and my client's surviving family, I acknowledge that they are not aware of any facts to suggest that Mr. Woods has ever been a cocaine addict or used any other drugs.\"\n\nTo earn this, Woods filed a $10 million libel action in July 2015. The target in the lawsuit was an anonymous Twitter user who responded to Woods' conservative politics by suggesting the actor was a \"cocaine addict.\" In filing the lawsuit, Woods wanted to send a message. \"AL, and anyone else using social media to propagate lies and do harm, should take note,\" stated the complaint handled by Michael Weinsten at Lavely & Singer. \"They are not impervious to the law.\"\n\nWoods then beat back an anti-SLAPP motion that attempted to make the argument that the \"cocaine addict\" tweet was \"a constitutionally protected political insult,\" the type made routinely by Woods as \"a well-known part of Twitter's culture of political hyperbole.\"\n\nAn appeal abruptly was cut short when the defendant died. That wouldn't stop Woods. The actor wrote that he hoped the defendant died \"screaming my name,\" adding, \"Learn this. Libel me, I'll sue you. If you die, I'll follow you to the bowels of Hell. Get it?\"\n\nWoods did make some efforts to pursue the defendant's estate, but that's all over now thanks to a settlement. Full terms hasn't been disclosed, but it does include White's letter.\n\n\"To be clear, my client did not intend for his July 15, 2015 tweet about Mr. Woods to be understood as a statement of fact,\" the letter continues. \"He regretted having made the tweet, and further regrets any harm caused to Mr. Woods' reputation by the tweet. His family was not aware of the tweet until after the fact and regrets if any harm came from the tweet being taken literally.\"\n\nWoods is done with this Twitter defamation case, but the tables have turned because he's a defendant in another.\n\nPortia Boulger, an Ohio woman, is suing him for $3 million. She claims he misidentified her as a Nazi on Twitter. Specifically, the Chicago Tribune posted a photograph of a woman at a Donald Trump rally who might have been making a Nazi salute. Other Twitter users asserted it was Boulger, which led Woods to tweet the photograph along with a question: \"So-called #Trump 'Nazi' is a #BernieSanders agitator/operative?\"\n\nThis got retweeted by Donald Trump, Jr.\n\nStill in court over the matter, Woods filed a motion for judgment on the pleadings last month. He argued the case was an attempt to quell his free speech rights.\n\n\"First, Plaintiff's claim for defamation fails as a matter of law because Mr. Woods' allegedly defamatory question is not a statement of fact,\" writes Woods' attorney. \"Nor would a reasonable reader interpret Mr. Woods' question \u2014 seeking clarification \u2014 as inferring any factual content.\"\n\nLater in the Woods' brief, it's argues that the word \"Nazi\" is \"inherently imprecise and subject to myriad subjective interpretations\" and that \"several courts have consistently held that use of the term 'Nazi' is rhetorical hyperbole.\"", "images": ["https://www.hollywoodreporter.com/assets/1606142862/images/homepage-icons/thr-esq.svg?5de16d88930168405795", "http://b.scorecardresearch.com/p?c1=2&c2=7395269&cv=2.0&cj=1", "https://static.hollywoodreporter.com/sites/default/files/2017/03/gettyimages-643057832_copy-928x523.jpg", "https://www.hollywoodreporter.com/assets/1606142862/images/brand/thr-logo-white.svg?5de16d88930168405795", "https://www.hollywoodreporter.com/assets/1606142862/images/brand/favicon.ico?5de16d88930168405795"], "top_img": "https://www.hollywoodreporter.com/assets/1606142862/images/brand/favicon.ico?5de16d88930168405795", "keywords": [], "authors": ["Eriq Gardner", "Eriq.Gardner Thr.Com"], "canonical_link": "https://www.hollywoodreporter.com/thr-esq/james-woods-drops-lawsuit-cocaine-addict-tweet-getting-trophy-letter-1022660", "title": "James Woods Drops Lawsuit Over \"Cocaine Addict\" Tweet After Getting Trophy Letter", "meta_data": {"viewport": "width=device-width", "sailthru.title": "James Woods Drops Lawsuit Over \"Cocaine Addict\" Tweet After Getting Trophy Letter", "sailthru.description": "The actor filed a $10 million libel action two years ago. Then, the anonymous defendant died.", "sailthru.author": "Eriq Gardner", "sailthru.vertical": "THR, Esq.", "sailthru.date": "2017-07-19 15:22:24"}, "movies": [], "publish_date": 1500470544.0, "source": "https://www.hollywoodreporter.com", "summary": ""}