{"url": "https://www.usmagazine.com/entertainment/news/is-bachelorettes-robby-hayes-dating-mtvs-kathryn-palmer-w477679/", "text": "Is there a reality TV crossover romance brewing?\n\nThe Bachelorette\u2019s Robby Hayes and Are You The One?\u2019s Kathryn Palmer sparked dating rumors earlier this month after the MTV star posted an April 7 Instagram shot of them with their arms around each other. Nearly a week later, she shared another picture of at Florida\u2019s Jacksonville Zoo, writing, \u201cShould we talk about the elephant in the room\u2026?\u201d\n\nShould we talk about the elephant in the room\u2026? A post shared by Kathryn Palmer (@kathrynpalmerr) on Apr 14, 2017 at 4:06pm PDT\n\nYes, we should. \u201cWe enjoy getting to know each other and have fun hanging out,\u201d Hayes, 28, exclusively tells Us Weekly. \u201cShe\u2019s a super sweet girl, but there\u2019s nothing too serious going on. We\u2019re definitely not dating.\u201d\n\nAfter all, Hayes, originally from Jacksonville, Florida, is still in contention for ABC\u2019s Bachelor in Paradise this summer. \u201cShe knows that\u2019s in the cards for me,\u201d explains the model, who considers himself single. \u201cIf that happens, we don\u2019t want any drama between us.\u201d\n\nThe Florida State alums \u2014 he graduated in 2011; she started in 2012 \u2014 were introduced by her mom and a mutual friend who knows Hayes\u2019 sister. While in Fort Lauderdale for an event, he invited her to hang out. \u201cWe have a mutual knowledge of reality TV, so it\u2019s fun to talk to her about that and share our experiences,\u201d he says. \u201cWe\u2019re Florida born and raised, so we have a lot in common.\u201d\n\n\n\n\n\nBut long distance isn\u2019t appealing to either of them. Hayes recently moved into Bachelorette alum Jef Holm\u2019s Venice Beach pad with best friend Chase McNary while Palmer, who recently competed on AYTO season five, is in Tallahassee \u2014 for now, at least. \u201cShe wants to move out to L.A. and that was something she wanted to do before I met her,\u201d the former competitive swimmer tells Us. \u201cShe wants to get a house out here with Shannon [Duffy] and Carolina [Duarte] from her show, which I encouraged. I\u2019d love to hang out with her here. If it happens, it happens. If it doesn\u2019t, it doesn\u2019t.\u201d", "images": ["https://www.usmagazine.com/wp-content/themes/us-weekly/assets/img/svg-icons/logo-tag-registered-green.svg", "https://www.usmagazine.com/wp-content/themes/us-weekly/assets/img/placeholders/default-usweekly.svg", "https://i0.wp.com/www.usmagazine.com/wp-content/uploads/robby-hayes-kathryn-palme-zoom-7f03d999-dab8-4c2f-9397-cdd02abaa34b.jpg?crop=0px%2C0px%2C1537px%2C806px&resize=1200%2C630&ssl=1&quality=86&strip=all", "https://www.usmagazine.com/wp-content/themes/us-weekly/assets/img/svg-icons/logo-tag-registered.svg", "https://www.usmagazine.com/wp-content/themes/us-weekly/assets/img/svg-icons/icon-download.svg", "https://www.usmagazine.com/wp-content/themes/us-weekly/assets/img/bg-subscribe.png"], "top_img": "https://i0.wp.com/www.usmagazine.com/wp-content/uploads/robby-hayes-kathryn-palme-zoom-7f03d999-dab8-4c2f-9397-cdd02abaa34b.jpg?crop=0px%2C0px%2C1537px%2C806px&resize=1200%2C630&ssl=1&quality=86&strip=all", "keywords": [], "authors": ["Jamie Blynn"], "canonical_link": "https://www.usmagazine.com/entertainment/news/is-bachelorettes-robby-hayes-dating-mtvs-kathryn-palmer-w477679/", "title": "Is Bachelorette's Robby Hayes Dating MTV's Kathryn Palmer?", "meta_data": {"viewport": "width=device-width, initial-scale=1", "ir-site-verification-token": "-206090124", "fo-verify": "49e6fc6a-c68d-447f-9978-70e3eac455ac", "theme-color": "#fff", "description": "Are Bachelorette\u2019s Robby Hayes and 'Are You The One?' star Kathryn Palmer an item? Hayes explains those dating rumors exclusively to Us!", "robots": "index, follow, max-snippet:-1, max-image-preview:large, max-video-preview:-1", "og": {"locale": "en_US", "type": "article", "title": "Is Bachelorette's Robby Hayes Dating MTV's Kathryn Palmer?", "description": "Are Bachelorette\u2019s Robby Hayes and 'Are You The One?' star Kathryn Palmer an item? Hayes explains those dating rumors exclusively to Us!", "url": "https://www.usmagazine.com/entertainment/news/is-bachelorettes-robby-hayes-dating-mtvs-kathryn-palmer-w477679/", "site_name": "Us Weekly", "updated_time": "2018-02-08T22:13:39+00:00", "image": {"identifier": "https://i0.wp.com/www.usmagazine.com/wp-content/uploads/robby-hayes-kathryn-palme-zoom-7f03d999-dab8-4c2f-9397-cdd02abaa34b.jpg?crop=0px%2C0px%2C1537px%2C806px&resize=1200%2C630&ssl=1&quality=86&strip=all", "secure_url": "https://i0.wp.com/www.usmagazine.com/wp-content/uploads/robby-hayes-kathryn-palme-zoom-7f03d999-dab8-4c2f-9397-cdd02abaa34b.jpg?crop=0px%2C0px%2C1537px%2C806px&resize=1200%2C630&ssl=1&quality=86&strip=all", "width": 1200, "height": 630}}, "article": {"publisher": "https://www.facebook.com/UsWeekly", "published_time": "2017-04-19T20:06:00+00:00", "modified_time": "2018-02-08T22:13:39+00:00"}, "fb": {"app_id": 1785612128341436}, "twitter": {"card": "summary_large_image", "title": "Is Bachelorette's Robby Hayes Dating MTV's Kathryn Palmer?", "description": "Are Bachelorette\u2019s Robby Hayes and 'Are You The One?' star Kathryn Palmer an item? Hayes explains those dating rumors exclusively to Us!", "image": "https://i0.wp.com/www.usmagazine.com/wp-content/uploads/robby-hayes-kathryn-palme-zoom-7f03d999-dab8-4c2f-9397-cdd02abaa34b.jpg?crop=0px%2C0px%2C1537px%2C806px&resize=1200%2C630&ssl=1&quality=86&strip=all", "creator": "@usweekly", "site": "@usweekly"}, "tragedy": "off", "generator": "WordPress 5.5.2", "msapplication-TileImage": "https://www.usmagazine.com/wp-content/uploads/2020/05/cropped-us-logo.png?w=270&quality=86&strip=all"}, "movies": [], "publish_date": 1492632360.0, "source": "https://www.usmagazine.com", "summary": ""}