{"url": "www.theatlantic.com/entertainment/archive/2016/01/work-work-work-work-work-rihanna-drake-single-review-anti/431532/", "text": "And now, there\u2019s her hugely anticipated single titled \u201cWork.\u201d It\u2019s about working for a paycheck no matter what else is going on in your life. It is also, of course, designed to get her that paycheck. You might call the way it goes about attaining this goal brazen for anyone else but Rihanna: Tempting accusations of boringness, hackiness, and crimes against art, the song offers a hook that practically parodies pop\u2019s love of repetition\u2014and then repeats it, a lot. But there\u2019s something fascinating about the tune, something that elevates it beyond ringtone status. It doesn\u2019t really go anywhere. It approximates what work feels like.\n\nThe producer Boi-1da\u2019s bright, bubbly beat creates a see-sawing sensation out of a few sounds. A keyboard ping anchors the downbeat and then climbs up, up, down, down, returning to its starting point. Electronic notes on the low end burble out a more asymmetrical pattern recalling reggae, but they too have the general shape of ascending and descending. The percussion is subtle, rendered with a skittering sound that recalls the shaking of a kettle. When Rihanna\u2019s voice comes in, so do some signifiers of \u201980s and \u201990s dance and rap: digital handclaps, distorted shouting. It all adds up to the feeling of a lot of bustling in one spot\u2014activity, but not necessarily movement.\n\nRihanna\u2019s hook conjures a different kind of monotony. After a few quick notes in yet another up-and-back pattern, she gets stuck, like a needle in a groove, for \u201cwork work work work work.\u201d There\u2019s no stopping this getting in your head. \u201cWork\u201d becomes \u201cdirt\u201d becomes \u201clove\u201d becomes \u201cturn,\u201d but the modulations don\u2019t matter\u2014Rihanna has found her next great nonsense syllable, another \u201cooh na na\u201d or \u201cella ella eh.\u201d Her singing in the verses, where she dresses down some guy who isn\u2019t meeting her expectations, is actually rather pretty. I\u2019ve seen a lot of commenters say she\u2019s copying the mumbling trend that\u2019s taken hold among younger pop vocalists like Ariana Grande, but the truth is that Rihanna helped popularize the notion of liquifying words in the name of catchiness.\n\nAs for Drake\u2019s verse, it strikes me as pretty terrible\u2014the disappointed lounge singer schtick from \u201cHotline Bling,\u201d but without the silken melody or sense of surprise. \u201cIf you had a twin I would still choose you\u201d is the only real attempt at a memorable line. Whatever. Drake being as popular as he is right now will be yet another incentive for radio playlist makers to keep this song in rotation, possibly giving it the activating energy needed to become a hit.\n\nAnd to be sure, it will need a good deal of exposure to reach the success levels of Rihanna\u2019s previous smashes. The song\u2019s undeniably catchy, but it also has a strangely unfinished quality. To me, though, that\u2019s its charm. The verses, choruses, and bridge mostly bleed into each other, forgoing soft-to-loud explosions or exciting rhythmic changes. Boi-1da does create some sense of escalation\u2014another drum beat for the second chorus, flashes of flutes, autotuned harmonies, and far-off piano. But the shifts are subtle and fleeting. Unlike a lot of radio pop, \u201cWork\u201d is about small modulations, a singer and a producer and a rapper plugging along as we all must do. At the end, the song makes the unfashionable move of simply fading out. Rihanna put in her three and a half minutes of work; now pay her what you owe her.\n\nWe want to hear what you think about this article. Submit a letter to the editor or write to letters@theatlantic.com.", "images": ["https://atlanticmedia.122.2o7.net/b/ss/atlanticprod/1/H.22--NS/0", "https://cdn.theatlantic.com/thumbor/v3JZkn5ALuaC64drmRbGb_UJK_Q=/0x148:3855x2316/720x405/media/img/mt/2016/01/AP_685197046494/original.jpg", "https://cdn.theatlantic.com/thumbor/ChVK66Q0y848u6RTECZfJ9DyvYQ=/1669x199:3954x2489/200x200/media/None/spencer_headshot_2016_bw_2-1/original.jpg", "https://cdn.theatlantic.com/assets/media/files/nav-crossword.png", "https://cdn.theatlantic.com/thumbor/vuYJ9hnfNnn8gUHgkhEFWMT2Qyk=/0x215:3898x2244/960x500/media/img/mt/2016/01/AP_685197046494/original.jpg"], "top_img": "https://cdn.theatlantic.com/thumbor/vuYJ9hnfNnn8gUHgkhEFWMT2Qyk=/0x215:3898x2244/960x500/media/img/mt/2016/01/AP_685197046494/original.jpg", "keywords": [], "authors": ["Spencer Kornhaber"], "canonical_link": "https://www.theatlantic.com/entertainment/archive/2016/01/work-work-work-work-work-rihanna-drake-single-review-anti/431532/", "title": "Song Review: Rihanna and Drake's 'Work,' Off of Anti-, Embraces the Joy of Repetition", "meta_data": {"viewport": "width=device-width,initial-scale=1", "description": "Her hugely hyped single with Drake embraces the joy of repetition.", "theme-color": "#000000", "apple-mobile-web-app-capable": "yes", "apple-mobile-web-status-bar-style": "black", "apple-mobile-web-app-title": "The Atlantic", "referrer": "unsafe-url", "og": {"site_name": "The Atlantic", "locale": "en_US", "title": "Why Rihanna's 'Work' Works So Well", "type": "article", "url": "https://www.theatlantic.com/entertainment/archive/2016/01/work-work-work-work-work-rihanna-drake-single-review-anti/431532/", "image": "https://cdn.theatlantic.com/thumbor/vuYJ9hnfNnn8gUHgkhEFWMT2Qyk=/0x215:3898x2244/960x500/media/img/mt/2016/01/AP_685197046494/original.jpg", "description": "She's found her next great nonsense syllable."}, "fb": {"pages": "29259828486,128344747344340,457711054591520,128377530562508,370457103090695,1631141167169115,1468531833474495,1061579677251147,148681772342453,1510507419185410", "admins": "577048155,17301937", "app_id": 100770816677686}, "p": {"domain_verify": "68e1a0361a557708fefc992f3309ed70"}, "twitter": {"site": "@theatlantic", "domain": "theatlantic.com", "card": "summary_large_image", "image": {"src": "https://cdn.theatlantic.com/thumbor/vuYJ9hnfNnn8gUHgkhEFWMT2Qyk=/0x215:3898x2244/960x500/media/img/mt/2016/01/AP_685197046494/original.jpg"}}, "application-name": "theatlantic", "msapplication-TileColor": "#FFFFFF", "msapplication-TileImage": "https://cdn.theatlantic.com/tng/static/theatlantic/img/lacroix/apple-touch-icon-iphone.50541ad29f2c.png", "ROBOTS": "INDEX, FOLLOW", "krux": {"title": "How Rihanna's \u2018Work\u2019 Works", "description": "Her hugely hyped single with Drake embraces the joy of repetition."}, "author": "Spencer Kornhaber", "ia": {"markup_url": "https://www.theatlantic.com/facebook-instant/article/431532/"}, "article": {"publisher": "https://www.facebook.com/TheAtlantic/", "opinion": "false", "content_tier": "metered", "tag": "news", "section": "Culture", "published_time": "2016-01-27T11:50:53-05:00", "modified_time": "2016-01-27T13:58:58-05:00"}}, "movies": [], "publish_date": 1453913453.0, "source": "http://www.theatlantic.com", "summary": ""}