{"url": "radaronline.com/videos/pregnant-kate-middleton-cocaine-bombshell/", "text": "Click to share on Twitter (Opens in new window)\n\nClick to share on Facebook (Opens in new window)\n\nPregnant Kate Middleton Hit With Cocaine Bombshell Drug may have been snorted in toilets near her private hospital?\n\nKate Middleton and her husband Prince William, who have just announced they are expecting their third child, have reportedly been rocked by an old cocaine bombshell.\n\nIs the hospital where Middleton, 35, gives birth to her children been tainted by illicit drug use?\n\nAccording to a report in the Mirror, from 2015, cocaine may have been snorted in toilets just yards from the private hospital ward where Middleton was about to give birth to her second child.\n\nAs Radar just reported, Middleton is pregnant with baby number three now.\n\nBut when she was pregnant with Charlotte two years ago, the British publication said that tests found traces of cocaine in a cistern at St Mary\u2019s in London\u2014where Middleton was set to give birth\u2013and health officials had to investigate.\n\nAt the time, Middleton was expecting Charlotte, now 2, at St. Mary\u2019s Hospital in Paddington, West London.\n\nA spokeswoman for Imperial College Healthcare NHS Trust said when the alleged cocaine news surfaced back then, \u201cWe take the safety of our patients and staff extremely seriously.\n\n\u201cWe have 24/7 security cover at all our hospitals with regular patrols and CCTV covering key areas both outside and inside buildings, constantly \u00admonitored by our security teams.\n\n\u201cWe work closely with police to \u00adinvestigate reports thoroughly and take action to ensure the safety of our colleagues, patients and their \u00adfamilies.\n\n\u201cIf there are signs that a person is abusing substances on one of our sites we will take immediate action to address this.\u201d\n\nThe Mirror used drug testing wipes on a surface behind a toilet cistern in a public area of the Cambridge Wing, yards from the Lindo Wing maternity ward at the hospital and the equipment tested positive for cocaine.\n\nThe newspaper passed on the \u00adinformation to royal officials and health bosses, and Kensington Palace said in 2015 that it was \u201ca matter for the hospital.\u201d\n\nIs the situation now cleaned up so Middleton can have her third child safely at the hospital?\n\nIt could come back to haunt Middleton and William as they also have dealt with getting marriage counseling after his flirty ski vacation with party pals and pretty women in March.\n\nAs Radar has reported, Middleton has suffered severe morning sickness during all of her pregnancies and that is the case for her upcoming third child as well.\n\nWe pay for juicy info! Do you have a story for RadarOnline.com? Email us at tips@radaronline.com, or call us at (866) ON-RADAR (667-2327) any time, day or night.", "images": ["https://i0.heartyhosting.com/radaronline.com/wp-content/uploads/2019/03/scandal-bg.jpg?fit=1440%2C210&ssl=1", "https://i0.heartyhosting.com/radaronline.com/wp-content/uploads/2019/03/logo-celebrity-news.png?ssl=1", "https://i0.heartyhosting.com/radaronline.com/wp-content/uploads/2019/03/reality-tv-bg.jpg?fit=1440%2C210&ssl=1", "https://i0.heartyhosting.com/radaronline.com/wp-content/uploads/2019/03/logo-scandal.png?fit=307%2C70&ssl=1", "https://i0.heartyhosting.com/radaronline.com/wp-content/uploads/2019/03/logo-true-crime-b.png?fit=357%2C70&ssl=1", "https://i0.heartyhosting.com/radaronline.com/wp-content/uploads/2017/09/pregnant-kate-middleton-cocaine-bombshell-pp-.jpg?resize=792%2C446&ssl=1", "https://i0.heartyhosting.com/radaronline.com/wp-content/uploads/2019/03/logo-omg.png?fit=188%2C70&ssl=1", "https://i0.heartyhosting.com/radaronline.com/wp-content/uploads/2019/03/celebrity-news-bg.jpg?fit=1440%2C210&ssl=1", "https://i0.heartyhosting.com/radaronline.com/wp-content/uploads/2020/02/KUWTK-Kim-Kardashian-Denies-Booed-Tristan-Thompson-NBA-Game-pp.jpg?w=384&crop=0%2C20px%2C384px%2C215px&resize=384%2C215&ssl=1", "https://i0.heartyhosting.com/radaronline.com/wp-content/uploads/2019/03/logo-fashion-police.png?fit=489%2C70&ssl=1", "https://i0.heartyhosting.com/radaronline.com/wp-content/uploads/2017/09/pregnant-kate-middleton-cocaine-bombshell-pp-.jpg?resize=1200%2C630&ssl=1", "https://i0.heartyhosting.com/radaronline.com/wp-content/uploads/2019/03/logo-celebrity-news-b.png?fit=495%2C70&ssl=1", "https://i0.heartyhosting.com/radaronline.com/wp-content/uploads/2020/11/meghan-miscarriage.jpeg?w=384&crop=0%2C20px%2C384px%2C215px&resize=384%2C215&ssl=1", "https://i0.heartyhosting.com/radaronline.com/wp-content/uploads/2019/03/logo-reality-tv.png?fit=370%2C70&ssl=1", "https://i0.heartyhosting.com/radaronline.com/wp-content/uploads/2020/11/bobby-bobby-jrjpeg.jpeg?w=384&crop=0%2C20px%2C384px%2C215px&resize=384%2C215&ssl=1", "https://radaronline.com/wp-content/themes/vip/am-radaronline/assets/build/images/icons/logo-tag-registered.svg", "https://radaronline.com/wp-content/themes/vip/am-radaronline/assets/build/images/icons/logo-tag-registered-green.svg", "https://i0.heartyhosting.com/radaronline.com/wp-content/uploads/2019/03/true-crime-bg.jpg?fit=1440%2C210&ssl=1", "https://i0.heartyhosting.com/radaronline.com/wp-content/uploads/2019/03/omg-bg.jpg?fit=1440%2C210&ssl=1", "https://i0.heartyhosting.com/radaronline.com/wp-content/uploads/2019/03/fashion-police-bg.jpg?fit=1440%2C210&ssl=1", "https://i0.heartyhosting.com/radaronline.com/wp-content/uploads/2020/11/miley-cyrus-sobriety.jpeg?w=384&crop=0%2C20px%2C384px%2C215px&resize=384%2C215&ssl=1"], "top_img": "https://i0.heartyhosting.com/radaronline.com/wp-content/uploads/2017/09/pregnant-kate-middleton-cocaine-bombshell-pp-.jpg?resize=1200%2C630&ssl=1", "keywords": [], "authors": ["Radar Staff", "September"], "canonical_link": "https://radaronline.com/videos/pregnant-kate-middleton-cocaine-bombshell/", "title": "Pregnant Kate Middleton Hit With Cocaine Bombshell", "meta_data": {"viewport": "width=device-width, initial-scale=1.0", "fb": {"admins": 593583017, "app_id": 1008772232528225, "pages": 376279216711}, "theme-color": "#ffffff", "google-site-verification": "kONM_PqGX8Za53dFcExSTIIPZxxN_S4QtvDlONzzdA0", "description": "Pregnant Kate Middleton is embroiled in a cocaine bombshell as it may have been snorted in maternity ward where she's due to give birth.", "robots": "index, follow, max-snippet:-1, max-image-preview:large, max-video-preview:-1", "og": {"locale": "en_US", "type": "article", "title": "Pregnant Kate Middleton Hit With Cocaine Bombshell", "description": "Pregnant Kate Middleton is embroiled in a cocaine bombshell as it may have been snorted in maternity ward where she's due to give birth.", "url": "https://radaronline.com/videos/pregnant-kate-middleton-cocaine-bombshell/", "site_name": "RadarOnline", "updated_time": "2017-09-05T20:44:53+00:00", "image": {"identifier": "https://i0.heartyhosting.com/radaronline.com/wp-content/uploads/2017/09/pregnant-kate-middleton-cocaine-bombshell-pp-.jpg?resize=1200%2C630&ssl=1", "secure_url": "https://i0.heartyhosting.com/radaronline.com/wp-content/uploads/2017/09/pregnant-kate-middleton-cocaine-bombshell-pp-.jpg?resize=1200%2C630&ssl=1", "width": 1200, "height": 630}}, "article": {"published_time": "2017-09-04T15:21:05+00:00", "modified_time": "2017-09-05T20:44:53+00:00"}, "twitter": {"card": "summary_large_image", "title": "Pregnant Kate Middleton Hit With Cocaine Bombshell", "description": "Pregnant Kate Middleton is embroiled in a cocaine bombshell as it may have been snorted in maternity ward where she's due to give birth.", "image": "https://i0.heartyhosting.com/radaronline.com/wp-content/uploads/2017/09/pregnant-kate-middleton-cocaine-bombshell-pp-.jpg?resize=1200%2C630&ssl=1"}, "news_keywords": "pregnant kate middleton", "generator": "WordPress 5.5.3"}, "movies": [], "publish_date": 1504538465.0, "source": "http://radaronline.com", "summary": ""}