{"url": "www.huffingtonpost.com/entry/margot-robbie-doesnt-wear-wedding-ring-every-day_us_5a1ef8f1e4b01edb1a81ac9b", "text": "HuffPost is part of Verizon Media. We and our partners will store and/or access information on your device through the use of cookies and similar technologies, to display personalised ads and content, for ad and content measurement, audience insights and product development.\n\nYour personal data that may be used\n\nInformation about your device and internet connection, including your IP address\n\nBrowsing and search activity while using Verizon Media websites and apps\n\nPrecise location\n\nFind out more about how we use your information in our Privacy Policy and Cookie Policy.\n\nTo enable Verizon Media and our partners to process your personal data select 'I agree', or select 'Manage settings' for more information and to manage your choices. You can change your choices at any time by visiting Your Privacy Controls.", "images": ["https://s.yimg.com/wm/assets/images/ybar/huffpost-logo-color-0.0.3.png", "https://s.yimg.com/oa/build/images/favicons/huffpo.png", "https://s.yimg.com/wm/assets/images/ybar/huffpost-logo-white-v0.0.5.png"], "top_img": "https://s.yimg.com/oa/build/images/favicons/huffpo.png", "keywords": [], "authors": [], "canonical_link": "", "title": "HuffPost is now a part of Verizon Media", "meta_data": {"viewport": "width=device-width, initial-scale=1, maximum-scale=1, minimum-scale=1, user-scalable=no, viewport-fit=cover"}, "movies": [], "publish_date": null, "source": "http://www.huffingtonpost.com", "summary": ""}