{"url": "https://www.usmagazine.com/entertainment/news/kendall-worries-bad-clothing-line-review-could-ruin-modeling-career-w476611/", "text": "Last-minute nerves! Kendall Jenner worries that her clothing line might get negative reviews in this Sunday\u2019s episode of Keeping Up With the Kardashians.\n\nIn the clip, the 21-year-old supermodel finds out that Vogue wants to review her and her sister Kylie Jenner\u2019s fashion line, Kendall + Kylie. Kylie, 19, enters the room to find Kendall nervously flipping through the rack and asks what\u2019s going on.\n\n\u201cI just wanted to go over it. Make sure we like every little thing. If there\u2019s something we want to take out,\u201d Kendall said of the collection. \u201cF\u2013k! I don\u2019t know why I\u2019m so nervous.\u201d\n\nThe former Vogue cover girl explains in a confessional that she doesn\u2019t want a bad review to ruin her credibility. \u201cI\u2019m really proud of the line, but I\u2019ve worked really hard to be taken seriously and recognized in Vogue and in the fashion world,\u201d she admits. \u201cIf this doesn\u2019t go as well as we hope, it might tarnish some things in the modeling world, so it\u2019s even more frightening.\u201d\n\nWhen Kylie asks if she\u2019s having second thoughts about releasing the line, Kendall says she\u2019s freaking out. \u201cEveryone wants an excuse to talk s\u2013t, and I don\u2019t want this to be that,\u201d Kendall says.\n\nThe lip kit maven reassures her older sister that everything will be fine. \u201cI think it\u2019s cute. I feel confident about it,\u201d Kylie says while tearing up. \u201cWe worked so hard on this. There\u2019s so many pieces, like, there\u2019s no way they\u2019re not going to love it.\u201d\n\nKeeping Up With the Kardashians airs on E! Sundays at 9 p.m. ET.", "images": ["https://www.usmagazine.com/wp-content/themes/us-weekly/assets/img/svg-icons/logo-tag-registered-green.svg", "https://www.usmagazine.com/wp-content/themes/us-weekly/assets/img/placeholders/default-usweekly.svg", "https://www.usmagazine.com/wp-content/uploads/2020/06/Watch-Moms-Like-Us.jpg?w=60&h=60&crop=1&quality=86&strip=all", "https://www.usmagazine.com/wp-content/themes/us-weekly/assets/img/svg-icons/logo-tag-registered.svg", "https://www.usmagazine.com/wp-content/themes/us-weekly/assets/img/svg-icons/icon-download.svg", "https://www.usmagazine.com/wp-content/themes/us-weekly/assets/img/bg-subscribe.png", "https://i0.wp.com/www.usmagazine.com/wp-content/uploads/kendall-jenner-zoom-9e3f2a07-eccb-4f19-811c-8b0b034915e1.jpg?crop=1px%2C48px%2C1999px%2C1049px&resize=1200%2C630&ssl=1&quality=86&strip=all"], "top_img": "https://i0.wp.com/www.usmagazine.com/wp-content/uploads/kendall-jenner-zoom-9e3f2a07-eccb-4f19-811c-8b0b034915e1.jpg?crop=1px%2C48px%2C1999px%2C1049px&resize=1200%2C630&ssl=1&quality=86&strip=all", "keywords": [], "authors": ["Megan French"], "canonical_link": "https://www.usmagazine.com/entertainment/news/kendall-worries-bad-clothing-line-review-could-ruin-modeling-career-w476611/", "title": "Kendall Worries Bad Clothing Line Review Could Ruin Modeling Career", "meta_data": {"viewport": "width=device-width, initial-scale=1", "ir-site-verification-token": "-206090124", "fo-verify": "49e6fc6a-c68d-447f-9978-70e3eac455ac", "theme-color": "#fff", "description": "Kendall Jenner worries that negative reviews of her clothing line could ruin her successful modeling career in a new \u2018Keeping Up With the Kardashians\u2019 preview \u2014 watch", "robots": "index, follow, max-snippet:-1, max-image-preview:large, max-video-preview:-1", "og": {"locale": "en_US", "type": "article", "title": "Kendall Worries Bad Clothing Line Review Could Ruin Modeling Career", "description": "Kendall Jenner worries that negative reviews of her clothing line could ruin her successful modeling career in a new \u2018Keeping Up With the Kardashians\u2019 preview \u2014 watch", "url": "https://www.usmagazine.com/entertainment/news/kendall-worries-bad-clothing-line-review-could-ruin-modeling-career-w476611/", "site_name": "Us Weekly", "updated_time": "2018-02-08T22:16:38+00:00", "image": {"identifier": "https://i0.wp.com/www.usmagazine.com/wp-content/uploads/kendall-jenner-zoom-9e3f2a07-eccb-4f19-811c-8b0b034915e1.jpg?crop=1px%2C48px%2C1999px%2C1049px&resize=1200%2C630&ssl=1&quality=86&strip=all", "secure_url": "https://i0.wp.com/www.usmagazine.com/wp-content/uploads/kendall-jenner-zoom-9e3f2a07-eccb-4f19-811c-8b0b034915e1.jpg?crop=1px%2C48px%2C1999px%2C1049px&resize=1200%2C630&ssl=1&quality=86&strip=all", "width": 1200, "height": 630}}, "article": {"publisher": "https://www.facebook.com/UsWeekly", "published_time": "2017-04-13T16:54:00+00:00", "modified_time": "2018-02-08T22:16:38+00:00"}, "fb": {"app_id": 1785612128341436}, "twitter": {"card": "summary_large_image", "title": "Kendall Worries Bad Clothing Line Review Could Ruin Modeling Career", "description": "Kendall Jenner worries that negative reviews of her clothing line could ruin her successful modeling career in a new \u2018Keeping Up With the Kardashians\u2019 preview \u2014 watch", "image": "https://i0.wp.com/www.usmagazine.com/wp-content/uploads/kendall-jenner-zoom-9e3f2a07-eccb-4f19-811c-8b0b034915e1.jpg?crop=1px%2C48px%2C1999px%2C1049px&resize=1200%2C630&ssl=1&quality=86&strip=all", "creator": "@usweekly", "site": "@usweekly"}, "tragedy": "off", "generator": "WordPress 5.5.2", "msapplication-TileImage": "https://www.usmagazine.com/wp-content/uploads/2020/05/cropped-us-logo.png?w=270&quality=86&strip=all"}, "movies": [], "publish_date": 1492102440.0, "source": "https://www.usmagazine.com", "summary": ""}