{"url": "https://www.reddit.com/r/riverdale/comments/9kq8nb/its_oct_2_happy_17th_birthday_jughead_jones_have/", "text": "Riverdale is a television series for The CW/Netflix, based on characters from Archie Comics. Set in the present, the series offers a bold, subversive take on Archie, Jughead, Betty, Veronica and their friends, exploring the surreality of small-town life \u2014 the darkness and weirdness bubbling beneath Riverdale\u2019s wholesome fa\u00e7ade.", "images": ["https://b.thumbs.redditmedia.com/bZGs8gstiDkF-F7IrU9-uya5De0KA28q0X6BR9VgjlA.png", "https://preview.redd.it/t7z2acl5prp11.jpg?auto=webp&s=3a2467cfb20c20f2fc996f96f030a642f5d430ee", "https://www.redditstatic.com/desktop2x/img/renderTimingPixel.png", "https://preview.redd.it/t7z2acl5prp11.jpg?width=960&crop=smart&auto=webp&s=b6965257ccfcea1010f61d9c717e39b9a0d72df4"], "top_img": "https://preview.redd.it/t7z2acl5prp11.jpg?auto=webp&s=3a2467cfb20c20f2fc996f96f030a642f5d430ee", "keywords": [], "authors": [], "canonical_link": "https://www.reddit.com/r/riverdale/comments/9kq8nb/its_oct_2_happy_17th_birthday_jughead_jones_have/", "title": "It's Oct. 2... Happy 17th Birthday, Jughead Jones! Have some fan art. : riverdale", "meta_data": {"viewport": "width=device-width, initial-scale=1", "referrer": "origin-when-cross-origin", "description": "589 votes, 18 comments. 96.5k members in the riverdale community. Riverdale is a television series for The CW/Netflix, based on characters from \u2026", "og": {"ttl": 600, "site_name": "reddit", "title": "r/riverdale - It's Oct. 2... Happy 17th Birthday, Jughead Jones! Have some fan art.", "type": "image", "url": "https://www.reddit.com/r/riverdale/comments/9kq8nb/its_oct_2_happy_17th_birthday_jughead_jones_have/", "description": "589 votes and 18 comments so far on Reddit", "image": {"identifier": "https://preview.redd.it/t7z2acl5prp11.jpg?auto=webp&s=3a2467cfb20c20f2fc996f96f030a642f5d430ee", "width": 2259, "height": 1608}}, "twitter": {"site": "@reddit", "card": "summary", "title": "r/riverdale - It's Oct. 2... Happy 17th Birthday, Jughead Jones! Have some fan art.", "image": "https://preview.redd.it/t7z2acl5prp11.jpg?auto=webp&s=3a2467cfb20c20f2fc996f96f030a642f5d430ee"}, "msapplication-TileColor": "#ffffff", "msapplication-TileImage": "https://www.redditstatic.com/desktop2x/img/favicon/ms-icon-144x144.png", "theme-color": "#ffffff"}, "movies": [], "publish_date": null, "source": "https://www.reddit.com", "summary": ""}