{"url": "www.ibtimes.co.in/brad-pitt-jennifer-aniston-met-secretly-london-775280", "text": "Brad Pitt and Jennifer Aniston are in the news again because of their rumoured relationship. A recent report alleged that Angelina Jolie's estranged husband has decided to meet Aniston in London.\n\nJennifer Aniston's fan was caught by surprise when she announced her decision to terminate her marriage with writer-director Justin Theroux. The news of Aniston and Theroux parting their ways came after Angelina Jolie filed for divorce from Brad Pitt, citing irreconcilable differences.\n\nMany even wondered if Brad and Jen will reconcile their differences. There were several reports in the recent months allegedly suggesting that Brad's family was pushing him to marry Jennifer. A recent report allegedly talked about a supposed meeting between Brad and Jennifer.\n\nAccording to a report from Grazia, Aniston is reportedly moving on from Theroux. As a part of moving on process, she is back on speaking terms with Brad Pitt and even planned to meet him in London.\n\n\"Brad and Jen have been in touch sporadically over the years, but a lot more consistently since she split from Justin,\" claimed the supposed insider.\n\nThe insider further claimed that Jennifer is in the UK for her upcoming Netflix project, Murder Mystery and Brad is also visiting the English countryside to visit his children. That being said, Brad Pitt was recently spotted showing off as a sixties hunk. He was pictured on the set of Once Upon a Time in Hollywood in Los Angeles. At the same time, as per his agreement with Angelina Jolie, he is supposed to be in California for the next few weeks to be with his six children.\n\nMeanwhile, in the released pictures from the Once Upon a Time in Hollywood movie set, the 54-year-old Pitt looks toned as he steps down from the car. The black tight t-shirt with blue denim gives him the 60s look everyone was hoping to see in Quentin Tarantino's next western film.\n\nFirst look. #OnceUponATimeInHollywood A post shared by Leonardo DiCaprio (@leonardodicaprio) on Jun 27, 2018 at 6:00am PDT\n\nIn Once Upon a Time in Hollywood, Brad Pitt will star alongside Leonardo DiCaprio as he steps on the shoes of Cliff Booth who served as Rick Dalton's (Caprio) body double. The film will centre on the lives of struggling actors and how their life is affected when Rick's neighbour, Sharon Tate (Margot Robbie), was brutally murdered by the member of Charles Manson's family.\n\nWell-wishers are advised to understand this that Brad Pitt and Jennifer Aniston haven't crossed paths in years and there's nothing going on between the former couple.", "images": ["https://graphic1.ibtimes.co.in/www/img/logo-stack.png", "https://data1.ibtimes.co.in/en/full/746562/ibt-default-image.jpg?w=220&h=135", "https://data1.ibtimes.co.in/en/full/657152/brad-pitt-jennifer-aniston.jpg", "https://data1.ibtimes.co.in/en/full/746562/ibt-default-image.jpg?h=450&l=59&t=36", "https://data1.ibtimes.co.in/en/full/746562/ibt-default-image.jpg?h=450&l=50&t=40", "https://graphic1.ibtimes.co.in/www/responsive/latest/home.png", "https://data1.ibtimes.co.in/en/full/746562/ibt-default-image.jpg?w=220&h=138"], "top_img": "https://data1.ibtimes.co.in/en/full/657152/brad-pitt-jennifer-aniston.jpg", "keywords": [], "authors": ["Viraj Mahajan"], "canonical_link": "https://www.ibtimes.co.in/brad-pitt-jennifer-aniston-met-secretly-london-775280", "title": "Brad Pitt, Jennifer Aniston met secretly in London?", "meta_data": {"viewport": "width=device-width, initial-scale=1.0", "language": "english", "author": "Viraj Mahajan", "copyright": "2020 IBTimes", "subject": "Brad Pitt, Jennifer Aniston met secretly in London?", "description": "Brad Pitt and Jennifer Aniston are in the news again because of their rumoured relationship. A recent report alleged that Angelina Jolie's estranged husband has decided to meet Aniston in London.", "keywords": "Brad Pitt and Jennifer Aniston,Brad Pitt and Jennifer Aniston reunion,Brad Pitt and Jennifer Aniston  divorce,Brad Pitt and Jennifer Aniston  affair,Brad Pitt and Jennifer Aniston  picture,Brad Pitt and Jennifer Aniston  children,Brad Pitt,Angelina Jolie,Jennifer Aniston,brad pitt movie,Angelina Jolie health,jennifer aniston divorce", "article": {"published_time": "2018-07-19T04:22:14+05:30", "modified_time": "2018-07-19T04:22:14+05:30", "section": "Celebrity", "tag": "Jennifer aniston divorce", "publisher": "https://www.facebook.com/ibtimes.india"}, "DC.title": "Brad Pitt, Jennifer Aniston met secretly in London?", "DC.description": "Brad Pitt and Jennifer Aniston are in the news again because of their rumoured relationship. A recent report alleged that Angelina Jolie's estranged husband has decided to meet Aniston in London.", "DC.subject": "Brad Pitt and Jennifer Aniston,Brad Pitt and Jennifer Aniston reunion,Brad Pitt and Jennifer Aniston  divorce,Brad Pitt and Jennifer Aniston  affair,Brad Pitt and Jennifer Aniston  picture,Brad Pitt and Jennifer Aniston  children,Brad Pitt,Angelina Jolie,Jennifer Aniston,brad pitt movie,Angelina Jolie health,jennifer aniston divorce", "og": {"title": "Brad Pitt, Jennifer Aniston met secretly in London?", "url": "https://www.ibtimes.co.in/brad-pitt-jennifer-aniston-met-secretly-london-775280", "image": "https://data1.ibtimes.co.in/en/full/657152/brad-pitt-jennifer-aniston.jpg", "site_name": "IBTimes India", "type": "article", "description": "Brad Pitt and Jennifer Aniston are in the news again because of their rumoured relationship. A recent report alleged that Angelina Jolie's estranged husband has decided to meet Aniston in London."}, "news_keywords": "Celebrity,Brad Pitt and Jennifer Aniston,Brad Pitt and Jennifer Aniston reunion,Brad Pitt and Jennifer Aniston  divorce,Brad Pitt and Jennifer Aniston  affair,Brad Pitt and Jennifer Aniston  picture,Brad Pitt and Jennifer Aniston  children,Brad Pitt,Angelina Jolie,Jennifer Aniston,Brad pitt movie,Angelina Jolie health,Jennifer aniston divorce", "syndication-source": "https://www.ibtimes.co.in/brad-pitt-jennifer-aniston-met-secretly-london-775280", "Googlebot-news": "index, follow", "robots": "index, follow", "twitter": {"title": "Brad Pitt, Jennifer Aniston met secretly in London?", "description": "Brad Pitt and Jennifer Aniston are in the news again because of their rumoured relationship. A recent report alleged that Angelina Jolie's estranged husband has decided to meet Aniston in London.", "image": "https://data1.ibtimes.co.in/en/full/657152/brad-pitt-jennifer-aniston.jpg", "card": "summary_large_image", "site": "@ibtimes_india", "domain": "www.ibtimes.co.in", "url": "https://www.ibtimes.co.in/brad-pitt-jennifer-aniston-met-secretly-london-775280"}, "theme-color": "#000000", "fb": {"pages": 134755750024728, "app_id": 1386147698272496}}, "movies": [], "publish_date": 1531954334.0, "source": "http://www.ibtimes.co.in", "summary": ""}