{"url": "people.com/health/katie-holmes-talks-training-the-doorman-workout-diet/", "text": "Katie Holmes talks about getting fit for her latest role \u2014 as well as being inspired by her daughter Suri \u2014 in the April issue of Women's Health\n\nKatie Holmes Describes Her Favorite New Workout: 'It Puts Me in a Much Calmer Place'\n\nThanks to a new movie role, Katie Holmes is in her best shape ever.\n\nThe 39-year-old actress covers the April issue of Women\u2019s Health, where she talks about amping up her workout routine for the upcoming action-thriller The Doorman. To get the look of an ex-Marine, Holmes\u2019 gym time consisted of lifting weights and personal training sessions that sometimes lasted two hours.\n\nGet push notifications with news, features and more.\n\n\u201cI wanted to be authentic to a person who trained in the military,\u201d she said. \u201cWhich means someone who wasn\u2019t always paying attention to the mirror and who was in shape not for vanity, but because that\u2019s what her job called for.\u201d\n\nImage zoom Credit: Ben Wats\n\nBut her intense training had offscreen benefits as well, including stronger muscles and a newfound love of boxing.\n\n\u201cI was a five-pound weight person, and now I can do 15, 20,\u201d Holmes shared. \u201cAnd I\u2019ve been doing a lot of boxing, which I had never done before. It\u2019s thrilling. You can get out the stress of the day. I just go in there and think of all the mundane things that bother me. Traffic! I put off all my calls till after boxing, because it puts me in a much calmer place.\u201d\n\nImage zoom Katie Holmes | Credit: Ben Wats\n\nImage zoom Katie Holmes | Credit: Ben Wats\n\nHolmes also gets real about staying fit \u2014 with her 11-year-old daughter Suri in mind.\n\n\u201cBeing a parent, every choice I make it with my child in mind. So part of getting in shape is to be an example,\u201d she told the magazine.\n\nRELATED VIDEO: Katie Holmes Quietly Supports Long-Rumored Partner Jamie Foxx at Store Opening\n\nThe Dawson\u2019s Creek alum sticks to mainly plant-based foods but makes an exception for the occasional slice of pepperoni pizza.\n\n\u201cIt used to be about fitting into my jeans, and I\u2019m so sick of that,\u201d she said of her eating habits. \u201cNow I think of it more as a health decision.\u201d\n\nImage zoom Katie Holmes | Credit: Ben Wats\n\nHolmes also likes group workout classes like SoulCycle, sharing that she enjoys the \u201csense of community.\u201d", "images": ["https://imagesvc.meredithcorp.io/v3/mm/image?url=https%3A%2F%2Fstatic.onecms.io%2Fwp-content%2Fuploads%2Fsites%2F20%2F2018%2F03%2Fkatie-holmes-3-1.jpg", "https://imagesvc.meredithcorp.io/v3/mm/image?url=https%3A%2F%2Fstatic.onecms.io%2Fwp-content%2Fuploads%2Fsites%2F20%2F2020%2F11%2F12%2Fthanksgiving-covid-150x150.jpg", "https://imagesvc.meredithcorp.io/v3/mm/image?url=https%3A%2F%2Fstatic.onecms.io%2Fwp-content%2Fuploads%2Fsites%2F20%2F2016%2F05%2F06%2Fprincess-diana-21.jpg", "https://imagesvc.meredithcorp.io/v3/mm/image?url=https%3A%2F%2Fstatic.onecms.io%2Fwp-content%2Fuploads%2Fsites%2F20%2F2020%2F07%2F23%2Ftout.jpg", "data:image/svg+xml,%3Csvg%20xmlns='http://www.w3.org/2000/svg'%20viewBox='0%200%20100%20133'%3E%3C/svg%3E", "https://imagesvc.meredithcorp.io/v3/mm/image?url=https%3A%2F%2Fstatic.onecms.io%2Fwp-content%2Fuploads%2Fsites%2F20%2F2018%2F03%2Fkatie-holmes-1-1.jpg", "https://peopledotcom.files.wordpress.com/2018/09/thumbnail_generic.png", "data:image/svg+xml,%3Csvg%20xmlns='http://www.w3.org/2000/svg'%20viewBox='0%200%20100%20100'%3E%3C/svg%3E", "https://imagesvc.meredithcorp.io/v3/mm/image?url=https%3A%2F%2Fstatic.onecms.io%2Fwp-content%2Fuploads%2Fsites%2F20%2F2020%2F08%2F04%2Fcoyote-ugly-2000.jpg", "https://imagesvc.meredithcorp.io/v3/mm/image?url=https%3A%2F%2Fstatic.onecms.io%2Fwp-content%2Fuploads%2Fsites%2F20%2F2020%2F07%2F19%2Ftiaras-2.jpg", "https://imagesvc.meredithcorp.io/v3/mm/image?url=https%3A%2F%2Fstatic.onecms.io%2Fwp-content%2Fuploads%2Fsites%2F20%2F2018%2F03%2Fkatie-holmes-2.jpg", "https://imagesvc.meredithcorp.io/v3/mm/image?url=https%3A%2F%2Fstatic.onecms.io%2Fwp-content%2Fuploads%2Fsites%2F20%2F2020%2F11%2F12%2Fcat-phone.jpg", "https://imagesvc.meredithcorp.io/v3/mm/image?url=https%3A%2F%2Fstatic.onecms.io%2Fwp-content%2Fuploads%2Fsites%2F20%2F2018%2F03%2Fkatie-holmes-4-1.jpg", "https://imagesvc.meredithcorp.io/v3/mm/image?q=85&c=sc&poi=face&w=1557&h=815&url=https%3A%2F%2Fstatic.onecms.io%2Fwp-content%2Fuploads%2Fsites%2F20%2F2018%2F03%2Fkatie-holmes-2.jpg"], "top_img": "https://imagesvc.meredithcorp.io/v3/mm/image?q=85&c=sc&poi=face&w=1557&h=815&url=https%3A%2F%2Fstatic.onecms.io%2Fwp-content%2Fuploads%2Fsites%2F20%2F2018%2F03%2Fkatie-holmes-2.jpg", "keywords": [], "authors": ["Stephanie Petit"], "canonical_link": "https://people.com/health/katie-holmes-talks-training-the-doorman-workout-diet/", "title": "Katie Holmes Talks Getting in Shape for 'The Doorman'", "meta_data": {"viewport": "width=device-width, initial-scale=1", "keywords": "Bodies,Celebrity Bodies,Celebrity Health,Health,Health News,Katie Holmes,News", "news_keywords": "Bodies,Celebrity Bodies,Celebrity Health,Health,Health News,Katie Holmes,News", "description": "Katie Holmes talks about getting fit for her latest role \u2014 as well as being inspired by her daughter Suri \u2014 in the April issue of Women's Health", "og": {"title": "Katie Holmes Talks About Getting Fit for Latest Role as Ex-Marine", "type": "article", "site_name": "PEOPLE.com", "url": "https://people.com/health/katie-holmes-talks-training-the-doorman-workout-diet/", "description": "Katie Holmes talks about getting fit for her latest role \u2014 as well as being inspired by her daughter Suri \u2014 in the April issue of Women's Health", "image": {"identifier": "https://imagesvc.meredithcorp.io/v3/mm/image?q=85&c=sc&poi=face&w=1557&h=815&url=https%3A%2F%2Fstatic.onecms.io%2Fwp-content%2Fuploads%2Fsites%2F20%2F2018%2F03%2Fkatie-holmes-2.jpg", "width": 1557, "height": 815}}, "pinterest": {"url": "https://people.com/health/katie-holmes-talks-training-the-doorman-workout-diet/", "description": "Katie Holmes talks about getting fit for her latest role \u2014 as well as being inspired by her daughter Suri \u2014 in the April issue of Women's Health", "media": "https://imagesvc.meredithcorp.io/v3/mm/image?url=https%3A%2F%2Fstatic.onecms.io%2Fwp-content%2Fuploads%2Fsites%2F20%2F2018%2F03%2Fkatie-holmes-2.jpg"}, "twitter": {"card": "summary_large_image", "url": "https://people.com/health/katie-holmes-talks-training-the-doorman-workout-diet/", "title": "Katie Holmes Talks About Getting Fit for Latest Role as Ex-Marine", "description": "Katie Holmes talks about getting fit for her latest role \u2014 as well as being inspired by her daughter Suri \u2014 in the April issue of Women's Health", "site": "@people", "image": "https://imagesvc.meredithcorp.io/v3/mm/image?q=85&c=sc&poi=face&w=1557&h=815&url=https%3A%2F%2Fstatic.onecms.io%2Fwp-content%2Fuploads%2Fsites%2F20%2F2018%2F03%2Fkatie-holmes-2.jpg"}, "robots": "max-image-preview:large", "fb": {"app_id": 610948219662029, "pages": 95926963131}, "article": {"opinion": "false"}, "p": {"domain_verify": "755183be01bfc739a9cac6673f1f2c1b"}}, "movies": [], "publish_date": null, "source": "http://people.com", "summary": ""}