{"url": "www.eonline.com/news/943268/duchess-style-are-you-a-kate-middleton-meghan-markle-or-camilla-bowles", "text": "Three duchesses, three very distinct styles.\n\nAt the 2018 Trooping the Colour, Queen Elizabeth II's birthday parade celebration (not to be confused with her actual birthday on April 21), pastels were a plenty among the royals, with the queen, Kate Middleton, Meghan Markle and Camilla Parker Bowles taking part. While the duchesses followed the unofficial color theme, self-expression was clear.\n\nKate wore a long-sleeve dress with a square neckline and an accentuated waist, a very classic look that displayed the small design details she loves, while Meghan wore a structural off-the-shoulder silhouette that featured her more modern style sensibilities. We know that Camilla is a fan of the skirt suit, but she also knows how to elevate the look.", "images": ["https://akns-images.eonline.com/eol_images/Entire_Site/2018511/rs_600x600-180611143837-600-970641114-Royal-Family-Fashion.jl.061118.jpg?fit=around%7C1080:1080&output-quality=90&crop=1080:1080;center,top", "https://akns-images.eonline.com/eol_images/Entire_Site/2018511/rs_1024x759-180611143837-1024-Royal-Family-Style-Summer.jl.061118.jpg?fit=around%7C1024:auto&output-quality=90&crop=1024:auto;center,top"], "top_img": "https://akns-images.eonline.com/eol_images/Entire_Site/2018511/rs_600x600-180611143837-600-970641114-Royal-Family-Fashion.jl.061118.jpg?fit=around%7C1080:1080&output-quality=90&crop=1080:1080;center,top", "keywords": [], "authors": [], "canonical_link": "https://www.eonline.com/news/943268/duchess-style-are-you-a-kate-middleton-meghan-markle-or-camilla-bowles", "title": "Are You a Kate Middleton, Meghan Markle or Camilla Parker Bowles?", "meta_data": {"viewport": "width=device-width, initial-scale=1, maximum-scale=1, user-scalable=0", "google-site-verification": "jOadQCDbZTkKw5sn27yXszjIb9c3PdMPHENN92uPWy8", "msvalidate.01": "564B986CE3CECCAE84779191BEC6B755", "fb": {"admins": 10101649, "pages": 1387539234854280, "app_id": 195662528604}, "og": {"title": "Duchess Style: Are You a Kate Middleton, Meghan Markle or Camilla Parker Bowles? - E! Online", "type": "article", "url": "https://www.eonline.com/news/943268/duchess-style-are-you-a-kate-middleton-meghan-markle-or-camilla-bowles", "site_name": "E! Online", "description": "See how 3 royals take on fashion", "locale": "en_US", "image": {"identifier": "https://akns-images.eonline.com/eol_images/Entire_Site/2018511/rs_600x600-180611143837-600-970641114-Royal-Family-Fashion.jl.061118.jpg?fit=around%7C1080:1080&output-quality=90&crop=1080:1080;center,top", "width": 1080, "height": 1080}}, "article": {"tag": "fashion,life/style,kate_middleton,shopping,meghan_markle", "published_time": "Tue Jun 12 12:00:00 GMT+0 2018", "modified_time": "Tue Jun 12 11:27:25 GMT+0 2018", "content_tier": "free", "opinion": "false"}, "description": "See how 3 royals take on fashion", "twitter": {"card": "summary_large_image", "site": "https://twitter.com/eonline", "title": "Duchess Style: Are You a Kate Middleton, Meghan Markle or Camilla Parker Bowles? - E! Online", "description": "See how 3 royals take on fashion", "image": "https://akns-images.eonline.com/eol_images/Entire_Site/2018511/rs_600x600-180611143837-600-970641114-Royal-Family-Fashion.jl.061118.jpg?fit=around%7C1080:540&output-quality=90&crop=1080:540;center,top", "url": "https://www.eonline.com/news/943268/duchess-style-are-you-a-kate-middleton-meghan-markle-or-camilla-bowles"}, "sailthru.contenttype": "news", "sailthru.cid": 943268, "sailthru.ed.cid": "us_943268", "sailthru.edition": "us", "sailthru.image.full": "https://akns-images.eonline.com/eol_images/Entire_Site/2018511/rs_600x600-180611143837-600-970641114-Royal-Family-Fashion.jl.061118.jpg?fit=around%7C1080:1080&output-quality=90&crop=1080:1080;center,top", "sailthru.date": "2018 06 12 12:00:00", "sailthru.title": "Duchess Style: Are You a Kate Middleton, Meghan Markle or Camilla Parker Bowles?", "sailthru.tags": "fashion,life/style,kate_middleton,shopping,meghan_markle", "robots": "max-image-preview:large"}, "movies": [], "publish_date": 1528804800.0, "source": "http://www.eonline.com", "summary": ""}