{"url": "https://www.businessinsider.com/when-richest-people-in-the-world-became-millionaires-billionaires-2018-4", "text": "The richest people in the world found success at various ages.\n\nWarren Buffett spent over 25 years as a millionaire before becoming a billionaire, while it took Mark Zuckerberg only one year to graduate to billionaire status.\n\nTech appears to be the fastest wealth-building industry; the richest people in tech averaged five years as millionaires before becoming billionaires.\n\nThe richest people in the world met success and wealth at various stages in life.\n\nFacebook cofounder Mark Zuckerberg became a billionaire wunderkind at just 23 years old, while Berkshire Hathaway founder Warren Buffett's long-game investing strategies finally cemented his billionaire status at 56 \u2014 about 26 years after he first joined the seven-figure club.\n\nBuffett and Zuckerberg are now the third and fifth richest people on earth, respectively.\n\nBetway, an online betting site, used Forbes 2018 Billionaire's List and Bloomberg's Billionaire Index to find out how long it took the richest people in the world to go from millionaire to billionaire. The blog looked at when each person first appeared on either list, and also gathered news reports and rankings to pinpoint their age at the time. When it wasn't possible to find an exact age, Betway Insider made an estimate based on the individual's first big success in business.\n\nTech appears to be the fastest wealth-building industry; the richest people in tech averaged five years as millionaires before becoming billionaires.\n\nBelow, how long it took the richest people in the world to go from millionaire to billionaire. The list excludes two people \u2014 Fran\u00e7oise Bettencourt-Meyers and Mukesh Ambani \u2014 who both inherited their billions, skipping the millionaire stage completely. All current net worth figures are from Forbes' real-time ranking as of April 4.", "images": ["https://i.insider.com/5ac50a8f7a74af2b008b4684?width=600&format=jpeg&auto=webp", "https://i.insider.com/5ac506387a74af20008b462d?width=600&format=jpeg&auto=webp", "data:image/svg+xml,%3Csvg xmlns='http://www.w3.org/2000/svg' viewBox='0 0 1 1'%3E%3C/svg%3E", "https://i.insider.com/5ac50ad27a74af1b008b45d8?width=600&format=jpeg&auto=webp", "https://i.insider.com/5ac50a127a74af2b008b4680?width=600&format=jpeg&auto=webp", "https://i.insider.com/5ac50ab27a74af1a008b4604?width=600&format=jpeg&auto=webp", "https://i.insider.com/5ac50b7e7a74af1d008b45d7?width=600&format=jpeg&auto=webp", "https://i.insider.com/5ac501fc7a74af2b008b45d9?width=600&format=jpeg&auto=webp", "https://i.insider.com/5ac501397a74af29008b4662?width=600&format=jpeg&auto=webp", "https://www.businessinsider.com/public/assets/shared/success-circle.svg", "https://i.insider.com/5ac501ce7a74af2d008b465e?width=600&format=jpeg&auto=webp", "https://i.insider.com/5ac5003f7a74af20008b471c?width=600&format=jpeg&auto=webp", "https://i.insider.com/5ac509af7a74af2f008b464b?width=600&format=jpeg&auto=webp", "https://i.insider.com/5914e25b1442931c008b4a12?width=600&format=jpeg&auto=webp", "https://i.insider.com/5ac50b0a7a74af1a008b4760?width=600&format=jpeg&auto=webp", "https://i.insider.com/5ac50b407a74af1e008b4666?width=600&format=jpeg&auto=webp", "https://i.insider.com/5ac5154b7a74af1b008b4672?width=700", "https://i.insider.com/5ac5268a7a74af25008b46bb?width=1200&format=jpeg", "https://i.insider.com/5ac502687a74af21008b476f?width=600&format=jpeg&auto=webp", "https://i.insider.com/5ac503627a74af23008b4673?width=600&format=jpeg&auto=webp", "https://i.insider.com/5ac5042a7a74af28008b461c?width=600&format=jpeg&auto=webp", "https://i.insider.com/5ac50e5d7a74af20008b4643?width=600&format=jpeg&auto=webp", "https://i.insider.com/5ac50e447a74af22008b4682?width=600&format=jpeg&auto=webp", "https://i.insider.com/5ac50af87a74af2d008b4677?width=600&format=jpeg&auto=webp", "https://i.insider.com/5ac500807a74af24008b4754?width=600&format=jpeg&auto=webp", "https://i.insider.com/5ac50d9f7a74af22008b4681?width=600&format=jpeg&auto=webp", "https://www.businessinsider.com/when-richest-people-in-the-world-became-millionaires-billionaires-2018-4?width=600&format=jpeg&auto=webp", "https://i.insider.com/5ac502f27a74af21008b45b2?width=600&format=jpeg&auto=webp"], "top_img": "https://i.insider.com/5ac5268a7a74af25008b46bb?width=1200&format=jpeg", "keywords": [], "authors": ["Tanza Loudenback"], "canonical_link": "https://www.businessinsider.com/when-richest-people-in-the-world-became-millionaires-billionaires-2018-4", "title": "How many years it took the 23 richest people in the world to go from millionaire to billionaire", "meta_data": {"viewport": "width=device-width, initial-scale=1", "title": "How many years it took the 23 richest people in the world to go from millionaire to billionaire", "date": "2018-04-05", "pubdate": "2018-04-05T14:14:00Z", "lastmod": "2018-04-05T14:14:29Z", "news_keywords": "Arts & Culture, Billionaire, Millionaire, Jeff Bezos, Bill Gates, Warren Buffett, Features, Tanza Loudenback", "description": "Mark Zuckerberg and Jeff Bezos, two of the richest people in the world, were barely millionaires before they made it to the billionaire's club.", "author": "Tanza Loudenback", "article": {"publisher": "businessinsider", "content_tier": "free", "opinion": "false"}, "tbi-vertical": "Personal Finance", "og": {"title": "How many years it took the 23 richest people in the world to go from millionaire to billionaire", "description": "Mark Zuckerberg and Jeff Bezos, two of the richest people in the world, were barely millionaires before they made it to the billionaire's club.", "type": "article", "url": "https://www.businessinsider.com/when-richest-people-in-the-world-became-millionaires-billionaires-2018-4", "image": "https://i.insider.com/5ac5268a7a74af25008b46bb?width=1200&format=jpeg", "site_name": "Business Insider"}, "robots": "max-image-preview:large", "sailthru.title": "How many years it took the 23 richest people in the world to go from millionaire to billionaire", "sailthru.date": "2018-04-05", "sailthru.tags": "Arts & Culture, Billionaire, Millionaire, Jeff Bezos, Bill Gates, Warren Buffett, Features, Tanza Loudenback", "sailthru.description": "Mark Zuckerberg and Jeff Bezos, two of the richest people in the world, were barely millionaires before they made it to the billionaire's club.", "sailthru.author": "Tanza Loudenback", "sailthru.verticals": "yourmoney, careers, warroom, sai", "sailthru.image.full": "https://i.insider.com/5ac5273e7a74af19008b45eb?width=1200&format=jpeg", "sailthru.image.thumb": "https://i.insider.com/5ac5273e7a74af19008b45eb?width=160&format=jpeg", "twitter": {"card": "summary_large_image", "site": "@BI_Strategy"}, "fb": {"pages": 20446254070}, "apple-itunes-app": "app-id=554260576", "linkedin": {"owner": "mid:1d5f7b"}, "viking-id": "5ac4e6447a74af27008b462f", "env": "prod", "msapplication-config": "//www.businessinsider.com/public/assets/BI/US/favicons/browserconfig.xml?12-31-19", "theme-color": "#ffffff"}, "movies": [], "publish_date": 1522879200.0, "source": "https://www.businessinsider.com", "summary": ""}