{"url": "https://variety.com/2018/film/news/gina-rodriguez-carmen-sandiego-movie-netflix-1202736514/", "text": "Gina Rodriguez will be starring in yet another \u201cCarmen Sandiego\u201d project for Netflix.\n\nThe \u201cJane the Virgin\u201d star will topline a live-action film for the steamer. Rodriguez will star in and produce the movie through her I Can and I Will Productions, alongside producers Kevin Misher and Caroline Fraser. Andy Berman of Misher Films is the executive producer.\n\nRodriguez is also voicing the title character in Netflix\u2019s upcoming animated \u201cCarmen Sandiego\u201d series, which will start streaming in 2019.\n\nHoughton Mifflin Harcourt is the owner of the \u201cCarmen Sandiego\u201d property. Fraser is the head of HMH Productions and the executive producer of the \u201cCarmen Sandiego\u201d Netflix original series and feature film. A line of books from HMH featuring Sandiego will launch in 2019 timed to the series debut.\n\nThe movie will be a standalone Carmen Sandiego adventure. No writer or director is attached to the pic yet.\n\n\u201cCarmen Sandiego\u201d is an educational computer game franchise that follows Sandiego as she travels across the world stealing national treasure. Sandiego has been the main antagonist of several games, including \u201cWhere in the World Is Carmen Sandiego?\u201d In addition, she was featured in multiple books, live-action game shows, and the animated series \u201cWhere on Earth Is Carmen Sandiego,\u201d which ran for 40 episodes between 1994 and 1998.\n\nRodriguez is set to produce and topline the film \u201cSomeone Great\u201d for Netflix. She also has a starring role in Sony\u2019s \u201cMiss Bala,\u201d which hits theaters on Jan. 25, 2019. Rodriguez continues to star in CW\u2019s \u201cJane the Virgin.\u201d\n\nRodriguez is repped by CAA and attorney Karl Austen. The news was first reported by Deadline Hollywood.", "images": ["https://variety.com/wp-content/themes/pmc-variety-2020/assets/public/lazyload-fallback.gif", "https://www.facebook.com/tr?id=315552255725686&ev=PageView&noscript=1", "https://px.ads.linkedin.com/collect/?pid=1429113&fmt=gif", "https://sb.scorecardresearch.com/p?c1=2&c2=6035310&c3=&c4=&c5=&c6=&c15=&cv=2.0&cj=1", "https://pixel.quantserve.com/pixel?a.1=&a.2=p-31f3D02tYU8zY", "https://www.facebook.com/tr?id=586935388485447&ev=PageView&noscript=1", "https://variety.com/wp-content/uploads/2017/04/gina-carmen.png?w=1000"], "top_img": "https://variety.com/wp-content/uploads/2017/04/gina-carmen.png?w=1000", "keywords": [], "authors": ["Dave Mcnary"], "canonical_link": "https://variety.com/2018/film/news/gina-rodriguez-carmen-sandiego-movie-netflix-1202736514/", "title": "Gina Rodriguez to Star in \u2018Carmen Sandiego\u2019 Movie for Netflix", "meta_data": {"theme-color": "#fff", "viewport": "width=device-width, initial-scale=1.0", "apple-mobile-web-app-status-bar-style": "black-translucent", "msapplication-config": "https://variety.com/wp-content/themes/pmc-variety-2020/assets/app/browserconfig.xml", "msapplication-TileImage": "https://variety.com/wp-content/uploads/2018/06/variety-favicon.png?w=128", "msapplication-TileColor": "#eff4ff", "description": "Gina Rodriguez will be starring in a \"Carmen Sandiego\"\u00a0live-action film for Netflix.", "alexaVerifyID": "4IBqfMBcohHTnitnTLanYijElhs", "fb": {"admins": 697514199}, "cXenseParse": {"pmc-lob": "variety", "pmc-page_type": "article", "articleid": 1202736514, "author": "Dave McNary", "pmc-category": "News", "pmc-over_1_year": "yes", "pmc-post_type": "post", "recs": {"publishtime": "2018-03-26T13:20:38"}, "pmc-tag": "Carmen Sandiego,Gina Rodriguez,Netflix", "title": "Gina Rodriguez to Star in \u2018Carmen Sandiego\u2019 Movie for Netflix", "pageclass": "article", "pmc-vertical": "film", "pmc-primary-category": "News", "pmc-primary-vertical": "film", "pmc-is_vyvip_article": "no"}, "apple-itunes-app": "app-id=416179538", "generator": "WordPress 5.5.2", "author": "Dave McNary", "apple-mobile-web-app-capable": "yes", "mobile-web-app-capable": "yes", "apple-touch-fullscreen": "YES", "apple-mobile-web-app-title": "Variety", "application-name": "Variety", "robots": "max-image-preview:large", "content_type": "Article", "post_id": 1202736514, "title": "Gina Rodriguez to Star in 'Carmen Sandiego' Movie for Netflix", "published_at": "2018-03-26 13:20:38", "image": "https://variety.com/wp-content/uploads/2017/04/gina-carmen.png?w=1000", "comment_count": 2, "tags": "Netflix", "topics": "News", "appeared_in_print": "No", "body": "Gina Rodriguez will be starring in yet another \"Carmen Sandiego\" project for Netflix.\r\n\r\nThe \"Jane the Virgin\" star will topline a\u00a0live-action film for the steamer. Rodriguez will star in and produce the movie through her I Can and I Will Productions, alongside producers Kevin Misher and Caroline Fraser. Andy Berman of Misher Films is the executive producer.\r\n\r\nRodriguez is also voicing the title character in Netflix's upcoming\u00a0animated \"Carmen Sandiego\" series, which will start streaming in 2019.\r\n\r\nHoughton Mifflin Harcourt is the owner of the \"Carmen Sandiego\" property. Fraser is the head of HMH Productions and the executive producer of the \"Carmen Sandiego\" Netflix original series and feature film. A line of books from HMH featuring Sandiego will launch in 2019 timed to the series debut.\r\n\r\nThe movie will be a standalone Carmen Sandiego adventure. No writer or director is attached to the pic yet.\r\n\r\n\"Carmen Sandiego\" is an educational computer game franchise that follows Sandiego as she travels across the world stealing national treasure. Sandiego has been the main antagonist of several games, including \"Where in the World Is Carmen Sandiego?\" In addition, she was featured in multiple books, live-action game shows, and the animated series \"Where on Earth Is Carmen Sandiego,\" which ran for 40 episodes between 1994 and 1998.\r\n\r\nRodriguez is set to produce and topline the film \"Someone Great\" for Netflix. She also has a starring role in Sony's \"Miss Bala,\" which hits theaters on Jan. 25, 2019. Rodriguez continues to star in CW's \"Jane the Virgin.\"\r\n\r\nRodriguez is repped by CAA and attorney Karl Austen. The news was first reported by Deadline Hollywood.", "onesignal": "wordpress-plugin", "fragment": "!", "og": {"type": "article", "title": "Gina Rodriguez to Star in \u2018Carmen Sandiego\u2019 Movie for Netflix", "url": "https://variety.com/2018/film/news/gina-rodriguez-carmen-sandiego-movie-netflix-1202736514/", "description": "Gina Rodriguez will be starring in yet another \u201cCarmen Sandiego\u201d project for Netflix. The \u201cJane the Virgin\u201d star will topline a\u00a0live-action film for the steamer. Rodriguez w\u2026", "site_name": "Variety", "image": {"identifier": "https://variety.com/wp-content/uploads/2017/04/gina-carmen.png?w=1000", "width": 1000, "height": 563}, "locale": "en_US"}, "article": {"published_time": "2018-03-26T20:20:38+00:00", "modified_time": "2018-03-26T20:20:38+00:00"}, "twitter": {"site": "@variety", "text": {"title": "Gina Rodriguez to Star in \u2018Carmen Sandiego\u2019 Movie for Netflix"}, "image": "https://variety.com/wp-content/uploads/2017/04/gina-carmen.png?w=1000", "card": "summary_large_image", "creator": "@Variety_DMcNary", "title": "Gina Rodriguez to Star in \u2018Carmen Sandiego\u2019 Movie for Netflix", "description": "Gina Rodriguez will be starring in a \"Carmen Sandiego\"\u00a0live-action film for Netflix."}}, "movies": [], "publish_date": 1522095638.0, "source": "https://variety.com", "summary": ""}