{"url": "radaronline.com/videos/justin-bieber-propose-to-selena-gomez-christmas/", "text": "Click to share on Twitter (Opens in new window)\n\nClick to share on Facebook (Opens in new window)\n\nMarry Me! Justin Bieber To Propose To Selena Over Christmas\n\nMarry Me! Justin Bieber To Propose To Selena Over Christmas\n\nMarry Me! Justin Bieber To Propose To Selena Over Christmas The news comes after Gomez's mom had a breakdown over their 'toxic' relationship.\n\nIs Justin Bieber about to propose to Selena Gomez?\n\nA Straight Shuter source exclusively told RadarOnline.com, \u201cfriends expect Justin to pop the question over the holidays!\u201d\n\nThe two have been getting very serious ever since they rekindled their romance earlier this October.\n\n\u201cJustin has been looking at rings and plans to ask her to marry him over Christmas,\u201d added the source.\n\nAdding to the marriage rumors, Gomez\u2019s mom reportedly suffered a tragic breakdown after discovering just how serious her daughter is about being with Bieber.\n\nCould it be she already spilled the news of their engagement? Let us know your thoughts in the comments below.\n\nStraight Shuter\u2018s Rob Shuter has all the latest gossip.\n\nWe pay for juicy info! Do you have a story for RadarOnline.com? Email us at tips@radaronline.com, or call us at (866) ON-RADAR (667-2327) any time, day or night.", "images": ["https://i0.heartyhosting.com/radaronline.com/wp-content/uploads/2019/03/scandal-bg.jpg?fit=1440%2C210&ssl=1", "https://i0.heartyhosting.com/radaronline.com/wp-content/uploads/2019/03/logo-celebrity-news.png?ssl=1", "https://i0.heartyhosting.com/radaronline.com/wp-content/uploads/2019/03/reality-tv-bg.jpg?fit=1440%2C210&ssl=1", "https://i0.heartyhosting.com/radaronline.com/wp-content/uploads/2019/03/logo-scandal.png?fit=307%2C70&ssl=1", "https://i0.heartyhosting.com/radaronline.com/wp-content/uploads/2019/03/logo-true-crime-b.png?fit=357%2C70&ssl=1", "https://i0.heartyhosting.com/radaronline.com/wp-content/uploads/2019/03/logo-omg.png?fit=188%2C70&ssl=1", "https://i0.heartyhosting.com/radaronline.com/wp-content/uploads/2019/03/celebrity-news-bg.jpg?fit=1440%2C210&ssl=1", "https://i0.heartyhosting.com/radaronline.com/wp-content/uploads/2020/02/KUWTK-Kim-Kardashian-Denies-Booed-Tristan-Thompson-NBA-Game-pp.jpg?w=384&crop=0%2C20px%2C384px%2C215px&resize=384%2C215&ssl=1", "https://i0.heartyhosting.com/radaronline.com/wp-content/uploads/2019/03/logo-fashion-police.png?fit=489%2C70&ssl=1", "https://i0.heartyhosting.com/radaronline.com/wp-content/uploads/2019/03/logo-celebrity-news-b.png?fit=495%2C70&ssl=1", "https://i0.heartyhosting.com/radaronline.com/wp-content/uploads/2017/12/Justin-Bieber-Propose-To-Selena-Gomez-Christmas-pp.jpg?resize=1200%2C630&ssl=1", "https://i0.heartyhosting.com/radaronline.com/wp-content/uploads/2020/11/meghan-miscarriage.jpeg?w=384&crop=0%2C20px%2C384px%2C215px&resize=384%2C215&ssl=1", "https://i0.heartyhosting.com/radaronline.com/wp-content/uploads/2019/03/logo-reality-tv.png?fit=370%2C70&ssl=1", "https://i0.heartyhosting.com/radaronline.com/wp-content/uploads/2020/11/bobby-bobby-jrjpeg.jpeg?w=384&crop=0%2C20px%2C384px%2C215px&resize=384%2C215&ssl=1", "https://i0.heartyhosting.com/radaronline.com/wp-content/uploads/2017/12/Justin-Bieber-Propose-To-Selena-Gomez-Christmas-pp.jpg?resize=792%2C446&ssl=1", "https://radaronline.com/wp-content/themes/vip/am-radaronline/assets/build/images/icons/logo-tag-registered.svg", "https://radaronline.com/wp-content/themes/vip/am-radaronline/assets/build/images/icons/logo-tag-registered-green.svg", "https://i0.heartyhosting.com/radaronline.com/wp-content/uploads/2019/03/true-crime-bg.jpg?fit=1440%2C210&ssl=1", "https://i0.heartyhosting.com/radaronline.com/wp-content/uploads/2019/03/omg-bg.jpg?fit=1440%2C210&ssl=1", "https://i0.heartyhosting.com/radaronline.com/wp-content/uploads/2019/03/fashion-police-bg.jpg?fit=1440%2C210&ssl=1", "https://i0.heartyhosting.com/radaronline.com/wp-content/uploads/2020/11/miley-cyrus-sobriety.jpeg?w=384&crop=0%2C20px%2C384px%2C215px&resize=384%2C215&ssl=1"], "top_img": "https://i0.heartyhosting.com/radaronline.com/wp-content/uploads/2017/12/Justin-Bieber-Propose-To-Selena-Gomez-Christmas-pp.jpg?resize=1200%2C630&ssl=1", "keywords": [], "authors": ["Rosa Sanchez", "December"], "canonical_link": "https://radaronline.com/videos/justin-bieber-propose-to-selena-gomez-christmas/", "title": "Marry Me! Justin Bieber To Propose To Selena Over Christmas", "meta_data": {"viewport": "width=device-width, initial-scale=1.0", "fb": {"admins": 593583017, "app_id": 1008772232528225, "pages": 376279216711}, "theme-color": "#ffffff", "google-site-verification": "kONM_PqGX8Za53dFcExSTIIPZxxN_S4QtvDlONzzdA0", "description": "The news of Justin Bieber's proposal comes after Selena Gomez's mom had a breakdown over the famous duo's 'toxic' relationship.", "robots": "index, follow, max-snippet:-1, max-image-preview:large, max-video-preview:-1", "og": {"locale": "en_US", "type": "article", "title": "Marry Me! Justin Bieber To Propose To Selena Over Christmas", "description": "The news of Justin Bieber's proposal comes after Selena Gomez's mom had a breakdown over the famous duo's 'toxic' relationship.", "url": "https://radaronline.com/videos/justin-bieber-propose-to-selena-gomez-christmas/", "site_name": "RadarOnline", "updated_time": "2017-12-19T15:53:39+00:00", "image": {"identifier": "https://i0.heartyhosting.com/radaronline.com/wp-content/uploads/2017/12/Justin-Bieber-Propose-To-Selena-Gomez-Christmas-pp.jpg?resize=1200%2C630&ssl=1", "secure_url": "https://i0.heartyhosting.com/radaronline.com/wp-content/uploads/2017/12/Justin-Bieber-Propose-To-Selena-Gomez-Christmas-pp.jpg?resize=1200%2C630&ssl=1", "width": 1200, "height": 630}}, "article": {"published_time": "2017-12-19T15:53:39+00:00"}, "twitter": {"card": "summary_large_image", "title": "Marry Me! Justin Bieber To Propose To Selena Over Christmas", "description": "The news of Justin Bieber's proposal comes after Selena Gomez's mom had a breakdown over the famous duo's 'toxic' relationship.", "image": "https://i0.heartyhosting.com/radaronline.com/wp-content/uploads/2017/12/Justin-Bieber-Propose-To-Selena-Gomez-Christmas-pp.jpg?resize=1200%2C630&ssl=1"}, "news_keywords": "Selena Gomez", "generator": "WordPress 5.5.3"}, "movies": [], "publish_date": 1513698819.0, "source": "http://radaronline.com", "summary": ""}