{"url": "ew.com/movies/2017/02/26/bill-paxton-dead-celebrities-react/", "text": "Aliens type Movie\n\nThe entertainment industry is mourning Bill Paxton, who died Sunday at the age of 61.\n\nStars like Tom Hanks, Charlize Theron, Jordan Peele, William Shatner, Rob Lowe, Kumail Nanjiani, and Jamie Lee Curtis paid tribute to the late actor \u2014 best known for his roles in films like Aliens, Twister, Apollo 13, True Lies, Titanic, and the Golden Globe-nominated HBO series Big Love \u2014 on social media soon after the news of his death broke.\n\n\u201cDevastated by the sudden loss of my close friend and one of the finest actors in the business, Bill Paxton. Renaissance man, raconteur and uniquely American national treasure,\u201d Lowe tweeted Sunday morning. \u201cHis friendship was a blessing\u2026 In his memory, on this Oscar Sunday, watch One False Move or A Simple Plan to see this lovely leading man, at his finest.\u201d\n\nReferencing Paxton\u2019s role in Aliens, Josh Gad added: \u201cThe loss of #BillPaxton is beyond crushing. Once again, an icon, far too young, gone far too soon. Goodbye Private Hudson.\u201d\n\nRead on for more industry reactions to Paxton\u2019s death.", "images": ["https://imagesvc.meredithcorp.io/v3/mm/image?q=85&c=sc&poi=face&w=2000&h=1047&url=https%3A%2F%2Fstatic.onecms.io%2Fwp-content%2Fuploads%2Fsites%2F6%2F2017%2F02%2Fap_836261460062-2000.jpg", "https://imagesvc.meredithcorp.io/v3/mm/image?url=https%3A%2F%2Fstatic.onecms.io%2Fwp-content%2Fuploads%2Fsites%2F6%2F2020%2F10%2F07%2FFamily-Halloween-Movies.jpg", "https://imagesvc.meredithcorp.io/v3/mm/image?url=https%3A%2F%2Fstatic.onecms.io%2Fwp-content%2Fuploads%2Fsites%2F6%2F2020%2F10%2F20%2FGettyImages-1027748034.jpg", "data:image/svg+xml,%3Csvg%20xmlns='http://www.w3.org/2000/svg'%20viewBox='0%200%20100%20100'%3E%3C/svg%3E", "https://imagesvc.meredithcorp.io/v3/mm/image?url=https%3A%2F%2Fstatic.onecms.io%2Fwp-content%2Fuploads%2Fsites%2F6%2F2020%2F10%2F12%2Fmockumentaries.jpg"], "top_img": "https://imagesvc.meredithcorp.io/v3/mm/image?q=85&c=sc&poi=face&w=2000&h=1047&url=https%3A%2F%2Fstatic.onecms.io%2Fwp-content%2Fuploads%2Fsites%2F6%2F2017%2F02%2Fap_836261460062-2000.jpg", "keywords": [], "authors": ["Joey Nolfi"], "canonical_link": "https://ew.com/movies/2017/02/26/bill-paxton-dead-celebrities-react/", "title": "Tom Hanks, Charlize Theron, more stars pay tribute to Bill Paxton", "meta_data": {"viewport": "width=device-width, initial-scale=1", "keywords": "Bill Paxton", "news_keywords": "Bill Paxton", "description": "Hollywood is mourning the loss of the actor, who died after complications resulting from surgery.", "og": {"title": "Tom Hanks, Charlize Theron, More Stars Pay Tribute to Bill Paxton", "type": "article", "site_name": "EW.com", "url": "https://ew.com/movies/2017/02/26/bill-paxton-dead-celebrities-react/", "description": "Hollywood is mourning the loss of the actor, who died after complications resulting from surgery.", "image": {"identifier": "https://imagesvc.meredithcorp.io/v3/mm/image?q=85&c=sc&poi=face&w=2000&h=1047&url=https%3A%2F%2Fstatic.onecms.io%2Fwp-content%2Fuploads%2Fsites%2F6%2F2017%2F02%2Fap_836261460062-2000.jpg", "width": 2000, "height": 1047}}, "pinterest": {"url": "https://ew.com/movies/2017/02/26/bill-paxton-dead-celebrities-react/", "description": "Hollywood is mourning the loss of the actor, who died after complications resulting from surgery.", "media": "https://imagesvc.meredithcorp.io/v3/mm/image?url=https%3A%2F%2Fstatic.onecms.io%2Fwp-content%2Fuploads%2Fsites%2F6%2F2017%2F02%2Fap_836261460062-2000.jpg"}, "twitter": {"card": "summary_large_image", "url": "https://ew.com/movies/2017/02/26/bill-paxton-dead-celebrities-react/", "title": "Tom Hanks, Charlize Theron, More Stars Pay Tribute to Bill Paxton", "description": "Hollywood is mourning the loss of the actor, who died after complications resulting from surgery.", "site": "@ew", "image": "https://imagesvc.meredithcorp.io/v3/mm/image?q=85&c=sc&poi=face&w=2000&h=1047&url=https%3A%2F%2Fstatic.onecms.io%2Fwp-content%2Fuploads%2Fsites%2F6%2F2017%2F02%2Fap_836261460062-2000.jpg"}, "robots": "max-image-preview:large", "fb": {"app_id": 2485718348341688, "pages": 52150999700}, "article": {"opinion": "false"}}, "movies": [], "publish_date": 1488063600.0, "source": "http://ew.com", "summary": ""}