{"url": "http://www.bloomberg.com/politics/articles/2016-05-09/trump-s-tough-talk-on-hedge-fund-taxes-doesn-t-match-his-plan", "text": "Why did this happen?\n\nPlease make sure your browser supports JavaScript and cookies and that you are not blocking them from loading. For more information you can review our Terms of Service and Cookie Policy.", "images": [], "top_img": "", "keywords": [], "authors": [], "canonical_link": "", "title": "Are you a robot?", "meta_data": {"viewport": "width=device-width, initial-scale=1"}, "movies": [], "publish_date": 1462744800.0, "source": "http://www.bloomberg.com", "summary": ""}