{"url": "https://www.cbsnews.com/news/janet-jackson-calls-police-for-welfare-check-on-son-who-was-staying-with-her-ex/", "text": "Janet Jackson called the police asking for a welfare check on her 1-year-old son, Eissa Al Mana, who was in the care of his father at the time. A watch commander with the Malibu County Sheriff's Office told ET that Jackson called shortly before 10 p.m. on Sunday and asked them to check on Jackson's son, who was staying with his father at the Nobu Hotel. The baby's father is billionaire Wissam Al Mana, Jackson's estranged husband.\n\nJackson's brother, Randy Jackson, told ET that Janet called 911 after a nanny told her that she was frightened by Wissam's behavior, which she thought was aggressive. Randy said that the nanny was so scared she locked herself in a bathroom so she could call the singer.\n\nJanet Jackson and Wissam Al Mana married in 2012. They had their son on Jan. 2, 2017 and broke up three months later. They said they would be co-parenting their child.\n\nGet Breaking News Delivered to Your Inbox\n\nJackson announced in 2016 that she was delaying her \"Unbreakable\" tour to plan a family with her husband. The singer, who was 49 at the time, said, \"My husband and I are planning our family, so I'm going to have to delay the tour. Please, if you can, try to understand that it's important that I do this now. I have to rest up; doctor's orders. But I have not forgotten about you.\"\n\nIn November, a source told ET that the couple were committed to parenting together, but had no plans of reconciliation.\n\n\"All Janet wants to do is move forward and be the best mother to her son and to be happy,\" the source added at the time.", "images": ["https://cbsnews1.cbsistatic.com/hub/i/r/2019/11/19/186936ea-2db7-4a48-b750-74f38f653dc6/thumbnail/640x360/80fb8996993802606d5c971761bf5b42/newsletter-breakingnews.jpg", "https://cbsnews1.cbsistatic.com/hub/i/2017/04/10/8044de00-a33b-4097-a8e5-d6a230beaf3c/gettyimages-162637847.jpg", "https://cbsnews1.cbsistatic.com/hub/i/r/2019/11/19/186936ea-2db7-4a48-b750-74f38f653dc6/thumbnail/130x130/3b7d3f89bd089e1d4a2376e43d0f0efa/newsletter-breakingnews.jpg", "https://cbsnews3.cbsistatic.com/hub/i/r/2017/04/10/8044de00-a33b-4097-a8e5-d6a230beaf3c/thumbnail/1200x630g2/0ccb0d52ec7ffe1c928ef607cbc587b9/gettyimages-162637847.jpg", "https://cbsnews1.cbsistatic.com/hub/i/r/2015/10/14/1fc2913c-cb2d-49df-9a3c-de8c4c9fbc5a/thumbnail/80x80/4bf42ed2ccbfe1233a052870c6b4f366/cbsnews140andrea140x100.jpg"], "top_img": "https://cbsnews3.cbsistatic.com/hub/i/r/2017/04/10/8044de00-a33b-4097-a8e5-d6a230beaf3c/thumbnail/1200x630g2/0ccb0d52ec7ffe1c928ef607cbc587b9/gettyimages-162637847.jpg", "keywords": [], "authors": ["Andrea Park", "Andrea Is An Entertainment Producer At Cbsnews.Com"], "canonical_link": "https://www.cbsnews.com/news/janet-jackson-calls-police-for-welfare-check-on-son-who-was-staying-with-her-ex/", "title": "Janet Jackson calls police for welfare check on son, who was staying with her ex", "meta_data": {"viewport": "width=device-width, initial-scale=1, minimum-scale=1, maximum-scale=1, user-scalable=0", "robots": "index, follow", "description": "Janet Jackson called the police asking for a welfare check on 1-year-old son, who was in the care of his father at the time", "keywords": "eissa al mana, Wissam Al Mana, Janet Jackson", "news_keywords": "eissa al mana, Wissam Al Mana, Janet Jackson", "al": {"web": {"url": "https://www.cbsnews.com/news/janet-jackson-calls-police-for-welfare-check-on-son-who-was-staying-with-her-ex/"}, "ios": {"app_name": "CBS News", "app_store_id": 334256223, "url": "cbsnewsapp://cbsnews.com/news/janet-jackson-calls-police-for-welfare-check-on-son-who-was-staying-with-her-ex/"}, "android": {"app_name": "CBS News", "package": "com.treemolabs.apps.cbsnews"}}, "og": {"type": "article", "url": "https://www.cbsnews.com/news/janet-jackson-calls-police-for-welfare-check-on-son-who-was-staying-with-her-ex/", "title": "Janet Jackson calls police for welfare check on son, who was staying with her ex", "description": "Janet Jackson called the police asking for a welfare check on 1-year-old son, who was in the care of his father at the time", "image": {"identifier": "https://cbsnews3.cbsistatic.com/hub/i/r/2017/04/10/8044de00-a33b-4097-a8e5-d6a230beaf3c/thumbnail/1200x630g2/0ccb0d52ec7ffe1c928ef607cbc587b9/gettyimages-162637847.jpg", "width": 1200, "height": 630}}, "fb": {"app_id": 1536620209892267, "pages": 131459315949}, "article": {"publisher": "https://www.facebook.com/CBSNewsEntertainment", "content_tier": "free", "opinion": "false"}, "twitter": {"dnt": "on", "app": {"country": "US", "name": {"iphone": "CBS News", "ipad": "CBS News", "googleplay": "CBS News"}, "id": {"iphone": 334256223, "ipad": 334256223, "googleplay": "com.treemolabs.apps.cbsnews"}, "url": {"iphone": "cbsnewsapp://cbsnews.com/news/janet-jackson-calls-police-for-welfare-check-on-son-who-was-staying-with-her-ex/", "ipad": "cbsnewsapp://cbsnews.com/news/janet-jackson-calls-police-for-welfare-check-on-son-who-was-staying-with-her-ex/", "googleplay": "cbsnewsapp://cbsnews.com/news/janet-jackson-calls-police-for-welfare-check-on-son-who-was-staying-with-her-ex/"}}, "site": "@CBSNewsEnt", "title": "Janet Jackson calls police for welfare check on son, who was staying with her ex", "description": "Janet Jackson called the police asking for a welfare check on 1-year-old son, who was in the care of his father at the time", "image": "https://cbsnews3.cbsistatic.com/hub/i/r/2017/04/10/8044de00-a33b-4097-a8e5-d6a230beaf3c/thumbnail/1200x630g2/0ccb0d52ec7ffe1c928ef607cbc587b9/gettyimages-162637847.jpg", "creator": "@https://twitter.com/andreapark", "card": "summary_large_image"}, "theme-color": "#101010", "apple-mobile-web-app-capable": "yes", "apple-mobile-web-app-title": "CBS News", "apple-mobile-web-app-status-bar-style": "black"}, "movies": [], "publish_date": null, "source": "https://www.cbsnews.com", "summary": ""}