{"url": "fortune.com/2018/07/13/meghan-markle-aritzia-earnings/", "text": "Suddenly, Swedes are \u2018very worried\u2019 that the \u2018herd immunity\u2019 strategy is no match for COVID", "images": ["https://content.fortune.com/wp-content/uploads/2018/07/meghan-markle-artizia-invictus-games-bath-2017.jpg?resize=1200,600"], "top_img": "https://content.fortune.com/wp-content/uploads/2018/07/meghan-markle-artizia-invictus-games-bath-2017.jpg?resize=1200,600", "keywords": [], "authors": [], "canonical_link": "https://fortune.com/2018/07/13/meghan-markle-aritzia-earnings/", "title": "Aritzia Says Meghan Markle Boosted Earnings; Will It Last?", "meta_data": {"viewport": "width=device-width, initial-scale=1, shrink-to-fit=no", "msapplication-TileColor": "#ffc40d", "theme-color": "#ffffff", "google-site-verification": "JRFNeudqAejM1a-TR7d05Ddr9_M8fHFT3Q4rCYsUkxc", "description": "Designers and investors are eager to assume the Duchess of Sussex will produce another &quot;Kate Effect.&quot; But are either trends real?", "keywords": "meghan markle, meghan markle aritzia, meghan markle everlane, everlane day market tote, meghan markle clothes, Duchess of Sussex, meghan markle givenchy, aritzia, aritzia clothes, aritzia stock, prince harry", "og": {"url": "https://fortune.com/2018/07/13/meghan-markle-aritzia-earnings/", "type": "article", "title": "Meghan Markle Is Being Credited With Boosting Aritzia's Earnings\u2014But Will It Last?", "description": "The 'Kate Effect' might not have been as effective as you might think, either.", "site_name": "Fortune", "image": "https://content.fortune.com/wp-content/uploads/2018/07/meghan-markle-artizia-invictus-games-bath-2017.jpg?resize=1200,600", "width": 1024, "height": 1294}, "twitter": {"card": "summary_large_image", "title": "Meghan Markle Is Being Credited With Boosting Aritzia's Earnings\u2014But Will It Last?", "description": "The 'Kate Effect' might not have been as effective as you might think, either.", "image": "https://content.fortune.com/wp-content/uploads/2018/07/meghan-markle-artizia-invictus-games-bath-2017.jpg?resize=1200,600", "url": "https://fortune.com/2018/07/13/meghan-markle-aritzia-earnings/"}}, "movies": [], "publish_date": 1531432800.0, "source": "http://fortune.com", "summary": ""}