{"url": "popculture.com/celebrity/2017/09/27/charlie-hunnam-airport-booed-cutting-line/", "text": "Did Charlie Hunnam really get booed at the airport by other travelers when using his celebrity status to cut the long immigration line? That's what one tabloid is reporting, but this was more than likely a false rumor.\n\nThe gossip magazine, Star, reported that the Sons of Anarchy alum caused a scene and was even booed by other passengers. A person, who is called a \"spy\" by the tabloid, claimed to be at the airport during the incident.\n\n\u201cThe lines were huge, and people had been waiting for well over an hour, but Charlie was in and out of there at warp speed. It was as if he expected everyone to be OK with it because of who he is,\" the \"spy\" told Star.\n\nThe insider went on to say \u201cthere were a lot of snarky comments\u201d from other travelers and \"then people actually started booing him.\u201d\n\nGiven that the source was referred to as a \"spy,\" it's likely that this story isn't completely true. According to Gossip Cop, the report is entirely fabricated.\n\nA source told Gossip Cop that this alleged incident \"never happened.\"\n\nWhen the British actor isn't the subject of seemingly fake news stories, he is gushing over his longtime girlfriend, Morgana McNelis.\n\nWhile attending the Toronto International Film Festival to promote his new film, Papillon, Hunnam explained how he and McNelis have maintained their romance for more than a decade.\n\n\u201cI try to keep the romance on the reg,'\u201d he told PEOPLE magazine. \u201cI\u2019ve been with my girlfriend 11 years, and as anyone knows, it\u2019s been a long-term, fully monogamous relationship that requires work, a lot of work.\u201d\n\nHunnam says that working on his relationship with McNelis doesn't always require grand romantic gestures.\n\n\u201cBefore I came away to TIFF I ended up staying until 5 in the morning because I decided I was going to clean the entire house,\" he said.", "images": ["https://media.popculture.com/files/images/default-amp-10.png"], "top_img": "https://media.popculture.com/files/images/default-amp-10.png", "keywords": [], "authors": [], "canonical_link": "https://popculture.com/celebrity/news/charlie-hunnam-airport-booed-cutting-line/", "title": "Was Charlie Hunnam Booed for Cutting Airport Line?", "meta_data": {"description": "Did Charlie Hunnam really get booed at the airport by other travelers when using his celebrity status to cut the long immigration line? That's what one tabloid is reporting, but this was more than likely a false rumor.The gossip magazine, Star, reported that the Sons of Anarchy alum caused a scene [...]", "keywords": "Charlie Hunnam,Celebrity News,Trending", "news_keywords": "Charlie Hunnam,Celebrity News,Trending", "twitter": {"card": "summary", "site": "@PopCulture", "creator": "@PopCulture", "title": "Was Charlie Hunnam Booed for Cutting Airport Line?", "description": "Did Charlie Hunnam really get booed at the airport by other travelers when using his celebrity [...]", "image": "https://media.popculture.com/files/images/default-amp-10.png"}, "og": {"title": "Was Charlie Hunnam Booed for Cutting Airport Line?", "type": "article", "url": "https://popculture.com/celebrity/news/charlie-hunnam-airport-booed-cutting-line/", "image": {"identifier": "https://media.popculture.com/files/images/default-amp-10.png", "width": 1280, "height": 640}, "site_name": "Celebrity", "description": "Did Charlie Hunnam really get booed at the airport by other travelers when using his celebrity [...]"}, "fb": {"app_id": 398373180287205, "pages": 1075190092524035}, "google-site-verification": "iPoSsgn-BS2aFT9iphBFS8eF6I23H2Le3DRVOCodjJg", "p": {"domain_verify": "c711bf7a7a8040f2b74003958afd81d4"}, "viewport": "width=device-width, initial-scale=1, maximum-scale=1,user-scalable=0", "theme-color": "#ffffff"}, "movies": [], "publish_date": 1506463200.0, "source": "http://popculture.com", "summary": ""}