{"url": "radaronline.com/exclusives/2018/05/meghan-markle-fans-ignore-blake-shelton-supermarket/", "text": "Click to share on Twitter (Opens in new window)\n\nClick to share on Facebook (Opens in new window)\n\nBlake Who? Shelton Pushed Aside By Rabid Meghan Markle Fanatics! Teens didn't care about the country superstar 'at all.'\n\nBlake Shelton may be a huge country star, but he\u2019s not nearly as popular as future princess Meghan Markle!\n\nRadarOnline.com has learned Shelton, 41, recently was schlepping groceries at Gelson\u2019s Market in Sherman Oaks, Calif., when a stampede of shrieking teenage girls came running toward him and his cart.\n\nBut the screeching gaggle skidded right past the musician without so much as a single selfie!\n\n\u201cThe girls weren\u2019t screaming for Blake \u2014 they were die-hard fans of Meghan Markle!\u201d laughs an eyewitness, who points out that the supermarket is home to Humphrey Yogart, the fro-yo shop where Markle, 36, worked as a teen.\n\n\u201cThey were determined to see where the American princess once blended soft serve for tips,\u201d said the onlooker. \u201cThe teens didn\u2019t care about Blake at all!\u201d\n\nWe pay for juicy info! Do you have a story for RadarOnline.com? Email us at tips@radaronline.com, or call us at (866) ON-RADAR (667-2327) any time, day or night.", "images": ["https://i0.heartyhosting.com/radaronline.com/wp-content/uploads/2019/03/scandal-bg.jpg?fit=1440%2C210&ssl=1", "https://i0.heartyhosting.com/radaronline.com/wp-content/uploads/2019/03/logo-celebrity-news.png?ssl=1", "https://i0.heartyhosting.com/radaronline.com/wp-content/uploads/2019/03/reality-tv-bg.jpg?fit=1440%2C210&ssl=1", "https://i0.heartyhosting.com/radaronline.com/wp-content/uploads/2019/03/logo-scandal.png?fit=307%2C70&ssl=1", "https://i0.heartyhosting.com/radaronline.com/wp-content/uploads/2019/03/logo-true-crime-b.png?fit=357%2C70&ssl=1", "https://i0.heartyhosting.com/radaronline.com/wp-content/uploads/2018/05/meghan-markle-fans-ignore-blake-shelton-pp.jpg?resize=792%2C446&ssl=1", "https://i0.heartyhosting.com/radaronline.com/wp-content/uploads/2019/03/logo-omg.png?fit=188%2C70&ssl=1", "https://i0.heartyhosting.com/radaronline.com/wp-content/uploads/2019/03/celebrity-news-bg.jpg?fit=1440%2C210&ssl=1", "https://i0.heartyhosting.com/radaronline.com/wp-content/uploads/2020/02/KUWTK-Kim-Kardashian-Denies-Booed-Tristan-Thompson-NBA-Game-pp.jpg?w=384&crop=0%2C20px%2C384px%2C215px&resize=384%2C215&ssl=1", "https://i0.heartyhosting.com/radaronline.com/wp-content/uploads/2018/05/meghan-markle-fans-ignore-blake-shelton-pp.jpg?resize=1200%2C630&ssl=1", "https://i0.heartyhosting.com/radaronline.com/wp-content/uploads/2019/03/logo-fashion-police.png?fit=489%2C70&ssl=1", "https://i0.heartyhosting.com/radaronline.com/wp-content/uploads/2019/03/logo-celebrity-news-b.png?fit=495%2C70&ssl=1", "https://i0.heartyhosting.com/radaronline.com/wp-content/uploads/2020/11/meghan-miscarriage.jpeg?w=384&crop=0%2C20px%2C384px%2C215px&resize=384%2C215&ssl=1", "https://i0.heartyhosting.com/radaronline.com/wp-content/uploads/2019/03/logo-reality-tv.png?fit=370%2C70&ssl=1", "https://i0.heartyhosting.com/radaronline.com/wp-content/uploads/2020/11/bobby-bobby-jrjpeg.jpeg?w=384&crop=0%2C20px%2C384px%2C215px&resize=384%2C215&ssl=1", "https://radaronline.com/wp-content/themes/vip/am-radaronline/assets/build/images/icons/logo-tag-registered.svg", "https://radaronline.com/wp-content/themes/vip/am-radaronline/assets/build/images/icons/logo-tag-registered-green.svg", "https://i0.heartyhosting.com/radaronline.com/wp-content/uploads/2019/03/true-crime-bg.jpg?fit=1440%2C210&ssl=1", "https://i0.heartyhosting.com/radaronline.com/wp-content/uploads/2019/03/omg-bg.jpg?fit=1440%2C210&ssl=1", "https://i0.heartyhosting.com/radaronline.com/wp-content/uploads/2019/03/fashion-police-bg.jpg?fit=1440%2C210&ssl=1", "https://i0.heartyhosting.com/radaronline.com/wp-content/uploads/2020/11/miley-cyrus-sobriety.jpeg?w=384&crop=0%2C20px%2C384px%2C215px&resize=384%2C215&ssl=1"], "top_img": "https://i0.heartyhosting.com/radaronline.com/wp-content/uploads/2018/05/meghan-markle-fans-ignore-blake-shelton-pp.jpg?resize=1200%2C630&ssl=1", "keywords": [], "authors": ["Radar Staff", "May"], "canonical_link": "https://radaronline.com/videos/meghan-markle-fans-ignore-blake-shelton-supermarket/", "title": "Blake Who? Shelton Pushed Aside By Rabid Meghan Markle Fanatics!", "meta_data": {"viewport": "width=device-width, initial-scale=1.0", "fb": {"admins": 593583017, "app_id": 1008772232528225, "pages": 376279216711}, "theme-color": "#ffffff", "google-site-verification": "kONM_PqGX8Za53dFcExSTIIPZxxN_S4QtvDlONzzdA0", "description": "Blake Shelton may be a huge country star, but he's not nearly as popular as future princess Meghan Markle!", "robots": "index, follow, max-snippet:-1, max-image-preview:large, max-video-preview:-1", "og": {"locale": "en_US", "type": "article", "title": "Blake Who? Shelton Pushed Aside By Rabid Meghan Markle Fanatics!", "description": "Blake Shelton may be a huge country star, but he's not nearly as popular as future princess Meghan Markle!", "url": "https://radaronline.com/videos/meghan-markle-fans-ignore-blake-shelton-supermarket/", "site_name": "RadarOnline", "updated_time": "2018-05-10T10:57:34+00:00", "image": {"identifier": "https://i0.heartyhosting.com/radaronline.com/wp-content/uploads/2018/05/meghan-markle-fans-ignore-blake-shelton-pp.jpg?resize=1200%2C630&ssl=1", "secure_url": "https://i0.heartyhosting.com/radaronline.com/wp-content/uploads/2018/05/meghan-markle-fans-ignore-blake-shelton-pp.jpg?resize=1200%2C630&ssl=1", "width": 1200, "height": 630}}, "article": {"published_time": "2018-05-09T16:43:32+00:00", "modified_time": "2018-05-10T10:57:34+00:00"}, "twitter": {"card": "summary_large_image", "title": "Blake Who? Shelton Pushed Aside By Rabid Meghan Markle Fanatics!", "description": "Blake Shelton may be a huge country star, but he's not nearly as popular as future princess Meghan Markle!", "image": "https://i0.heartyhosting.com/radaronline.com/wp-content/uploads/2018/05/meghan-markle-fans-ignore-blake-shelton-pp.jpg?resize=1200%2C630&ssl=1"}, "news_keywords": "Meghan Markle", "generator": "WordPress 5.5.3"}, "movies": [], "publish_date": 1525884212.0, "source": "http://radaronline.com", "summary": ""}