{"url": "www.nj.com/sports/index.ssf/2017/07/trouble_in_paradise_yankees_alex_rodriguez_jennife.html", "text": "The Alex Rodriguez-Jennifer Lopez relationship has hit a snag.\n\nWith an impending marriage on the horizon, Lopez reportedly has started to have cold feet about marrying the former Yankees star, per TerezOwens.com.\n\nJennifer Lopez has put her plans to wed Alex Rodriguez on hold, an insider exclusively tells Life & Style. According to the source, the pop superstar, 47, is getting cold feet. \"Jennifer keeps telling Alex that she's 'just not there yet,'\" says the insider.\n\nAccording to the report, Rodriguez has been pushing for a date.\n\n\"A-Rod has been begging J.Lo to set a wedding date. She loves him, but she's told him that until she says otherwise, the wedding is on hold.\"\n\nThe two celebrities have been talked about as one of the biggest power couples over the past year.\n\nMonths ago, a report suggested Lopez--not Rodriguez--wanted the marriage to happen by the end of 2017.\n\nAccording to a report from In Touch, Rodriguez and Lopez are discussing a prenuptial agreement in preparation for marriage. The highly successful celebrities both have children from previous relationships and hundreds of millions of dollars to call their own before marriage.\n\nThings are getting serious!\n\nJennifer Lopez and Alex Rodriguez's relationship began just a couple months ago, but that hasn't stopped them from talking marriage. And, in Hollywood, when a couple is talking marriage, it goes without saying that they're talking prenups!\n\nThe 47-year-old and her 41-year-old beau, \"have been talking about a prenuptial agreement,\" an insider revealed to In Touch.\n\nNow the relationship could be ending.\n\nJoe Giglio may be reached at jgiglio@njadvancemedia.com. Follow him on Twitter @JoeGiglioSports. Find NJ.com on Facebook.", "images": ["https://www.nj.com/pf/resources/images/nj/logos/logo_main_sm.svg?d=414", "https://www.nj.com/pf/resources/images/footer-logo-advance.svg?d=414", "https://www.nj.com/pf/resources/images/common/ps-images/ad-choices-arrow.png?d=414", "https://www.nj.com/resizer/e_9MOamAyOakB4dMPn35sd6TcO4=/1280x0/smart/advancelocal-adapter-image-uploads.s3.amazonaws.com/image.nj.com/home/njo-media/width2048/img/njcom_photos/photo/2017/05/01/-6fc8215b45ef0397.JPG", "https://www.nj.com/pf/resources/images/nj/logos/logo_main_inverse.svg?d=414"], "top_img": "https://www.nj.com/resizer/e_9MOamAyOakB4dMPn35sd6TcO4=/1280x0/smart/advancelocal-adapter-image-uploads.s3.amazonaws.com/image.nj.com/home/njo-media/width2048/img/njcom_photos/photo/2017/05/01/-6fc8215b45ef0397.JPG", "keywords": [], "authors": ["Joe Giglio", "Jgiglio Njadvancemedia.Com", "Nj Advance Media For Nj.Com"], "canonical_link": "https://www.nj.com/sports/2017/07/trouble_in_paradise_yankees_alex_rodriguez_jennife.html", "title": "Trouble in paradise? Ex-Yankee Alex Rodriguez, Jennifer Lopez wedding on the rocks, report says", "meta_data": {"viewport": "width=device-width, initial-scale=1, minimum-scale=1", "fb": {"admins": 100000302287435, "app_id": 127523153942902}, "title": "Trouble in paradise? Ex-Yankee Alex Rodriguez, Jennifer Lopez wedding on the rocks, report says", "og": {"title": "A-Rod, J-Lo wedding on the rocks?", "url": "https://www.nj.com/sports/2017/07/trouble_in_paradise_yankees_alex_rodriguez_jennife.html", "site_name": "nj", "type": "article", "description": "According to TerezOwens.com, Jennifer Lopez is having cold feet about her impending marriage to ex-Yankee Alex Rodriguez. Lopez and Rodriguez have been dating for months. Since retiring from MLB, Rodriguez has been an instructor for the Yankees and a TV analyst for FOX Sports.", "image": {"identifier": "https://www.nj.com/resizer/e_9MOamAyOakB4dMPn35sd6TcO4=/1280x0/smart/advancelocal-adapter-image-uploads.s3.amazonaws.com/image.nj.com/home/njo-media/width2048/img/njcom_photos/photo/2017/05/01/-6fc8215b45ef0397.JPG", "width": 1280}}, "article": {"published_time": "2017-07-20T18:35:00Z", "modified_time": "2017-07-20T19:35:00Z", "section": "Sports", "tag": "@celebrities,@entertainment,@music,@sports,@yankees", "author": "https://www.facebook.com/pages/Joe-Giglio-Sports/431514720263722"}, "twitter": {"title": "A-Rod, J-Lo wedding on the rocks?", "site": "@njdotcom", "card": "summary_large_image", "description": "According to TerezOwens.com, Jennifer Lopez is having cold feet about her impending marriage to ex-Yankee Alex Rodriguez. Lopez and Rodriguez have been dating for months. Since retiring from MLB, Rodriguez has been an instructor for the Yankees and a TV analyst for FOX Sports.", "image": "https://www.nj.com/resizer/e_9MOamAyOakB4dMPn35sd6TcO4=/1280x0/smart/advancelocal-adapter-image-uploads.s3.amazonaws.com/image.nj.com/home/njo-media/width2048/img/njcom_photos/photo/2017/05/01/-6fc8215b45ef0397.JPG"}, "article_publication_name": "https://www.nj.com/sports/2017/07/trouble_in_paradise_yankees_alex_rodriguez_jennife.html", "article_date_original": "Thursday, July 20, 2017, 02:35 PM", "article_date_updated": "Thursday, July 20, 2017, 03:35 PM", "sailthru.tags": "sports,celebrity,alex rodriguez,marriage,yankees,hollywood,facebook,insider", "sailthru.date": "Thursday, July 20, 2017, 02:35 PM", "sailthru.title": "Trouble in paradise? Ex-Yankee Alex Rodriguez, Jennifer Lopez wedding on the rocks, report says", "sailthru.author": "jgiglio", "sailthru.description": "According to TerezOwens.com, Jennifer Lopez is having cold feet about her impending marriage to ex-Yankee Alex Rodriguez. Lopez and Rodriguez have been dating for months. Since retiring from MLB, Rodriguez has been an instructor for the Yankees and a TV analyst for FOX Sports.", "machine_tags": "@celebrities,@entertainment,@music,@sports,@yankees", "sections": "sports,yankees,entertainment/music,entertainment,entertainment/celebrities", "byline": "Joe Giglio | NJ Advance Media for NJ.com", "subscriber_only": "false", "Description": "According to TerezOwens.com, Jennifer Lopez is having cold feet about her impending marriage to ex-Yankee Alex Rodriguez. Lopez and Rodriguez have been dating for months. Since retiring from MLB, Rodriguez has been an instructor for the Yankees and a TV analyst for FOX Sports.", "article_author": "Joe Giglio | jgiglio@njadvancemedia.com"}, "movies": [], "publish_date": 1500575700.0, "source": "http://www.nj.com", "summary": ""}