{"url": "www.rollingstone.com/music/music-news/taylor-swift-to-withhold-reputation-from-streaming-services-197389/", "text": "UPDATE: Taylor Swift unveiled the full track list for her new album Reputation on Instagram. The record will notably feature a collaboration with Ed Sheeran and Future titled, \u201cEnd Game.\u201d The album will also include previously released songs, \u201cLook What You Made Me Do,\u201d \u201cGorgeous,\u201d \u201cCall It What You Want\u201d and \u201c\u2026Ready For It?\u201d Swift served as executive producer on Reputation, while Jack Antonoff, Max Martin and Shellback also contributed production.\n\n***\n\nTaylor Swift\u2018s new album Reputation will not be available on streaming services upon its release November 10th, Bloomberg reports.\n\nThe record is expected to be withheld through its first week of sales, though Swift is reportedly still negotiating the specifics with various platforms. Despite its absence from streaming services, Reputation will still be available via digital retailers like iTunes.\n\nA representative for Swift did not immediately return Rolling Stone\u2018s request for comment.\n\nSwift has been one of the most vocal critics of streaming services, even temporarily pulling her music from all of them in 2014. Around the same time, Swift called streaming \u201ca grand experiment\u201d and said she was apprehensive about how fairly it compensated artists, producers and songwriters. In a Wall Street Journal op-ed, Swift wrote, \u201cMusic is art, and art is important and rare. Important, rare things are valuable. Valuable things should be paid for.\u201d\n\nIn 2015, Swift began to soften her stance, first making 1989 available on Apple Music after Apple changed its policies on paying artists and musician\u2019s royalties. However, it was only this past June that Swift re-released her entire back catalog on all streaming services, including Spotify.\n\nWhile streaming continues to grow as the dominate form of music consumption, some high-profile artists have continued to shun the platforms \u2013 at least temporarily \u2013 to chase physical and digital sales. Most notably, Adele\u2019s 2015 album 25 was unavailable on streaming platforms for months, yet still sold a record-breaking 3.38 million copies in its first week. Swift\u2019s decision to withhold 1989 from streaming services didn\u2019t hurt its sales either, as it finished in the top three in global sales for 2014 and 2015.\n\nReputation Track List\n\n1. \u201c\u2026Ready For It?\u201d\n\n2. \u201cEnd Game\u201d (ft. Ed Sheeran and Future)\n\n3. \u201cI Did Something Bad\u201d\n\n4. \u201cDon\u2019t Blame Me\u201d\n\n5. \u201cDelicate\u201d\n\n6. \u201cLook What You Made Me Do\u201d\n\n7. \u201cSo It Goes\u2026\u201d\n\n8. \u201cGorgeous\u201d\n\n9. \u201cGetaway Car\u201d\n\n10. \u201cKing of My Heart\u201d\n\n11. \u201cDancing With Our Hands Tied\u201d\n\n12. \u201cDress\u201d\n\n13. \u201cThis Is Why We Can\u2019t Have Nice Things\u201d\n\n14. \u201cCall It What You Want\u201d\n\n15. \u201cNew Year\u2019s Day\u201d", "images": ["data:image/gif;base64,R0lGODlhAQABAAAAACH5BAEKAAEALAAAAAABAAEAAAICTAEAOw==", "http://pixel.quantserve.com/pixel?a.1=&a.2=p-31f3D02tYU8zY", "https://www.rollingstone.com/wp-content/uploads/2018/06/gettyimages-487502918-61b3ec20-ca8e-4907-a6b4-1334df8b9b25.jpg", "https://www.facebook.com/tr?id=204436500352178&ev=PageView&noscript=1", "https://sb.scorecardresearch.com/p?c1=2&c2=6035310&c3=&c4=&c5=&c6=&c15=&cv=2.0&cj=1"], "top_img": "https://www.rollingstone.com/wp-content/uploads/2018/06/gettyimages-487502918-61b3ec20-ca8e-4907-a6b4-1334df8b9b25.jpg", "keywords": [], "authors": ["Jon Blistein", "Jon Blistein'S Most Recent Stories", "Bruce Springsteen", "Morgan Wallen", "Dua Lipa To Perform On", "Saturday Night Live", "Elton John Joins Dua Lipa S Studio Livestream Special", "Paul Mccartney", "The Weeknd", "John Legend Donate Microphones For Charity Sale"], "canonical_link": "https://www.rollingstone.com/music/music-news/taylor-swift-to-withhold-reputation-from-streaming-services-197389/", "title": "Taylor Swift to Withhold \u2018Reputation\u2019 From Streaming Services", "meta_data": {"viewport": "width=device-width, initial-scale=1", "apple-mobile-web-app-status-bar-style": "black-translucent", "msapplication-config": "https://www.rollingstone.com/wp-content/themes/vip/pmc-rollingstone-2018/assets/app/browserconfig.xml", "msapplication-TileColor": "#eff4ff", "description": "Taylor Swift will reportedly keep her new album 'Reputation' off streaming services for at least one week.", "news_keywords": "music streaming, Taylor Swift", "cXenseParse": {"pmc-lob": "rollingstone", "pmc-page_type": "article", "articleid": 197389, "author": "Jon Blistein", "pmc-category": "Music,Music News", "pmc-over_1_year": "yes", "pmc-post_type": "post", "recs": {"publishtime": "2017-11-08T01:02:00"}, "pmc-tag": "music streaming,Taylor Swift", "title": "Taylor Swift to Withhold \u2018Reputation\u2019 From Streaming Services", "pageclass": "article", "pmc-is_free": "no"}, "og": {"type": "article", "title": "Taylor Swift to Withhold 'Reputation' From Streaming Services", "url": "https://www.rollingstone.com/music/music-news/taylor-swift-to-withhold-reputation-from-streaming-services-197389/", "description": "Pop star also shares track list for highly-anticipated new album", "site_name": "Rolling Stone", "image": {"identifier": "https://www.rollingstone.com/wp-content/uploads/2018/06/gettyimages-487502918-61b3ec20-ca8e-4907-a6b4-1334df8b9b25.jpg", "width": 1024, "height": 1162, "alt": "Taylor Swift"}, "locale": "en_US"}, "article": {"published_time": "2017-11-08T01:02:00+00:00", "modified_time": "2018-06-25T12:53:23+00:00"}, "twitter": {"text": {"title": "Taylor Swift to Withhold 'Reputation' From Streaming Services"}, "image": {"identifier": "https://www.rollingstone.com/wp-content/uploads/2018/06/gettyimages-487502918-61b3ec20-ca8e-4907-a6b4-1334df8b9b25.jpg?w=902", "alt": "Taylor Swift"}, "card": "summary_large_image", "site": "@RollingStone", "title": "Taylor Swift to Withhold \u2018Reputation\u2019 From Streaming Services", "description": "Taylor Swift will reportedly keep her new album 'Reputation' off streaming services for at least one week."}, "generator": "WordPress 5.5.2", "author": "Jon Blistein", "theme-color": "#df3535", "apple-mobile-web-app-capable": "yes", "mobile-web-app-capable": "yes", "apple-touch-fullscreen": "YES", "apple-mobile-web-app-title": "RS", "application-name": "RS", "robots": "max-image-preview:large", "content_type": "Article", "post_id": 197389, "title": "Taylor Swift to Withhold 'Reputation' From Streaming Services", "published_at": "2017-11-08 01:02:00", "image": "https://www.rollingstone.com/wp-content/uploads/2018/06/gettyimages-487502918-61b3ec20-ca8e-4907-a6b4-1334df8b9b25.jpg?w=1024", "comment_count": 0, "tags": "Taylor Swift", "topics": "Music News", "body": "UPDATE: Taylor Swift unveiled the full track list for her new album Reputation on Instagram. The record will notably feature a collaboration with Ed Sheeran and Future titled, \"End Game.\" The album will also include previously released songs, \"Look What You Made Me Do,\" \"Gorgeous,\" \"Call It What You Want\" and \"\u2026Ready For It?\" Swift served as executive producer on Reputation, while Jack Antonoff, Max Martin and Shellback also contributed production.***Taylor Swift's new album Reputation will not be available on streaming services upon its release November 10th, Bloomberg reports.The record is expected to be withheld through its first week of sales, though Swift is reportedly still negotiating the specifics with various platforms. Despite its absence from streaming services, Reputation will still be available via digital retailers like iTunes. A representative for Swift did not immediately return Rolling Stone's request for comment. Swift has been one of the most vocal critics of streaming services, even temporarily pulling her music from all of them in 2014. Around the same time, Swift called\u00a0streaming \"a grand experiment\" and said she was apprehensive about how fairly it compensated artists, producers and songwriters. In a Wall Street Journal op-ed, Swift wrote, \"Music is art, and art is important and rare. Important, rare things are valuable. Valuable things should be paid for.\"In 2015, Swift began to soften her stance, first making\u00a01989\u00a0available on Apple Music after Apple changed its policies on paying artists and musician's royalties. However, it was only this past June that Swift re-released her entire back catalog on all streaming services, including Spotify.While streaming continues to grow as the dominate form of music consumption, some high-profile artists have continued to shun the platforms \u2013 at least temporarily \u2013 to chase physical and digital sales. Most notably, Adele's 2015 album 25 was unavailable on streaming platforms for months, yet\u00a0still sold a record-breaking 3.38 million copies in its first week. Swift's decision to withhold 1989 from streaming services didn't hurt its sales either, as it finished in the top three in global sales for 2014 and 2015.Reputation Track List1. \"\u2026Ready For It?\"2. \"End Game\" (ft. Ed Sheeran and Future)3. \"I Did Something Bad\"4. \"Don\u2019t Blame Me\"5. \"Delicate\"6. \"Look What You Made Me Do\"7. \"So It Goes\u2026\"8. \"Gorgeous\"9. \"Getaway Car\"10. \"King of My Heart\"11. \"Dancing With Our Hands Tied\"12. \"Dress\"13. \"This Is Why We Can't Have Nice Things\"14. \"Call It What You Want\"15. \"New Year's Day\"", "onesignal": "wordpress-plugin", "msapplication-TileImage": "https://www.rollingstone.com/wp-content/uploads/2018/07/cropped-rs-favicon.png?w=270"}, "movies": [], "publish_date": 1510102920.0, "source": "http://www.rollingstone.com", "summary": ""}