{"url": "https://www.scoopnest.com/user/eonlineTV/856902643800780800", "text": "Think of what an ignoramus Biden has to be to repeatedly invoke the \u201cBook of Palms .\u201d He means \u201cPsalms\u201d but evidently he believes the S\u2014not the P\u2014is silent. Funny how the same people who berated Trump for how he pronounced \u201cThailand\u201d are dead silent on this one", "images": ["https://www.scoopnest.com/assets/icons/flame.svg", "https://www.scoopnest.com/assets/flags/be.png", "https://www.scoopnest.com/assets/flags/gb.png", "https://www.scoopnest.com/assets/flags/ca.png", "https://www.scoopnest.com/assets/icons/share.svg?v1", "https://www.scoopnest.com/assets/icons/thumbs-up.svg", "https://www.scoopnest.com/assets/flags/ar.png", "https://www.scoopnest.com/assets/flags/in.png", "https://www.scoopnest.com/assets/flags/ec.png", "https://www.scoopnest.com/assets/icons/ruby.svg", "https://www.scoopnest.com/assets/icons/trending-up.svg", "https://pbs.twimg.com/media/C-RUaXEXcAEOMhW.jpg", "https://www.scoopnest.com/assets/flags/it.png", "https://www.scoopnest.com/assets/flags/fr.png", "https://www.scoopnest.com/assets/flags/de.png", "https://www.scoopnest.com/assets/flags/us.png", "https://www.scoopnest.com/assets/logo/logo_72.png", "https://www.scoopnest.com/assets/flags/pe.png", "https://www.scoopnest.com/assets/flags/jp.png", "https://www.scoopnest.com/assets/flags/bo.png", "https://www.scoopnest.com/assets/icons/add_list.svg", "https://www.scoopnest.com/assets/icons/megaphone.svg", "https://pbs.twimg.com/profile_images/1304101396896129025/qiyHuj9x_normal.jpg", "https://www.scoopnest.com/assets/flags/au.png", "https://www.scoopnest.com/assets/flags/ru.png", "https://www.scoopnest.com/assets/flags/br.png", "https://www.scoopnest.com/assets/flags/ch.png", "https://www.scoopnest.com/assets/flags/pt.png", "https://www.scoopnest.com/assets/flags/ie.png", "https://www.scoopnest.com/assets/flags/es.png", "https://www.scoopnest.com/assets/flags/co.png", "https://www.scoopnest.com/assets/flags/cl.png", "https://www.scoopnest.com/assets/logo_alert.svg", "https://www.scoopnest.com/assets/icons/thumbs-down.svg", "https://www.scoopnest.com/assets/flags/za.png", "https://www.scoopnest.com/assets/flags/kr.png", "https://www.scoopnest.com/assets/flags/mx.png", "https://www.scoopnest.com/assets/misc/loading.gif"], "top_img": "https://pbs.twimg.com/media/C-RUaXEXcAEOMhW.jpg", "keywords": [], "authors": ["E", "News Tv Scoop", "Dinesh D'Souza", "Marc Benioff", "Jeffrey Wright", "Daily Mail U.K.", "Mirror Celeb", "Mirror Tv"], "canonical_link": "https://www.scoopnest.com/en_US/user/eonlineTV/856902643800780800-andy-cohen-and-jamie-foxx-are-turning-thursdays-into-a-party-on-fox-this-summer", "title": "Andy Cohen Jamie Foxx Thursdays Fox : Andy Cohen Jamie Foxx Thursdays party Fox summer", "meta_data": {"description": "Andy Cohen and Jamie Foxx are turning Thursdays into a party on Fox this summer:", "keywords": "Andy Cohen Jamie Foxx Thursdays,fox,Andy,cohen,jamie,foxx,thursdays,party,fox,summer,scoopnest,news,actu,noticias", "og": {"title": "Andy Cohen Jamie Foxx Thursdays Fox :  Andy Cohen Jamie Foxx Thursdays party Fox summer | Scoopnest", "site_name": "Scoopnest", "image": {"identifier": "https://pbs.twimg.com/media/C-RUaXEXcAEOMhW.jpg", "secure_url": "https://pbs.twimg.com/media/C-RUaXEXcAEOMhW.jpg"}, "type": "article", "url": "https://www.scoopnest.com/user/eonlineTV/856902643800780800-andy-cohen-and-jamie-foxx-are-turning-thursdays-into-a-party-on-fox-this-summer"}, "twitter": {"image": "https://pbs.twimg.com/media/C-RUaXEXcAEOMhW.jpg"}, "viewport": "width=device-width, initial-scale=1, maximum-scale=2, user-scalable=yes", "publisher": "BigBird", "naver-site-verification": "6ad8fd51233ecda288c96862fc0ed67dd882992b", "robots": "index,follow"}, "movies": [], "publish_date": null, "source": "https://www.scoopnest.com", "summary": ""}