{"url": "www.entertainmentdaily.co.uk/news/victoria-beckham-reportedly-furious-about-davids-female-friend/", "text": "They\u2019ve been married now for 18 years which, in showbiz speak, is pretty much a lifetime.\n\nBut according to a new totally unconfirmed report, Victoria Beckham has been growing increasingly frustrated with hubby David\u2019s new female pal.\n\nA so-called insider snitched to The Sun that Victoria, 43, is reportedly not a fan of David\u2019s friend Lady Mary Charteris.\n\nLady Mary\u2019s well-connected! (Credit: FameFlynet)\n\nRead more: Duchess of Cambridge shows off her blossoming baby bump\n\nWhy, you ask? Well the source alleged it\u2019s all because Lady Mary loves a good party and Victoria worries about that rubbing off on David, 42.\n\nThe insider said: \u201cDavid has spent time partying with Mary at events into the early hours of the morning.\u201d\n\nApparently David was introduced to Lady Mary through his good friend Dave Gardner, who is engaged to Hollywood actress Liv Tyler.\n\n\u201cVictoria is very worried that she is not the best influence on David,\u201d continued the insider.\n\n\u201cThey met at Glastonbury but Victoria is not fond of her.\u201d\n\nPosh \u2018n\u2019 Becks have been married since 1999 (Credit: FameFlynet)\n\nOh dear. Of course, this is all just wild rumours and until Posh, Becks or Mary actually respond, we\u2019ll take it with a pinch of salt!\n\nAnd hey, even if Lady Mary does like a party, so what?\n\nWe all have that friend who loves a good night out and is buckets of fun to be around!\n\nLady Mary reportedly knows Becks through his pal Dave Gardner (Credit: FameFlynet)\n\nLady Mary, 30, is rather well-connected (perhaps obvious given the whole title\u2026)\n\nShe\u2019s the daughter of Scottish nobleman James Charteris, the 13th Earl of Wemyss and 9th Earl of March and has Jerry Hall as her godmother.\n\nThe model and socialite has been married to rocker Robbie Furze since 2012.\n\nBecks with the brood (Credit: Instagram @DavidBeckham)\n\nRead more: Lorraine viewers shocked by how Rizzo from Grease looks now\n\nDavid and Victoria, meanwhile, have been married since 1999 and proud parents to four kids: Brooklyn, 18, Romeo, 15, Cruz, 12, and six-year-old Harper.\n\nGushing Becks said earlier this year it was love at first sight when he saw Victoria. Aww!\n\nHe added to Desert Island Discs: \u201cWhenever we\u2019ve come up against tough times, we know each other better than anybody knows us. We have an amazing life which we are very respectful of. We are also private people.\u201d\n\nAww, you guys!", "images": ["https://cdn.entertainmentdaily.com/2020/11/07160659/EamonnGiovanna-742x388.png", "https://cdn.entertainmentdaily.com/2020/10/22172523/Brooke-Vincent--742x388.jpg", "https://cdn.entertainmentdaily.com/2020/09/23145812/5f563c6728000068009d243a.jpg", "https://cdn.entertainmentdaily.com/2020/11/05110107/20947786-high_res-roadkill-1-742x388.jpg", "https://cdn.entertainmentdaily.com/2020/11/08173222/Untitled-6-742x388.jpg", "https://cdn.entertainmentdaily.com/2020/10/16113259/Amanda-Holden-742x388.jpg", "https://cdn.entertainmentdaily.com/2017/10/17094831/BECKIHAM.png", "https://cdn.entertainmentdaily.com/2017/06/16130759/ab52f709.jpg", "https://cdn.entertainmentdaily.com/2020/11/08152101/Screenshot-2020-11-08-at-15.15.43-742x388.png", "https://cdn.entertainmentdaily.com/2017/10/17094506/ac3hn122.jpg", "https://cdn.entertainmentdaily.com/2020/11/08205639/Oscar-742x388.jpg", "https://cdn.entertainmentdaily.com/2017/06/16131314/wenn23208116-360x228.jpg", "https://cdn.entertainmentdaily.com/2017/06/16131314/wenn23208116.jpg", "https://cdn.entertainmentdaily.com/2020/11/06102948/lyanna-mormont-main-d0b2-742x388.jpg", "https://cdn.entertainmentdaily.com/2020/11/05135914/21341778-high_res-his-dark-materials-1-742x388.jpg", "https://cdn.entertainmentdaily.com/2020/08/16125749/maisie-smith-742x388.jpg", "https://cdn.entertainmentdaily.com/2017/10/17093514/ac46w416.jpg", "https://cdn.entertainmentdaily.com/2020/10/30163118/im-a-celeb-new-jogo-2-742x388.jpg", "https://cdn.entertainmentdaily.com/2020/11/05094532/20799285-high_res-roadkill-1-742x388.jpg"], "top_img": "https://cdn.entertainmentdaily.com/2017/06/16131314/wenn23208116.jpg", "keywords": [], "authors": [], "canonical_link": "https://www.entertainmentdaily.co.uk/news/victoria-beckham-reportedly-furious-about-davids-female-friend/", "title": "Victoria Beckham reportedly furious about David\u2019s female friend", "meta_data": {"viewport": "width=device-width, initial-scale=1", "theme-color": "#d60b52", "description": "Really, though?", "robots": "index, follow, max-snippet:-1, max-image-preview:large, max-video-preview:-1", "og": {"locale": "en_GB", "type": "article", "title": "Victoria Beckham reportedly furious about David's female friend | Entertainment Daily", "description": "Really, though?", "url": "https://www.entertainmentdaily.co.uk/news/victoria-beckham-reportedly-furious-about-davids-female-friend/", "site_name": "Entertainment Daily", "image": {"identifier": "https://cdn.entertainmentdaily.com/2017/06/16131314/wenn23208116.jpg", "width": 3797, "height": 2897}}, "article": {"publisher": "https://www.facebook.com/entertainmentdailyfix/", "published_time": "2017-10-17T17:08:45+00:00"}, "fb": {"app_id": 303845166667914}, "twitter": {"card": "summary_large_image", "creator": "@EntDailyUK", "site": "@EntDailyUK"}, "msapplication-TileImage": "https://cdn.entertainmentdaily.com/2020/08/05215312/icon-1.png"}, "movies": [], "publish_date": 1508260125.0, "source": "http://www.entertainmentdaily.co.uk", "summary": ""}