{"url": "pagesix.com/2018/08/10/ben-affleck-and-jennifer-garners-divorce-may-be-dismissed/", "text": "Click to email this to a friend (Opens in new window)\n\nClick to share on Twitter (Opens in new window)\n\nClick to share on Facebook (Opens in new window)\n\nThree years after announcing their separation and more than a year after filing for divorce, Ben Affleck and Jennifer Garner are still legally married \u2014 and they may be that way for a while if they don\u2019t act fast.\n\nLA County Superior Court advised the couple that their divorce case may be delayed because they have yet to file and enter the final judgment, a document obtained by The Blast revealed.\n\n\u201cIf you fail to take the appropriate steps in your case, the court may dismiss your case for delay in prosecution,\u201d the document states.\n\nIt\u2019s unclear what the holdup is.\n\nGarner, 46, and Affleck, 45, were married for nearly 10 years before separating in 2015. Last year, following reports that Garner had called off their divorce, Affleck finally moved out of the property the couple shared.\n\nShortly after, it was revealed that Affleck had moved on with \u201cSaturday Night Live\u201d producer Lindsay Shookus in July 2017.\n\nThe exes have an amicable relationship and are focused on co-parenting their daughters, Violet, 12, and Seraphina, 9, and son Samuel, 6.\n\n\u201cWe are definitely a modern family. We\u2019re doing really well,\u201d Garner said previously. \u201cIt has to be [children first]. You have no choice. It has to be.\u201d\n\nReps for Garner and Affleck did not immediately return requests for comment.", "images": ["https://pagesix.com/wp-content/mu-plugins/jetpack-9.1/modules/sharedaddy/images/loading.gif", "https://pagesix.com/wp-content/uploads/sites/3/2018/08/jennifer-garner-ben-affleck.jpg?quality=90&strip=all&w=1200", "https://nypost.com/wp-content/uploads/sites/3/2019/09/apple-podcast-badge402x.png", "http://googleads.g.doubleclick.net/pagead/viewthroughconversion/988380111/?value=0&guid=ON&script=0", "https://pagesix.com/wp-content/mu-plugins/vip-helpers/images/vip-powered-dark-small.png", "https://nypost.com/wp-content/uploads/sites/3/2019/09/p6podcast402x.png", "data:image/gif;base64,R0lGODlhAQABAIAAAAAAAP///yH5BAEAAAAALAAAAAABAAEAAAIBRAA7", "https://pagesix.com/wp-content/uploads/sites/3/2018/08/jennifer-garner-ben-affleck.jpg?quality=90&strip=all&w=618&h=410&crop=1"], "top_img": "https://pagesix.com/wp-content/uploads/sites/3/2018/08/jennifer-garner-ben-affleck.jpg?quality=90&strip=all&w=1200", "keywords": [], "authors": ["August"], "canonical_link": "https://pagesix.com/2018/08/10/ben-affleck-and-jennifer-garners-divorce-may-be-dismissed/", "title": "Ben Affleck and Jennifer Garner\u2019s divorce may be dismissed", "meta_data": {"viewport": "width=device-width, initial-scale=1", "copyright": "Copyright 2020 NYP Holdings. All rights reserved.", "p": {"domain_verify": "44b526edc36ffbcc163412ee9fe42833"}, "robots": "max-image-preview:large", "description": "Jennifer Garner and Ben Affleck were married for nearly 10 years before separating in 2015.", "generator": "WordPress 5.4.3", "fb": {"pages": 261611377580503}, "parsely-metadata": "{\"post_id\":\"pagesix-4547674\"}", "keywords": "ben affleck,celebrity divorces,celebrity exes,jennifer garner", "article": {"opinion": "false", "content_tier": "free", "published_time": "2018-08-10T15:06:39+00:00", "modified_time": "2018-08-10T21:01:30+00:00", "publisher": "https://www.facebook.com/pagesix"}, "google-site-verification": "kUaM_iOUItG-sfAnU_xqPqFG_0hl71TEfuta-jVPcSw", "msvalidate.01": "8188997BC82071CE07AB711B5675CE54", "og": {"type": "article", "title": "Ben Affleck and Jennifer Garner\u2019s divorce may be dismissed", "url": "https://pagesix.com/2018/08/10/ben-affleck-and-jennifer-garners-divorce-may-be-dismissed/", "description": "Garner and Affleck were married for nearly 10 years before separating in 2015.", "site_name": "Page Six", "image": {"identifier": "https://pagesix.com/wp-content/uploads/sites/3/2018/08/jennifer-garner-ben-affleck.jpg?quality=90&strip=all&w=1200", "secure_url": "https://i2.wp.com/pagesix.com/wp-content/uploads/sites/3/2018/08/jennifer-garner-ben-affleck.jpg?quality=90&strip=all&ssl=1"}, "locale": "en_US"}, "twitter": {"creator": "@pagesix", "site": "@pagesix", "text": {"title": "Ben Affleck and Jennifer Garner\u2019s divorce may be dismissed"}, "image": {"identifier": "https://pagesix.com/wp-content/uploads/sites/3/2018/08/jennifer-garner-ben-affleck.jpg?quality=90&strip=all&w=680&h=356&crop=1", "src": "https://pagesix.com/wp-content/uploads/sites/3/2018/08/jennifer-garner-ben-affleck.jpg?quality=90&strip=all&w=680&h=356&crop=1"}, "card": "summary_large_image", "title": "Ben Affleck and Jennifer Garner's divorce may be dismissed", "description": "Garner and Affleck were married for nearly 10 years before separating in 2015."}}, "movies": [], "publish_date": 1533852000.0, "source": "http://pagesix.com", "summary": ""}