{"url": "celebrityinsider.org/scientology-drama-on-good-morning-america-katie-holmes-was-terrified-of-jenna-elfman-28988/", "text": "There is drama once again on Good Morning America, but this time it doesn\u2019t involve Robin Roberts and Michael Strahan.\n\nAccording to new reports, when devoted Scientologist Jenna Elfman and Katie Holmes appeared on yesterday\u2019s broadcast, Elfman had Holmes tremble in fear behind the cameras.\n\n\u201cJenna was doing the show live to promote her new ABC show,\u201d one on-set source stated. \u201cShe was happy and charming and the audience loved her,\u201d the insider added.\n\nHowever, despite all of that, it turns out that the other scheduled guest was not too happy to see her.\n\n[media-credit name=\u201dSource: radar.com\u201d align=\u201daligncenter\u201d width=\u201d594\u2033] [/media-credit]\n\nIn fact, the source revealed that Katie, who was on the show to talk about her role as Jacqueline Kennedy was \u201cterrified\u201d backstage.\n\n\u201cShe was literally hiding from her and she seemed scared.\u201d\n\nNot to mention, the staff even had to change Katie\u2019s dressing room just because she wanted to be nowhere near the Scientologist.\n\nAs fans may already know, in the past, Elfman was known for attacking those who left the faith.\n\nOne former Scientologist revealed that the woman confronted her when she found out about the decision to leave Scientology and \u201cIt was one of the ugliest and nastiest things I\u2019ve ever seen a human being do and to this day I just can\u2019t stand her.\u201d\n\nBesides, Katie Holmes was considered to be a suppressive person and shunned by the Scientology community after her divorce from Tom Cruise \u2013 the \u201cmessiah\u201d of Scientology and the most iconic star involved with the cult.\n\n\u201cKatie got out of the religion and knows everything, and she wants nothing to do with Scientology,\u201d the insider explained about the awkward situation between the two guests on Good Morning America.\n\nAdvertisement\n\nFortunately, the producers and staff were able to \u201cchoreograph\u201d everything in such a way that both stars could feel comfortable on the morning show.", "images": ["https://celebrityinsider.org/wp-content/uploads/2020/10/is-katie-holmes-married-700x466.jpg", "data:image/svg+xml,%3Csvg%20xmlns=%22http://www.w3.org/2000/svg%22%20viewBox=%220%200%2042%2042%22%3E%3C/svg%3E", "https://celebrityinsider.org/wp-content/uploads/2020/11/jorge-nava-300x300.jpg", "https://celebrityinsider.org/images/rss.png", "https://celebrityinsider.org/wp-content/uploads/2020/11/chrissy-teigen-1-300x169.jpg", "https://celebrityinsider.org/wp-content/uploads/2017/03/Katie-Holmes-Jenna-Elfman-1.jpg", "https://celebrityinsider.org/images/socflip.png", "https://certify.alexametrics.com/atrk.gif?account=9uhRo1IWhd10kU", "https://celebrityinsider.org/images/socf.png", "data:image/svg+xml,%3Csvg%20xmlns=%22http://www.w3.org/2000/svg%22%20viewBox=%220%200%201000%20729%22%3E%3C/svg%3E", "data:image/svg+xml,%3Csvg%20xmlns=%22http://www.w3.org/2000/svg%22%20viewBox=%220%200%2060%2060%22%3E%3C/svg%3E", "data:image/svg+xml,%3Csvg%20xmlns=%22http://www.w3.org/2000/svg%22%20viewBox=%220%200%20150%2035%22%3E%3C/svg%3E", "https://celebrityinsider.org/images/soctu.png", "https://celebrityinsider.org/images/next1.gif", "data:image/svg+xml,%3Csvg%20xmlns=%22http://www.w3.org/2000/svg%22%20viewBox=%220%200%20150%2027%22%3E%3C/svg%3E", "https://celebrityinsider.org/wp-content/uploads/2020/11/porsha-williams-calls-out-candiace-dillard-300x182.jpg", "https://celebrityinsider.org/wp-content/uploads/2016/10/celebrity-insider.png", "data:image/svg+xml,%3Csvg%20xmlns=%22http://www.w3.org/2000/svg%22%20viewBox=%220%200%20594%20433%22%3E%3C/svg%3E", "https://celebrityinsider.org/images/soct.png", "data:image/svg+xml,%3Csvg%20xmlns=%22http://www.w3.org/2000/svg%22%20viewBox=%220%200%20210%20140%22%3E%3C/svg%3E", "https://celebrityinsider.org/wp-content/uploads/2020/11/nene-leakes-birthday-300x200.jpg", "https://celebrityinsider.org/wp-content/uploads/2017/03/NickMarkus-1-60x60.jpg", "https://celebrityinsider.org/wp-content/uploads/2017/03/the-kardashians-1-700x466.jpg", "https://celebrityinsider.org/wp-content/uploads/2020/11/owgf6p9znblivjyykctk-300x295.jpg", "https://celebrityinsider.org/wp-content/uploads/2020/09/katie-holmes-700x466.jpg", "https://celebrityinsider.org/wp-content/uploads/2020/11/jennifer-lopez-and-megan-thee-stallion-300x225.jpg", "https://celebrityinsider.org/wp-content/uploads/2020/09/katie-holmes-new-man-emilio-vitolo-700x466.jpg", "https://celebrityinsider.org/wp-content/uploads/2020/11/sw4ksyojvk5uaghasnei-300x169.jpg", "https://celebrityinsider.org/images/watch-us-on-youtube.png", "https://celebrityinsider.org/wp-content/uploads/2017/03/Katie-Holmes-Jenna-Elfman.jpg", "https://celebrityinsider.org/wp-content/uploads/2020/11/38533171_291201874978967_5890736672269664256_n-300x300.jpg"], "top_img": "https://celebrityinsider.org/wp-content/uploads/2017/03/Katie-Holmes-Jenna-Elfman-1.jpg", "keywords": [], "authors": ["Nick Markus", "Denise Wilburn"], "canonical_link": "https://celebrityinsider.org/scientology-drama-on-good-morning-america-katie-holmes-was-terrified-of-jenna-elfman-28988/", "title": "Scientology Drama On Good Morning America \u2013 Katie Holmes Was \u201cTerrified\u201d Of Jenna Elfman!", "meta_data": {"author": "Nick Markus", "news_keywords": "good morning america, jenna elfman, katie holmes, scientology", "keywords": "celebrity news, good morning america, jenna elfman, katie holmes, scientology", "p": {"domain_verify": "eb3eaa384c05d7c451fa2a546258488f"}, "theme-color": "#dedede", "description": "There is drama once again on Good Morning America, but this time it doesn\u2019t involve Robin Roberts and Michael Strahan.  According to new reports,", "og": {"type": "article", "title": "Scientology Drama On Good Morning America \u2013 Katie Holmes Was \u201cTerrified\u201d Of Jenna Elfman!", "description": "There is drama once again on Good Morning America, but this time it doesn\u2019t involve Robin Roberts and Michael Strahan.  According to new reports,", "url": "https://celebrityinsider.org/scientology-drama-on-good-morning-america-katie-holmes-was-terrified-of-jenna-elfman-28988/", "image": "https://celebrityinsider.org/wp-content/uploads/2017/03/Katie-Holmes-Jenna-Elfman-1.jpg", "site_name": "Breaking Celebrity News, Entertainment News, and Celebrity Gossip - Celebrity Insider"}, "article": {"published_time": "2017-03-30", "modified_time": "2017-03-30", "author": "https://celebrityinsider.org/author/nickmarkus/", "section": "Entertainment", "tag": "scientology"}, "fb": {"app_id": 1646073299040160}, "twitter": {"card": "summary_large_image", "creator": "@CelebInsiderorg", "site": "@CelebInsiderorg"}, "viewport": "width=device-width, initial-scale=1, maximum-scale=1", "format-detection": "telephone=no", "onesignal": "wordpress-plugin", "msapplication-TileImage": "https://celebrityinsider.org/wp-content/uploads/2016/08/cropped-favincon-270x270.png"}, "movies": [], "publish_date": 1490824800.0, "source": "http://celebrityinsider.org", "summary": ""}