{"url": "radaronline.com/videos/hillary-clinton-movie-glenn-close/", "text": "Click to share on Twitter (Opens in new window)\n\nClick to share on Facebook (Opens in new window)\n\nHillary Clinton The Movie \u2014 Starring Glenn Close! Find out why Meryl Streep got the boot.\n\nA movie is in the works about Hillary Clinton and her amazing life, and legendary actress Glenn Close has been chosen to play the former first lady and presidential candidate!\n\n\u201cGlenn and Meryl [Streep]\u2018s names were both mentioned a lot but after Meryl got so political at the Golden Globes, producers thought it might be better to go with Close,\u201d sources said.\n\nThe film is rumored to focus on Clinton\u2019s career and marriage to Bill \u2014 Straight Shuter\u2019s Rob Shuter has all the latest gossip!\n\nWe pay for juicy info! Do you have a story for RadarOnline.com? Email us at tips@radaronline.com, or call us at (866) ON-RADAR (667-2327) any time, day or night.", "images": ["https://i0.heartyhosting.com/radaronline.com/wp-content/uploads/2019/03/scandal-bg.jpg?fit=1440%2C210&ssl=1", "https://i0.heartyhosting.com/radaronline.com/wp-content/uploads/2019/03/logo-celebrity-news.png?ssl=1", "https://i0.heartyhosting.com/radaronline.com/wp-content/uploads/2019/03/reality-tv-bg.jpg?fit=1440%2C210&ssl=1", "https://i0.heartyhosting.com/radaronline.com/wp-content/uploads/2019/03/logo-scandal.png?fit=307%2C70&ssl=1", "https://i0.heartyhosting.com/radaronline.com/wp-content/uploads/2019/03/logo-true-crime-b.png?fit=357%2C70&ssl=1", "https://i0.heartyhosting.com/radaronline.com/wp-content/uploads/2019/03/logo-omg.png?fit=188%2C70&ssl=1", "https://i0.heartyhosting.com/radaronline.com/wp-content/uploads/2017/03/hillary-clinton-movie-glenn-close-pp.png?resize=1200%2C630&ssl=1", "https://i0.heartyhosting.com/radaronline.com/wp-content/uploads/2019/03/celebrity-news-bg.jpg?fit=1440%2C210&ssl=1", "https://i0.heartyhosting.com/radaronline.com/wp-content/uploads/2020/02/KUWTK-Kim-Kardashian-Denies-Booed-Tristan-Thompson-NBA-Game-pp.jpg?w=384&crop=0%2C20px%2C384px%2C215px&resize=384%2C215&ssl=1", "https://i0.heartyhosting.com/radaronline.com/wp-content/uploads/2019/03/logo-fashion-police.png?fit=489%2C70&ssl=1", "https://i0.heartyhosting.com/radaronline.com/wp-content/uploads/2019/03/logo-celebrity-news-b.png?fit=495%2C70&ssl=1", "https://i0.heartyhosting.com/radaronline.com/wp-content/uploads/2020/11/meghan-miscarriage.jpeg?w=384&crop=0%2C20px%2C384px%2C215px&resize=384%2C215&ssl=1", "https://i0.heartyhosting.com/radaronline.com/wp-content/uploads/2019/03/logo-reality-tv.png?fit=370%2C70&ssl=1", "https://i0.heartyhosting.com/radaronline.com/wp-content/uploads/2020/11/bobby-bobby-jrjpeg.jpeg?w=384&crop=0%2C20px%2C384px%2C215px&resize=384%2C215&ssl=1", "https://radaronline.com/wp-content/themes/vip/am-radaronline/assets/build/images/icons/logo-tag-registered.svg", "https://i0.heartyhosting.com/radaronline.com/wp-content/uploads/2017/03/hillary-clinton-movie-glenn-close-pp.png?resize=610%2C400&ssl=1", "https://radaronline.com/wp-content/themes/vip/am-radaronline/assets/build/images/icons/logo-tag-registered-green.svg", "https://i0.heartyhosting.com/radaronline.com/wp-content/uploads/2019/03/true-crime-bg.jpg?fit=1440%2C210&ssl=1", "https://i0.heartyhosting.com/radaronline.com/wp-content/uploads/2019/03/omg-bg.jpg?fit=1440%2C210&ssl=1", "https://i0.heartyhosting.com/radaronline.com/wp-content/uploads/2019/03/fashion-police-bg.jpg?fit=1440%2C210&ssl=1", "https://i0.heartyhosting.com/radaronline.com/wp-content/uploads/2020/11/miley-cyrus-sobriety.jpeg?w=384&crop=0%2C20px%2C384px%2C215px&resize=384%2C215&ssl=1"], "top_img": "https://i0.heartyhosting.com/radaronline.com/wp-content/uploads/2017/03/hillary-clinton-movie-glenn-close-pp.png?resize=1200%2C630&ssl=1", "keywords": [], "authors": ["Radar Staff", "March"], "canonical_link": "https://radaronline.com/videos/hillary-clinton-movie-glenn-close/", "title": "Hillary Clinton The Movie \u2014 Starring Glenn Close!", "meta_data": {"viewport": "width=device-width, initial-scale=1.0", "fb": {"admins": 593583017, "app_id": 1008772232528225, "pages": 376279216711}, "theme-color": "#ffffff", "google-site-verification": "kONM_PqGX8Za53dFcExSTIIPZxxN_S4QtvDlONzzdA0", "description": "A movie is in the works about Hillary Clinton and her amazing life.", "robots": "index, follow, max-snippet:-1, max-image-preview:large, max-video-preview:-1", "og": {"locale": "en_US", "type": "article", "title": "Hillary Clinton The Movie \u2014 Starring Glenn Close!", "description": "A movie is in the works about Hillary Clinton and her amazing life.", "url": "https://radaronline.com/videos/hillary-clinton-movie-glenn-close/", "site_name": "RadarOnline", "updated_time": "2017-03-23T16:15:47+00:00", "image": {"identifier": "https://i0.heartyhosting.com/radaronline.com/wp-content/uploads/2017/03/hillary-clinton-movie-glenn-close-pp.png?resize=1200%2C630&ssl=1", "secure_url": "https://i0.heartyhosting.com/radaronline.com/wp-content/uploads/2017/03/hillary-clinton-movie-glenn-close-pp.png?resize=1200%2C630&ssl=1", "width": 1200, "height": 630}}, "article": {"published_time": "2017-03-23T16:15:47+00:00"}, "twitter": {"card": "summary_large_image", "title": "Hillary Clinton The Movie \u2014 Starring Glenn Close!", "description": "A movie is in the works about Hillary Clinton and her amazing life.", "image": "https://i0.heartyhosting.com/radaronline.com/wp-content/uploads/2017/03/hillary-clinton-movie-glenn-close-pp.png?resize=1200%2C630&ssl=1"}, "news_keywords": "Hillary Clinton, Glenn Close", "generator": "WordPress 5.5.3"}, "movies": [], "publish_date": 1490285747.0, "source": "http://radaronline.com", "summary": ""}