{"url": "www.newidea.com.au/jennifer-aniston-and-brad-pitt-busted-in-aspen", "text": "The US mag story everyone is talking about Star magazine\n\nAccording to a cover story in US magazine Star today, Jen has allegedly been \"caught out\" planning a get together at the posh US ski destination with her ex Brad, amid the collapse of his marriage and published claims that her own union to actor Justin Theroux is supposedly on thin ice.\n\n\u2018They\u2019ve been growing closer ever since Jen reached out to Brad after his split from Ange,\u2019 a source told Star. \u2018Jen has been a real source of comfort and strength for Brad, and during their long talks, they realised just how strong their bond still is.\u2019\n\nThe publication goes on to claim that the duo have arranged to meet up on a skiing break. While she will be accompanied by close friends, it seems there is room for Brad.\n\n\u2018When Jen mentioned that she was planning to go skiing with friends in Aspen after New Year\u2019s, a light bulb went off in Brad\u2019s head,\u2019 claims Star\u2019s source. \u2018He said he could fly over in his private jet and meet up with her there.\n\n\u2018He pointed out that they could even hit the slopes together, since no one would recognise them in their ski masks, goggles and helmets. Jen thought it was genius.\n\nThe magazine claims that Jen has booked a $10,000 a night chalet featuring multiple fireplaces and hot tubs.\n\n\u2018The trip is going to be a blast,\u2019 claims the source, who adds, \u2018I imagine Brad and Jen will steal private moments to they can have some emotional heart-to-hearts.\u2019\n\nReps for both Brad and Jen have denied Star\u2019s story, and Jen has long said how happy she is with husband Justin.", "images": ["http://www.newidea.com.au/media/73139/ni4619_cover_nobc_bws.png?height=158", "http://www.newidea.com.au/Branding/NewIdea/images/enhanced-header-logo.svg", "http://www.newidea.com.au/Branding/NewIdea/images/brand-logo-footer-new.svg", "https://snowplow.swm.digital/i?e=se&se_ca=ping&tv=http-get-0.1.0&dtm=0&stm=0&tna=pac&p=web", "http://www.newidea.com.au/media/6671/161109_jennifer_aniston_brad_pitt_divorce.jpg", "https://www.facebook.com/tr?id=2693548590922384&ev=PageView&noscript=1", "http://secure-gl.imrworldwide.com/cgi-bin/m?ci=au-pacmags&cg=0&cc=1&ts=noscript"], "top_img": "http://www.newidea.com.au/media/6671/161109_jennifer_aniston_brad_pitt_divorce.jpg", "keywords": [], "authors": ["Nikki Black", "Nikki Is Obsessed With All Things Celebrity", "Dreams She Is A Long-Lost Kardashian. You'Ll Find Her Binging Netflix'S Latest 'Must-Watch' Show With A Jar Of Nutella Her Side."], "canonical_link": "https://www.newidea.com.au/jennifer-aniston-and-brad-pitt-busted-in-aspen", "title": "Brad Pitt and Jennifer Aniston 'busted' over Aspen reunion", "meta_data": {"language": "en-us", "description": "According to US mag, Brad Pitt and Jennifer Aniston have allegedly been \u201cbusted\u201d over a secret Aspen reunion, after a \u201chotel concierge blew their cover\u201d.", "news_keywords": "Brad Pitt, Jennifer Aniston, Brad Pitt Jennifer Aniston back together, Brad Pitt Jennifer Aniston busted, Brad Pitt Jennifer Aniston Aspen, Celeb news, Celebrity news, Entertainment news, Breaking celebrity news, celebrity news, celeb news, latest celeb news, celebrity gossip, celeb goss, latest celeb goss", "robots": "index, follow", "og": {"site_name": "New Idea", "type": "article", "url": "https://www.newidea.com.au/jennifer-aniston-and-brad-pitt-busted-in-aspen", "title": "Brad Pitt and Jennifer Aniston 'busted' over Aspen reunion", "description": "According to US mag, Brad Pitt and Jennifer Aniston have allegedly been \u201cbusted\u201d over a secret Aspen reunion, after a \u201chotel concierge blew their cover\u201d.", "image": {"identifier": "http://www.newidea.com.au/media/6671/161109_jennifer_aniston_brad_pitt_divorce.jpg", "width": 2000, "height": 1080}}, "twitter": {"title": "Brad Pitt and Jennifer Aniston 'busted' over Aspen reunion", "description": "According to US mag, Brad Pitt and Jennifer Aniston have allegedly been \u201cbusted\u201d over a secret Aspen reunion, after a \u201chotel concierge blew their cover\u201d.", "image": "http://www.newidea.com.au/media/6671/161109_jennifer_aniston_brad_pitt_divorce.jpg", "url": "https://www.newidea.com.au/jennifer-aniston-and-brad-pitt-busted-in-aspen"}, "fb": {"admins": 863618607005758, "pages": 140279489324860}, "msvalidate.01": "3BD3CB44DC500E9821E82E085D0F0D13", "viewport": "width=device-width, initial-scale=1.0"}, "movies": [], "publish_date": 1530924095.328, "source": "http://www.newidea.com.au", "summary": ""}