{"url": "www.vulture.com/2018/02/kristen-wiig-might-play-the-villain-in-wonder-woman-2.html", "text": "Kristen Wiig. Photo: Steve Granitz/WireImage\n\nKristen Wiig might be sticking her claws into Wonder Woman. According to Deadline, the Bridesmaids star is being considered to play Cheetah, a classic comic-book villain, in the upcoming highly anticipated movie sequel. Wiig, who is mostly known for her comedy chops, would be the adversary to Gal Gadot\u2019s Diana Prince. This time the superhero has skipped ahead in time from World War II to fight crime in the 1980s. Cheetah, who was originally depicted as the alter ego of a socialite, will probably fit right in with Reagan\u2019s America. Though, then again, since this is the Cold War she could suddenly become a Soviet. Patty Jenkins is also returning as the film\u2019s director.", "images": ["https://pyxis.nymag.com/v1/imgs/33f/174/776d396f08c2175a4688dfa94413b1e150-18-kristen-wig.rsquare.w330.jpg", "https://pyxis.nymag.com/v1/imgs/33f/174/776d396f08c2175a4688dfa94413b1e150-18-kristen-wig.1x.rsocial.w1200.jpg", "https://pyxis.nymag.com/v1/imgs/5dc/208/41893bb6d25873493b03870d51b2c22d86-2420-sin-city-cover-4x5.w240.jpg"], "top_img": "https://pyxis.nymag.com/v1/imgs/33f/174/776d396f08c2175a4688dfa94413b1e150-18-kristen-wig.1x.rsocial.w1200.jpg", "keywords": [], "authors": ["Tolly Wright"], "canonical_link": "https://www.vulture.com/2018/02/kristen-wiig-might-play-the-villain-in-wonder-woman-2.html", "title": "Kristen Wiig Might Play the Villain in Wonder Woman 2", "meta_data": {"viewport": "width=device-width,initial-scale=1,shrink-to-fit=no", "og": {"title": "Kristen Wiig Might Play the Villain in Wonder Woman 2", "url": "https://www.vulture.com/2018/02/kristen-wiig-might-play-the-villain-in-wonder-woman-2.html", "description": "She\u2019s reportedly in talks to play Cheetah.", "image": "https://pyxis.nymag.com/v1/imgs/33f/174/776d396f08c2175a4688dfa94413b1e150-18-kristen-wig.1x.rsocial.w1200.jpg", "site_name": "Vulture", "type": "article"}, "twitter": {"title": "Kristen Wiig Might Play the Villain in Wonder Woman 2", "description": "She\u2019s reportedly in talks to play Cheetah.", "image": "https://pyxis.nymag.com/v1/imgs/33f/174/776d396f08c2175a4688dfa94413b1e150-18-kristen-wig.2x.rsocial.w600.jpg", "card": "summary_large_image", "creator": "@TollyW", "site": "@vulture"}, "article": {"published_time": "2018-02-28T20:32:00.435-05:00", "tag": "kristen wiig, casting couch, wonder woman 2, wonder woman, gal gadot", "publisher": "https://www.facebook.com/Vulture"}, "description": "Kristen Wiig may play Cheetah, a villain, in \u2018Wonder Woman 2\u2019, opposite Gal Gadot as Diana Prince. Patty Jenkins directs.", "sailthru.tags": "kristen wiig, casting couch, wonder woman 2, wonder woman, gal gadot", "author": "Tolly Wright", "fb": {"app_id": 158902697551841}, "type": "Article", "vertical": "Vulture", "apple-mobile-web-app-title": "Vulture", "application-name": "Vulture", "msapplication-TileColor": "#00bcf1", "msapplication-TileImage": "https://assets.nymag.com/media/sites/vulture/icon.144x144.png"}, "movies": [], "publish_date": 1519867920.435, "source": "http://www.vulture.com", "summary": ""}