{"url": "www.thelist.com/110590/kate-middleton-meghan-markle-relationship/", "text": "The Truth About Kate Middleton And Meghan Markle's Relationship\n\nKate Middleton and Meghan Markle became sisters-in-law when the former Hollywood actress tied the knot with Prince Harry on May 19, 2018, effectively bumping Middleton's 2011 wedding to Prince William out of recent memory. However, Middleton and Markle had started getting to know one another back during the days of Markle and Harry's headline-making engagement, and they've no doubt only continued to learn more about one another as they've attended royal events together and grown their respective families.\n\nBut how close are they really? After all, it's not exactly common to forge a friendship while leading lives in the spotlight and keeping up with royal traditions. Let's take a closer look at the royal women's bond, and figure out the truth about how these two duchesses really feel about one another. We have a suspicion that there's more than meets the eye when it comes to Kate Middleton and Meghan Markle's relationship.", "images": ["http://img.thelist.com/img/thelist_icon_black.svg", "http://img.thelist.com/img/thelist_logo_black_2.svg", "http://img2.thelist.com/img/gallery/the-truth-about-kate-middleton-and-meghan-markles-relationship/sneaky-secret-get-togethers-1519248384.jpg", "http://img1.thelist.com/img/gallery/the-truth-about-kate-middleton-and-meghan-markles-relationship/intro-1519248384.jpg", "https://img1.thelist.com/img/gallery/the-truth-about-kate-middleton-and-meghan-markles-relationship/intro-1519248384.jpg", "data:image/png;base64,iVBORw0KGgoAAAANSUhEUgAAAAEAAAABCAQAAAC1HAwCAAAAC0lEQVR42mNkYAAAAAYAAjCB0C8AAAAASUVORK5CYII="], "top_img": "https://img1.thelist.com/img/gallery/the-truth-about-kate-middleton-and-meghan-markles-relationship/intro-1519248384.jpg", "keywords": [], "authors": ["Mary Madormo"], "canonical_link": "https://www.thelist.com/110590/kate-middleton-meghan-markle-relationship/", "title": "The Truth About Kate Middleton And Meghan Markle's Relationship", "meta_data": {"viewport": "width=device-width, initial-scale=1.0", "og": {"image": "https://img1.thelist.com/img/gallery/the-truth-about-kate-middleton-and-meghan-markles-relationship/intro-1519248384.jpg", "title": "The Truth About Kate Middleton And Meghan Markle's Relationship", "description": "While Meghan Markle and her soon-to-be sister-in-law Kate Middleton may not seem that close, the ladies may have more of a friendship than you may think.", "type": "article", "url": "https://www.thelist.com/110590/kate-middleton-meghan-markle-relationship/", "site_name": "TheList.com"}, "twitter": {"title": "The Truth About Kate Middleton And Meghan Markle's Relationship", "description": "While Meghan Markle and her soon-to-be sister-in-law Kate Middleton may not seem that close, the ladies may have more of a friendship than you may think.", "card": "summary_large_image", "site": "@TheListDaily", "image": "https://img1.thelist.com/img/gallery/the-truth-about-kate-middleton-and-meghan-markles-relationship/intro-1519248384.jpg"}, "title": "The Truth About Kate Middleton And Meghan Markle's Relationship", "description": "While Meghan Markle and her soon-to-be sister-in-law Kate Middleton may not seem that close, the ladies may have more of a friendship than you may think.", "article": {"published_time": "2018-02-21T16:46:21+00:00", "modified_time": "2018-10-25T11:25:17+00:00", "author": "Mary Madormo"}, "p": {"domain_verify": "d9199a67c30681a81223385f68e71b46"}}, "movies": [], "publish_date": 1519231581.0, "source": "http://www.thelist.com", "summary": ""}