{"url": "radaronline.com/exclusives/2017/08/anna-faris-chris-pratt-split-divorce-separate-dad-reveals-truth-jack/", "text": "Anna Faris' Dad Reveals Truth Behind Shocking Split From Chris Pratt 'We are trying to do what's best for our grandson,' father Jack claims.\n\nAnna Faris and Chris Pratt announced their separation Sunday night, and now, her father Jack Faris exclusively spoke to Radaronline.com about the formerly adored couple.\n\n\u201cI can\u2019t say much, but what I can say is that they are both wonderful loving people who respect each other,\u201d Jack said. \u201cAnd right now we are just trying to do what\u2019s best for our grandson.\u201d\n\nThe couple have been married for eight years since 2009 and share a four-year-old son.\n\n\u201cWe are still on good terms,\u201d Jack said of his former son-in-law.\n\nWhen asked if news of their separation came as a shock to him, he responded with \u201cthat edges more on privacy, so I can\u2019t talk about it.\u201d\n\nBoth Anna, 40, and Chris, 38, released a statement on their decision.\n\n\u201cWe tried hard for a long time, and we\u2019re really disappointed,\u201d they said. \u201cOur son has two parents who love him very much and for his sake we want to keep this situation as private as possible moving forward. We still have love for each other, will always cherish our time together and continue to have the deepest respect for one another.\u201d\n\nWe pay for juicy info! Do you have a story for RadarOnline.com? Email us at tips@radaronline.com, or call us at (866) ON-RADAR (667-2327) any time, day or night.", "images": ["https://i0.heartyhosting.com/radaronline.com/wp-content/uploads/2019/03/scandal-bg.jpg?fit=1440%2C210&ssl=1", "https://i0.heartyhosting.com/radaronline.com/wp-content/uploads/2017/08/anna-faris-dad-reveals-truth-about-split-pp.jpg?resize=792%2C446&ssl=1", "https://i0.heartyhosting.com/radaronline.com/wp-content/uploads/2019/03/logo-celebrity-news.png?ssl=1", "https://i0.heartyhosting.com/radaronline.com/wp-content/uploads/2019/03/reality-tv-bg.jpg?fit=1440%2C210&ssl=1", "https://i0.heartyhosting.com/radaronline.com/wp-content/uploads/2019/03/logo-scandal.png?fit=307%2C70&ssl=1", "https://i0.heartyhosting.com/radaronline.com/wp-content/uploads/2019/03/logo-true-crime-b.png?fit=357%2C70&ssl=1", "https://i0.heartyhosting.com/radaronline.com/wp-content/uploads/2019/03/logo-omg.png?fit=188%2C70&ssl=1", "https://i0.heartyhosting.com/radaronline.com/wp-content/uploads/2019/03/celebrity-news-bg.jpg?fit=1440%2C210&ssl=1", "https://i0.heartyhosting.com/radaronline.com/wp-content/uploads/2020/02/KUWTK-Kim-Kardashian-Denies-Booed-Tristan-Thompson-NBA-Game-pp.jpg?w=384&crop=0%2C20px%2C384px%2C215px&resize=384%2C215&ssl=1", "https://i0.heartyhosting.com/radaronline.com/wp-content/uploads/2019/03/logo-fashion-police.png?fit=489%2C70&ssl=1", "https://i0.heartyhosting.com/radaronline.com/wp-content/uploads/2019/03/logo-celebrity-news-b.png?fit=495%2C70&ssl=1", "https://i0.heartyhosting.com/radaronline.com/wp-content/uploads/2020/11/meghan-miscarriage.jpeg?w=384&crop=0%2C20px%2C384px%2C215px&resize=384%2C215&ssl=1", "https://i0.heartyhosting.com/radaronline.com/wp-content/uploads/2019/03/logo-reality-tv.png?fit=370%2C70&ssl=1", "https://i0.heartyhosting.com/radaronline.com/wp-content/uploads/2020/11/bobby-bobby-jrjpeg.jpeg?w=384&crop=0%2C20px%2C384px%2C215px&resize=384%2C215&ssl=1", "https://radaronline.com/wp-content/themes/vip/am-radaronline/assets/build/images/icons/logo-tag-registered.svg", "https://radaronline.com/wp-content/themes/vip/am-radaronline/assets/build/images/icons/logo-tag-registered-green.svg", "https://i0.heartyhosting.com/radaronline.com/wp-content/uploads/2019/03/true-crime-bg.jpg?fit=1440%2C210&ssl=1", "https://i0.heartyhosting.com/radaronline.com/wp-content/uploads/2019/03/omg-bg.jpg?fit=1440%2C210&ssl=1", "https://i0.heartyhosting.com/radaronline.com/wp-content/uploads/2019/03/fashion-police-bg.jpg?fit=1440%2C210&ssl=1", "https://i0.heartyhosting.com/radaronline.com/wp-content/uploads/2020/11/miley-cyrus-sobriety.jpeg?w=384&crop=0%2C20px%2C384px%2C215px&resize=384%2C215&ssl=1", "https://i0.heartyhosting.com/radaronline.com/wp-content/uploads/2017/08/anna-faris-dad-reveals-truth-about-split-pp.jpg?resize=1200%2C630&ssl=1"], "top_img": "https://i0.heartyhosting.com/radaronline.com/wp-content/uploads/2017/08/anna-faris-dad-reveals-truth-about-split-pp.jpg?resize=1200%2C630&ssl=1", "keywords": [], "authors": ["Radar Staff", "August"], "canonical_link": "https://radaronline.com/videos/anna-faris-chris-pratt-split-divorce-separate-dad-reveals-truth-jack/", "title": "Anna Faris' Dad Reveals Truth Behind Shocking Split From Chris Pratt", "meta_data": {"viewport": "width=device-width, initial-scale=1.0", "fb": {"admins": 593583017, "app_id": 1008772232528225, "pages": 376279216711}, "theme-color": "#ffffff", "google-site-verification": "kONM_PqGX8Za53dFcExSTIIPZxxN_S4QtvDlONzzdA0", "description": "Ana Faris' father, Jack exclusively talks to Radaronline.com about his daughter's split with actor Chris Pratt.", "robots": "index, follow, max-snippet:-1, max-image-preview:large, max-video-preview:-1", "og": {"locale": "en_US", "type": "article", "title": "Anna Faris' Dad Reveals Truth Behind Shocking Split From Chris Pratt", "description": "Ana Faris' father, Jack exclusively talks to Radaronline.com about his daughter's split with actor Chris Pratt.", "url": "https://radaronline.com/videos/anna-faris-chris-pratt-split-divorce-separate-dad-reveals-truth-jack/", "site_name": "RadarOnline", "updated_time": "2017-08-07T17:31:22+00:00", "image": {"identifier": "https://i0.heartyhosting.com/radaronline.com/wp-content/uploads/2017/08/anna-faris-dad-reveals-truth-about-split-pp.jpg?resize=1200%2C630&ssl=1", "secure_url": "https://i0.heartyhosting.com/radaronline.com/wp-content/uploads/2017/08/anna-faris-dad-reveals-truth-about-split-pp.jpg?resize=1200%2C630&ssl=1", "width": 1200, "height": 630}}, "article": {"published_time": "2017-08-07T17:31:22+00:00"}, "twitter": {"card": "summary_large_image", "title": "Anna Faris' Dad Reveals Truth Behind Shocking Split From Chris Pratt", "description": "Ana Faris' father, Jack exclusively talks to Radaronline.com about his daughter's split with actor Chris Pratt.", "image": "https://i0.heartyhosting.com/radaronline.com/wp-content/uploads/2017/08/anna-faris-dad-reveals-truth-about-split-pp.jpg?resize=1200%2C630&ssl=1"}, "news_keywords": "Anna Faris split, Chris Pratt Divorce", "generator": "WordPress 5.5.3"}, "movies": [], "publish_date": 1502127082.0, "source": "http://radaronline.com", "summary": ""}