{"url": "radaronline.com/videos/jennifer-lawrence-breakdown-stress-overworked/", "text": "Click to share on Twitter (Opens in new window)\n\nClick to share on Facebook (Opens in new window)\n\nFalling Apart! Scary New Signs Burnt-Out Jennifer Could Be Headed For A Breakdown\n\nFalling Apart! Scary New Signs Burnt-Out Jennifer Could Be Headed For A Breakdown\n\nFalling Apart! Scary New Signs Burnt-Out Jennifer Could Be Headed For A Breakdown Lawrence is 'desperate to take a year off acting' after strip club scandal.\n\nBurnt-out Jennifer Lawrence could be headed for a breakdown on the heels of her explosive strip club scandal, RadarOnline.com has learned exclusively.\n\nPals fear J-Law\u2019s had enough of the limelight and is \u201cdesperate to take a year off acting.\u201d\n\nDespite her desires for a much needed break, sources claim \u201cdeep down she knows she can\u2019t have one.\u201d\n\n\u201cJennifer still has two major movies to promote next year [Red Sparrow and X-Men: Dark Phoenix] but she\u2019s got nothing scheduled after that,\u201d snitches the informant, adding \u201cFor the first time she will have many months in a row off.\u201d\n\nHowever, as desperately as she needs this, her handlers are said to be pressuring her to read scripts and churn out more movies!\n\n\u201cShe\u2019s tired and burnt out,\u201d the insider reveals to Radar. \u201cShe wants to work on her personal life \u2013 and maybe date somebody who\u2019s NOT in showbiz because none of her other relationships with famous men have worked out.\u201d\n\nIt appears J-Law has been headed in a downward spiral since RadarOnline.com released world exclusive footage of America\u2019s sweetheart cutting loose like a low-rent go-go dancer in a Euro-trash strip club: riding a stripper pole, spanking herself with dollar bills and SO much more!\n\nThe show-stopping footage was filmed on April 27 at the Beverly Hills Club in Vienna, Austria while in town filming the spy caper Red Sparrow.\n\nFriends of the actress fear she\u2019s expressing scary signs of a breakdown. Before long, \u201cJennifer seemed drunk, crawling on all fours around the stage and bending over for men to ogle,\u201d said the eyewitness of the bombshell strip club encounter.\n\nWe pay for juicy info! Do you have a story for RadarOnline.com? Email us at tips@radaronline.com, or call us at 800-344-9598 any time, day or night.", "images": ["https://i0.heartyhosting.com/radaronline.com/wp-content/uploads/2019/03/scandal-bg.jpg?fit=1440%2C210&ssl=1", "https://i0.heartyhosting.com/radaronline.com/wp-content/uploads/2019/03/logo-celebrity-news.png?ssl=1", "https://i0.heartyhosting.com/radaronline.com/wp-content/uploads/2019/03/reality-tv-bg.jpg?fit=1440%2C210&ssl=1", "https://i0.heartyhosting.com/radaronline.com/wp-content/uploads/2019/03/logo-scandal.png?fit=307%2C70&ssl=1", "https://i0.heartyhosting.com/radaronline.com/wp-content/uploads/2019/03/logo-true-crime-b.png?fit=357%2C70&ssl=1", "https://i0.heartyhosting.com/radaronline.com/wp-content/uploads/2017/12/jennifer-lawrence-breakdown-stress-overworked-pp.jpg?resize=1200%2C630&ssl=1", "https://i0.heartyhosting.com/radaronline.com/wp-content/uploads/2019/03/logo-omg.png?fit=188%2C70&ssl=1", "https://i0.heartyhosting.com/radaronline.com/wp-content/uploads/2019/03/celebrity-news-bg.jpg?fit=1440%2C210&ssl=1", "https://i0.heartyhosting.com/radaronline.com/wp-content/uploads/2020/02/KUWTK-Kim-Kardashian-Denies-Booed-Tristan-Thompson-NBA-Game-pp.jpg?w=384&crop=0%2C20px%2C384px%2C215px&resize=384%2C215&ssl=1", "https://i0.heartyhosting.com/radaronline.com/wp-content/uploads/2019/03/logo-fashion-police.png?fit=489%2C70&ssl=1", "https://i0.heartyhosting.com/radaronline.com/wp-content/uploads/2019/03/logo-celebrity-news-b.png?fit=495%2C70&ssl=1", "https://i0.heartyhosting.com/radaronline.com/wp-content/uploads/2017/12/jennifer-lawrence-breakdown-stress-overworked-pp.jpg?resize=792%2C446&ssl=1", "https://i0.heartyhosting.com/radaronline.com/wp-content/uploads/2020/11/meghan-miscarriage.jpeg?w=384&crop=0%2C20px%2C384px%2C215px&resize=384%2C215&ssl=1", "https://i0.heartyhosting.com/radaronline.com/wp-content/uploads/2019/03/logo-reality-tv.png?fit=370%2C70&ssl=1", "https://i0.heartyhosting.com/radaronline.com/wp-content/uploads/2020/11/bobby-bobby-jrjpeg.jpeg?w=384&crop=0%2C20px%2C384px%2C215px&resize=384%2C215&ssl=1", "https://radaronline.com/wp-content/themes/vip/am-radaronline/assets/build/images/icons/logo-tag-registered.svg", "https://radaronline.com/wp-content/themes/vip/am-radaronline/assets/build/images/icons/logo-tag-registered-green.svg", "https://i0.heartyhosting.com/radaronline.com/wp-content/uploads/2019/03/true-crime-bg.jpg?fit=1440%2C210&ssl=1", "https://i0.heartyhosting.com/radaronline.com/wp-content/uploads/2019/03/omg-bg.jpg?fit=1440%2C210&ssl=1", "https://i0.heartyhosting.com/radaronline.com/wp-content/uploads/2019/03/fashion-police-bg.jpg?fit=1440%2C210&ssl=1", "https://i0.heartyhosting.com/radaronline.com/wp-content/uploads/2020/11/miley-cyrus-sobriety.jpeg?w=384&crop=0%2C20px%2C384px%2C215px&resize=384%2C215&ssl=1"], "top_img": "https://i0.heartyhosting.com/radaronline.com/wp-content/uploads/2017/12/jennifer-lawrence-breakdown-stress-overworked-pp.jpg?resize=1200%2C630&ssl=1", "keywords": [], "authors": ["Radar Staff", "December"], "canonical_link": "https://radaronline.com/videos/jennifer-lawrence-breakdown-stress-overworked/", "title": "Falling Apart! Scary New Signs Burnt-Out Jennifer Could Be Headed For A Breakdown", "meta_data": {"viewport": "width=device-width, initial-scale=1.0", "fb": {"admins": 593583017, "app_id": 1008772232528225, "pages": 376279216711}, "theme-color": "#ffffff", "google-site-verification": "kONM_PqGX8Za53dFcExSTIIPZxxN_S4QtvDlONzzdA0", "description": "Friends fear Jennifer Lawrence could be headed for a breakdown on the heels of her strip club scandal, RadarOnline.com has learned exclusively.", "robots": "index, follow, max-snippet:-1, max-image-preview:large, max-video-preview:-1", "og": {"locale": "en_US", "type": "article", "title": "Falling Apart! Scary New Signs Burnt-Out Jennifer Could Be Headed For A Breakdown", "description": "Friends fear Jennifer Lawrence could be headed for a breakdown on the heels of her strip club scandal, RadarOnline.com has learned exclusively.", "url": "https://radaronline.com/videos/jennifer-lawrence-breakdown-stress-overworked/", "site_name": "RadarOnline", "updated_time": "2017-12-18T13:58:10+00:00", "image": {"identifier": "https://i0.heartyhosting.com/radaronline.com/wp-content/uploads/2017/12/jennifer-lawrence-breakdown-stress-overworked-pp.jpg?resize=1200%2C630&ssl=1", "secure_url": "https://i0.heartyhosting.com/radaronline.com/wp-content/uploads/2017/12/jennifer-lawrence-breakdown-stress-overworked-pp.jpg?resize=1200%2C630&ssl=1", "width": 1200, "height": 630}}, "article": {"published_time": "2017-12-18T12:17:19+00:00", "modified_time": "2017-12-18T13:58:10+00:00"}, "twitter": {"card": "summary_large_image", "title": "Falling Apart! Scary New Signs Burnt-Out Jennifer Could Be Headed For A Breakdown", "description": "Friends fear Jennifer Lawrence could be headed for a breakdown on the heels of her strip club scandal, RadarOnline.com has learned exclusively.", "image": "https://i0.heartyhosting.com/radaronline.com/wp-content/uploads/2017/12/jennifer-lawrence-breakdown-stress-overworked-pp.jpg?resize=1200%2C630&ssl=1"}, "news_keywords": "Jennifer Lawrence", "generator": "WordPress 5.5.3"}, "movies": [], "publish_date": 1513599439.0, "source": "http://radaronline.com", "summary": ""}