{"url": "www.nme.com/news/music/justin-bieber-selena-gomez-back-together-2246433", "text": "Justin Bieber and Selena Gomez appear to have rekindled their relationship, sending fans of the pop couple into a frenzy.\n\nBiebs was photographed at his dad\u2019s wedding this weekend, with Gomez as his guest. The pair originally dated from 2010 to 2012, with their rocky relationship going through various on-off phases ever since.\n\nNow, the pair appear to be very much back on, after being photographed kissing and cuddling at Bieber\u2019s dad\u2019s Jamaica-based wedding. \u201cOoooooohhhh myyyyyyyy goo000od i am dreaming, I am going to cry right now\u201d wrote one excited fan on Twitter, while numerous others expressed their delight at \u2018Jelena\u2019 being back on.\n\nAdvertisement\n\nCheck out photos and fan reactions to Justin and Selena\u2019s reunion below.\n\nhttps://twitter.com/jelenasmelody/status/966073721248247808\n\nOoooooohhhh myyyyyyyy goo000od i am dreaming???????????????????? im going to cry right now ??????\u2763\u2763\u2763\u2763 just look at them \u2026.@justinbieber @selenagomez #JustinBieber pic.twitter.com/SIUS4GRaqc \u2014 belieber? (@melinazrr) February 20, 2018\n\nhttps://twitter.com/jeIenahq/status/966074537279479809\n\nJelena's back so I can listen to Love Will Remember and Nothing Like Us now without spiraling into depression \u2014 bi (@sinceritiescary) February 21, 2018\n\nMy whole timeline is jelena and I\u2019m not complaining \u2014 leslie (@brunosIovely) February 20, 2018\n\nthe eye contact is killing me pic.twitter.com/gBpr9fTUZB \u2014 mags JANUARY 10 (@selmilasnature) February 20, 2018\n\nAdvertisement\n\n\u201cJustin and Selena will get married\u201d\n\n\u201cSelena isn\u2019t using Justin for promo\u201d\n\n\u201cJelena forever\u201d\n\n\u201cJelena isn\u2019t toxic anymore\u201d\n\n\u201cIf Justin\u2019s happy with Selena then I\u2019m happy\u201d pic.twitter.com/sLchIqh0zd \u2014 Britt (@jdbpurposes) February 20, 2018\n\nI\u2019M CONVINCED WE ARE BACK IN 2011 I\u2019M NOT OKAY pic.twitter.com/zBqKIuiqGe \u2014 Megan (@marvelstaylena) February 20, 2018\n\nMeanwhile, an exhibition dedicated to Justin Bieber has opened in the singer\u2019s hometown of Stratford, Ontario \u2013 and it features a pair of his underwear.\n\nTitled Steps to Stardom, the exhibit launched at the Stratford Perth Museum on Sunday (February 18) and runs until December 31.\n\nIt features various Bieber memorabilia on display, including stage outfits, running shoes, a personal letter from Michelle Obama and the aforementioned underwear.\n\n\u201cWe\u2019re very excited about this exhibit and helping to share a fascinating story about a hometown hero who\u2019s gone on to remarkable achievements,\u201d the museum say in a press release.", "images": ["https://www.nme.com/wp-content/uploads/2020/01/logo-nme-white.svg", "https://www.nme.com/wp-content/uploads/2017/08/justin-bieber-selena-gomez.jpg", "https://www.nme.com/wp-content/uploads/2017/08/justin-bieber-selena-gomez-696x443.jpg", "https://www.nme.com/wp-content/uploads/2019/11/logo-nme.svg"], "top_img": "https://www.nme.com/wp-content/uploads/2017/08/justin-bieber-selena-gomez.jpg", "keywords": [], "authors": ["Tom Connick"], "canonical_link": "https://www.nme.com/news/music/justin-bieber-selena-gomez-back-together-2246433", "title": "It looks like Justin Bieber and Selena Gomez are back together, and their fans are losing it", "meta_data": {"viewport": "width=device-width, initial-scale=1.0", "description": "Justin Bieber and Selena Gomez appear to have rekindled their relationship, sending fans of the pop couple into a frenzy.", "robots": "index, follow, max-snippet:-1, max-image-preview:large, max-video-preview:-1", "og": {"locale": "en_GB", "type": "article", "title": "It looks like Justin Bieber and Selena Gomez are back together, and their fans are losing it - NME", "description": "Justin Bieber and Selena Gomez appear to have rekindled their relationship, sending fans of the pop couple into a frenzy.", "url": "https://www.nme.com/news/music/justin-bieber-selena-gomez-back-together-2246433", "site_name": "NME Music News, Reviews, Videos, Galleries, Tickets and Blogs | NME.COM", "image": {"identifier": "https://www.nme.com/wp-content/uploads/2017/08/justin-bieber-selena-gomez.jpg", "width": 1000, "height": 636}}, "article": {"publisher": "https://www.facebook.com/nmemagazine/", "published_time": "2018-02-21T08:42:42+00:00"}, "twitter": {"card": "summary_large_image", "creator": "@nme", "site": "@nme", "label1": "Written by", "data1": "Tom Connick", "label2": "Estimated reading time", "data2": "1 minute"}, "generator": "WordPress 5.5.3"}, "movies": [], "publish_date": 1519202562.0, "source": "http://www.nme.com", "summary": ""}