{"url": "http://www.cdc.gov/nchs/data/hestat/prelimbirths05_tables.pdf#1", "text": "Resource Not Available\n\nThe page you requested cannot be found at this time. It may be temporarily unavailable or it may have been removed or relocated.\n\nSee one of the following pages for possible options:", "images": ["http://www.cdc.gov/TemplatePackage/4.0/assets/imgs/favicon.ico", "https://cdc.112.2o7.net/b/ss/cdcgov/1/H.21--NS/01/H.21--NS/0"], "top_img": "http://www.cdc.gov/TemplatePackage/4.0/assets/imgs/favicon.ico", "keywords": [], "authors": [], "canonical_link": "https://www.cdc.gov/nchs/404.htm", "title": "Resource Not Available", "meta_data": {"viewport": "width=device-width, initial-scale=1, shrink-to-fit=no", "mobile-web-app-capable": "yes", "apple-mobile-web-app-capable": "yes", "keywords": "CDC, Centers for Disease Control and Prevention, NCHS, National Center for Health Statistics, 404, page not found, Data & Stats", "robots": "index, archive", "cdc": {"template_version": "4.0", "last_updated": "June 2, 2009", "last_reviewed": "November 6, 2015", "content_source": "OFFICE OF INFORMATION SERVICES", "maintained_by": "OFFICE OF INFORMATION SERVICES", "content_id": 17730, "wcms_build": "4.8.5 - b.1948"}, "DC.date": "2019-06-01T08:45:27Z/"}, "movies": [], "publish_date": null, "source": "http://www.cdc.gov", "summary": ""}