{"url": "www.yourtango.com/2018315069/is-lindsay-shookus-pregnant-new-details-on-rumors-shes-expecting-with-ben-affleck", "text": "Is Ben Affleck about to drop a major bombshell in regards to his girlfriend Lindsay Shookus? Reports out of Hawaii are saying that the couple may be expecting a new addition and are going to elope before the baby bump becomes too noticeable. Is Lindsay Shookus pregnant?\n\nRELATED: Who Is Brendon Urie's Wife? New Details On Sarah Orzechowski And How She Feels About Him Coming Out As Pansexual\n\n1. Are they eloping?\n\nSources told Radar that Ben and Lindsay want to get married before the end of the summer. Lindsay will be back at work on Saturday Night Live by fall. Why the rush though?\n\nA post shared by On the road (Argentina) (@elphiedeloeste) on Feb 16, 2018 at 8:13pm PST\n\n2. Is Lindsay pregnant?\n\nBen is just barely divorced from his ex-wife Jennifer Garner (even though they separated eons ago). Why the rush to put a ring on it? Those same sources say that Lindsay may be pregnant with Ben's baby.\n\nA post shared by NRG ENERGY (@nrgalbania) on Nov 26, 2017 at 10:55pm PST\n\n3. He's met the parents\n\nBen recently met Lindsay's parents in Santa Monica. The foursome sat down for a dinner out. This is a sure sign that the couple, who have been dating for over a year, are getting serious.\n\nA post shared by NRG ENERGY (@nrgalbania) on Jun 25, 2018 at 1:33pm PDT\n\n4. He's met Lindsay's daughter\n\nA few weeks ago, Ben, Lindsay, her parents, and Lindsay's five-year-old daughter were spotted taking a hike in Los Angeles.\n\nA post shared by The Daily Paperazzi (@dailypaperazzi) on Jun 25, 2018 at 9:47am PDT\n\n5. Five kids?\n\nIf Lindsay is pregnant, the couple will have their hands full. Ben is already dad to three kids with Jennifer Garner--12-year-old Violet, 9-year-old Seraphina, and 6-year-old Samuel. With Lindsay's daughter, the new baby would make five kids for Ben and Lindsay to juggle.\n\nA post shared by Ben Affleck (@benaffleck) on Jun 17, 2018 at 12:38pm PDT\n\n6. Why Hawaii?\n\nHawaii holds a special place in 45-year-old Affleck and 38-year-old Shookus' lives. The pair spent a romantic vacation there earlier this year while Ben was filming Triple Frontier.\n\nA post shared by PEOPLETALK.RU (@peopletalkru) on Sep 10, 2017 at 8:56am PDT\n\n7. Does Jen know?\n\nReportedly, Affleck has asked his ex-wife to watch the kids so that he can whisk Lindsay off to Hawaii to marry her.\n\nA post shared by Tower Magazine (@towermag) on Sep 2, 2017 at 3:34pm PDT\n\n8. When's the wedding?\n\nIt's all speculation at this point. Just last month, Affleck told ET that he and Lindsay were taking things slow for the sake of his sobriety. Of course, things change, and if Lindsay is pregnant, that could have inspired Ben to pop the question. Only time will tell!\n\nA post shared by newsko.com.ph (@newsko_com_ph) on Jul 12, 2017 at 7:21am PDT\n\nBefore you go,\n\nsubscribe to our newsletter. Join now for YourTango's trending articles, top expert advice and personal horoscopes delivered straight to your inbox each morning.\n\nAmy Lamare is a Los Angeles based freelance writer covering entertainment, pop culture, beauty, fashion, fitness, technology, and the intersection of technology, business, and philanthropy. She is deeply devoted to her chocolate Labrador and an avid long distance runner. You can find her on Instagram and Facebook.", "images": ["https://www.yourtango.com/sites/all/themes/ytpurple/img/logo-150.png?v2", "https://www.yourtango.com/sites/default/files/styles/header_slider/public/image_blog/lindsay-shookus.jpg?itok=Ok1FEGAW", "https://sb.scorecardresearch.com/p?c1=2&c2=6035233&cv=2.0&cj=1", "https://www.yourtango.com/sites/default/files/styles/listing_big/public/image_blog/lindsay-shookus.jpg?itok=aQTyEDct"], "top_img": "https://www.yourtango.com/sites/default/files/styles/listing_big/public/image_blog/lindsay-shookus.jpg?itok=aQTyEDct", "keywords": [], "authors": [], "canonical_link": "https://www.yourtango.com/2018315069/is-lindsay-shookus-pregnant-new-details-on-rumors-shes-expecting-with-ben-affleck", "title": "Is Lindsay Shookus Pregnant? New Details On The Rumors She's Expecting With Ben Affleck", "meta_data": {"viewport": "width=device-width,initial-scale=1", "fb": {"app_id": 102332647006, "pages": 39475817260}, "article": {"author": "https://www.facebook.com/AmyLamareWriter/", "published_time": "2018-07-09T17:15:45", "modified_time": "2018-07-09T17:15:45"}, "og": {"site_name": "YourTango", "type": "article", "url": "https://www.yourtango.com/2018315069/is-lindsay-shookus-pregnant-new-details-on-rumors-shes-expecting-with-ben-affleck", "title": "Is Lindsay Shookus Pregnant? New Details On The Rumors She's Expecting With Ben Affleck", "description": "Are they planning to elope?", "updated_time": "2018-07-09T17:15:45", "image": {"identifier": "https://www.yourtango.com/sites/default/files/styles/listing_big/public/image_blog/lindsay-shookus.jpg?itok=aQTyEDct", "width": 620, "height": 309}}, "keywords": "Ben Affleck, celebrity, entertainment and news, Buzz", "description": "Is Lindsay Shookus Pregnant? Is Ben Affleck About To Drop A Major Bombshell In Regards To His Girlfriend Lindsay Shookus? Reports Out Of Hawaii Are Saying That The Couple May Be Expecting A New Addition And Are Going To Elope Before The Baby Bump Becomes Too Noticeable. Is Lindsay Shookus Pregnant?", "abstract": "Amy\u00a0Lamare\u00a0is a Los Angeles based freelance writer covering entertainment, pop culture, beauty, fashion, fitness, technology, and the", "robots": "follow, index, noodp, noydir", "news_keywords": "lindsay shookus, is lindsay shookus pregnant, lindsay shookus ben affleck pregnant, ben affleck, lindsay shookus baby, lindsay shookus baby bump, lindsay shookus preggo, ben affleck lindsay shookus engaged, ben affleck lindsay shookus wedding", "generator": "Drupal 7 (http://drupal.org)", "twitter": {"card": "summary_large_image", "creator": {"identifier": "@yourtango", "id": 17490866}, "url": "https://www.yourtango.com/2018315069/is-lindsay-shookus-pregnant-new-details-on-rumors-shes-expecting-with-ben-affleck", "title": "Is Lindsay Shookus Pregnant? New Details On The Rumors She's Expecting With Ben Affleck", "image": {"src": "https://www.yourtango.com/sites/default/files/styles/listing_big/public/image_blog/lindsay-shookus.jpg?itok=aQTyEDct", "width": 60, "height": 60}}}, "movies": [], "publish_date": 1531149345.0, "source": "http://www.yourtango.com", "summary": ""}