{"url": "www.usmagazine.com/celebrity-news/news/madonna-faced-uncomfortable-questions-over-malawi-adoption-w465912/", "text": "Not so fast! Madonna was hit with a series of \u201cuncomfortable questions\u201d by a judge before she was granted permission to adopt her 4-year-old twin girls from Malawi, the presiding judge said in court documents obtained by The Associated Press on Wednesday, February 8.\n\n\u201cThe petitioner is a professional performer and I guarded myself against the danger of her merely reciting a well-rehearsed speech by asking her some rather uncomfortable questions to which she gave very candid answers,\u201d Judge Fiona Mwale said in her ruling, explaining her reasons for approving the adoption.\n\nAfter pressing Madonna, 58, to explain her intentions in adding two more little ones to her brood of four, Judge Mwale said she was satisfied that the girls would be in good hands with the Material Girl.\n\n\u201cThere is no doubt that the petitioner can offer the infants not only the best education money can buy, but also guidance with a high likelihood of ensuring that the two infants grow to be self-sufficient adults,\u201d Judge Mwale said, adding that she is satisfied that Madonna \u201cis motivated by her desire to offer a home, love, protection and guidance to the infants.\u201d\n\nIn the court documents, Judge Mwale addressed prior controversies surrounding Madonna\u2019s adoptions in Malawi. \u201cIn determining her motives, I questioned the petitioner at length about the impact of her decision which could be construed as robbing Malawi of its most precious resource, its children,\u201d the judge wrote.\n\nAs previously reported, Madonna filed for adoption in High Court in Malawi on January 25 but tried to keep the process under wraps until a final decision was made. (The Queen of Pop issued a statement denying her adoption to Us Weekly that same day, claiming that she was in Malawi \u201cto check on the children\u2019s hospital in Blantyre.\u201d) According to the AP, she has already raised $7.5 million for a pediatric surgery ward at Queen Elizabeth Central Hospital in Blantyre, which is set to open early next year.\n\nMadonna previously adopted son David and daughter Mercy James, both 11, from Malawi in 2008 and 2009, respectively. She is also mom to daughter Lourdes, 20, whom she shares with ex Carlos Leon, and son Rocco, 16, whom she shares with ex-husband Guy Ritchie.\n\nMadonna\u2019s twin girls will retain their birth names as a part of an effort to preserve their identity as Malawian nationals, the court documents said, and their father was at the January 25 court hearing with Madonna. (The twins\u2019 mother died within a week of childbirth due to health complications.)\n\nOn Wednesday, February 8, Madonna took to social media to share the happy news. \u201cI can officially confirm I have completed the process of adopting twin sisters from Malawi and am overjoyed that they are now part of our family,\u201d she captioned an image of herself walking between the two little girls. \u201cI am deeply grateful to all those in Malawi who helped make this possible, and I ask the media please to respect our privacy during this transitional time. \ud83d\ude4f\ud83c\udffb Thank you also to my friends, family and my very large team for all your support and Love!\u201d", "images": ["https://www.usmagazine.com/wp-content/themes/us-weekly/assets/img/svg-icons/logo-tag-registered-green.svg", "https://www.usmagazine.com/wp-content/themes/us-weekly/assets/img/placeholders/default-usweekly.svg", "https://www.usmagazine.com/wp-content/themes/us-weekly/assets/img/svg-icons/logo-tag-registered.svg", "https://www.usmagazine.com/wp-content/themes/us-weekly/assets/img/svg-icons/icon-download.svg", "https://www.usmagazine.com/wp-content/themes/us-weekly/assets/img/bg-subscribe.png", "https://i0.wp.com/www.usmagazine.com/wp-content/uploads/628755396_madonna-zoom-249d0d2a-e314-43d5-9a95-126e0e7af90f.jpg?crop=0px%2C26px%2C1517px%2C796px&resize=1200%2C630&ssl=1&quality=86&strip=all"], "top_img": "https://i0.wp.com/www.usmagazine.com/wp-content/uploads/628755396_madonna-zoom-249d0d2a-e314-43d5-9a95-126e0e7af90f.jpg?crop=0px%2C26px%2C1517px%2C796px&resize=1200%2C630&ssl=1&quality=86&strip=all", "keywords": [], "authors": ["Joyce Chen"], "canonical_link": "https://www.usmagazine.com/celebrity-news/news/madonna-faced-uncomfortable-questions-over-malawi-adoption-w465912/", "title": "Madonna Faced \u2018Uncomfortable Questions\u2019 Over Malawi Adoption", "meta_data": {"viewport": "width=device-width, initial-scale=1", "ir-site-verification-token": "-206090124", "fo-verify": "49e6fc6a-c68d-447f-9978-70e3eac455ac", "theme-color": "#fff", "description": "Madonna was hit with a series of \u2018uncomfortable questions\u2019 from the judge before she was granted permission to adopt her 4-year-old twin girls from Malawi, a court judge said on Wednesday, February 8 \u2014 read more", "robots": "index, follow, max-snippet:-1, max-image-preview:large, max-video-preview:-1", "og": {"locale": "en_US", "type": "article", "title": "Madonna Faced \u2018Uncomfortable Questions\u2019 Over Malawi Adoption", "description": "Madonna was hit with a series of \u2018uncomfortable questions\u2019 from the judge before she was granted permission to adopt her 4-year-old twin girls from Malawi, a court judge said on Wednesday, February 8 \u2014 read more", "url": "https://www.usmagazine.com/celebrity-news/news/madonna-faced-uncomfortable-questions-over-malawi-adoption-w465912/", "site_name": "Us Weekly", "updated_time": "2018-02-08T22:44:54+00:00", "image": {"identifier": "https://i0.wp.com/www.usmagazine.com/wp-content/uploads/628755396_madonna-zoom-249d0d2a-e314-43d5-9a95-126e0e7af90f.jpg?crop=0px%2C26px%2C1517px%2C796px&resize=1200%2C630&ssl=1&quality=86&strip=all", "secure_url": "https://i0.wp.com/www.usmagazine.com/wp-content/uploads/628755396_madonna-zoom-249d0d2a-e314-43d5-9a95-126e0e7af90f.jpg?crop=0px%2C26px%2C1517px%2C796px&resize=1200%2C630&ssl=1&quality=86&strip=all", "width": 1200, "height": 630}}, "article": {"publisher": "https://www.facebook.com/UsWeekly", "published_time": "2017-02-08T22:20:00+00:00", "modified_time": "2018-02-08T22:44:54+00:00"}, "fb": {"app_id": 1785612128341436}, "twitter": {"card": "summary_large_image", "title": "Madonna Faced \u2018Uncomfortable Questions\u2019 Over Malawi Adoption", "description": "Madonna was hit with a series of \u2018uncomfortable questions\u2019 from the judge before she was granted permission to adopt her 4-year-old twin girls from Malawi, a court judge said on Wednesday, February 8 \u2014 read more", "image": "https://i0.wp.com/www.usmagazine.com/wp-content/uploads/628755396_madonna-zoom-249d0d2a-e314-43d5-9a95-126e0e7af90f.jpg?crop=0px%2C26px%2C1517px%2C796px&resize=1200%2C630&ssl=1&quality=86&strip=all", "creator": "@usweekly", "site": "@usweekly"}, "tragedy": "off", "generator": "WordPress 5.5.2", "msapplication-TileImage": "https://www.usmagazine.com/wp-content/uploads/2020/05/cropped-us-logo.png?w=270&quality=86&strip=all"}, "movies": [], "publish_date": 1486592400.0, "source": "http://www.usmagazine.com", "summary": ""}