{"url": "https://www.famousfix.com/topic/josh-henderson/news", "text": "Pierson Fode and Josh Henderson are just two of the hot guys who stepped out at the 2017 Monte Carlo TV Festival this weekend. They attended photo calls in style on Sunday (June 18) in Monte-Carlo, Monaco. Also in attendance was Josh\u2018s The Arra ...", "images": ["https://img6.bdbphotos.com/images/orig/o/v/ov1rc9pn6b80p961.jpg?skj2io4l", "https://img6.bdbphotos.com/images/orig/t/b/tbui41kjtllslts1.jpg?skj2io4l", "https://img3.bdbphotos.com/images/80x80/6/b/6b5cn5zfce4ofe.jpg?skj2io4l", "https://img3.bdbphotos.com/images/80x80/9/u/9uoqzqnbkmgyynk.jpg?skj2io4l", "https://img3.bdbphotos.com/images/80x80/k/5/k5w7nqok9cjm97jq.jpg?skj2io4l", "https://img5.bdbphotos.com/images/orig/k/4/k49ztouh7let94te.jpg?skj2io4l", "https://img2.bdbphotos.com/images/orig/5/w/5w5g13qwd878g538.jpg?skj2io4l", "http://img4.bdbphotos.com/images/50x50/f/3/f3epsytf3rjurtuy.jpg?skj2io4l", "https://img4.bdbphotos.com/images/50x50/o/j/oj7da1ws1wacjadw.jpg?skj2io4l", "https://img6.bdbphotos.com/images/orig/n/p/npzo52x66q10n0z6.jpg?skj2io4l", "https://img4.bdbphotos.com/images/50x50/9/i/9izdhak6ib9w96k.jpg?skj2io4l", "http://img4.bdbphotos.com/images/50x50/d/9/d9gwbk3z0fh3zbfw.jpg?skj2io4l", "https://pixel.quantserve.com/pixel/p-903bQOpJXvFzg.gif", "http://img4.bdbphotos.com/images/50x50/o/u/ougm1yuins6uygiu.jpg?skj2io4l", "https://img2.bdbphotos.com/images/orig/u/m/umutf292aggwuwua.jpg?skj2io4l", "https://img4.bdbphotos.com/images/50x50/e/j/ejdcomekzkylkelm.jpg?skj2io4l", "https://img5.bdbphotos.com/images/orig/p/v/pvxp9ugnknippin.jpg?skj2io4l", "https://img3.bdbphotos.com/images/80x80/j/d/jdnnxrqr1vifnirj.jpg?skj2io4l", "http://img4.bdbphotos.com/images/50x50/d/d/ddj4fwgj0c3zwjjd.jpg?skj2io4l", "https://img5.bdbphotos.com/images/orig/f/d/fd0r5i1grx3ll3g.jpg?skj2io4l", "https://img5.bdbphotos.com/images/orig/f/u/fuerzmt49vk5zrtf.jpg?skj2io4l", "https://img6.bdbphotos.com/images/orig/t/b/tbisoj8xp9pb8jpi.jpg?skj2io4l", "http://img4.bdbphotos.com/images/50x50/d/p/dp20l1obnxi3blx0.jpg?skj2io4l", "https://img3.bdbphotos.com/images/80x80/c/9/c9w0tv1unqofqtf1.jpg?skj2io4l", "https://img6.bdbphotos.com/images/orig/q/2/q2esvjnab1wujva2.jpg?skj2io4l", "https://img5.bdbphotos.com/images/orig/f/l/flmabbca8e3wacea.jpg?skj2io4l", "https://img3.bdbphotos.com/images/80x80/8/z/8zib0idhg94chi90.jpg?skj2io4l", "https://img4.bdbphotos.com/images/50x50/z/2/z2lku1d6zh5yu2dz.jpg?skj2io4l", "https://img2.bdbphotos.com/images/orig/l/0/l0nbxrwphmjhxbwl.jpg?skj2io4l", "https://img3.bdbphotos.com/images/80x80/i/p/ip8ixh21nz6q6h1.jpg?skj2io4l", "https://img4.bdbphotos.com/images/50x50/o/8/o8uj05laikq6i5q0.jpg?skj2io4l", "https://img1.bdbphotos.com/images/orig/0/9/09t04kpuaih6ia6k.jpg?skj2io4l", "https://img2.bdbphotos.com/images/orig/e/y/ey32mknuthqwnkt3.jpg?skj2io4l", "https://img2.bdbphotos.com/images/orig/9/1/91rx4v7qzqblxrvl.jpg?skj2io4l", "https://static.famousfix.com/img/logos/famousfix_logo_search.png", "https://img3.bdbphotos.com/images/80x80/0/z/0zw7czo67ti76wtc.jpg?skj2io4l", "https://img6.bdbphotos.com/images/orig/t/z/tzcn6xlyhephhpy.jpg?skj2io4l", "https://img3.bdbphotos.com/images/130x130/e/j/ejdcomekzkylcke.jpg?skj2io4l", "https://img4.bdbphotos.com/images/50x50/9/9/99yoqnxe089anye9.jpg?skj2io4l", "https://img6.bdbphotos.com/images/orig/n/7/n73kfbfpglv7bfp7.jpg?skj2io4l", "https://img3.bdbphotos.com/images/80x80/o/2/o2d16j8ltf3w6w82.jpg?skj2io4l", "https://img4.bdbphotos.com/images/50x50/b/z/bz0cdt9vxp53cbt3.jpg?skj2io4l"], "top_img": "https://img3.bdbphotos.com/images/130x130/e/j/ejdcomekzkylcke.jpg?skj2io4l", "keywords": [], "authors": [], "canonical_link": "https://www.famousfix.com/topic/josh-henderson/news", "title": "Josh Henderson News and Gossip", "meta_data": {"title": "Josh Henderson News and Gossip - Latest Stories - FamousFix", "description": "Josh Henderson news stories posted by our user community.", "og": {"title": "Josh Henderson News and Gossip - Latest Stories - FamousFix", "url": "https://www.famousfix.com/topic/josh-henderson/news", "site_name": "FamousFix.com", "type": "profile", "image": "//img3.bdbphotos.com/images/130x130/e/j/ejdcomekzkylcke.jpg?skj2io4l"}, "fb": {"app_id": 136043229790810}}, "movies": [], "publish_date": null, "source": "https://www.famousfix.com", "summary": ""}