{"url": "metro.co.uk/2018/03/19/justin-bieber-moves-mystery-blonde-selena-gomez-break-7398438/", "text": "Justin Bieber \u2018moves on with mystery blonde\u2019 (Picture: Backgrid)\n\nJustin Bieber appears to have moved on from rumours that he has split from Selena Gomez, looking pretty pleased with himself on a night out.\n\nWell, that\u2019s judging by these pictures of him enjoying the company of a \u2018mystery blonde\u2019 on 16 March.\n\nThe 24-year-old singer and Selena have a pretty on and off relationship over the past years and now Jelena fans are worried that they are over for good as Justin was \u2018caught\u2019 with the woman and a group of pals.\n\nJustin is rumoured to have split from Selena (Picture: Backgrid)\n\nThe pair were seen laughing and smiling in a car after a night out with a group of friends.\n\nAdvertisement\n\nAdvertisement\n\nNow a source close to Selena\u2019s family have explained to Us Weekly: \u2018Selena and Justin decided to take a break mainly because of Selena\u2019s mom and her disapproval of Justin.\n\n\u2018Justin\u2019s family loves Selena, but Selena\u2019s family has put her in a very conflicting spot because they still don\u2019t trust Justin. Selena has tried to convince her family that Justin has changed but her family just isn\u2019t budging right now.\u2019\n\nJustin looked in high spirits (Picture: Backgrid)\n\nOf course, nothing has been heard from the horse\u2019s mouth but Biebs and the 25-year-old singer have not been pictured together for some time now adding fuel to the break-up rumours \u2013 and now these images of Justin looking comfy with another woman have pretty much started a blaze of speculation.\n\nHowever, a source later told People magazine this could not be further from the truth.\n\n\u2018They\u2019re not on a break because of her relationship with her mum,\u2019 they explained. \u2018They have their own issues and are always on and off.\u2019\n\nJustin Bieber and Selena Gomez recently reunited (Picture: WireImage)\n\n\u2018She wouldn\u2019t base her relationship off of what her mum thinks,\u2019 they added.\n\nWell \u2013 it\u2019s good to see Justin in high spirits as he was pictured looking pretty emotional last week when he was out and about with dad, Jeremy.\n\nAt one point, the emotional star could be seen covering his face with his hands \u2013 in a possible bid to hide his tears \u2013 while waiting in the car for his dad.\n\nGot a showbiz story? If you've got a celebrity story, video or pictures get in touch with the Metro.co.uk entertainment team by emailing us celebtips@metro.co.uk, calling 020 3615 2145 or by visiting our Submit Stuff page - we'd love to hear from you.\n\nMORE : Selena Gomez \u2018suffered from depression\u2019 after life-saving kidney transplant", "images": ["https://d17fy28x8ov4h8.cloudfront.net/190x/images/v/virgin-media_9.png", "https://i2.wp.com/metro.co.uk/wp-content/uploads/2018/03/sec_37816331.jpg?quality=90&strip=all&w=1200&h=630&crop=1&zoom=1&ssl=1", "https://d17fy28x8ov4h8.cloudfront.net/190x/images/w/Wickes-Logo_9.png", "https://i1.wp.com/metro.co.uk/wp-content/uploads/2018/03/sec_3781633.jpg?quality=90&strip=all&zoom=1&resize=644%2C338&ssl=1", "https://d3tsytm1wtjqo2.cloudfront.net/images/media/72/n/nord_logo_square_1x_9.png", "https://metro.co.uk/wp-content/themes/metro-parent/img/fallback.png", "https://d17fy28x8ov4h8.cloudfront.net/190x/images/j/JL_Brandlines_Logo_Micro_Use_Blk_RGB-100px_9.png", "https://d3tsytm1wtjqo2.cloudfront.net/180x/images/c/currys_9.png", "https://sb.scorecardresearch.com/p?c1=2&c2=6034964&cv=2.0&cj=1"], "top_img": "https://i2.wp.com/metro.co.uk/wp-content/uploads/2018/03/sec_37816331.jpg?quality=90&strip=all&w=1200&h=630&crop=1&zoom=1&ssl=1", "keywords": [], "authors": ["Tobi Akingbade"], "canonical_link": "https://metro.co.uk/2018/03/19/justin-bieber-moves-mystery-blonde-selena-gomez-break-7398438/", "title": "Justin Bieber 'caught with mystery blonde' amid Selena Gomez 'break-up'", "meta_data": {"viewport": "width=device-width, initial-scale=1, minimum-scale=1, maximum-scale=1", "HandheldFriendly": "True", "MobileOptimized": 320, "format-detection": "telephone=no", "robots": "max-image-preview:large", "google-site-verification": "NRfCb8mBNAy5_f17NpvLZYoY38EzM2dgpcOh_Am9yps", "twitter": {"widgets": {"csp": "on"}, "image": {"src": "https://metro.co.uk/wp-content/uploads/2018/03/sec_3781633.jpg?quality=90&strip=all&crop=0px%2C0px%2C1200px%2C630px&resize=1200%2C630"}, "title": "Justin Bieber 'caught with mystery blonde' amid Selena Gomez 'break-up'", "description": "Jelena are 'on a break.'", "card": "summary_large_image", "site": "@MetroUK", "account_id": 138749160}, "ir-site-verification-token": 422605026, "description": "Justin Bieber appears to have moved on from rumours that he has split from Selena Gomez, looking pretty pleased with himself on a night out.", "news_keywords": "Justin Bieber, Justin Bieber birthday, jelena, justin bieber break up, selena gomez break up, Justin Bieber age, Justin Bieber instagram, Justin Bieber twitter, Justin Bieber selana gomes, selena gomez,", "msvalidate.01": "11110DC8D42E74E13F24B3A18E7CFB8A", "pocket-site-verification": "8aec208948f7b2f9092ac4ce91dac7", "generator": "WordPress 5.5.2", "fb": {"pages": 117118184990145, "app_id": 176908729004638}, "ia": {"markup_url": "https://metro.co.uk/2018/03/19/justin-bieber-moves-mystery-blonde-selena-gomez-break-7398438/?ia_markup=1"}, "theme-color": "#000000", "apple-mobile-web-app-title": "Metro", "sailthru.date": "2018-03-19 11:33:00", "sailthru.title": "Justin Bieber \u2018moves on with mystery blonde\u2019 after Selena Gomez \u2018break-up\u2019", "sailthru.tags": "justin bieber, selena gomez", "sailthru.description": "Jelena are 'on a break.'", "sailthru.image.full": "https://metro.co.uk/wp-content/uploads/2018/03/sec_3781633.jpg?quality=90&strip=all&crop=0px%2C0px%2C579px%2C579px&resize=150%2C150", "sailthru.image.thumb": "https://metro.co.uk/wp-content/uploads/2018/03/sec_3781633.jpg?quality=90&strip=all&crop=0px%2C0px%2C579px%2C579px&resize=150%2C150&w=50", "og": {"locale": "en_GB", "title": "Justin Bieber 'caught with mystery blonde' amid Selena Gomez 'break-up'", "type": "article", "url": "https://metro.co.uk/2018/03/19/justin-bieber-moves-mystery-blonde-selena-gomez-break-7398438/", "description": "Jelena are 'on a break.'", "site_name": "Metro", "image": {"identifier": "https://i2.wp.com/metro.co.uk/wp-content/uploads/2018/03/sec_37816331.jpg?quality=90&strip=all&w=1200&h=630&crop=1&zoom=1&ssl=1", "secure_url": "https://i2.wp.com/metro.co.uk/wp-content/uploads/2018/03/sec_37816331.jpg?quality=90&strip=all&w=1200&h=630&crop=1&zoom=1&ssl=1", "width": 1200, "height": 630}}, "article": {"publisher": "https://www.facebook.com/MetroUK", "section": "Entertainment", "tag": "Selena Gomez", "published_time": "2018-03-19T11:33:00+0000", "modified_time": "2019-12-12T15:56:46+0000"}, "msapplication-TileImage": "https://metro.co.uk/wp-content/uploads/2020/03/cropped-m-icon-black-9693.png?w=270"}, "movies": [], "publish_date": 1521414000.0, "source": "http://metro.co.uk", "summary": ""}