{"url": "www.firstpost.com/entertainment/jennifer-aniston-doesnt-need-your-consolation-advice-or-brad-pitt-to-validate-her-existence-4354289.html", "text": "Suggesting that Jennifer Aniston can only be happy if she's with a man, married or in a relationship is not only a perfect example of everyday sexism, it is also shortsighted.\n\n\"I just want Jen to be happy *bursts into tears*\"\n\n\"But she's Rachael!! She has to find love!!\"\n\n\"I keep wondering when that girl will find love\"\n\n\"If Jennifer Aniston can't find love, what chance do the rest of us have at happiness!\"\n\nAs a journalist covering films and entertainment, these are first few thoughts I chanced upon/overheard about the world's highest paid Girl Next Door, Jennifer Aniston. News of her divorce with (now-ex) husband Justin Theroux made headlines on 16 February, and it's all anyone can talk/opine about.\n\nAs is common with news of this nature (by which I mean one that dominates pop culture), what followed next were memes about Brad Pitt and Jennifer Aniston now being single (hey, have we forgotten Angie is single too?).\n\nBrad Pitt about to drive by Jennifer's house like...#JenniferAniston pic.twitter.com/TRNL9LQaq7 \u2014 Jackie (@Jackieannroth) February 15, 2018\n\ntell jennifer aniston i\u2019m single \u2014 aidan (@aidan) February 16, 2018\n\nJennifer Aniston: single \u2714\ufe0f\n\nBrad Pitt: single \u2714\ufe0f pic.twitter.com/glMAiNSQXz \u2014 coloradain\u00fatil (@soyluluuu) February 16, 2018\n\nSomewhere, Jennifer Aniston is crafting her \"Hey, let's grab coffee and catch up\" text to Brad Pitt. https://t.co/pXLGo7O4Mp \u2014 Madeline Hill (@mad_hill) February 15, 2018\n\nIf Brad Pitt and Jennifer Aniston reunite. This will be me... pic.twitter.com/JflsgV9K9u \u2014 Nina Diana (@ninadonline) February 15, 2018\n\nBrad Pitt turning up at Jennifer Aniston's place like pic.twitter.com/u4uGJ57NoO \u2014 Daniel (@Daniel_Reilly1) February 15, 2018\n\nMe: *reading about Jennifer Aniston & Justin Theroux split* awww that sucks\n\nAlso me: planning Jennifer Aniston & Brad Pitt's second wedding \u2014 Ally Reid (@ashallann) February 16, 2018\n\nMy reaction to Jennifer Aniston separation news\ud83d\ude2dbut realized both her and Brad Pitt are single\ud83d\ude0a pic.twitter.com/RJj9UWxgxg \u2014 Hani Lee (@HaniLee1) February 15, 2018\n\nNow who doesn't like a bunch of funny memes? But humour notwithstanding, there are several issues with our response to Aniston's breakup.\n\nFirst of all, it's a break up. Need I remind any of you what it feels like to end ties with someone who was your partner for over five years (married for 2, together for 7)? It feels like the pits. The last thing you want to do is scroll through twitter and find your face attached to way too many memes about getting back together with a man that left you for another woman. Pretty sure Jennifer, right now, is thinking \"thanks but no thanks\".\n\nWe are so obssessed with happy-endings and romance that practicality, self-happiness seem to matter very little.\n\nHas it occurred to noone that maybe, just maybe, Jennifer Aniston wants to be alone? That after a whirlwind of two marriages and much heartbreak, maybe it would better for her to be by herself? Would that be too bad? Why is it so hard for us to imagine Jennifer Aniston being alone? Or single? Does being single automatically mean someone is not happy?\n\nRemember, the statement that those two gave out with the news of their divorce was this: \"This decision was mutual and lovingly made at the end of last year. We are two best friends who have decided to part ways as a couple, but look forward to continuing our cherished friendship.\"\n\nDoesn't sound any bit the heartbreak to me. If anything, Jennifer Aniston is probably happier being by herself and away from the world's baggage involving her love life. Besides, I'd like to see people trying so hard to couple up the single male actors in Hollywood.\n\nSuggesting that Jennifer Aniston can only be happy if she's with a man, married or in a relationship is not only a perfect example of everyday sexism, it is also shortsighted.\n\nBesides, in my humble opinion, Aniston is way beyond Brad Pitt's league. If she *had* to get together with someone in the near future, I sincerely hope it is with someone new.\n\nLeo DiCaprio, single at 43: wow, LAD what a legend. Jennifer Aniston, single at 49: what\u2019s wrong with her? Why can\u2019t she find love? Why can\u2019t she hang on to a man?#everydaysexism \u2014 Kelly Jackson (@Kelly_Jackson88) February 16, 2018", "images": ["http://www.firstpost.com/wp-content/uploads/2018/02/jennifer-aniston-getty-825x580.jpg", "https://www.firstpost.com/static/images/fp-logo.png", "http://www.firstpost.com/static/images/FT_plus_icon.png", "http://www.firstpost.com/static/images/FT_times.png", "http://www.firstpost.com/static/images/MC_Pro_Logo.png", "https://images.firstpost.com/wp-content/uploads/2018/02/jennifer-aniston-getty-825x580.jpg", "https://www.firstpost.com/static/images/fp-desk-logo.png", "https://www.firstpost.com/static/images/fplogo_placeholder_120x120.jpg", "https://www.firstpost.com/static/images/fplogo_placeholder_640x362.jpg"], "top_img": "https://images.firstpost.com/wp-content/uploads/2018/02/jennifer-aniston-getty-825x580.jpg", "keywords": [], "authors": ["Updated Date"], "canonical_link": "http://www.firstpost.com/entertainment/jennifer-aniston-doesnt-need-your-consolation-advice-or-brad-pitt-to-validate-her-existence-4354289.html", "title": "Jennifer Aniston doesn't need your consolation, advice or Brad Pitt to validate her existence", "meta_data": {"viewport": "width=device-width, initial-scale=1.0, maximum-scale=1.0, user-scalable=no", "HandheldFriendly": "true", "description": "Suggesting that Jennifer Aniston can only be happy if she's with a man, married or in a relationship is not only a perfect example of everyday sexism, it is also shortsighted.", "news_keywords": "Angelina Jolie,Brad Pitt,Hollywood,InMyOpinion,Jennifer Aniston,Justin Theorux", "Keywords": "Angelina Jolie,Brad Pitt,Hollywood,InMyOpinion,Jennifer Aniston,Justin Theorux", "og": {"title": "Jennifer Aniston doesn't need your consolation, advice or Brad Pitt to validate her existence - Entertainment News , Firstpost", "description": "Suggesting that Jennifer Aniston can only be happy if she's with a man, married or in a relationship is not only a perfect example of everyday sexism, it is also shortsighted.", "locale": "en_US", "site_name": "Firstpost", "type": "article", "image": "https://images.firstpost.com/wp-content/uploads/2018/02/jennifer-aniston-getty-825x580.jpg", "url": "https://www.firstpost.com/entertainment/jennifer-aniston-doesnt-need-your-consolation-advice-or-brad-pitt-to-validate-her-existence-4354289.html", "updated_time": "2018-02-16T17:17:54+05:30"}, "fb": {"app_id": 1162386820478832, "admins": 500851548, "pages": 165818073477856}, "twitter": {"title": "Jennifer Aniston doesn't need your consolation, advice or Brad Pitt to validate her existence - Entertainment News , Firstpost", "description": "Suggesting that Jennifer Aniston can only be happy if she's with a man, married or in a relationship is not only a perfect example of everyday sexism, it is also shortsighted.", "card": "summary_large_image", "account_id": 4503599627804328, "image": {"src": "https://images.firstpost.com/wp-content/uploads/2018/02/jennifer-aniston-getty-825x580.jpg"}, "widgets": {"csp": "on"}, "domain": "Firstpost", "site": "@firstpost", "url": "https://www.firstpost.com/entertainment/jennifer-aniston-doesnt-need-your-consolation-advice-or-brad-pitt-to-validate-her-existence-4354289.html"}, "article": {"tag": "Justin Theorux", "section": "Entertainment", "published_time": "2018-02-16T17:15:48+05:30", "modified_time": "2018-02-16T17:17:54+05:30"}}, "movies": [], "publish_date": 1518781548.0, "source": "http://www.firstpost.com", "summary": ""}