{"url": "https://people.com/tv/kim-kardashian-west-breaks-down-tears-receives-call-kanye-west-worried-friend-hospitalization-kuwtk/", "text": "At the end of November, West was hospitalized for exhaustion and sleep deprivation\n\nKim Kardashian Breaks Down in Tears When She Receives a Call from Kanye West's Worried Friend Ahead of His Hospitalization\n\nKim Kardashian West is breaking down.\n\nIn a new E! clip from Sunday\u2019s upcoming episode of Keeping Up with the Kardashians, the reality star receives a phone call from Kanye West\u2018s worried friend prior to him being hospitalized.\n\nGet push notifications with news, features and more.\n\n\u201cWhy, what\u2019s going on?\u201d Kim, 36, says in the clip before she breaks down and bursts into tears. \u201cWhat\u2019s wrong?\u201d\n\n\u201cDon\u2019t scare me, please. What\u2019s going on?\u201d she pleads with the rapper\u2019s friend.\n\nAs the mother of two attempts to comprehend what is happening with her husband, who is on the west coast, her mother, Kris Jenner, and sister, Kourtney Kardashian, sit nearby and remain calm.\n\n\u201cLike, I can\u2019t,\u201d the Kimoji creator says to West\u2019s friend as she wipes away tears from her eyes.\n\n\u201cHe is exhausted and currently dealing with sleep deprivation,\u201d a source told PEOPLE. \u201cHe went to the hospital at will under the advice of his physician. He\u2019s fine.\u201d He was discharged from UCLA Medical Center on Nov. 30, where he had been under heavy medical supervision since being admitted on Nov. 21.\n\n\u201cI get a call from one of Kanye\u2019s friends and my heart drops,\u201d Kim explains in the clip. \u201cThey\u2019re not telling me anything and I am so scared and I don\u2019t know what to do.\u201d\n\nFROM COINAGE: Jay-Z & Beyonce: All the Ways J and Bey Get Paid\n\nAt the time of the phone call, Kim was scheduled to attend the Angel Ball in New York City, but did not attend. It would have marked her first public appearance since she was held at gunpoint and robbed of millions of dollars worth of jewelry in Paris in early October. Following news of his hospitalization, she was spotted flying out of New York to head back to Los Angeles.\n\n\u201cHe\u2019s like crying on the phone to me and he just like wouldn\u2019t say what\u2019s wrong,\u201d Kim explains to her mother and sister. \u201cI\u2019m like \u2018Tell me what\u2019s wrong.\u2019 \u201d\n\n\u201cI just don\u2019t know what to do,\u201d she admits.", "images": ["https://imagesvc.meredithcorp.io/v3/mm/image?url=https%3A%2F%2Fstatic.onecms.io%2Fwp-content%2Fuploads%2Fsites%2F20%2F2020%2F11%2F12%2Fthanksgiving-covid-150x150.jpg", "https://imagesvc.meredithcorp.io/v3/mm/image?url=https%3A%2F%2Fstatic.onecms.io%2Fwp-content%2Fuploads%2Fsites%2F20%2F2016%2F05%2F06%2Fprincess-diana-21.jpg", "https://imagesvc.meredithcorp.io/v3/mm/image?url=https%3A%2F%2Fstatic.onecms.io%2Fwp-content%2Fuploads%2Fsites%2F20%2F2020%2F07%2F23%2Ftout.jpg", "https://peopledotcom.files.wordpress.com/2018/09/thumbnail_generic.png", "data:image/svg+xml,%3Csvg%20xmlns='http://www.w3.org/2000/svg'%20viewBox='0%200%20100%20100'%3E%3C/svg%3E", "https://imagesvc.meredithcorp.io/v3/mm/image?url=https%3A%2F%2Fstatic.onecms.io%2Fwp-content%2Fuploads%2Fsites%2F20%2F2020%2F08%2F04%2Fcoyote-ugly-2000.jpg", "https://imagesvc.meredithcorp.io/v3/mm/image?url=https%3A%2F%2Fstatic.onecms.io%2Fwp-content%2Fuploads%2Fsites%2F20%2F2020%2F07%2F19%2Ftiaras-2.jpg", "https://imagesvc.meredithcorp.io/v3/mm/image?url=https%3A%2F%2Fstatic.onecms.io%2Fwp-content%2Fuploads%2Fsites%2F20%2F2020%2F11%2F12%2Fcat-phone.jpg", "https://imagesvc.meredithcorp.io/v3/mm/image?q=85&c=sc&poi=face&w=2000&h=1047&url=https%3A%2F%2Fstatic.onecms.io%2Fwp-content%2Fuploads%2Fsites%2F20%2F2017%2F04%2Fkim-kardashian-2000.jpg"], "top_img": "https://imagesvc.meredithcorp.io/v3/mm/image?q=85&c=sc&poi=face&w=2000&h=1047&url=https%3A%2F%2Fstatic.onecms.io%2Fwp-content%2Fuploads%2Fsites%2F20%2F2017%2F04%2Fkim-kardashian-2000.jpg", "keywords": [], "authors": ["Natalie Stone"], "canonical_link": "https://people.com/tv/kim-kardashian-west-breaks-down-tears-receives-call-kanye-west-worried-friend-hospitalization-kuwtk/", "title": "Kim Kardashian West Cries When She Gets Call from Kanye West's Worried Friend", "meta_data": {"viewport": "width=device-width, initial-scale=1", "keywords": "Kanye West,Keeping Up with the Kardashians,Kim Kardashian,News,TV", "news_keywords": "Kanye West,Keeping Up with the Kardashians,Kim Kardashian,News,TV", "description": "At the end of November, West was hospitalized for exhaustion and sleep deprivation", "og": {"title": "Kim Kardashian West Cries When She Gets Call from Kanye West's Worried Friend", "type": "article", "site_name": "PEOPLE.com", "url": "https://people.com/tv/kim-kardashian-west-breaks-down-tears-receives-call-kanye-west-worried-friend-hospitalization-kuwtk/", "description": "At the end of November, West was hospitalized for exhaustion and sleep deprivation", "image": {"identifier": "https://imagesvc.meredithcorp.io/v3/mm/image?q=85&c=sc&poi=face&w=2000&h=1047&url=https%3A%2F%2Fstatic.onecms.io%2Fwp-content%2Fuploads%2Fsites%2F20%2F2017%2F04%2Fkim-kardashian-2000.jpg", "width": 2000, "height": 1047}}, "pinterest": {"url": "https://people.com/tv/kim-kardashian-west-breaks-down-tears-receives-call-kanye-west-worried-friend-hospitalization-kuwtk/", "description": "At the end of November, West was hospitalized for exhaustion and sleep deprivation", "media": "https://imagesvc.meredithcorp.io/v3/mm/image?url=https%3A%2F%2Fstatic.onecms.io%2Fwp-content%2Fuploads%2Fsites%2F20%2F2017%2F04%2Fkim-kardashian-2000.jpg"}, "twitter": {"card": "summary_large_image", "url": "https://people.com/tv/kim-kardashian-west-breaks-down-tears-receives-call-kanye-west-worried-friend-hospitalization-kuwtk/", "title": "Kim Kardashian West Cries When She Gets Call from Kanye West's Worried Friend", "description": "At the end of November, West was hospitalized for exhaustion and sleep deprivation", "site": "@people", "image": "https://imagesvc.meredithcorp.io/v3/mm/image?q=85&c=sc&poi=face&w=2000&h=1047&url=https%3A%2F%2Fstatic.onecms.io%2Fwp-content%2Fuploads%2Fsites%2F20%2F2017%2F04%2Fkim-kardashian-2000.jpg"}, "robots": "max-image-preview:large", "fb": {"app_id": 610948219662029, "pages": 95926963131}, "article": {"opinion": "false"}, "p": {"domain_verify": "755183be01bfc739a9cac6673f1f2c1b"}}, "movies": [], "publish_date": null, "source": "https://people.com", "summary": ""}