{"url": "https://tvline.com/2017/04/06/american-horror-story-cast-billie-lourd-season-7-election/", "text": "Another Ryan Murphy alum has joined the American Horror Story repertory company.\n\nScream Queens\u2018 Billie Lourd will star in the upcoming Season 7 of FX\u2019s horror anthology, our sister site Deadline is reporting. As is typical with all things AHS, Lourd\u2019s role is not being revealed at this point. But we do know next season will be set in the aftermath of the 2016 presidential election, with the premiere taking place on Election Night. (And hey, she would make a pretty good Ivanka Trump, wouldn\u2019t she?)\n\nLourd has played the earmuff-clad Chanel #3 on Murphy\u2019s Fox horror-comedy Scream Queens for the past two seasons; that role was actually her on-screen debut. After two low-rated seasons, though, Queens looks headed for cancellation. (A Season 3 renewal is currently \u201ca long-shot,\u201d according to TVLine\u2019s Renewal Scorecard.) Lourd also has a role as Lieutenant Connix in the current Star Wars sequels; her mother was the late Carrie Fisher.\n\nAHS veterans Sarah Paulson and Evan Peters have already signed on to join the cast of Season 7, slated to debut this fall \u2014 along with series newcomer Billy Eichner.", "images": ["https://www.indiewire.com/wp-content/uploads/2020/11/Screen-Shot-2020-11-25-at-1.26.09-PM.png?w=180&crop=1", "https://tvline.com/wp-content/uploads/2017/04/billie-lourd-cast-american-horror-story-season-7.jpg?w=620&h=440&crop=1", "https://spy.com/wp-content/uploads/2020/11/yours.jpg?w=180&crop=1", "https://tvline.com/wp-content/uploads/2019/01/2021-scorecard-featured.jpg?w=280", "https://pixel.quantserve.com/pixel?a.1=p-60R-umvc0T-Cw&a.2=p-31f3D02tYU8zY", "https://tvline.com/wp-content/uploads/2020/11/saved-by-the-bell-season-1-episode-8-slater-jessie-zack-kelly.jpg?w=620", "https://deadline.com/wp-content/uploads/2020/11/trebek.jpg?w=180&crop=1", "https://tvline.com/wp-content/uploads/2020/11/mandalorian-baby-yoda.jpg?w=620", "https://tvline.com/wp-content/uploads/2017/04/billie-lourd-cast-american-horror-story-season-7.jpg?w=1024", "https://tvline.com/wp-content/themes/pmc-tvline-2014/library/images/follow_us_on_facebook_graphic.png", "https://variety.com/wp-content/uploads/2020/11/ingrid-arrivals-JS-DSC08255-e1606420623516.jpg?w=180&crop=1", "https://www.sportico.com/wp-content/uploads/2020/11/AP_20019802610845-e1606416521374.jpg?w=180&crop=1", "https://tvline.com/wp-content/uploads/2020/11/joss-whedon-leaving-the-nevers-hbo.jpg?w=1024", "https://sb.scorecardresearch.com/p?c1=2&c2=6035310&c3=&c4=&c5=&c6=&c15=&cv=2.0&cj=1", "https://tvline.com/wp-content/uploads/2020/11/supernatural-misha-collins.jpg?w=620", "https://secure-us.imrworldwide.com/cgi-bin/m?ci=us-203220h&cg=0&cc=1&ts=noscript", "https://tvline.com/wp-content/uploads/2020/11/the-amazing-race-season-32-episode-9-hung-chee.jpg?w=620"], "top_img": "https://tvline.com/wp-content/uploads/2017/04/billie-lourd-cast-american-horror-story-season-7.jpg?w=1024", "keywords": [], "authors": ["Dave Nemetz"], "canonical_link": "https://tvline.com/2017/04/06/american-horror-story-cast-billie-lourd-season-7-election/", "title": "\u2018American Horror Story\u2019: Billie Lourd to Star in Season 7 on FX", "meta_data": {"HandheldFriendly": "True", "MobileOptimized": 320, "viewport": "width=device-width, initial-scale=1.0 maximum-scale=1, user-scalable=no", "p": {"domain_verify": "9ad238c78ee34da2d6d96a41981790d2"}, "description": "\"Scream Queens\" star Billie Lourd has nabbed a leading role in the election-themed Season 7 of FX's \"American Horror Story.\"", "news_keywords": "American Horror Story, Billie Lourd, FX", "apple-itunes-app": "app-id=1377345661", "generator": "WordPress 5.5.2", "author": "Dave Nemetz", "theme-color": "#fff", "apple-mobile-web-app-capable": "yes", "mobile-web-app-capable": "yes", "apple-touch-fullscreen": "YES", "apple-mobile-web-app-title": "TVLine", "application-name": "TVLine", "robots": "max-image-preview:large", "content_type": "Article", "post_id": 816101, "title": "<i>American Horror Story</i>: Billie Lourd to Star in Election-Themed Season 7", "published_at": "2017-04-06 16:06:11", "image": "https://tvline.com/wp-content/uploads/2017/04/billie-lourd-cast-american-horror-story-season-7.jpg?w=300&h=208&crop=1", "comment_count": 7, "tags": "FX", "topics": "Casting News", "body": "Another Ryan Murphy alum has joined the American Horror Story repertory company.\r\n\r\nScream Queens' Billie Lourd will star in the upcoming Season 7 of FX's horror anthology, our sister site Deadline is reporting. As is typical with all things AHS, Lourd's role is not being revealed\u00a0at this point. But we do know next season will be set in the aftermath of the 2016 presidential election, with the premiere taking place on Election Night. (And hey, she would make a pretty good\u00a0Ivanka Trump, wouldn't she?)\r\n\r\n\r\n\r\nLourd has played the earmuff-clad Chanel #3 on Murphy's Fox horror-comedy Scream Queens\u00a0for the past two seasons; that role was actually her on-screen debut. After two low-rated seasons, though, Queens looks headed for cancellation. (A Season 3 renewal is currently \"a long-shot,\" according to TVLine's Renewal Scorecard.) Lourd also has a role as Lieutenant Connix\u00a0in the current Star Wars sequels; her mother was the late Carrie Fisher.\r\n\r\nAHS\u00a0veterans Sarah Paulson and Evan Peters have already signed on to join the cast of Season 7, slated to debut this fall \u2014 along with series newcomer Billy Eichner.", "fb": {"pages": 187516444593639, "page_id": 187516444593639}, "onesignal": "wordpress-plugin", "fragment": "!", "og": {"type": "article", "title": "American Horror Story: Billie Lourd to Star in Election-Themed Season 7", "url": "https://tvline.com/2017/04/06/american-horror-story-cast-billie-lourd-season-7-election/", "description": "Another Ryan Murphy alum has joined the American Horror Story repertory company. Scream Queens\u2019 Billie Lourd will star in the upcoming Season 7 of FX\u2019s horror anthology", "site_name": "TVLine", "image": {"identifier": "https://tvline.com/wp-content/uploads/2017/04/billie-lourd-cast-american-horror-story-season-7.jpg?w=1024", "width": 1024, "height": 682, "alt": "Billie Lourd Cast American Horror Story Season 7"}, "locale": "en_US"}, "article": {"published_time": "2017-04-06T23:06:11+00:00", "modified_time": "2017-04-06T23:06:11+00:00"}, "twitter": {"text": {"title": "<i>American Horror Story</i>: Billie Lourd to Star in Election-Themed Season 7"}, "image": {"identifier": "https://tvline.com/wp-content/uploads/2017/04/billie-lourd-cast-american-horror-story-season-7.jpg?w=1024", "alt": "Billie Lourd Cast American Horror Story Season 7"}, "card": "summary_large_image", "site": "@TVLine", "creator": "@dave_nemetz", "title": "American Horror Story: Billie Lourd to Star in Election-Themed Season 7", "description": "\"Scream Queens\" star Billie Lourd has nabbed a leading role in the election-themed Season 7 of FX's \"American Horror Story.\""}, "msapplication-TileImage": "https://tvline.com/wp-content/uploads/2018/06/logo-tvline.png?w=270"}, "movies": [], "publish_date": 1491429600.0, "source": "https://tvline.com", "summary": ""}