{"url": "http://www.youtube.com/watch?v=CUOM9QvhG5I", "text": "", "images": ["https://i.ytimg.com/vi/CUOM9QvhG5I/maxresdefault.jpg"], "top_img": "https://i.ytimg.com/vi/CUOM9QvhG5I/maxresdefault.jpg", "keywords": [], "authors": [], "canonical_link": "https://www.youtube.com/watch?v=CUOM9QvhG5I", "title": "DNC TV AD: \"Trapped\"", "meta_data": {"theme-color": "rgba(255, 255, 255, 0.98)", "title": "DNC TV AD: \"Trapped\"", "description": "DNC TV AD: \"Trapped\"Mitt V. Mitt: The story of two men trapped in one body. Lean more at http://www.MittvMitt.com", "keywords": "mitt, romney, two, men, one, body, flip, flop, flopper, dnc, tv, ad, 2012", "og": {"site_name": "YouTube", "url": "https://www.youtube.com/watch?v=CUOM9QvhG5I", "title": "DNC TV AD: \"Trapped\"", "image": {"identifier": "https://i.ytimg.com/vi/CUOM9QvhG5I/maxresdefault.jpg", "width": 1280, "height": 720}, "description": "DNC TV AD: \"Trapped\"Mitt V. Mitt: The story of two men trapped in one body. Lean more at http://www.MittvMitt.com", "type": "video.other", "video": {"url": "https://www.youtube.com/embed/CUOM9QvhG5I", "secure_url": "https://www.youtube.com/embed/CUOM9QvhG5I", "type": "text/html", "width": 1280, "height": 720, "tag": 2012}}, "al": {"ios": {"app_store_id": 544007664, "app_name": "YouTube", "url": "vnd.youtube://www.youtube.com/watch?v=CUOM9QvhG5I&feature=applinks"}, "android": {"url": "vnd.youtube://www.youtube.com/watch?v=CUOM9QvhG5I&feature=applinks", "app_name": "YouTube", "package": "com.google.android.youtube"}, "web": {"url": "http://www.youtube.com/watch?v=CUOM9QvhG5I&feature=applinks"}}, "fb": {"app_id": 87741124305}, "twitter": {"card": "player", "site": "@youtube", "url": "https://www.youtube.com/watch?v=CUOM9QvhG5I", "title": "DNC TV AD: \"Trapped\"", "description": "DNC TV AD: \"Trapped\"Mitt V. Mitt: The story of two men trapped in one body. Lean more at http://www.MittvMitt.com", "image": "https://i.ytimg.com/vi/CUOM9QvhG5I/maxresdefault.jpg", "app": {"name": {"iphone": "YouTube", "ipad": "YouTube", "googleplay": "YouTube"}, "id": {"iphone": 544007664, "ipad": 544007664, "googleplay": "com.google.android.youtube"}, "url": {"iphone": "vnd.youtube://www.youtube.com/watch?v=CUOM9QvhG5I&feature=applinks", "ipad": "vnd.youtube://www.youtube.com/watch?v=CUOM9QvhG5I&feature=applinks", "googleplay": "https://www.youtube.com/watch?v=CUOM9QvhG5I"}}, "player": {"identifier": "https://www.youtube.com/embed/CUOM9QvhG5I", "width": 1280, "height": 720}}}, "movies": [], "publish_date": null, "source": "http://www.youtube.com", "summary": ""}