{"url": "http://www.eia.gov/cfapps/ipdbproject/IEDIndex3.cfm?tid=50&pid=53&aid=1", "text": "Monthly and yearly energy forecasts, analysis of energy topics, financial analysis, congressional reports.\n\nFinancial market analysis and financial data for major energy companies.", "images": ["http://www.eia.gov/favicon.ico", "http://www.eia.gov/global/images/logos/eia_logo_print.png"], "top_img": "http://www.eia.gov/favicon.ico", "keywords": [], "authors": [], "canonical_link": "", "title": "U.S. Energy Information Administration (EIA)", "meta_data": {"viewport": "width=device-width, initial-scale=1, maximum-scale=1, user-scalable=0", "robots": "all", "agency": "EIA - Energy Information Administration", "subject": "official energy statistics, data, analysis and forecasting", "Description": "Energy Information Administration - EIA - Official Energy Statistics from the U.S. Government"}, "movies": [], "publish_date": null, "source": "http://www.eia.gov", "summary": ""}