{"url": "https://www.usmagazine.com/celebrity-moms/news/scott-porters-wife-kelsey-pregnant-with-baby-no-2-w477262/", "text": "Happy Easter from our growing family. A post shared by skittishkid (@skittishkid) on Apr 16, 2017 at 1:29pm PDT\n\n#BigBoyMcCoy is going to be #BigBroMcCoy! Scott Porter and his wife, Kelsey Mayfield, are expecting their second child together, the Friday Night Lights alum announced on Instagram on Sunday, April 16.\n\n\u201cHappy Easter from our growing family,\u201d Porter, 37, captioned a photo of himself with his son, McCoy, and his pregnant wife. Mayfield shared the same pic and caption on her Instagram account, adding a few bunny and baby emojis for good measure.\n\nThe Hart of Dixie actor and the casting producer met back in 2008 when he was filming FNL in Texas, where she was a cheerleader at the University of Texas at Austin. They married on April 20, 2013, in front of guests including Porter\u2019s former costars Taylor Kitsch and Gaius Charles.\n\nIn February 2015, the couple revealed they were expecting a baby boy. \u201cLittle guy is going to have a tough time deciding who to root for \u2026 but we\u2019ll love him no matter what school he chooses \u2026\u201d Porter captioned a photo of two tiny football jerseys \u2014 one for Texas and one for Nebraska (his home state) \u2014 hanging on a clothesline.\n\nLittle guy is going to have a tough time deciding who to root for\u2026but we\u2019ll love him no matter what school he chooses\u2026right @kiwiporter? #housedivided #PorterOnTheWay A post shared by skittishkid (@skittishkid) on Feb 12, 2015 at 12:24pm PST\n\nMayfield gave birth a few months later in May, and Porter tweeted the experience to his fans. \u201c30 hours in. My wife is a gladiator in the ring!\u201d he wrote. \u201cI am astounded by her fight. A long road to go, no meds at all. Prayers for strength.\u201d\n\nMcCoy has since made several appearances on the actor\u2019s social media accounts, first under the hashtag #BabyBoyMcCoy, and more recently as #BigBoyMcCoy. Earlier this month, Porter shared a pic of his son smiling and carrying a large bouquet of flowers for Mayfield.\n\nTook the bubs to the Farmers Market when Mama wasn\u2019t feeling good. #BigBoyMcCoy was so happy to bring her home some flowers. Sweetest kid ever. And he\u2019s got that #SundayStyle in spades. A post shared by skittishkid (@skittishkid) on Apr 9, 2017 at 4:21pm PDT\n\n\u201cTook the bugs to the Farmers Market when Mama wasn\u2019t feeling good,\u201d he wrote. \u201c#BigBoyMcCoy was so happy to bring her home some flowers. Sweetest kid ever. And he\u2019s got that #SundayStyle in spades.\u201d", "images": ["https://www.usmagazine.com/wp-content/themes/us-weekly/assets/img/svg-icons/logo-tag-registered-green.svg", "https://i1.wp.com/www.usmagazine.com/wp-content/uploads/scott-porter-expecting-zoom-cd14c1ed-51eb-4a15-ab78-d8ab916050f3.jpg?crop=0px%2C0px%2C808px%2C424px&resize=1200%2C630&ssl=1&quality=86&strip=all", "https://www.usmagazine.com/wp-content/themes/us-weekly/assets/img/placeholders/default-usweekly.svg", "https://www.usmagazine.com/wp-content/uploads/2020/06/Watch-Moms-Like-Us.jpg?w=60&h=60&crop=1&quality=86&strip=all", "https://www.usmagazine.com/wp-content/themes/us-weekly/assets/img/svg-icons/logo-tag-registered.svg", "https://www.usmagazine.com/wp-content/themes/us-weekly/assets/img/svg-icons/icon-download.svg", "https://www.usmagazine.com/wp-content/themes/us-weekly/assets/img/bg-subscribe.png"], "top_img": "https://i1.wp.com/www.usmagazine.com/wp-content/uploads/scott-porter-expecting-zoom-cd14c1ed-51eb-4a15-ab78-d8ab916050f3.jpg?crop=0px%2C0px%2C808px%2C424px&resize=1200%2C630&ssl=1&quality=86&strip=all", "keywords": [], "authors": ["Us Weekly Staff"], "canonical_link": "https://www.usmagazine.com/celebrity-moms/news/scott-porters-wife-kelsey-pregnant-with-baby-no-2-w477262/", "title": "Scott Porter's Wife Kelsey Pregnant With Baby No. 2", "meta_data": {"viewport": "width=device-width, initial-scale=1", "ir-site-verification-token": "-206090124", "fo-verify": "49e6fc6a-c68d-447f-9978-70e3eac455ac", "theme-color": "#fff", "description": "'Friday Night Lights' and 'Hart of Dixie' star Scott Porter and his wife, Kelsey Mayfield, are expecting their second child together \u2014 see their pregnancy announcement!", "robots": "index, follow, max-snippet:-1, max-image-preview:large, max-video-preview:-1", "og": {"locale": "en_US", "type": "article", "title": "Scott Porter, Wife Kelsey Expecting Second Child Together", "description": "'Friday Night Lights' and 'Hart of Dixie' star Scott Porter and his wife, Kelsey Mayfield, are expecting their second child together \u2014 see their pregnancy announcement!", "url": "https://www.usmagazine.com/celebrity-moms/news/scott-porters-wife-kelsey-pregnant-with-baby-no-2-w477262/", "site_name": "Us Weekly", "updated_time": "2018-02-08T22:14:36+00:00", "image": {"identifier": "https://i1.wp.com/www.usmagazine.com/wp-content/uploads/scott-porter-expecting-zoom-cd14c1ed-51eb-4a15-ab78-d8ab916050f3.jpg?crop=0px%2C0px%2C808px%2C424px&resize=1200%2C630&ssl=1&quality=86&strip=all", "secure_url": "https://i1.wp.com/www.usmagazine.com/wp-content/uploads/scott-porter-expecting-zoom-cd14c1ed-51eb-4a15-ab78-d8ab916050f3.jpg?crop=0px%2C0px%2C808px%2C424px&resize=1200%2C630&ssl=1&quality=86&strip=all", "width": 1200, "height": 630}}, "article": {"publisher": "https://www.facebook.com/UsWeekly", "published_time": "2017-04-17T18:19:00+00:00", "modified_time": "2018-02-08T22:14:36+00:00"}, "fb": {"app_id": 1785612128341436}, "twitter": {"card": "summary_large_image", "title": "Scott Porter, Wife Kelsey Expecting Second Child Together", "description": "'Friday Night Lights' and 'Hart of Dixie' star Scott Porter and his wife, Kelsey Mayfield, are expecting their second child together \u2014 see their pregnancy announcement!", "image": "https://i1.wp.com/www.usmagazine.com/wp-content/uploads/scott-porter-expecting-zoom-cd14c1ed-51eb-4a15-ab78-d8ab916050f3.jpg?crop=0px%2C0px%2C808px%2C424px&resize=1200%2C630&ssl=1&quality=86&strip=all", "creator": "@usweekly", "site": "@usweekly"}, "tragedy": "off", "generator": "WordPress 5.5.2", "msapplication-TileImage": "https://www.usmagazine.com/wp-content/uploads/2020/05/cropped-us-logo.png?w=270&quality=86&strip=all"}, "movies": [], "publish_date": 1492453140.0, "source": "https://www.usmagazine.com", "summary": ""}