{"url": "radaronline.com/videos/caitlyn-jenner-desperate-attempt-to-see-grandkids/", "text": "Baby Gifts Galore! Inside Caitlyn's Desperate Attempt To Woo Back Kim & See Grandkids Jenner 'won't accept that she\u2019ll never be a part of their lives again.'\n\nThe drama continues with the KarJenners as Caitlyn continues to be shunned by the family after making numerous attempts to get back on good terms with the clan. Now, in Caitlyn\u2019s latest attempt woo back their love, the transgender star has honed in on new mom Kim Kardashian, showering her with baby gifts.\n\nAs readers know, transgender icon has been shunned by her family after a series of snubs and the 68-year-old Olympian is doing all she can to return to the famous family\u2019s good graces.\n\nDrama first unfolded when the I Am Cait star slammed ex Kris Jenner as a Hollywood wife from hell who controlled her money and forbid her from speaking to her own family. She then blamed the reality show juggernaut for destroying their 24-year marriage in her memoir, The Secrets of My Life.\n\n\u201cIt\u2019s tough for Caitlyn to be pushed out of the family in this way, but the thing she really struggles with is not being able to see the kids,\u201d an informant told Radar. \u201cShe sees them as her own grandchildren. She\u2019s going overboard with presents for Kim\u2019s new daughter.\u201d\n\nCaitlyn Jenner Looks Exactly Like Jessica Lange\n\nAdds the informant: \u201cCaitlyn has been sending all kinds of extravagant presents for the nursery, as well as some jewelry for Kim.\u201d\n\n\u201cCaitlyn isn\u2019t in a rush to apologize to Kris, but she won\u2019t accept that she\u2019ll never be a part of their lives again.\u201d\n\nWe pay for juicy info! Do you have a story for RadarOnline.com? Email us at tips@radaronline.com, or call us at 800-344-9598 any time, day or night.", "images": ["https://i0.heartyhosting.com/radaronline.com/wp-content/uploads/2019/03/logo-reality-tv-1.png?ssl=1", "https://i0.heartyhosting.com/radaronline.com/wp-content/uploads/2019/03/scandal-bg.jpg?fit=1440%2C210&ssl=1", "https://i0.heartyhosting.com/radaronline.com/wp-content/uploads/2020/11/crishell-gleb-rumors.jpeg?w=384&crop=0%2C20px%2C384px%2C215px&resize=384%2C215&ssl=1", "https://i0.heartyhosting.com/radaronline.com/wp-content/uploads/2019/03/reality-tv-bg.jpg?fit=1440%2C210&ssl=1", "https://i0.heartyhosting.com/radaronline.com/wp-content/uploads/2020/11/shep-jax.jpeg?w=384&crop=0%2C20px%2C384px%2C215px&resize=384%2C215&ssl=1", "https://i0.heartyhosting.com/radaronline.com/wp-content/uploads/2019/03/logo-scandal.png?fit=307%2C70&ssl=1", "https://i0.heartyhosting.com/radaronline.com/wp-content/uploads/2019/03/logo-true-crime-b.png?fit=357%2C70&ssl=1", "https://i0.heartyhosting.com/radaronline.com/wp-content/uploads/2018/01/caitlyn-jenner-desperate-attempt-to-see-grandkids-pp.jpg?resize=1200%2C630&ssl=1", "https://i0.heartyhosting.com/radaronline.com/wp-content/uploads/2019/03/logo-omg.png?fit=188%2C70&ssl=1", "https://i0.heartyhosting.com/radaronline.com/wp-content/uploads/2019/03/celebrity-news-bg.jpg?fit=1440%2C210&ssl=1", "https://i0.heartyhosting.com/radaronline.com/wp-content/uploads/2019/03/logo-fashion-police.png?fit=489%2C70&ssl=1", "https://i0.heartyhosting.com/radaronline.com/wp-content/uploads/2019/03/logo-celebrity-news-b.png?fit=495%2C70&ssl=1", "https://i0.heartyhosting.com/radaronline.com/wp-content/uploads/2019/03/logo-reality-tv.png?fit=370%2C70&ssl=1", "https://i0.heartyhosting.com/radaronline.com/wp-content/uploads/2018/01/caitlyn-jenner-desperate-attempt-to-see-grandkids-pp.jpg?resize=792%2C446&ssl=1", "https://radaronline.com/wp-content/themes/vip/am-radaronline/assets/build/images/icons/logo-tag-registered.svg", "https://i0.heartyhosting.com/radaronline.com/wp-content/uploads/2020/02/jersey-shore-ronnie-ortiz-magro-begs-plea-deal-jen-harley-domestic-violence-case-Feature.jpg?w=384&crop=0%2C20px%2C384px%2C215px&resize=384%2C215&ssl=1", "https://radaronline.com/wp-content/themes/vip/am-radaronline/assets/build/images/icons/logo-tag-registered-green.svg", "https://i0.heartyhosting.com/radaronline.com/wp-content/uploads/2020/11/larsa-pippen-COVID.jpeg?w=384&crop=0%2C20px%2C384px%2C215px&resize=384%2C215&ssl=1", "https://i0.heartyhosting.com/radaronline.com/wp-content/uploads/2019/03/true-crime-bg.jpg?fit=1440%2C210&ssl=1", "https://i0.heartyhosting.com/radaronline.com/wp-content/uploads/2019/03/omg-bg.jpg?fit=1440%2C210&ssl=1", "https://i0.heartyhosting.com/radaronline.com/wp-content/uploads/2019/03/fashion-police-bg.jpg?fit=1440%2C210&ssl=1"], "top_img": "https://i0.heartyhosting.com/radaronline.com/wp-content/uploads/2018/01/caitlyn-jenner-desperate-attempt-to-see-grandkids-pp.jpg?resize=1200%2C630&ssl=1", "keywords": [], "authors": ["Radar Staff", "January"], "canonical_link": "https://radaronline.com/videos/caitlyn-jenner-desperate-attempt-to-see-grandkids/", "title": "Baby Gifts Galore! Inside Caitlyn's Desperate Attempt To Woo Back Kim & See Grandkids", "meta_data": {"viewport": "width=device-width, initial-scale=1.0", "fb": {"admins": 593583017, "app_id": 1008772232528225, "pages": 376279216711}, "theme-color": "#ffffff", "google-site-verification": "kONM_PqGX8Za53dFcExSTIIPZxxN_S4QtvDlONzzdA0", "description": "The drama continues with the KarJenners as Caitlyn continues to be shunned by the family after making numerous attempts to get back on good terms with the clan.", "robots": "index, follow, max-snippet:-1, max-image-preview:large, max-video-preview:-1", "og": {"locale": "en_US", "type": "article", "title": "Baby Gifts Galore! Inside Caitlyn's Desperate Attempt To Woo Back Kim & See Grandkids", "description": "The drama continues with the KarJenners as Caitlyn continues to be shunned by the family after making numerous attempts to get back on good terms with the clan.", "url": "https://radaronline.com/videos/caitlyn-jenner-desperate-attempt-to-see-grandkids/", "site_name": "RadarOnline", "updated_time": "2018-01-30T12:17:05+00:00", "image": {"identifier": "https://i0.heartyhosting.com/radaronline.com/wp-content/uploads/2018/01/caitlyn-jenner-desperate-attempt-to-see-grandkids-pp.jpg?resize=1200%2C630&ssl=1", "secure_url": "https://i0.heartyhosting.com/radaronline.com/wp-content/uploads/2018/01/caitlyn-jenner-desperate-attempt-to-see-grandkids-pp.jpg?resize=1200%2C630&ssl=1", "width": 1200, "height": 630}}, "article": {"published_time": "2018-01-30T12:17:05+00:00"}, "twitter": {"card": "summary_large_image", "title": "Baby Gifts Galore! Inside Caitlyn's Desperate Attempt To Woo Back Kim & See Grandkids", "description": "The drama continues with the KarJenners as Caitlyn continues to be shunned by the family after making numerous attempts to get back on good terms with the clan.", "image": "https://i0.heartyhosting.com/radaronline.com/wp-content/uploads/2018/01/caitlyn-jenner-desperate-attempt-to-see-grandkids-pp.jpg?resize=1200%2C630&ssl=1"}, "news_keywords": "Caitlyn Jenner", "generator": "WordPress 5.5.3"}, "movies": [], "publish_date": 1517314625.0, "source": "http://radaronline.com", "summary": ""}