{"url": "www.npr.org/sections/13.7/2011/03/30/134950294/recognizing-the-potential-and-perils-of-a-limitless-mind", "text": "By choosing \u201cI agree\u201d below, you agree that NPR\u2019s sites use cookies, similar tracking and storage technologies, and information about the device you use to access our sites to enhance your viewing, listening and user experience, personalize content, personalize messages from NPR\u2019s sponsors, provide social media features, and analyze NPR\u2019s traffic. This information is shared with social media services, sponsorship, analytics and other third-party service providers. See details.\n\nAgree and Continue Revoke Agreement Decline and Visit Plain Text Site", "images": ["https://media.npr.org/chrome_svg/npr-logo.svg"], "top_img": "", "keywords": [], "authors": [], "canonical_link": "", "title": "NPR Choice page", "meta_data": {"robots": "noindex, nofollow", "viewport": "width=device-width, initial-scale=1, minimum-scale=1, maximum-scale=1, shrink-to-fit=no"}, "movies": [], "publish_date": 1301436000.0, "source": "http://www.npr.org", "summary": ""}