{"url": "https://ew.com/tv/2017/04/18/anne-hathaway-google-translate-songs-jimmy-fallon/", "text": "The Weeknd's \"Can't Feel My Face\" becomes \"My Front Is Not Felt.\"\n\nThe Tonight Show Starring Jimmy Fallon type TV Show genre Talk Show Where to watch Close Streaming Options\n\nWe\u2019ve all had a laugh at the results that tend to come out of Google Translate, especially when going from English to another language and then back to English. Recognizing the search engine\u2019s comedy potential when it comes to song lyrics, Jimmy Fallon filtered through some classic hits so his Colossal guest, Anne Hathaway, could sing Google Translate versions on Monday\u2019s The Tonight Show .\n\nWhen fed through Google Translate and back again, The Weeknd\u2019s \u201cCan\u2019t Feel My Face\u201d becomes the popular track \u201cMy Front Is Not Felt\u201d with the refrain, \u201cIn your presence, my front is not felt. Hey, it is good. Hey, it is good.\u201d\n\nGloria Gaynor\u2019s \u201cI Will Survive\u201d becomes \u201cI Will Be Punctual.\u201d Fallon tried to stand alongside Hathaway, who won an Oscar for her musical performance in Les Mis\u00e9rables, by singing, \u201cNot good for me, I will be punctual unless I know with love\u2019s knowledge I\u2019m aware that I\u2019m aware.\u201d\n\nAs is the tradition with song-based games on The Tonight Show, this one ended with a duet between Fallon and Hathaway on Pink and Nate Ruess\u2019 \u201cOnly Tell Me Grounds\u201d (non-translated as \u201cJust Give Me a Reason\u201d). \u201cRight from the start you were a thief, you stole my heart,\u201d becomes, \u201cAt the outset, you are a felon who took my center.\u201d\n\nWitness their musicality in the clip above.", "images": ["https://imagesvc.meredithcorp.io/v3/mm/image?url=https%3A%2F%2Fstatic.onecms.io%2Fwp-content%2Fuploads%2Fsites%2F6%2F2020%2F10%2F07%2FFamily-Halloween-Movies.jpg", "https://imagesvc.meredithcorp.io/v3/mm/image?url=https%3A%2F%2Fstatic.onecms.io%2Fwp-content%2Fuploads%2Fsites%2F6%2F2020%2F10%2F20%2FGettyImages-1027748034.jpg", "https://imagesvc.meredithcorp.io/v3/mm/image?url=https%3A%2F%2Fstatic.onecms.io%2Fwp-content%2Fuploads%2Fsites%2F6%2F2017%2F03%2Fthe-tonight-show-2000.jpg", "data:image/svg+xml,%3Csvg%20xmlns='http://www.w3.org/2000/svg'%20viewBox='0%200%20100%20100'%3E%3C/svg%3E", "https://imagesvc.meredithcorp.io/v3/mm/image?url=https%3A%2F%2Fstatic.onecms.io%2Fwp-content%2Fuploads%2Fsites%2F6%2F2020%2F10%2F12%2Fmockumentaries.jpg", "https://imagesvc.meredithcorp.io/v3/mm/image?q=85&c=sc&poi=face&w=2000&h=1047&url=https%3A%2F%2Fstatic.onecms.io%2Fwp-content%2Fuploads%2Fsites%2F6%2F2017%2F04%2Fnup_178062_1279-2000.jpg"], "top_img": "https://imagesvc.meredithcorp.io/v3/mm/image?q=85&c=sc&poi=face&w=2000&h=1047&url=https%3A%2F%2Fstatic.onecms.io%2Fwp-content%2Fuploads%2Fsites%2F6%2F2017%2F04%2Fnup_178062_1279-2000.jpg", "keywords": [], "authors": ["Nick Romano"], "canonical_link": "https://ew.com/tv/2017/04/18/anne-hathaway-google-translate-songs-jimmy-fallon/", "title": "Anne Hathaway sings Google Translate songs gone wrong with Jimmy Fallon", "meta_data": {"viewport": "width=device-width, initial-scale=1", "keywords": "Anne Hathaway,Jimmy Fallon,Last Night on Late Night,Pink,the Weeknd", "news_keywords": "Anne Hathaway,Jimmy Fallon,Last Night on Late Night,Pink,the Weeknd", "description": "The Weeknd's \"Can't Feel My Face\" becomes \"My Front Is Not Felt.\"", "og": {"title": "Anne Hathaway sings Google Translate Songs Gone Wrong with Jimmy Fallon", "type": "article", "site_name": "EW.com", "url": "https://ew.com/tv/2017/04/18/anne-hathaway-google-translate-songs-jimmy-fallon/", "description": "The Weeknd's \"Can't Feel My Face\" becomes \"My Front Is Not Felt.\"", "image": {"identifier": "https://imagesvc.meredithcorp.io/v3/mm/image?q=85&c=sc&poi=face&w=2000&h=1047&url=https%3A%2F%2Fstatic.onecms.io%2Fwp-content%2Fuploads%2Fsites%2F6%2F2017%2F04%2Fnup_178062_1279-2000.jpg", "width": 2000, "height": 1047}}, "pinterest": {"url": "https://ew.com/tv/2017/04/18/anne-hathaway-google-translate-songs-jimmy-fallon/", "description": "The Weeknd's \"Can't Feel My Face\" becomes \"My Front Is Not Felt.\"", "media": "https://imagesvc.meredithcorp.io/v3/mm/image?url=https%3A%2F%2Fstatic.onecms.io%2Fwp-content%2Fuploads%2Fsites%2F6%2F2017%2F04%2Fnup_178062_1279-2000.jpg"}, "twitter": {"card": "summary_large_image", "url": "https://ew.com/tv/2017/04/18/anne-hathaway-google-translate-songs-jimmy-fallon/", "title": "Anne Hathaway sings Google Translate Songs Gone Wrong with Jimmy Fallon", "description": "The Weeknd's \"Can't Feel My Face\" becomes \"My Front Is Not Felt.\"", "site": "@ew", "image": "https://imagesvc.meredithcorp.io/v3/mm/image?q=85&c=sc&poi=face&w=2000&h=1047&url=https%3A%2F%2Fstatic.onecms.io%2Fwp-content%2Fuploads%2Fsites%2F6%2F2017%2F04%2Fnup_178062_1279-2000.jpg"}, "robots": "max-image-preview:large", "fb": {"app_id": 2485718348341688, "pages": 52150999700}, "article": {"opinion": "false"}}, "movies": [], "publish_date": 1492466400.0, "source": "https://ew.com", "summary": ""}