{"url": "www.lifeandstylemag.com/posts/kylie-jenner-wedding-travis-scott-kendall-jenner-134224", "text": "As Life & Style exclusively reported, Kylie Jenner secretly married Travis Scott in a small ceremony at her Calabasas mansion \u2014 but most of the 19-year-old\u2019s famous family didn\u2019t even know about it!\n\nAn insider reveals that the beauty mogul was scared about how her mom and siblings would react to the news. \u201cKendall [Jenner] is the only family member Kylie told. Kylie feels like she\u2019s grown, and this is her way of breaking off from the family \u2014 especially from [momager] Kris,\u201d the insider explains.\n\nEXCLUSIVE: Kylie Jenner Showers Travis Scott With Gifts, Loves Being His Sugar Mama\n\n\u201cThe reason Kylie didn\u2019t tell Kris or most of her family about the wedding was because she knew they\u2019d all panic and react negatively,\u201d the insider adds.\n\nThe brunette beauty and her rapper beau have been glued to each other\u2019s sides since they began dating just a couple of months ago. \u201cThey\u2019re really sweet together and you can see they really dig each other,\u201d a source previously told Hollywood Life. \u201cThey literally can\u2019t keep their hands off each other when they are together \u2014 they\u2019re always kissing and holding hands.\u201d\n\nThe source continued, \u201cShe thinks he\u2019s so hot and he thinks she\u2019s the sexiest girl out there. He\u2019s trying to play it cool, but it\u2019s obvious that he\u2019s really into her and he really spoils her, which she loves, obviously.\u201d\n\nBut Kylie\u2019s ex, Tyga, appears to be having a hard time accepting the duo\u2019s relationship. The rapper seemingly disses the reality star in his new song \u201cPlayboy\u201d, alluding to the fact that she\u2019s super clingy. \u201cShe a superstar / She got it bad for me / If I hang up, she call right back to me / You cut her legs off / She crawls right back to me / I call it playboy tenacity,\u201d he sings.\n\nWe can\u2019t even imagine how he\u2019ll react to news that she\u2019s married!\n\nFor more details on Kylie\u2019s wedding, pick up the latest issue of Life & Style, on newsstands now.", "images": ["https://www.lifeandstylemag.com/wp-content/uploads/2017/06/kylie-jenner-travis-scott-wedding-kendall-jenner.jpg?resize=120%2C68", "https://www.lifeandstylemag.com/wp-content/uploads/2020/11/chris-harrison-teases-clare-crawley-tayshia-adams-men-tell-all.jpg?crop=0px%2C25px%2C2000px%2C1133px&resize=120%2C68", "https://www.lifeandstylemag.com/wp-content/uploads/2020/01/Khloe-Kardashian-Gives-a-Little-Tour-of-True-Thompson-Sweet-Bedroom-01.jpg?crop=149px%2C47px%2C701px%2C702px&resize=90%2C90", "https://www.lifeandstylemag.com/wp-content/uploads/2020/11/LTG_HOL_AMI_11.24.20_300x490.jpg?fit=300%2C490", "https://www.lifeandstylemag.com/wp-content/uploads/2018/04/kim-kardashian-makeup-free.jpg?resize=120%2C68", "https://www.lifeandstylemag.com/wp-content/uploads/2020/11/Heather-Rae-Young-Reveals-the-Special-Roles-Tarek-El-Moussa-Kids-Will-Play-in-Their-Wedding.jpg?crop=0px%2C384px%2C980px%2C555px&resize=120%2C68", "https://www.lifeandstylemag.com/wp-content/uploads/2019/12/Chrishell-Stause-Felt-Blindsided-After-Justin-Hartley-Filed-for-Divorce-Promo.jpg?crop=0px%2C0px%2C2000px%2C1133px&resize=120%2C68", "https://www.lifeandstylemag.com/wp-content/uploads/2019/09/The-Bachelor-Meet-the-Women_PP.jpg?resize=90%2C90", "https://www.lifeandstylemag.com/wp-content/uploads/2020/11/chris-exclusive-dale-clare.jpg?crop=0px%2C82px%2C3000px%2C1699px&resize=120%2C68", "https://www.lifeandstylemag.com/wp-content/uploads/2017/06/butterfly-emoji-kylie-jenner.jpg?resize=120%2C68", "https://www.lifeandstylemag.com/wp-content/uploads/2020/05/shutterstock_editorial_10551167nj.jpg?crop=0px%2C0px%2C4368px%2C2474px&resize=120%2C68", "https://www.lifeandstylemag.com/wp-content/uploads/2020/11/Chris-Harrison-Says-There-Was-No-Backup-Bachelorette-for-Clare.jpg?crop=0px%2C0px%2C3223px%2C1826px&resize=120%2C68", "https://www.lifeandstylemag.com/wp-content/uploads/2017/06/kylie-jenner-travis-scott-boyfriend.jpg?w=750&h=690&crop=1&resize=1180%2C1040", "https://www.lifeandstylemag.com/wp-content/uploads/2020/11/Chris-Harrison-Reacts-to-Becca-and-Blake-Reconciliation-Rumors.jpg?crop=0px%2C0px%2C3220px%2C1824px&resize=120%2C68", "https://www.lifeandstylemag.com/wp-content/uploads/2020/11/155822_3012.jpg?crop=0px%2C123px%2C3000px%2C1699px&resize=120%2C68", "https://www.lifeandstylemag.com/wp-content/uploads/2017/06/kylie-jenner-travis-scott-wedding-kendall-jenner.jpg?resize=1200%2C630", "https://www.lifeandstylemag.com/wp-content/uploads/2020/07/realtristan13_106118224_633649180674297_5607094312589396881_n.jpg?crop=0px%2C310px%2C1080px%2C612px&resize=120%2C68", "https://www.lifeandstylemag.com/wp-content/uploads/2020/10/LS4420_cover_final.jpg?w=300", "https://www.lifeandstylemag.com/wp-content/uploads/2020/06/True-Thompson-Cutest-Photos-Feature.jpg?crop=51px%2C35px%2C1896px%2C1897px&resize=90%2C90", "https://www.lifeandstylemag.com/wp-content/uploads/2020/01/thenikkibella_84078405_2731228150290245_7074942051047440765_n.jpg?crop=0px%2C68px%2C818px%2C817px&resize=90%2C90", "https://www.lifeandstylemag.com/wp-content/uploads/2020/11/Todd-Chrisley-Kids-Defend-Clapbacks-Feature-Inline.jpg?crop=104px%2C86px%2C2880px%2C1632px&resize=120%2C68", "https://www.lifeandstylemag.com/wp-content/uploads/2020/01/Cardi-B-Flaunts-Curves-and-Leaves-Little-to-the-Imagination-in-See-Through-Outfit-featured.jpg?crop=0px%2C0px%2C2000px%2C2000px&resize=90%2C90"], "top_img": "https://www.lifeandstylemag.com/wp-content/uploads/2017/06/kylie-jenner-travis-scott-wedding-kendall-jenner.jpg?resize=1200%2C630", "keywords": [], "authors": ["Life", "Style Magazine"], "canonical_link": "https://www.lifeandstylemag.com/posts/kylie-jenner-wedding-travis-scott-kendall-jenner-134224/", "title": "Kylie Jenner and Travis Scott\u2019s Wedding: Kendall Only Sister Who Knew", "meta_data": {"viewport": "width=device-width, initial-scale=1.0", "theme-color": "#ffffff", "msvalidate.01": "097DBAAF43A9B61E9E4259AA7D75B069", "description": "As Life & Style exclusively reported, Kylie Jenner secretly married Travis Scott in a small ceremony at her Calabasas mansion \u2014 but most of the", "robots": "index, follow, max-snippet:-1, max-image-preview:large, max-video-preview:-1", "og": {"locale": "en_US", "type": "article", "title": "Kylie Jenner and Travis Scott\u2019s Wedding: Kendall Only Sister Who Knew", "description": "As Life & Style exclusively reported, Kylie Jenner secretly married Travis Scott in a small ceremony at her Calabasas mansion \u2014 but most of the 19-year-old\u2019s famous family didn\u2019t even know about it!...", "url": "https://www.lifeandstylemag.com/posts/kylie-jenner-wedding-travis-scott-kendall-jenner-134224/", "site_name": "Life & Style", "updated_time": "2017-06-08T15:26:47+00:00", "image": {"identifier": "https://www.lifeandstylemag.com/wp-content/uploads/2017/06/kylie-jenner-travis-scott-wedding-kendall-jenner.jpg?resize=1200%2C630", "secure_url": "https://www.lifeandstylemag.com/wp-content/uploads/2017/06/kylie-jenner-travis-scott-wedding-kendall-jenner.jpg?resize=1200%2C630", "width": 1200, "height": 630}}, "article": {"publisher": "https://www.facebook.com/LifeStyleWeekly", "published_time": "2017-06-08T15:26:47+00:00"}, "fb": {"app_id": 741277405933843, "admins": 593583017, "pages": 229184533343}, "twitter": {"card": "summary_large_image", "title": "Kylie Jenner and Travis Scott\u2019s Wedding: Kendall Only Sister Who Knew", "description": "As Life & Style exclusively reported, Kylie Jenner secretly married Travis Scott in a small ceremony at her Calabasas mansion \u2014 but most of the 19-year-old\u2019s famous family didn\u2019t even know about it!...", "image": "https://www.lifeandstylemag.com/wp-content/uploads/2017/06/kylie-jenner-travis-scott-wedding-kendall-jenner.jpg?resize=1200%2C630", "creator": "@Life_and_Style", "site": "@Life_and_Style"}, "generator": "WordPress 5.5.2", "msapplication-TileImage": "https://www.lifeandstylemag.com/wp-content/uploads/2020/11/android-chrome-384x384-1.png?fit=270%2C270"}, "movies": [], "publish_date": 1496935607.0, "source": "http://www.lifeandstylemag.com", "summary": ""}