{"url": "people.com/parents/kendall-jenner-special-bond-niece-stormi-kylie-jenner/", "text": "\"Maybe I'll have a kid in a couple of years ... \" Kendall Jenner teased to PEOPLE Sunday, opening up about her relationship with her nieces and nephews\n\nKendall Jenner Has a 'Really Special Connection' with Niece Stormi: She's 'So Comfortable with Me'\n\nKendall Jenner isn\u2019t playing favorites when it comes to her nieces and nephews, but she does have an extra-special bond with one of them.\n\nThe 22-year-old supermodel opened up to PEOPLE on Sunday about her rapidly growing family at the City of Hope \u201cIf Only\u201d Texas hold \u2019em charity poker tournament in Los Angeles, revealing she and her 5-month-old niece Stormi have formed quite the close relationship.\n\nGet push notifications with news, features and more.\n\n\u201cI love all of my nieces and nephews \u2014 I like that I can give them back,\u201d she said with a laugh, adding of Kylie Jenner\u2018s daughter, \u201cBut I do feel \u2026 a really special connection to Stormi.\u201d\n\n\u201cI don\u2019t know if it\u2019s that Kylie is my little sister, but I was hanging out with her the other day at lunch, and we were just sitting, and [Stormi] was just so comfortable with me, and it made me so happy,\u201d added Kendall.\n\nWant all the latest pregnancy and birth announcements, plus celebrity mom blogs? Click here to get those and more in the PEOPLE Babies newsletter.\n\nImage zoom Kendall Jenner at the \u201cIf Only\u201d Texas hold \u2019em charity poker tournament | Credit: Rich Fury/Getty\n\nRELATED VIDEO: Kendall Jenner Says the Birth of Sister Kylie\u2019s Daughter Stormi Has \u2018Made Us Even Closer\u2019\n\nImage zoom Kendall Jenner and niece Stormi\n\nAs far as the pressure to have children (Kendall is the only sibling out of her four sisters and brother Rob Kardashian not to have a child yet), she knows she\u2019s \u201cstill young\u201d and isn\u2019t in a rush to become a mom just yet.\n\n\u201cI still have years that I want to spend for myself for a little while, but more power to [Kylie], man, she is built for this, she is an incredible mom,\u201d Kendall said. \u201cThere are parts of me that go in and out of [wanting a baby], but I am so okay right now just to live my life. Maybe I\u2019ll have a kid in a couple of years \u2026 \u201d\n\n\u201cYou\u2019ve got time,\u201d piped in mom Kris Jenner. \u201cI had a baby at your age, 22, and I had a baby at 41. So pick a number.\u201d\n\nImage zoom Kendall and Kylie Jenner | Credit: Kendall Jenner/Instagram\n\nRELATED VIDEO: Kylie Jenner Talks Post-Baby Body Insecurities: \u201cMy Boobs Are Definitely Three Times the Size\u201d\n\n\n\nIn a photo shoot and interview for Vogue\u2018s April cover, Kendall opened up about becoming an aunt once again, admitting that it was \u201cdifferent\u201d seeing Kylie become a mom than it has been with her other siblings.\n\n\u201cIt\u2019s not that it\u2019s more exciting than any other births in the family \u2014 it\u2019s different exciting, because she\u2019s my baby sister who I grew up with,\u201d explained the model and realitystar.", "images": ["https://imagesvc.meredithcorp.io/v3/mm/image?url=https%3A%2F%2Fstatic.onecms.io%2Fwp-content%2Fuploads%2Fsites%2F20%2F2018%2F07%2Fstormi-1-1-2000.jpg", "https://imagesvc.meredithcorp.io/v3/mm/image?url=https%3A%2F%2Fstatic.onecms.io%2Fwp-content%2Fuploads%2Fsites%2F20%2F2020%2F11%2F12%2Fthanksgiving-covid-150x150.jpg", "https://imagesvc.meredithcorp.io/v3/mm/image?url=https%3A%2F%2Fstatic.onecms.io%2Fwp-content%2Fuploads%2Fsites%2F20%2F2016%2F05%2F06%2Fprincess-diana-21.jpg", "https://imagesvc.meredithcorp.io/v3/mm/image?url=https%3A%2F%2Fstatic.onecms.io%2Fwp-content%2Fuploads%2Fsites%2F20%2F2020%2F07%2F23%2Ftout.jpg", "data:image/svg+xml,%3Csvg%20xmlns='http://www.w3.org/2000/svg'%20viewBox='0%200%20100%20133'%3E%3C/svg%3E", "https://imagesvc.meredithcorp.io/v3/mm/image?q=85&c=sc&poi=face&w=1231&h=645&url=https%3A%2F%2Fstatic.onecms.io%2Fwp-content%2Fuploads%2Fsites%2F20%2F2018%2F07%2Fkendall2-2000.jpg", "https://imagesvc.meredithcorp.io/v3/mm/image?url=https%3A%2F%2Fstatic.onecms.io%2Fwp-content%2Fuploads%2Fsites%2F20%2F2018%2F07%2Fkendall2-2000.jpg", "https://peopledotcom.files.wordpress.com/2018/09/thumbnail_generic.png", "data:image/svg+xml,%3Csvg%20xmlns='http://www.w3.org/2000/svg'%20viewBox='0%200%20100%20100'%3E%3C/svg%3E", "https://imagesvc.meredithcorp.io/v3/mm/image?url=https%3A%2F%2Fstatic.onecms.io%2Fwp-content%2Fuploads%2Fsites%2F20%2F2019%2F11%2Fkendall-kylie-selfie-2000.jpg", "https://imagesvc.meredithcorp.io/v3/mm/image?url=https%3A%2F%2Fstatic.onecms.io%2Fwp-content%2Fuploads%2Fsites%2F20%2F2020%2F08%2F04%2Fcoyote-ugly-2000.jpg", "https://imagesvc.meredithcorp.io/v3/mm/image?url=https%3A%2F%2Fstatic.onecms.io%2Fwp-content%2Fuploads%2Fsites%2F20%2F2020%2F07%2F19%2Ftiaras-2.jpg", "https://imagesvc.meredithcorp.io/v3/mm/image?url=https%3A%2F%2Fstatic.onecms.io%2Fwp-content%2Fuploads%2Fsites%2F20%2F2020%2F11%2F12%2Fcat-phone.jpg"], "top_img": "https://imagesvc.meredithcorp.io/v3/mm/image?q=85&c=sc&poi=face&w=1231&h=645&url=https%3A%2F%2Fstatic.onecms.io%2Fwp-content%2Fuploads%2Fsites%2F20%2F2018%2F07%2Fkendall2-2000.jpg", "keywords": [], "authors": ["Jen Juneau", "Reagan Alexander"], "canonical_link": "https://people.com/parents/kendall-jenner-special-bond-niece-stormi-kylie-jenner/", "title": "Kendall Jenner Has a 'Really Special Connection' with Niece Stormi: She's 'So Comfortable with Me'", "meta_data": {"viewport": "width=device-width, initial-scale=1", "keywords": "Babies,Kardashian Kids,Kardashians,Keeping Up with the Kardashians,Kendall Jenner,Kylie Jenner,News,Stormi Webster,TV", "news_keywords": "Babies,Kardashian Kids,Kardashians,Keeping Up with the Kardashians,Kendall Jenner,Kylie Jenner,News,Stormi Webster,TV", "description": "\"Maybe I'll have a kid in a couple of years ... \" Kendall Jenner teased to PEOPLE Sunday, opening up about her relationship with her nieces and nephews", "og": {"title": "Kendall Jenner Has a 'Really Special Connection' with Niece Stormi: She's 'So Comfortable with Me'", "type": "article", "site_name": "PEOPLE.com", "url": "https://people.com/parents/kendall-jenner-special-bond-niece-stormi-kylie-jenner/", "description": "\"Maybe I'll have a kid in a couple of years ... \" Kendall Jenner teased to PEOPLE Sunday, opening up about her relationship with her nieces and nephews", "image": {"identifier": "https://imagesvc.meredithcorp.io/v3/mm/image?q=85&c=sc&poi=face&w=1231&h=645&url=https%3A%2F%2Fstatic.onecms.io%2Fwp-content%2Fuploads%2Fsites%2F20%2F2018%2F07%2Fkendall2-2000.jpg", "width": 1231, "height": 645}}, "pinterest": {"url": "https://people.com/parents/kendall-jenner-special-bond-niece-stormi-kylie-jenner/", "description": "\"Maybe I'll have a kid in a couple of years ... \" Kendall Jenner teased to PEOPLE Sunday, opening up about her relationship with her nieces and nephews", "media": "https://imagesvc.meredithcorp.io/v3/mm/image?url=https%3A%2F%2Fstatic.onecms.io%2Fwp-content%2Fuploads%2Fsites%2F20%2F2018%2F07%2Fkendall2-2000.jpg"}, "twitter": {"card": "summary_large_image", "url": "https://people.com/parents/kendall-jenner-special-bond-niece-stormi-kylie-jenner/", "title": "Kendall Jenner Has a 'Really Special Connection' with Niece Stormi: She's 'So Comfortable with Me'", "description": "\"Maybe I'll have a kid in a couple of years ... \" Kendall Jenner teased to PEOPLE Sunday, opening up about her relationship with her nieces and nephews", "site": "@people", "image": "https://imagesvc.meredithcorp.io/v3/mm/image?q=85&c=sc&poi=face&w=1231&h=645&url=https%3A%2F%2Fstatic.onecms.io%2Fwp-content%2Fuploads%2Fsites%2F20%2F2018%2F07%2Fkendall2-2000.jpg"}, "robots": "max-image-preview:large", "fb": {"app_id": 610948219662029, "pages": 95926963131}, "article": {"opinion": "false"}, "p": {"domain_verify": "755183be01bfc739a9cac6673f1f2c1b"}}, "movies": [], "publish_date": null, "source": "http://people.com", "summary": ""}