{"url": "https://www.thisisinsider.com/kim-bikini-photos-keeping-up-with-the-kardashians-2017-10", "text": "Kim Kardashian West. Evan Agostini/Invision/AP The INSIDER Summary:\n\nPaparazzi photos of Kim Kardashian West in a bikini on a Mexico beach surfaced online this April.\n\nA teaser for the next \"Keeping Up With the Kardashians\" episode shows Kim reacting to the photos.\n\n\"Oh my god,\" she said. \"I literally don't look like this!\"\n\nSome people body-shamed Kim's cellulite in April when the photos first appeared.\n\nAlthough Kim reacted with a body-positive tweet calling her body \"flawless,\" she later claimed on \"The View\" that the pictures were Photoshopped to look \"worse.\"\n\n\n\nIn April, Kim Kardashian West went on vacation in Mexico to celebrate her sister Kourtney's birthday. Paparazzi photos of Kim at the beach quickly surfaced online, prompting some people to criticize the reality TV star's cellulite.\n\nA teaser for this week's upcoming episode of \"Keeping Up With the Kardashians\" shows Kim reacting to the photos after her former assistant and Kardashian West Brands COO Stephanie Shepherd came across them on her phone.\n\n\"Oh my god,\" Kim said, as she looked at the photos while lounging by the pool with her friends. \"Like, I don't get it! Like, I literally don't look like this!\"\n\nSpeaking directly to the camera, the 36-year-old \"KUWTK\" star elaborated on her reaction.\n\n\"I'm already having this anxiety attack over security, and I'm already just, like, on high alert and now paparazzi's found us, it's like just the scrutiny that we get all the time, we try to avoid that,\" she said. \"I'm doing all the steps to try to be as private and discreet as possible and then you take pictures. And if they're not, like, perfect people just, like, body-shame you. [...] For people to just think that's OK is so frustrating.\"\n\nKim then goes inside to \"untag\" herself in all the pictures that have been posted.\n\nWatch the clip, which we first saw on E! News, below:\n\nWhen the photos first appeared, Kim had a very different public reaction to the comments about the photos, sending a body-positive tweet that appeared to rise above the criticism she received.\n\nAlthough Kim's initial response was celebrated, she was criticized for claiming that the pictures were Photoshopped on \"The View\" in June. In the same interview, she said that the photos encouraged her to start working out more.\n\n\"I saw these awful photos of myself when I was on a trip in Mexico and people were Photoshopping them and sharpening them, and they're the worst photos,\" she said during her appearance on the TV show. \"I definitely was not in my best shape. I hadn't worked out in about 12 weeks.\"\n\nShe continued: \"I was already not feeling like myself and then when people were like sharpening [the photos] and making them look way worse, and then those were going around, I was like 'OK, I'm going to get it together.'\"\n\nOf course, Photoshopped or not, cellulite is a totally normal part of a woman's body. As for Kim's reaction to the pictures, we'll have to wait until the next episode of \"KUWTK\" to see more.\n\n\"Keeping Up With the Kardashians\" airs Sunday's on E! 9 p.m. ET.\n\nWant more? Read all of our Kardashians coverage here.", "images": ["data:image/svg+xml,%3Csvg xmlns='http://www.w3.org/2000/svg' viewBox='0 0 1 1'%3E%3C/svg%3E", "https://i.insider.com/59d509ee351aa743008b4add?width=600&format=jpeg&auto=webp", "https://i.insider.com/59d50c9b351aa757008b4ac1?width=1200&format=jpeg", "https://www.thisisinsider.com/kim-bikini-photos-keeping-up-with-the-kardashians-2017-10?width=600&format=jpeg&auto=webp"], "top_img": "https://i.insider.com/59d50c9b351aa757008b4ac1?width=1200&format=jpeg", "keywords": [], "authors": ["Chloe Pantazi"], "canonical_link": "https://www.insider.com/kim-bikini-photos-keeping-up-with-the-kardashians-2017-10", "title": "Kim Kardashian flips over paparazzi photos showing her in a bikini on vacation: 'I literally don't look like this!'", "meta_data": {"viewport": "width=device-width, initial-scale=1", "title": "Kim Kardashian flips over paparazzi photos showing her in a bikini on vacation: 'I literally don't look like this!'", "date": "2017-10-04", "pubdate": "2017-10-04T16:40:31Z", "lastmod": "2017-10-04T16:56:28Z", "news_keywords": "Kim Kardashian, Keeping Up With The Kardashians, Kardashians, Body Image, Photoshop, Cellulite, Chloe Pantazi", "description": "A teaser for the next \"Keeping Up With the Kardashians\" episode shows the reality TV star's reaction to pictures of her taken during a trip to Mexico.", "author": "Chloe Pantazi", "article": {"publisher": "insider", "content_tier": "free", "opinion": "false"}, "tbi-vertical": "Culture", "og": {"title": "Kim Kardashian flips over paparazzi photos showing her in a bikini on vacation: 'I literally don't look like this!'", "description": "A teaser for the next \"Keeping Up With the Kardashians\" episode shows the reality TV star's reaction to pictures of her taken during a trip to Mexico.", "type": "article", "url": "https://www.insider.com/kim-bikini-photos-keeping-up-with-the-kardashians-2017-10", "image": "https://i.insider.com/59d50c9b351aa757008b4ac1?width=1200&format=jpeg", "site_name": "Insider"}, "robots": "max-image-preview:large", "sailthru.title": "Kim Kardashian flips over paparazzi photos showing her in a bikini on vacation: 'I literally don't look like this!'", "sailthru.date": "2017-10-04", "sailthru.tags": "Kim Kardashian, Keeping Up With The Kardashians, Kardashians, Body Image, Photoshop, Cellulite, Chloe Pantazi", "sailthru.description": "A teaser for the next \"Keeping Up With the Kardashians\" episode shows the reality TV star's reaction to pictures of her taken during a trip to Mexico.", "sailthru.author": "Chloe Pantazi", "sailthru.verticals": "culture, health", "sailthru.image.full": "https://i.insider.com/59d50c42351aa73b008b4a78?width=1200&format=jpeg", "sailthru.image.thumb": "https://i.insider.com/59d50c42351aa73b008b4a78?width=160&format=jpeg", "twitter": {"card": "summary_large_image", "site": "@thisisinsider"}, "Insider": "Snapchat", "Kim Kardashian flips over paparazzi photos showing her in a bikini on vacation": {" 'I literally don't look like this!'": "The Fastest Way to Share a Moment!"}, "fb": {"pages": 1413475698959824}, "linkedin": {"owner": "mid:1d5f7b"}, "viking-id": "59d4febcd7605b38008b4ab1", "env": "prod", "msapplication-config": "//www.insider.com/public/assets/INSIDER/US/favicons/browserconfig.xml?12-31-19", "theme-color": "#ffffff"}, "movies": ["https://www.youtube.com/embed/"], "publish_date": 1507068000.0, "source": "https://www.thisisinsider.com", "summary": ""}