{"url": "https://web.archive.org/web/20180607200040/https://hollywoodlife.com/2018/06/06/kylie-jenner-wants-kendall-anwar-hadid-relationship-get-serious-babies/", "text": "Kylie Jenner is hoping sister Kendall has found the right guy with fellow model Anwar Hadid. We\u2019ve got EXCLUSIVE details on how she thinks they\u2019d make beautiful babies together.\n\nKylie Jenner is happy being a young mom to daughter Stormi Webster at just 20, and she\u2019s hoping her supermodel sister Kendall will follow in her footsteps. The 22-year-old was spotted making out with fellow model Anwar Hadid, 18, at the Socialista New York club following the CFDA Awards in New York on June 4. Now Kylie\u2019s already mapping out a future for her sis and her PDA partner. \u201cStormi has changed Kylie\u2019s life for the better, she\u2019s never been this happy or fulfilled and she can\u2019t stop talking to Kendall about having her family too. Now that she is with someone as awesome as Anwar, Kylie hoping that Kendall will finally settle down,\u201d a source close to the Kardashian-Jenner clan tells HollywoodLife.com EXCLUSIVELY.\n\n\u201cKylie knows Anwar is good people and is really hoping Kendall will give him a real chance. Kylie\u2019s way ahead of herself, but she\u2019s already talking about how gorgeous Kendall and Anwar\u2019s babies would look, they\u2019d be supermodels for sure,\u201d our insider continues. Kendall is the only Kar-Jenner who isn\u2019t a mom already, but unlike the rest of her baby-loving family she hasn\u2019t seemed interested in the responsibilities of parenthood yet.\n\n\u201cKylie\u2019s so happy and in love with Travis (Scott) and she wants her sister to have the same thing. She\u2019s very pro-relationship and can\u2019t understand why Kendall is still single. She\u2019s hoping Anwar will fix that,\u201d our source adds. Kendall has not been one to be super physical with a guy in any of her relationships so the fact that she was all over Anwar is a good sign that there might be more to come from these two. Even if it is a little weird that he\u2019s the little brother of her pals Gigi, 23, and Bella Hadid, 21. Kenny did show interest in him back in 2016, with a flirty Instagram pic of her going in to plant a kiss on his cheek, writing in the caption \u201cDibs.\u201d Maybe her wish is finally coming true? He just broke up with girlfriend Nicola Peltz, 23, last month so Kendall didn\u2019t waste any time in making her move. They sure do make for a gorgeous couple.", "images": ["https://web.archive.org/web/20180607200040im_/https://pixel.quantserve.com/pixel?a.1=p-6fKiDaopTGEQg&a.2=p-31f3D02tYU8zY", "https://web.archive.org/web/20180607200040im_/http://b.scorecardresearch.com/p?c1=2&c2=15476338&cv=2.0&cj=1", "https://web.archive.org/web/20180607200040im_/https://pmchollywoodlife.files.wordpress.com/2018/06/kylie-jenner-wants-kendall-and-anwar-to-be-together-ftr.jpg", "https://web.archive.org/web/20180607200040im_/http://pmcfootwearnews.files.wordpress.com/2018/06/balmain-resort-featured.jpg?resize=230%2C135", "https://web.archive.org/web/20180607200040im_/http://pmcdeadline2.files.wordpress.com/2018/06/c071ebd6cec3c44f33eec625f78df8a903ec1d6b138ae9702944af44771725b5040719db4a9197bb6b01001ebc5bc534.jpeg?resize=230%2C135", "https://web.archive.org/web/20180607200040im_/https://pixel.wp.com/b.gif?v=noscript", "https://web.archive.org/web/20180607200040im_/http://i2.wp.com/www.indiewire.com/wp-content/uploads/2018/06/Screen-Shot-2018-06-07-at-12.03.25-PM.png?resize=230%2C135", "https://web.archive.org/web/20180607200040im_/https://pmchollywoodlife.files.wordpress.com/2018/06/chicago-stormi-bffs-ftr-1.jpg?w=143&h=80&crop=1", "https://web.archive.org/web/20180607200040im_/http://pmctvline2.files.wordpress.com/2018/06/lizzy-caplan.jpg?w=200&resize=230%2C135", "https://web.archive.org/web/20180607200040im_/https://s3.amazonaws.com/heartbeat.pmc.com/track?host=hollywoodlife.com&path=%2F2018%2F06%2F06%2Fkylie-jenner-wants-kendall-anwar-hadid-relationship-get-serious-babies%2F&ct=article&lob=hollywoodlife&loc=us&env=desktop&post_id=3173403", "https://web.archive.org/web/20180607200040im_/https://secure.gravatar.com/blavatar/19b58cb6c78c5979ec1022eb449ecdf2?s=144", "https://web.archive.org/web/20180607200040im_/https://pmchollywoodlife.files.wordpress.com/2018/06/mariah-carey-skiny-on-jimmy-kimmel-ftr.jpg?w=143&h=80&crop=1", "https://web.archive.org/web/20180607200040im_/https://pmchollywoodlife.files.wordpress.com/2018/06/kate-upton-maxim-magazine-ftr.jpg?w=143&h=80&crop=1", "https://web.archive.org/web/20180607200040im_/https://0.gravatar.com/avatar/629a3bdca6d1b82dbc92a7226593390f?s=64&d=https%3A%2F%2Fs0.wp.com%2Fi%2Fmu.gif&r=G", "data:image/gif;base64,R0lGODlhAQABAIAAAAAAAP///yH5BAEAAAAALAAAAAABAAEAAAIBRAA7", "https://web.archive.org/web/20180607200040im_/https://pmchollywoodlife.files.wordpress.com/2018/06/kylie-jenner-wants-kendall-and-anwar-to-be-together-ftr.jpg?w=620"], "top_img": "https://web.archive.org/web/20180607200040im_/https://pmchollywoodlife.files.wordpress.com/2018/06/kylie-jenner-wants-kendall-and-anwar-to-be-together-ftr.jpg", "keywords": [], "authors": ["Beth Shilliday"], "canonical_link": "https://web.archive.org/web/20180607200040/http://hollywoodlife.com/2018/06/06/kylie-jenner-wants-kendall-anwar-hadid-relationship-get-serious-babies/", "title": "Kylie Jenner Hoping Kendall Jenner & Anwar Hadid Get Serious & Have \u2018Supermodel Babies\u2019", "meta_data": {"description": "Kylie Jenner is hoping sister Kendall's romance with Anwar Hadid turns into a serious relationship that includes 'supermodel' babies.", "news_keywords": "Anwar Hadid, Kendall Jenner, Kylie Jenner", "generator": "WordPress.com", "og": {"type": "article", "title": "Kylie Jenner Hoping Kendall Jenner & Anwar Hadid Get Serious & Have \u2018Supermodel Babies\u2019", "url": "https://web.archive.org/web/20180607200040/https://hollywoodlife.com/2018/06/06/kylie-jenner-wants-kendall-anwar-hadid-relationship-get-serious-babies/", "description": "Kylie Jenner is hoping sister Kendall has found the right guy with fellow model Anwar Hadid. We\u2019ve got EXCLUSIVE details on how she thinks they\u2019d make beautiful babies together.", "site_name": "Hollywood Life", "image": {"identifier": "https://web.archive.org/web/20180607200040im_/https://pmchollywoodlife.files.wordpress.com/2018/06/kylie-jenner-wants-kendall-and-anwar-to-be-together-ftr.jpg", "width": 620, "height": 349}, "locale": "en_US"}, "article": {"published_time": "2018-06-07T01:27:26+00:00", "modified_time": "2018-06-07T01:27:26+00:00"}, "twitter": {"site": "@HollywoodLife", "text": {"title": "Kylie Jenner Hoping Kendall Jenner & Anwar Hadid Get Serious & Have \u2018Supermodel Babies\u2019"}, "image": "https://web.archive.org/web/20180607200040im_/https://pmchollywoodlife.files.wordpress.com/2018/06/kylie-jenner-wants-kendall-and-anwar-to-be-together-ftr.jpg", "card": "summary_large_image", "title": "Kylie Jenner Hoping Kendall Jenner & Anwar Hadid Get Serious & Have \u2018Supermodel Babies\u2019", "description": "Kylie Jenner is hoping sister Kendall's romance with Anwar Hadid turns into a serious relationship that includes 'supermodel' babies."}, "author": "Beth Shilliday", "fb": {"pages": 94724837471}, "application-name": "Hollywood Life", "msapplication-window": "width=device-width;height=device-height", "msapplication-tooltip": "Latest Hollywood Gossip, News & Celeb Pics", "msapplication-task": "name=Subscribe;action-uri=https://hollywoodlife.com/feed/;icon-uri=https://secure.gravatar.com/blavatar/19b58cb6c78c5979ec1022eb449ecdf2?s=16"}, "movies": [], "publish_date": 1528236000.0, "source": "https://web.archive.org", "summary": ""}