{"url": "www.who.com.au/kanye-west-confirms-he-got-addicted-to-opioids-after-undergoing-lipo-suction-surgery", "text": "\"I had plastic surgery because I was trying to look good for y\u2019all,\" the 40-year-old continued to tell the TMZ journalists.\n\nRELATED: Kanye West Tweets about Lamar Odom amid Khlo\u00e9 Kardashian's Tristan Thompson drama\n\nThe star claimed he was insecure about his body shape particularly after his brother-in-law Rob Kardashian was shamed online during that time period.\n\n\"I got liposuction because I didn\u2019t want y\u2019all to call me fat like y\u2019all called Rob [Kardashian] at the wedding and made him fly home before me and Kim got married. I didn\u2019t want y\u2019all to call me fat so I got liposuction, right, and they gave me opioids, right, and I started taking two of them and then driving to work on the opioids, right?\"\n\nBefore he recounted a conversation he had with an assistant or someone in his entourage, \"Then my boy, and I\u2019d always ask my boy you know, to hand me\u2014we on tour, give me some weed, blah blah blah, so he had to go give me the opioids and there was talk amongst my camp, \u2018yeah he\u2019s popping, yeah he\u2019s popping pills\u2019 right? So when he handed it to me, he said, 'Mr. Ye, you know this is used to kill genius, right?' So I didn\u2019t take it. Two days later, I\u2019m in the hospital. I was taking two pills a day at that time.\"\n\nKanye was, of course, talking about his Pablo tour, which was cut short November 2016 due to his hospitalization.\n\nWe're glad he has worked on his issues and is in a better place now. You can see the rest of Yeezy's speech here.", "images": ["http://www.who.com.au/media/60915/ps-xxx-bws-dropdown-mag-sub-image-who1720.jpg?height=158", "https://www.facebook.com/tr?id=2581274802111615&ev=PageView&noscript=1", "http://www.who.com.au/Branding/Who/images/brand-logo-footer-new.svg", "http://www.who.com.au/Branding/Who/images/enhanced-header-logo.svg", "http://www.who.com.au/media/11644/preview-kanye-west.jpg", "https://snowplow.swm.digital/i?e=se&se_ca=ping&tv=http-get-0.1.0&dtm=0&stm=0&tna=pac&p=web", "http://secure-gl.imrworldwide.com/cgi-bin/m?ci=au-pacmags&cg=0&cc=1&ts=noscript"], "top_img": "http://www.who.com.au/media/11644/preview-kanye-west.jpg", "keywords": [], "authors": ["Abi Moustafa", "A Word Enthusiast", "Bold Lipstick Collector", "Avid Pop Culture Junkie. Am Inclined To Chat Politics But Only After We Discuss Mariah Carey'S Octave Range."], "canonical_link": "https://www.who.com.au/kanye-west-confirms-he-got-addicted-to-opioids-after-undergoing-lipo-suction-surgery", "title": "Kanye West confirms he got addicted to opioids after undergoing lipo suction surgery", "meta_data": {"language": "en-us", "description": "Rapper Kanye West reveals that in the past he has struggled with a drug addiction, confirming he was attached to painkiller opioids after he received lip suction in 2016.", "news_keywords": "Kanye West, Kanye West Taylor Swift, Kanye West Kim Kardashian, Kanye West addiction, Kanye West drug addiction, Kim Kardashian, Kim Kardashian West, TMZ, Opioid crisis, Opioid, Opioids, Opioids drugs, drugs, drug addiction", "robots": "index, follow", "og": {"site_name": "Who", "type": "article", "url": "https://www.who.com.au/kanye-west-confirms-he-got-addicted-to-opioids-after-undergoing-lipo-suction-surgery", "title": "Kanye West confirms he got addicted to opioids after undergoing lipo suction surgery", "description": "Rapper Kanye West reveals that in the past he has struggled with a drug addiction, confirming he was attached to painkiller opioids after he received lip suction in 2016.", "image": {"identifier": "http://www.who.com.au/media/11644/preview-kanye-west.jpg", "width": 1500, "height": 800}}, "twitter": {"title": "Kanye West confirms he got addicted to opioids after undergoing lipo suction surgery", "description": "Rapper Kanye West reveals that in the past he has struggled with a drug addiction, confirming he was attached to painkiller opioids after he received lip suction in 2016.", "image": "http://www.who.com.au/media/11644/preview-kanye-west.jpg", "url": "https://www.who.com.au/kanye-west-confirms-he-got-addicted-to-opioids-after-undergoing-lipo-suction-surgery"}, "msvalidate.01": "3BD3CB44DC500E9821E82E085D0F0D13", "viewport": "width=device-width, initial-scale=1.0", "fb": {"pages": 28734051211}}, "movies": [], "publish_date": 1525227758.518, "source": "http://www.who.com.au", "summary": ""}