{"url": "www.justjared.com/2017/11/27/nominees-robert-pattinson-james-franco-are-scruffy-studs-at-gotham-awards-2017/", "text": "Robert Pattinson and James Franco walk the red carpet at IFP\u2019s 2017 Gotham Independent Film Awards on Monday (November 27) in New York City.\n\nThe guys are both nominated tonight in the Best Actor category \u2013 Robert for his work in Good Time and James for The Disaster Artist. This is just the start of a long awards season for these two!\n\nThe are up against The Florida Project\u2018s Willem Dafoe, Get Out\u2018s Daniel Kaluuya, The Meyerowitz Stories\u2018 Adam Sandler, and Lucky\u2018s Harry Dean Stanton.\n\nFYI: Rob is wearing Dior Homme. James is wearing a Dolce&Gabbana suit. Both of them are rocking some sexy scruff!\n\n10+ pictures inside of Robert Pattinson and James Franco at the event\u2026", "images": ["http://cdn02.cdn.justjared.com/wp-content/themes/default/images/jj-circle-logo-new.gif", "http://cdn04.cdn.justjared.com/wp-content/uploads/headlines/2020/11/royals-christmas.jpg", "http://cdn01.cdn.justjared.com/wp-content/uploads/2017/11/pattinson-gotham/thumbs/robert-pattinson-james-franco-gotham-awards-2017-09.jpg", "http://cdn01.cdn.justjared.com/wp-content/uploads/2017/11/pattinson-gotham/thumbs/robert-pattinson-james-franco-gotham-awards-2017-01.jpg", "http://cdn04.cdn.justjared.com/wp-content/uploads/2017/11/pattinson-gotham/thumbs/robert-pattinson-james-franco-gotham-awards-2017-08.jpg", "http://cdn03.cdn.justjared.com/img/slides/button_play.gif", "http://www.justjared.com/wp-content/uploads/headlines/2020/11/michael-b-jordan-rumors-lori.jpg", "http://pixel.quantserve.com/pixel/p-2bXhGE9g7fCno.gif", "http://cdn01.cdn.justjared.com/wp-content/themes/default/images/toofab_footer2.gif", "http://cdn02.cdn.justjared.com/wp-content/themes/default/images/jjlogo7.gif", "http://cdn01.cdn.justjared.com/wp-content/uploads/2017/11/pattinson-gotham/thumbs/robert-pattinson-james-franco-gotham-awards-2017-05.jpg", "http://cdn04.cdn.justjared.com/wp-content/uploads/2017/11/pattinson-gotham/thumbs/robert-pattinson-james-franco-gotham-awards-2017-04.jpg", "http://cdn01.cdn.justjared.com/wp-content/uploads/headlines/2017/11/pattinson-gotham.jpg", "http://cdn04.cdn.justjared.com/wp-content/uploads/headlines/2020/11/alex-trebek-resting-place-revealed.jpg", "http://cdn03.cdn.justjaredjr.com/wp-content/uploads/headlines/2020/11/noah-beck-joins-dixie-damelio-family-for-pre-thanksgiving-dinner.jpg", "http://cdn02.cdn.justjaredjr.com/wp-content/uploads/headlines/2020/11/5-seconds-of-summer-win-song-of-the-year-at-arias-for-third-time.jpg", "http://cdn02.cdn.justjared.com/wp-content/uploads/2017/11/pattinson-gotham/thumbs/robert-pattinson-james-franco-gotham-awards-2017-02.jpg", "http://cdn03.cdn.justjared.com/wp-content/uploads/2017/11/pattinson-gotham/thumbs/robert-pattinson-james-franco-gotham-awards-2017-11.jpg", "http://cdn03.cdn.justjared.com/wp-content/themes/default/images/jr-circle-logo.gif", "http://cdn02.cdn.justjared.com/wp-content/uploads/2017/11/pattinson-gotham/thumbs/robert-pattinson-james-franco-gotham-awards-2017-10.jpg", "http://cdn04.cdn.justjared.com/wp-content/themes/default/images/tmz_footer.gif", "http://cdn01.cdn.justjared.com/wp-content/uploads/2017/11/pattinson-gotham/thumbs/robert-pattinson-james-franco-gotham-awards-2017-13.jpg", "http://cdn02.cdn.justjared.com/wp-content/uploads/headlines/2020/11/sofia-stalk-links.jpg", "https://sb.scorecardresearch.com/p?c1=7&c2=31732370&c3=874156489745619&cv=2.0&cj=1", "http://cdn04.cdn.justjared.com/img/slides/button_reverse.gif", "http://cdn02.cdn.justjared.com/wp-content/uploads/headlines/2017/11/robert-pattinson-james-franco-gotham-awards-2017.jpg", "http://cdn03.cdn.justjared.com/wp-content/uploads/2017/11/pattinson-gotham/thumbs/robert-pattinson-james-franco-gotham-awards-2017-07.jpg", "http://cdn01.cdn.justjared.com/wp-content/uploads/headlines/2020/11/chrissy-teigen-depression.jpg", "http://cdn03.cdn.justjared.com/wp-content/uploads/2017/11/pattinson-gotham/thumbs/robert-pattinson-james-franco-gotham-awards-2017-03.jpg", "http://cdn04.cdn.justjared.com/wp-content/uploads/2017/11/pattinson-gotham/thumbs/robert-pattinson-james-franco-gotham-awards-2017-12.jpg", "http://cdn02.cdn.justjared.com/wp-content/uploads/2017/11/pattinson-gotham/thumbs/robert-pattinson-james-franco-gotham-awards-2017-06.jpg", "http://cdn03.cdn.justjared.com/wp-content/uploads/sidebar/jjjr_logo_featured.gif", "http://cdn01.cdn.justjaredjr.com/wp-content/uploads/headlines/2020/11/gossip-girl-among-titles-leaving-netflix-in-december-full-list.jpg"], "top_img": "http://cdn01.cdn.justjared.com/wp-content/uploads/headlines/2017/11/pattinson-gotham.jpg", "keywords": [], "authors": [], "canonical_link": "http://www.justjared.com/2017/11/27/nominees-robert-pattinson-james-franco-are-scruffy-studs-at-gotham-awards-2017/", "title": "Nominees Robert Pattinson & James Franco Are Scruffy Studs at Gotham Awards 2017", "meta_data": {"description": "Nominees Robert Pattinson & James Franco Are Scruffy Studs at Gotham Awards 2017 Robert Pattinson and James Franco walk the red carpet at IFP's 2017 Gotham Independent Film Awards on Monday (November 27) in New York City.    The guys are both\u2026", "news_keywords": "2017 Gotham Awards, James Franco, Robert Pattinson", "generator": "WordPress", "og": {"title": "Nominees Robert Pattinson & James Franco Are Scruffy Studs at Gotham Awards 2017", "site_name": "Just Jared", "url": "http://www.justjared.com/2017/11/27/nominees-robert-pattinson-james-franco-are-scruffy-studs-at-gotham-awards-2017/", "type": "article", "description": "See more pics from the event...", "image": "http://cdn01.cdn.justjared.com/wp-content/uploads/headlines/2017/11/pattinson-gotham.jpg"}, "twitter": {"card": "summary_large_image", "site": "@justjared", "url": "http://www.justjared.com/2017/11/27/nominees-robert-pattinson-james-franco-are-scruffy-studs-at-gotham-awards-2017/", "title": "Nominees Robert Pattinson & James Franco Are Scruffy Studs at Gotham Awards 2017", "description": "See more pics from the event...", "image": "http://cdn01.cdn.justjared.com/wp-content/uploads/headlines/2017/11/pattinson-gotham.jpg"}, "msapplication-TileColor": "#eaff00", "theme-color": "#ffffff", "fb": {"app_id": 383087223122520}, "robots": "max-image-preview:large"}, "movies": [], "publish_date": 1511737200.0, "source": "http://www.justjared.com", "summary": ""}