{"url": "https://www.sasse.senate.gov/public/index.cfm/press-releases?ID=BB3AAE5D-F593-4228-9008-C6BCC8D3FC2B", "text": "U.S. Senator Ben Sasse issued the following statement regarding the news that the administration will impose massive steel and aluminum tariffs on our allies in Canada, Mexico, and the European Union.\n\n\"This is dumb. Europe, Canada, and Mexico are not China, and you don\u2019t treat allies the same way you treat opponents. We\u2019ve been down this road before\u2014blanket protectionism is a big part of why America had a Great Depression. 'Make America Great Again' shouldn\u2019t mean 'Make America 1929 Again.'\"", "images": ["https://www.sasse.senate.gov/public/vendor/_skins/sasse/images/seal.png", "https://statse.webtrendslive.com/dcs222ghgh6w4r4w3u7m96f7h_1p5i/njs.gif?dcsuri=/nojavascript&WT.js=No&WT.tv=10.4.0&dcssip=www.sasse.senate.gov"], "top_img": "https://www.sasse.senate.gov/public/vendor/_skins/sasse/images/seal.png", "keywords": [], "authors": [], "canonical_link": "https://www.sasse.senate.gov/public/index.cfm/2018/5/sasse-statement-on-trade-war", "title": "Sasse Statement on Trade War", "meta_data": {"viewport": "width=device-width, initial-scale=1.0", "twitter": {"title": "Sasse Statement on Trade War", "description": "U.S. Senator Ben Sasse issued the following statement regarding the news that the administration will impose massive steel and aluminum tariffs on our allies in Canada, Mexico, and the European Union.\n\n\"This is dumb. Europe, Canada, and Mexico are not China, and you don&rsquo;t treat allies the same way you treat opponents. We&rsquo;ve been down this road before&mdash;blanket protectionism is a big part of why America had a Great Depression. 'Make America Great Again' shouldn&rsquo;t mean 'Make America 1929 Again.'\""}, "og": {"site_name": "Senator Ben Sasse", "type": "article", "title": "Sasse Statement on Trade War", "description": "U.S. Senator Ben Sasse issued the following statement regarding the news that the administration will impose massive steel and aluminum tariffs on our allies in Canada, Mexico, and the European Union.\n\n\"This is dumb. Europe, Canada, and Mexico are not China, and you don&rsquo;t treat allies the same way you treat opponents. We&rsquo;ve been down this road before&mdash;blanket protectionism is a big part of why America had a Great Depression. 'Make America Great Again' shouldn&rsquo;t mean 'Make America 1929 Again.'\"", "url": "/public/index.cfm/2018/5/sasse-statement-on-trade-war"}}, "movies": [], "publish_date": null, "source": "https://www.sasse.senate.gov", "summary": ""}