{"url": "https://www.express.co.uk/news/nature/792366/April-giraffe-birth-baby-BOY-sex-revealed-New-York-Animal-Adventure-Park", "text": "The zoo which live streamed the birth will now hold a competition to name the tiny calf. The baby was born at around 2.55pm BST on Saturday April, 15 with nearly one million people watching the live stream. After weeks of patiently waiting viewers were stunned by the birth.\n\nANIMAL ADVENTURE PARK April the giraffe gives birth: New York zoo reveals calf is a BOY\n\nANIMAL ADVENTURE PARK April the giraffe gets to know her son: Calf finally born in New York\n\nNow, they will get the chance to name April's fourth calf. There was an initial delay in announcing the sex of the calf as veterinarians at the zoo wanted to give the pair time to meet one another properly. April is now taking care of her newborn calf and the YouTube live stream from her upstate New York zoo continues. Some claimed now is the most heart-warming part of the long awaited birth.\n\nLive pictures: April the Giraffe Wed, April 19, 2017 Live pictures of April the giraffe at Animal Adventure Park in New York Play slideshow Animal Adventure Park 1 of 29\n\nWe are proud to announce that April the Giraffe had her calf this morning and....it's a boy Animal Adventure Park\n\nOne Twitter user said: \"So the 800,000 people that stopped watching #AprilTheGiraffe after the baby was born are missing the suckling and nuzzling and awwwwww.\" The pregnancy lasted 15 months, while the birth itself took very little time. April, 15, gave birth under the watchful eye of the calf's father Ollie, aged five. A message from the Animal Adventure Park said: \"We are proud to announce that April the Giraffe had her calf this morning and....it's a boy.\"\n\nANIMAL ADVENTURE PARK April giving birth: Tens of thousands watched as April the giraffe gave birth", "images": ["https://cdn.images.express.co.uk/img/static/share/comment.png", "https://cdn.images.express.co.uk/img/static/share/copylink.png", "https://cdn.images.express.co.uk/img/page/placeholder.gif", "https://analytics.twitter.com/i/adsct?txn_id=l4f18&p_id=Twitter", "https://cdn.images.express.co.uk/img/page/placeholder-vertical.gif", "https://cdn.images.express.co.uk/img/page/preloaderbig.gif", "https://cdn.images.express.co.uk/img/dynamic/128/750x445/792366.jpg", "https://cdn.images.express.co.uk/img/static/share/pinterest.png", "https://cdn.images.express.co.uk/img/page/placeholder-horizontal.gif", "https://cdn.images.express.co.uk/img/dynamic/galleries/x701/233908.jpg", "https://t.co/i/adsct?txn_id=l4f18&p_id=Twitter", "https://cdn.images.express.co.uk/img/static/share/twitter.png", "https://cdn.images.express.co.uk/img/static/share/facebook.png", "https://www.facebook.com/tr?id=568781449942811&ev=PageView&noscript=1", "https://googleads.g.doubleclick.net/pagead/viewthroughconversion/1068671835/?value=0&label=u9gYCOmHtQYQ28bK_QM&guid=ON&script=0", "https://sb.scorecardresearch.com/p?c1=2&c2=6035737&cv=2.0&cj=1", "https://cdn.images.express.co.uk/img/static/share/linkedin.png"], "top_img": "https://cdn.images.express.co.uk/img/dynamic/128/750x445/792366.jpg", "keywords": [], "authors": ["Zoie O'Brien", "Animal Adventure Park"], "canonical_link": "https://www.express.co.uk/news/nature/792366/April-giraffe-birth-baby-BOY-sex-revealed-New-York-Animal-Adventure-Park", "title": "April the giraffe baby sex revealed: Giraffe calf is a BOY", "meta_data": {"viewport": "width=device-width, initial-scale=1", "description": "April the giraffe gave birth to a baby BOY - a New York zoo has revealed.", "fb": {"pages": 129617873765147, "app_id": 823607694325129}, "og": {"title": "It's a BOY: April the giraffe gave birth to a SON -  New York zoo reveals", "type": "article", "url": "https://www.express.co.uk/news/nature/792366/April-giraffe-birth-baby-BOY-sex-revealed-New-York-Animal-Adventure-Park", "image": "https://cdn.images.express.co.uk/img/dynamic/128/750x445/792366.jpg", "site_name": "Express.co.uk", "language": "en", "tags": "headlines,autoplay_video,April giraffe,sex revealed,Boy,Son,Animal Adventure Park", "section": "Nature", "description": "April the giraffe gave birth to a baby BOY - a New York zoo has revealed."}, "news_keywords": "headlines,autoplay_video,April giraffe,sex revealed,Boy,Son,Animal Adventure Park", "article": {"tag": "Animal Adventure Park", "published_time": "2017-04-15T18:13:00+01:00", "modified_time": "2017-04-15T21:35:14+01:00", "expiration_time": "2017-05-15", "section": "Nature", "image_count": 3, "video_count": 1, "word_count": 287, "internal_link_count": 3, "external_link_count": 0, "opinion": "false", "content_tier": "free"}, "author": "Zoie O'Brien", "twitter": {"card": "summary_large_image", "image": {"src": "https://cdn.images.express.co.uk/img/dynamic/128/750x445/792366.jpg"}, "title": "It's a BOY: April the giraffe gave birth to a SON -  New York zoo reveals", "description": "April the giraffe gave birth to a baby BOY - a New York zoo has revealed."}, "video_autoplay": "false", "headline_short": "It's a BOY: April the giraffe gave birth to a SON -  New York zoo reveals", "vf": {"container_id": "express-prod-792366"}, "verify-v1": "EGl3XPBuem43awGwLC1rXGpRHRnmNSwp7VZfnCAAcKE=", "msvalidate.01": "1960193A20395DAD3FCB640BCB0D91D7", "apple-mobile-web-app-capable": "yes", "mobile-web-app-capable": "yes", "robots": "noodp,noydir,all"}, "movies": [], "publish_date": 1492276380.0, "source": "https://www.express.co.uk", "summary": ""}