{"url": "radaronline.com/exclusives/2017/07/beyonce-jay-z-hire-staff-twins-rumi-sir/", "text": "Click to share on Twitter (Opens in new window)\n\nClick to share on Facebook (Opens in new window)\n\nBeyonce & Jay-Z Hire 18 New Employees After Twins Sir and Rumi's Arrival Newborns now have six nannies, two maids and more!\n\nMoney\u2019s no object when it comes to Beyonce and Jay-Z\u2019s newborn twins!\n\nRadarOnline.com can exclusively reveal that the music power couple have added another 18 new people to the payroll now that their son Sir and daughter Rumi have joined their big sister Blue Ivy at home.\n\n\u201cThis includes additional security, upgraded bullet-proof vehicles, six nannies, two maids, and a 24/7 rotating team of nurses,\u201d an insider told Radar.\n\nRumi and Sir \u201ceven have a financial investment advisor working for them, setting up trademarks and trusts in the babies\u2019 names,\u201d continued the insider.\n\n\u201cThey\u2019ve also employed an expert to establish social media names and tags for the babies,\u201d added the insider.\n\nSurprisingly, adding almost two-dozen extra employees to Beyonce, 35, and 47-year-old Jay-Z\u2019s already sizeable staff is absolutely no problem for the devoted parents, who just moved into a $25 million Malibu mansion.\n\n\u201cBey and Jay\u2019s entourage just got a hell of lot bigger, thanks to the twins, but they have the cash to do it.\u201d\n\nWe pay for juicy info! Do you have a story for RadarOnline.com? Email us at tips@radaronline.com, or call us at 800-344-9598 any time, day or night.", "images": ["https://i0.heartyhosting.com/radaronline.com/wp-content/uploads/2019/03/scandal-bg.jpg?fit=1440%2C210&ssl=1", "https://i0.heartyhosting.com/radaronline.com/wp-content/uploads/2017/07/beyonce-jay-z-staff-twins-rumi-sir-pp.jpg?resize=1200%2C630&ssl=1", "https://i0.heartyhosting.com/radaronline.com/wp-content/uploads/2019/03/logo-celebrity-news.png?ssl=1", "https://i0.heartyhosting.com/radaronline.com/wp-content/uploads/2019/03/reality-tv-bg.jpg?fit=1440%2C210&ssl=1", "https://i0.heartyhosting.com/radaronline.com/wp-content/uploads/2019/03/logo-scandal.png?fit=307%2C70&ssl=1", "https://i0.heartyhosting.com/radaronline.com/wp-content/uploads/2019/03/logo-true-crime-b.png?fit=357%2C70&ssl=1", "https://i0.heartyhosting.com/radaronline.com/wp-content/uploads/2019/03/logo-omg.png?fit=188%2C70&ssl=1", "https://i0.heartyhosting.com/radaronline.com/wp-content/uploads/2019/03/celebrity-news-bg.jpg?fit=1440%2C210&ssl=1", "https://i0.heartyhosting.com/radaronline.com/wp-content/uploads/2020/02/KUWTK-Kim-Kardashian-Denies-Booed-Tristan-Thompson-NBA-Game-pp.jpg?w=384&crop=0%2C20px%2C384px%2C215px&resize=384%2C215&ssl=1", "https://i0.heartyhosting.com/radaronline.com/wp-content/uploads/2017/07/beyonce-jay-z-staff-twins-rumi-sir-pp.jpg?resize=792%2C446&ssl=1", "https://i0.heartyhosting.com/radaronline.com/wp-content/uploads/2019/03/logo-fashion-police.png?fit=489%2C70&ssl=1", "https://i0.heartyhosting.com/radaronline.com/wp-content/uploads/2019/03/logo-celebrity-news-b.png?fit=495%2C70&ssl=1", "https://i0.heartyhosting.com/radaronline.com/wp-content/uploads/2020/11/meghan-miscarriage.jpeg?w=384&crop=0%2C20px%2C384px%2C215px&resize=384%2C215&ssl=1", "https://i0.heartyhosting.com/radaronline.com/wp-content/uploads/2019/03/logo-reality-tv.png?fit=370%2C70&ssl=1", "https://i0.heartyhosting.com/radaronline.com/wp-content/uploads/2020/11/bobby-bobby-jrjpeg.jpeg?w=384&crop=0%2C20px%2C384px%2C215px&resize=384%2C215&ssl=1", "https://radaronline.com/wp-content/themes/vip/am-radaronline/assets/build/images/icons/logo-tag-registered.svg", "https://radaronline.com/wp-content/themes/vip/am-radaronline/assets/build/images/icons/logo-tag-registered-green.svg", "https://i0.heartyhosting.com/radaronline.com/wp-content/uploads/2019/03/true-crime-bg.jpg?fit=1440%2C210&ssl=1", "https://i0.heartyhosting.com/radaronline.com/wp-content/uploads/2019/03/omg-bg.jpg?fit=1440%2C210&ssl=1", "https://i0.heartyhosting.com/radaronline.com/wp-content/uploads/2019/03/fashion-police-bg.jpg?fit=1440%2C210&ssl=1", "https://i0.heartyhosting.com/radaronline.com/wp-content/uploads/2020/11/miley-cyrus-sobriety.jpeg?w=384&crop=0%2C20px%2C384px%2C215px&resize=384%2C215&ssl=1"], "top_img": "https://i0.heartyhosting.com/radaronline.com/wp-content/uploads/2017/07/beyonce-jay-z-staff-twins-rumi-sir-pp.jpg?resize=1200%2C630&ssl=1", "keywords": [], "authors": ["Radar Staff", "July"], "canonical_link": "https://radaronline.com/videos/beyonce-jay-z-hire-staff-twins-rumi-sir/", "title": "Beyonce & Jay-Z Hire 18 New Employees After Twins Sir and Rumi's Arrival", "meta_data": {"viewport": "width=device-width, initial-scale=1.0", "fb": {"admins": 593583017, "app_id": 1008772232528225, "pages": 376279216711}, "theme-color": "#ffffff", "google-site-verification": "kONM_PqGX8Za53dFcExSTIIPZxxN_S4QtvDlONzzdA0", "description": "Jay-Z and Beyonce have added another 18 new people to the payroll now that their son Sir and daughter Rumi have joined their big sister Blue Ivy at home.", "robots": "index, follow, max-snippet:-1, max-image-preview:large, max-video-preview:-1", "og": {"locale": "en_US", "type": "article", "title": "Beyonce & Jay-Z Hire 18 New Employees After Twins Sir and Rumi's Arrival", "description": "Jay-Z and Beyonce have added another 18 new people to the payroll now that their son Sir and daughter Rumi have joined their big sister Blue Ivy at home.", "url": "https://radaronline.com/videos/beyonce-jay-z-hire-staff-twins-rumi-sir/", "site_name": "RadarOnline", "updated_time": "2017-07-20T11:01:56+00:00", "image": {"identifier": "https://i0.heartyhosting.com/radaronline.com/wp-content/uploads/2017/07/beyonce-jay-z-staff-twins-rumi-sir-pp.jpg?resize=1200%2C630&ssl=1", "secure_url": "https://i0.heartyhosting.com/radaronline.com/wp-content/uploads/2017/07/beyonce-jay-z-staff-twins-rumi-sir-pp.jpg?resize=1200%2C630&ssl=1", "width": 1200, "height": 630}}, "article": {"published_time": "2017-07-20T11:01:56+00:00"}, "twitter": {"card": "summary_large_image", "title": "Beyonce & Jay-Z Hire 18 New Employees After Twins Sir and Rumi's Arrival", "description": "Jay-Z and Beyonce have added another 18 new people to the payroll now that their son Sir and daughter Rumi have joined their big sister Blue Ivy at home.", "image": "https://i0.heartyhosting.com/radaronline.com/wp-content/uploads/2017/07/beyonce-jay-z-staff-twins-rumi-sir-pp.jpg?resize=1200%2C630&ssl=1"}, "news_keywords": "Beyonce", "generator": "WordPress 5.5.3"}, "movies": [], "publish_date": 1500548516.0, "source": "http://radaronline.com", "summary": ""}