{"url": "people.com/music/rihanna-responds-feuding-boyfriend-photos-lion-meme/", "text": "Days after the songstress was photographed in an apparent argument with her rumored boyfriend, Rihanna lightheartedly responded to the tabloid story\n\nRihanna Responds to Photos of Her Feuding with Boyfriend Hassan Jameel with Lion Meme\n\nRihanna\u2018s roar may be worse than her bite.\n\nDays after the 30-year-old songstress was photographed in an apparent argument with her rumored boyfriend, Saudi businessman Hassan Jameel, she seemed to lightheartedly respond to the tabloid story with a meme on her Instagram page.\n\nGet push notifications with news, features and more.\n\n\u201cwhen u think u know more bout soccer \ud83d\ude3c\ud83d\udcaa\ud83c\udfff #worldcup2018,\u201d Rihanna captioned the image of a male lion timidly backing away from the growling female feline, which somewhat resembled her passionately pointing fingers at Jameel while in Puerto Vallarta, Mexico.\n\nOf course, it\u2019s unknown if the duo were really feuding over soccer or the star was just trying to break the tension before gossip ran wild. What is clear is that Rihanna is a super fan of the tournament \u2014 she was even cheering from the stands when Germany bested Argentina 1-0 to win the 2014 World Cup.\n\nThe \u201cWild Thoughts\u201d hitmaker remained coy while talking about her current relationship in Vogue\u2018s June cover story.\n\n\u201cI used to feel guilty about taking personal time, but I also think I never met someone who was worth it before,\u201d she explained.\n\nBack in June 2017, the Ocean\u2019s 8 star and Jameel were spotted kissing and grabbing coffee together. Since then, the two have been photographed together a few times \u2014 including in October, when a source told PEOPLE they were \u201ccanoodling all night\u201d while grabbing dinner and bowling with a group of friends in Cambridge, Massachusetts.\n\nRELATED VIDEO: Rihanna Wears Pope Hat, Robe and Intricately Bejeweled Dress to Catholic-Themed 2018 Met Gala\n\nIn December, Rihanna also sparked rumors of an engagement when she rocked a sizable diamond on that finger to Chris Rock\u2019s show at Madison Square Garden in New York City. However, a source confirmed to PEOPLE that the Doyle & Doyle antique brown diamond cluster ring is not linked to an engagement.\n\nImage zoom Rihanna and Hassan Jameel | Credit: Getty; Abdul Latif Jameel", "images": ["https://imagesvc.meredithcorp.io/v3/mm/image?url=https%3A%2F%2Fstatic.onecms.io%2Fwp-content%2Fuploads%2Fsites%2F20%2F2020%2F11%2F12%2Fthanksgiving-covid-150x150.jpg", "https://imagesvc.meredithcorp.io/v3/mm/image?url=https%3A%2F%2Fstatic.onecms.io%2Fwp-content%2Fuploads%2Fsites%2F20%2F2016%2F05%2F06%2Fprincess-diana-21.jpg", "https://imagesvc.meredithcorp.io/v3/mm/image?url=https%3A%2F%2Fstatic.onecms.io%2Fwp-content%2Fuploads%2Fsites%2F20%2F2020%2F07%2F23%2Ftout.jpg", "https://peopledotcom.files.wordpress.com/2018/09/thumbnail_generic.png", "data:image/svg+xml,%3Csvg%20xmlns='http://www.w3.org/2000/svg'%20viewBox='0%200%20100%20100'%3E%3C/svg%3E", "data:image/svg+xml,%3Csvg%20xmlns='http://www.w3.org/2000/svg'%20viewBox='0%200%20100%2067'%3E%3C/svg%3E", "https://imagesvc.meredithcorp.io/v3/mm/image?url=https%3A%2F%2Fstatic.onecms.io%2Fwp-content%2Fuploads%2Fsites%2F20%2F2020%2F08%2F04%2Fcoyote-ugly-2000.jpg", "https://imagesvc.meredithcorp.io/v3/mm/image?url=https%3A%2F%2Fstatic.onecms.io%2Fwp-content%2Fuploads%2Fsites%2F20%2F2020%2F07%2F19%2Ftiaras-2.jpg", "https://imagesvc.meredithcorp.io/v3/mm/image?url=https%3A%2F%2Fstatic.onecms.io%2Fwp-content%2Fuploads%2Fsites%2F20%2F2017%2F11%2Frihanna7-1.jpg", "https://imagesvc.meredithcorp.io/v3/mm/image?url=https%3A%2F%2Fstatic.onecms.io%2Fwp-content%2Fuploads%2Fsites%2F20%2F2020%2F11%2F12%2Fcat-phone.jpg", "https://imagesvc.meredithcorp.io/v3/mm/image?q=85&c=sc&poi=face&w=1250&h=654&url=https%3A%2F%2Fstatic.onecms.io%2Fwp-content%2Fuploads%2Fsites%2F20%2F2017%2F11%2Frihanna7-1.jpg"], "top_img": "https://imagesvc.meredithcorp.io/v3/mm/image?q=85&c=sc&poi=face&w=1250&h=654&url=https%3A%2F%2Fstatic.onecms.io%2Fwp-content%2Fuploads%2Fsites%2F20%2F2017%2F11%2Frihanna7-1.jpg", "keywords": [], "authors": ["Stephanie Petit"], "canonical_link": "https://people.com/music/rihanna-responds-feuding-boyfriend-photos-lion-meme/", "title": "Rihanna Responds to Photos of Her Feuding with Boyfriend Hassan Jameel with Lion Meme", "meta_data": {"viewport": "width=device-width, initial-scale=1", "keywords": "Couples,Music News,News,Rihanna", "news_keywords": "Couples,Music News,News,Rihanna", "description": "Days after the\u00a0songstress was photographed in an apparent argument with her rumored boyfriend,\u00a0Rihanna lightheartedly responded to the tabloid story", "og": {"title": "Rihanna Responds to Photos of Her Feuding with Boyfriend Hassan Jameel with Lion Meme", "type": "article", "site_name": "PEOPLE.com", "url": "https://people.com/music/rihanna-responds-feuding-boyfriend-photos-lion-meme/", "description": "Days after the\u00a0songstress was photographed in an apparent argument with her rumored boyfriend,\u00a0Rihanna lightheartedly responded to the tabloid story", "image": {"identifier": "https://imagesvc.meredithcorp.io/v3/mm/image?q=85&c=sc&poi=face&w=1250&h=654&url=https%3A%2F%2Fstatic.onecms.io%2Fwp-content%2Fuploads%2Fsites%2F20%2F2017%2F11%2Frihanna7-1.jpg", "width": 1250, "height": 654}}, "pinterest": {"url": "https://people.com/music/rihanna-responds-feuding-boyfriend-photos-lion-meme/", "description": "Days after the\u00a0songstress was photographed in an apparent argument with her rumored boyfriend,\u00a0Rihanna lightheartedly responded to the tabloid story", "media": "https://imagesvc.meredithcorp.io/v3/mm/image?url=https%3A%2F%2Fstatic.onecms.io%2Fwp-content%2Fuploads%2Fsites%2F20%2F2017%2F11%2Frihanna7-1.jpg"}, "twitter": {"card": "summary_large_image", "url": "https://people.com/music/rihanna-responds-feuding-boyfriend-photos-lion-meme/", "title": "Rihanna Responds to Photos of Her Feuding with Boyfriend Hassan Jameel with Lion Meme", "description": "Days after the\u00a0songstress was photographed in an apparent argument with her rumored boyfriend,\u00a0Rihanna lightheartedly responded to the tabloid story", "site": "@people", "image": "https://imagesvc.meredithcorp.io/v3/mm/image?q=85&c=sc&poi=face&w=1250&h=654&url=https%3A%2F%2Fstatic.onecms.io%2Fwp-content%2Fuploads%2Fsites%2F20%2F2017%2F11%2Frihanna7-1.jpg"}, "robots": "max-image-preview:large", "fb": {"app_id": 610948219662029, "pages": 95926963131}, "article": {"opinion": "false"}, "p": {"domain_verify": "755183be01bfc739a9cac6673f1f2c1b"}}, "movies": [], "publish_date": null, "source": "http://people.com", "summary": ""}