{"url": "https://web.archive.org/web/20081006202026/http://abcnews.go.com:80/Politics/Decision2008/story?id=3498294,", "text": "Please Note:\n\nYou've requested an ABCNews.com page that does not exist.\n\nIf you've reached this page by selecting a bookmark that worked previously, it's likely the file moved to a new location because of our recent redesign. Please update your bookmarks.\n\nIf you still can't find the page your looking for, check out our homepage or use the search form below:", "images": ["https://web.archive.org/web/20081006202026im_/http://a.abcnews.com/assets/images/corner-bot_right.gif", "https://web.archive.org/web/20081006202026im_/http://a.abcnews.com/assets/images/corner-bot_left.gif", "https://web.archive.org/web/20081006202026im_/http://a.abcnews.com/assets/images/cap-top_left.gif", "https://web.archive.org/web/20081006202026im_/http://a.abcnews.com/assets/images/cap-bot_right.gif", "https://web.archive.org/web/20081006202026im_/http://a.abcnews.com/assets/images/logo-abcnews_23_08.gif", "https://web.archive.org/web/20081006202026im_/http://a.abcnews.com/assets/images/corner-top_left.gif", "https://web.archive.org/web/20081006202026im_/http://adsatt.abcnews.starwave.com/ad/sponsors/ABCNews_House/Oct_2008/abcn-322x70-0126.jpg", "https://web.archive.org/web/20081006202026im_/http://a.abcnews.com/assets/images/cap-top_right.gif", "https://web.archive.org/web/20081006202026im_/http://a.abcnews.com/assets/images/corner-top_right.gif", "https://web.archive.org/web/20081006202026im_/http://a.abcnews.com/assets/images/spacer.gif", "https://web.archive.org/web/20081006202026im_/http://adsatt.abcnews.starwave.com/ad/sponsors/dennys/Sep_2008/denn-322x70-0004.gif", "https://web.archive.org/web/20081006202026im_/http://a.abcnews.com/assets/images/cap-bot_left.gif"], "top_img": "", "keywords": [], "authors": ["Abc News"], "canonical_link": "", "title": "ABC News: ABC News", "meta_data": {"robots": "index, follow", "author": "ABC News", "Copyright": "Copyright (c) 2008 ABC News Internet Ventures", "description": "ABC News: Online news, breaking news, feature stories and more", "keywords": "online news, breaking news, headline news, news articles, local news, us news, world news, online news, abc news, abcnews, abc news online"}, "movies": [], "publish_date": null, "source": "https://web.archive.org", "summary": ""}