{"url": "people.com/tv/ellen-degeneres-portia-de-rossi-nine-year-wedding-anniversary-tribute/", "text": "The couple tied the knot on Aug. 16, 2008, with an intimate ceremony in their L.A. home\n\nNine years ago on Wednesday, the couple tied the knot. And in celebration of their anniversary, DeGeneres, 59, shared a loving tribute to Instagram!\n\nGet push notifications with news, features and more.\n\n\u201c@PortiadeRossi and I got married 9 years ago today,\u201d the Ellen DeGeneres Show host captioned a smiling, black-and-white photo of the pair on their wedding day. \u201cBeing her wife is the greatest thing I am.\u201d\n\nSinger Joshua Radin, who performed at the couple\u2019s wedding, also took to the photo and video-sharing app to celebrate their union.\n\n\u201cNine years ago today, these two incredible women got married and asked me to sing some of my songs to them while they were celebrating their most special day. It\u2019s still one of the most fun things I\u2019ve ever done,\u201d Radin wrote. \u201cHappy anniversary @theellenshow and @portiaderossi.\u201d\n\nDuring an interview with Oprah Winfrey, de Rossi recalled about falling for DeGeneres. \u201cWe actually met socially and I just felt that immediate draw,\u201d she said. \u201cWe did talk a little bit and then over those three years, we saw each other at parties or at various things, but the one time that was the most significant was during a photoshoot actually.\u201d\n\nShe continued: \u201cI just walked over to say hello to her, and I couldn\u2019t believe it, but she turned around and it was like an arrow was shot through my heart. I felt weak at the knees and I was overwhelmed with how I felt, but then it took me about 10 months to get the courage up to actually do anything about it.\u201d\n\nFROM PEN: Jada Pinkett Smith Talks Celebrating 20 Years with Will Smith\n\nIn a 2008 episode of her talk show, DeGeneres announced her plans to wed de Rossi; the reveal followed the news that the California Supreme Court had struck down a law banning same-sex marriage. The happy couple later showed off their engagement bling on the Daytime Emmys red carpet that same year.\n\nThat August, the couple tied the knot with an intimate ceremony in their L.A. home. (To see more of their cute moments from throughout the years, click here).", "images": ["https://imagesvc.meredithcorp.io/v3/mm/image?url=https%3A%2F%2Fstatic.onecms.io%2Fwp-content%2Fuploads%2Fsites%2F20%2F2020%2F11%2F12%2Fthanksgiving-covid-150x150.jpg", "https://imagesvc.meredithcorp.io/v3/mm/image?url=https%3A%2F%2Fstatic.onecms.io%2Fwp-content%2Fuploads%2Fsites%2F20%2F2016%2F05%2F06%2Fprincess-diana-21.jpg", "https://imagesvc.meredithcorp.io/v3/mm/image?url=https%3A%2F%2Fstatic.onecms.io%2Fwp-content%2Fuploads%2Fsites%2F20%2F2020%2F07%2F23%2Ftout.jpg", "https://peopledotcom.files.wordpress.com/2018/09/thumbnail_generic.png", "data:image/svg+xml,%3Csvg%20xmlns='http://www.w3.org/2000/svg'%20viewBox='0%200%20100%20100'%3E%3C/svg%3E", "https://imagesvc.meredithcorp.io/v3/mm/image?q=85&c=sc&poi=face&w=2000&h=1047&url=https%3A%2F%2Fstatic.onecms.io%2Fwp-content%2Fuploads%2Fsites%2F20%2F2017%2F08%2Fellen-degeneres-portia-de-rossi.jpg", "https://imagesvc.meredithcorp.io/v3/mm/image?url=https%3A%2F%2Fstatic.onecms.io%2Fwp-content%2Fuploads%2Fsites%2F20%2F2020%2F08%2F04%2Fcoyote-ugly-2000.jpg", "https://imagesvc.meredithcorp.io/v3/mm/image?url=https%3A%2F%2Fstatic.onecms.io%2Fwp-content%2Fuploads%2Fsites%2F20%2F2020%2F07%2F19%2Ftiaras-2.jpg", "https://imagesvc.meredithcorp.io/v3/mm/image?url=https%3A%2F%2Fstatic.onecms.io%2Fwp-content%2Fuploads%2Fsites%2F20%2F2020%2F11%2F12%2Fcat-phone.jpg"], "top_img": "https://imagesvc.meredithcorp.io/v3/mm/image?q=85&c=sc&poi=face&w=2000&h=1047&url=https%3A%2F%2Fstatic.onecms.io%2Fwp-content%2Fuploads%2Fsites%2F20%2F2017%2F08%2Fellen-degeneres-portia-de-rossi.jpg", "keywords": [], "authors": ["Natalie Stone"], "canonical_link": "https://people.com/tv/ellen-degeneres-portia-de-rossi-nine-year-wedding-anniversary-tribute/", "title": "Ellen DeGeneres Celebrates 9 Years of Marriage to Portia de Rossi with Tribute", "meta_data": {"viewport": "width=device-width, initial-scale=1", "keywords": "Anniversaries,Ellen DeGeneres,Marriage,News,Portia de Rossi,TV", "news_keywords": "Anniversaries,Ellen DeGeneres,Marriage,News,Portia de Rossi,TV", "description": "The couple tied the knot on Aug. 16, 2008, with an intimate ceremony in their L.A. home", "og": {"title": "Ellen DeGeneres Celebrates 9 Years of Marriage to Portia de Rossi with Tribute", "type": "article", "site_name": "PEOPLE.com", "url": "https://people.com/tv/ellen-degeneres-portia-de-rossi-nine-year-wedding-anniversary-tribute/", "description": "The couple tied the knot on Aug. 16, 2008, with an intimate ceremony in their L.A. home", "image": {"identifier": "https://imagesvc.meredithcorp.io/v3/mm/image?q=85&c=sc&poi=face&w=2000&h=1047&url=https%3A%2F%2Fstatic.onecms.io%2Fwp-content%2Fuploads%2Fsites%2F20%2F2017%2F08%2Fellen-degeneres-portia-de-rossi.jpg", "width": 2000, "height": 1047}}, "pinterest": {"url": "https://people.com/tv/ellen-degeneres-portia-de-rossi-nine-year-wedding-anniversary-tribute/", "description": "The couple tied the knot on Aug. 16, 2008, with an intimate ceremony in their L.A. home", "media": "https://imagesvc.meredithcorp.io/v3/mm/image?url=https%3A%2F%2Fstatic.onecms.io%2Fwp-content%2Fuploads%2Fsites%2F20%2F2017%2F08%2Fellen-degeneres-portia-de-rossi.jpg"}, "twitter": {"card": "summary_large_image", "url": "https://people.com/tv/ellen-degeneres-portia-de-rossi-nine-year-wedding-anniversary-tribute/", "title": "Ellen DeGeneres Celebrates 9 Years of Marriage to Portia de Rossi with Tribute", "description": "The couple tied the knot on Aug. 16, 2008, with an intimate ceremony in their L.A. home", "site": "@people", "image": "https://imagesvc.meredithcorp.io/v3/mm/image?q=85&c=sc&poi=face&w=2000&h=1047&url=https%3A%2F%2Fstatic.onecms.io%2Fwp-content%2Fuploads%2Fsites%2F20%2F2017%2F08%2Fellen-degeneres-portia-de-rossi.jpg"}, "robots": "max-image-preview:large", "fb": {"app_id": 610948219662029, "pages": 95926963131}, "article": {"opinion": "false"}, "p": {"domain_verify": "755183be01bfc739a9cac6673f1f2c1b"}}, "movies": [], "publish_date": null, "source": "http://people.com", "summary": ""}