{"url": "hollywoodlife.com/2017/08/01/anthony-scaramucci-katrina-pierson-dating-relationship/", "text": "Well, that was quick! Multiple reports claim that Trump\u2019s recently fired communications director, Anthony Scaramucci, could be secretly dating CNN contributor, Katrina Pierson.\n\nAnthony Scaramucci, 53, might have found love despite losing his wife and job all in the same two-week timespan. The unemployed father of four was spotted having dinner at Trump Hotel\u2019s BLT Prime restaurant in Washington, DC just moments after being fired, reports Raw Story. But, he wasn\u2019t alone! Anthony was allegedly enjoying dinner with Katrina Pierson, 41, a political strategist who also appears as a contributor on CNN from time-to-time. Katrina is adamantly pro-Trump and was very briefly rumored to be replacing Anthony once he was fired, though she quickly took to Twitter to confirm that was definitely not going to happen.\n\nAccording to the Daily Mail, Anthony and Katrina were with a small group of people and they chose a corner table in hopes of being secluded from the public. Anthony and Katrina were seated directly next to each other, and eyewitnesses claim that Anthony spent almost the entire meal staring at his phone instead of eating. We\u2019re sure that he was upset about being fired, so this makes total sense. Though it\u2019s unclear what the relationship between Anthony and Katrina is, she also took to Twitter to defend his firing by revealing he was fired at 8am that day and managed to keep the news from leaking to the press. She also didn\u2019t hesitate to poke fun at the rumors they might be dating, though as you can see in the tweet below she doesn\u2019t specifically address the alleged relationship:\n\nHow does one \"secretly\" dine at the #TRUMP hotel?? \ud83d\ude02\ud83d\ude02\ud83d\ude02 #MAGA \ud83c\uddfa\ud83c\uddf8 \u2014 Katrina Pierson (@KatrinaPierson) August 1, 2017\n\nTell us, HollywoodLifers \u2014 What do YOU think about the rumors that Anthony might be dating Katrina? Comment below, let us know.", "images": ["https://hollywoodlife.com/wp-content/uploads/2020/11/lori-harvey-michael.b-jordan-spotted-ap-ftr-1.jpg?w=143&h=80&crop=1", "https://hollywoodlife.com/wp-content/uploads/2017/08/is-anthony-scaramucci-dating-cnn-contributor-katrina-pierson-spotted-out-together-after-being-fired-by-trump-ftr.jpg", "https://hollywoodlife.com/wp-content/uploads/2020/11/Megan-Thee-Stallion-Admits-She-Has-\u2018Chemistry-With-DaBaby-ap-ftr.jpg?w=143&h=80&crop=1", "https://hollywoodlife.com/wp-content/uploads/2020/11/christina-milian-one-piece-swimsuit-splashnews-ftr.jpg?w=143&h=80&crop=1", "https://www.rollingstone.com/wp-content/uploads/2020/09/macys-parade-going-virtual.jpg?w=230&crop=1", "http://pixel.quantserve.com/pixel?a.1=p-6fKiDaopTGEQg&a.2=p-31f3D02tYU8zY", "https://tvline.com/wp-content/uploads/2020/11/the-prom-movie-trailer.jpg?w=230&crop=1", "https://sb.scorecardresearch.com/p?c1=2&c2=6035310&c3=&c4=&c5=&c6=&c15=&cv=2.0&cj=1", "https://stylecaster.com/wp-content/uploads/2020/11/rothys-black-friday-collection-copy.jpg?w=230&crop=1", "https://hollywoodlife.com/wp-content/uploads/2017/08/is-anthony-scaramucci-dating-cnn-contributor-katrina-pierson-spotted-out-together-after-being-fired-by-trump-ftr.jpg?w=620", "data:image/gif;base64,R0lGODlhAQABAIAAAAAAAP///yH5BAEAAAAALAAAAAABAAEAAAIBRAA7", "https://www.sheknows.com/wp-content/uploads/2020/11/ols5-092119-4402-a-7-1.jpg?w=230&crop=1", "https://footwearnews.com/wp-content/uploads/2020/11/dollar-tree-store.jpg?w=230&crop=1"], "top_img": "https://hollywoodlife.com/wp-content/uploads/2017/08/is-anthony-scaramucci-dating-cnn-contributor-katrina-pierson-spotted-out-together-after-being-fired-by-trump-ftr.jpg", "keywords": [], "authors": ["Lauren Cox", "Reshma Gopaldas", "Bella Gerard", "Andy Swift", "Claire Shaffer", "Sheena Butler-Young", "Senior Editor"], "canonical_link": "https://hollywoodlife.com/2017/08/01/anthony-scaramucci-katrina-pierson-dating-relationship/", "title": "Is Anthony Scaramucci Dating Katrina Pierson?: Spotted Out Together After He\u2019s Fired By Trump", "meta_data": {"description": "Multiple reports claim that recently fired Anthony Scaramucci could be dating Political Strategist, Katrina Pierson.", "news_keywords": "Anthony Scaramucci", "apple-itunes-app": "app-id=1400650284", "generator": "WordPress 5.5.2", "author": "Lauren Cox", "theme-color": "#fff", "apple-mobile-web-app-capable": "yes", "mobile-web-app-capable": "yes", "apple-touch-fullscreen": "YES", "apple-mobile-web-app-title": "Hollywood Life", "application-name": "Hollywood Life", "fb": {"pages": 94724837471}, "robots": "max-image-preview:large", "onesignal": "wordpress-plugin", "og": {"type": "article", "title": "Is Anthony Scaramucci Dating Katrina Pierson?: Spotted Out Together After He\u2019s Fired By Trump", "url": "https://hollywoodlife.com/2017/08/01/anthony-scaramucci-katrina-pierson-dating-relationship/", "description": "Well, that was quick! Multiple reports claim that Trump\u2019s recently fired communications director, Anthony Scaramucci, could be secretly dating CNN contributor, Katrina Pierson.", "site_name": "Hollywood Life", "image": {"identifier": "https://hollywoodlife.com/wp-content/uploads/2017/08/is-anthony-scaramucci-dating-cnn-contributor-katrina-pierson-spotted-out-together-after-being-fired-by-trump-ftr.jpg", "width": 620, "height": 350, "alt": "Anthony Scaramucci, Katrina Pierson"}, "locale": "en_US"}, "article": {"published_time": "2017-08-01T20:32:35+00:00", "modified_time": "2017-08-01T20:32:35+00:00"}, "twitter": {"text": {"title": "Is Anthony Scaramucci Dating Katrina Pierson?: Spotted Out Together After He\u2019s Fired By Trump"}, "image": {"identifier": "https://hollywoodlife.com/wp-content/uploads/2017/08/is-anthony-scaramucci-dating-cnn-contributor-katrina-pierson-spotted-out-together-after-being-fired-by-trump-ftr.jpg?w=620", "alt": "Anthony Scaramucci, Katrina Pierson"}, "card": "summary_large_image", "site": "@HollywoodLife", "title": "Is Anthony Scaramucci Dating Katrina Pierson?: Spotted Out Together After He\u2019s Fired By Trump", "description": "Multiple reports claim that recently fired Anthony Scaramucci could be dating Political Strategist, Katrina Pierson."}, "msapplication-TileImage": "https://hollywoodlife.com/wp-content/uploads/2018/06/hl_logo.png?w=128"}, "movies": [], "publish_date": 1501538400.0, "source": "http://hollywoodlife.com", "summary": ""}