{"url": "http://query.nytimes.com/gst/fullpage.html?res=9D00E7DE1E39F930A25754C0A960958260", "text": "A Connecticut teen-ager who was missing for six days after she took a train to New York City was reunited with her family early yesterday after the police found her at a New Jersey home where she was staying.\n\nMelissa Gay, 14, met her parents, Robert and Lynette, at the police station in Montville, N.J., at 2:30 A.M. yesterday and returned home to Ridgefield, Conn.\n\nWe haven't really talked to her yet,\" Mr. Gay said yesterday from the Pierre Hotel. \"We just gave her hugs and brought her home.\"\n\nMr. Gay, a partner in the private investment firm Bain Capital, launched a huge search with the help of business partners Thursday to help locate his daughter, whom the family had not heard from since last Saturday.", "images": ["https://static01.nyt.com/newsgraphics/images/icons/defaultPromoCrop.png?year=1996"], "top_img": "https://static01.nyt.com/newsgraphics/images/icons/defaultPromoCrop.png?year=1996", "keywords": [], "authors": [], "canonical_link": "https://www.nytimes.com/1996/07/13/nyregion/missing-teen-ager-found-in-new-jersey.html", "title": "Missing Teen-Ager Found in New Jersey", "meta_data": {"article": {"published_time": "1996-07-13T05:00:00.000Z", "modified_time": "1996-07-13T05:00:00.000Z", "section": "New York", "tag": "Missing Persons", "opinion": "false", "content_tier": "metered"}, "robots": "noarchive", "articleid": 1996071300000081051, "nyt_uri": "nyt://article/abfc8ff2-d7da-5c71-ba6c-c1aa15d4799e", "pubp_event_id": "pubp://event/e60e017d6f254892b84d35e8a5d69375", "image": "https://static01.nyt.com/newsgraphics/images/icons/defaultPromoCrop.png?year=1996", "thumbnail": "https://static01.nyt.com/newsgraphics/images/icons/defaultCrop.png", "news_keywords": ",Connecticut,New Jersey,Melissa Gay,,Missing person", "pdate": 19960713, "og": {"url": "https://www.nytimes.com/1996/07/13/nyregion/missing-teen-ager-found-in-new-jersey.html", "type": "article", "title": "Missing Teen-Ager Found in New Jersey (Published 1996)", "image": "https://static01.nyt.com/newsgraphics/images/icons/defaultPromoCrop.png?year=1996"}, "twitter": {"url": "https://www.nytimes.com/1996/07/13/nyregion/missing-teen-ager-found-in-new-jersey.html", "title": "Missing Teen-Ager Found in New Jersey (Published 1996)", "image": "https://static01.nyt.com/newsgraphics/images/icons/defaultCrop.png?year=1996", "card": "summary_large_image", "app": {"name": {"googleplay": "NYTimes"}, "id": {"googleplay": "com.nytimes.android"}, "url": {"googleplay": "nyt://article/abfc8ff2-d7da-5c71-ba6c-c1aa15d4799e"}}, "site": "@nytimes"}, "CG": "nyregion", "PT": "article", "PST": "News", "url": "https://www.nytimes.com/1996/07/13/nyregion/missing-teen-ager-found-in-new-jersey.html", "msapplication-starturl": "https://www.nytimes.com", "al": {"android": {"url": "nyt://article/abfc8ff2-d7da-5c71-ba6c-c1aa15d4799e", "package": "com.nytimes.android", "app_name": "NYTimes"}, "iphone": {"url": "nytimes://www.nytimes.com/1996/07/13/nyregion/missing-teen-ager-found-in-new-jersey.html", "app_store_id": 284862083, "app_name": "NYTimes"}, "ipad": {"url": "nytimes://www.nytimes.com/1996/07/13/nyregion/missing-teen-ager-found-in-new-jersey.html", "app_store_id": 357066198, "app_name": "NYTimes"}}, "viewport": "width=device-width, initial-scale=1", "fb": {"app_id": 9869919170}}, "movies": [], "publish_date": 837234000.0, "source": "http://query.nytimes.com", "summary": ""}