{"url": "http://www.legis.state.ak.us/basis/get_bill.asp?session=25&bill=SB4002", "text": "Streaming Committee Meetings\n\nCurrently, the Capitol is equipped to stream committee meetings from all of the standing committee rooms. Certain special events may be streamed from locations inside and outside the Capital. This service exists to provide Alaskans with live access to every committee meeting in the State Capital.\n\nFloor Session streams are available through Gavel Alaska.\n\nFor Archived Meetings, visit the Committees tab or visit Gavel Alaska's Archive. Meetings streamed outside of Juneau are archived to our Vimeo site.", "images": ["http://www.legis.state.ak.us/capitolupdates/photos/2020_09_16_12_11_59_DSC_091620_1.png", "http://akleg.gov/images/app-store02.png", "http://akleg.gov/images/google-play.png", "http://akleg.gov/images/logo.png", "http://akleg.gov/images/google-play02.png", "http://akleg.gov/images/app-store.png"], "top_img": "", "keywords": [], "authors": [], "canonical_link": "", "title": "Alaska State Legislature", "meta_data": {"viewport": "width=device-width, initial-scale=1.0", "format-detection": "telephone=no", "google-site-verification": "Nf9qs6B2wC7OqVPy9HBcKZlrSzpHnx8vmxEe2Gqd6RI"}, "movies": [], "publish_date": null, "source": "http://www.legis.state.ak.us", "summary": ""}