{"url": "https://www.hellomagazine.com/celebrities/2018040747622/rosamund-pike-to-play-princess-diana/", "text": "Is Rosamund Pike set to play Princess Diana in Feud season two? The series will centre around Diana and Charles' relationship\n\nRosamund Pike is the actress tipped to play Princess Diana in the next series of Feud, according to The Evening Standard's The Londoner column. The article also predicts that Matthew Goode, who played Lord Snowdon in The Crown, will take on the part of Prince Charles. The next installment of the series, created by American Horror Story and American Crime Story executive producer Ryan Murphy, was confirmed to be focused on Charles and Diana in April 2017. If true, this will be the Gone Girl actress' first big TV role since appearing in Women In Love in 2011.\n\nThe series will centre around Charles and Diana's relationship\n\nREAD MORE: Royal baby excitement: see Kate Middleton, Prince William, Prince Harry as babies\n\nAccording to the column, the production company is yet to confirm the casting news, but filming is set to start next month. The show will address the year between Diana and Charles' divorce and her tragic death in 1997. Speaking about the new series on an industry panel last year, executive producer Ryan said: \"Having a show called Feud is interesting because...feuds are about pain. So Charles and Diana\u2019s story literally begins with the filing of the divorce papers. And it\u2019s about that pain, the dissolving of a fairy tale, particularly for Diana. It starts with the filing of divorce papers and takes you up until her death.\"\n\nRosamund Pike is tipped to play the role of Diana\n\nFellow executive producer Alexis Martin Woodall has also spoken out about the second season, saying it's \"a woman's story\u2014she was 19 years old when she married him, she really had to find her own way. With Charles and Diana, they were heightened, they were royalty\u2014true royalty\u2014and they still had the same issues of insecurity and relevance and importance and love that everybody goes through. I think there's a real human quality to it.\"\n\nREAD MORE: Meghan Markle: what will be her new name and title after the royal wedding?\n\nSeason one of the show centred around the rivalry between Joan Crawford and Bette Davis, and starred Susan Sarandon, Jessica Lange and Catherine Zeta-Jones. The series was nominated for plenty of high-profile awards, so no doubt former Oscar-nominee Rosamund will be hotly-tipped during awards season.\n\nWATCH BELOW: Prince Harry talks about his mother, Princess Diana", "images": ["https://www.hellomagazine.com/imagenes/celebrities/2018040747622/rosamund-pike-to-play-princess-diana/0-237-432/charles-and-diana-z.jpg", "https://www.hellomagazine.com/imagenes/celebrities/2018040747622/rosamund-pike-to-play-princess-diana/0-237-434/rosamund-pike-t.jpg", "https://www.himgs.com/css/hello/img/logo.png", "https://www.facebook.com/tr?id=858230647564408&ev=PageView&noscript=1", "https://pixel.33across.com/ps/?pid=1157&cgn=17916&seg=47780", "https://certify.alexametrics.com/atrk.gif?account=HS7uq1SZw320l9", "https://www.hellomagazine.com/imagenes/celebrities/2018040747622/rosamund-pike-to-play-princess-diana/0-237-433/charles-diana-william-z.jpg", "https://www.himgs.com/imagenes/hello/common/subs-button-3.jpg", "https://www.hellomagazine.com/celebrities/2018040747622/rosamund-pike-to-play-princess-diana/\n            https:/www.facebook.com/tr?ev=6015416512498&cd[value]=0.00&cd[currency]=USD&noscript=1", "https://www.himgs.com/imagenes/hello/common/hello-2008.png?v2", "https://www.facebook.com/tr?id=1728383620790976&ev=PageView&noscript=1", "https://sb.scorecardresearch.com/p?c1=2&c2=6035866&cs_ucfr=1&cv=2.0&cj=1", "https://trc.taboola.com/1115066/log/3/unip?en=page_view", "https://www.hellomagazine.com/imagenes/comunes/1.gif?resize=5px:3px"], "top_img": "https://www.hellomagazine.com/imagenes/celebrities/2018040747622/rosamund-pike-to-play-princess-diana/0-237-434/rosamund-pike-t.jpg", "keywords": [], "authors": [], "canonical_link": "https://www.hellomagazine.com/celebrities/2018040747622/rosamund-pike-to-play-princess-diana/", "title": "Is Rosamund Pike set to play Princess Diana in Feud season two?", "meta_data": {"plantilla": "Plantilla de noticias (plantilla-noticias.html)", "title": "Is Rosamund Pike set to play Princess Diana in Feud season two? Everything we know about the series", "description": "British actress Rosamund Pike is tipped to be playing Princess Diana in the upcoming second series of Feud, which will centre around Prince Charles and Diana", "keywords": "princess diana", "dc.title": "Is Rosamund Pike set to play Princess Diana in Feud season two? Everything we know about the series", "distribution": "global", "viewport": "width=device-width, initial-scale=1, maximum-scale=3, user-scalable=yes", "news_keywords": "princess diana", "og": {"title": "Is Rosamund Pike set to play Princess Diana in Feud season two?", "description": "British actress Rosamund Pike is tipped to be playing Princess Diana in the upcoming second series of Feud, which will centre around Prince Charles and Diana", "image": "https://www.hellomagazine.com/imagenes/celebrities/2018040747622/rosamund-pike-to-play-princess-diana/0-237-434/rosamund-pike-t.jpg", "updated_time": "2018-04-07T09:11:10+01:00", "url": "https://www.hellomagazine.com/celebrities/2018040747622/rosamund-pike-to-play-princess-diana/", "type": "article", "site_name": "HELLO!"}, "fb": {"admins": 89982930077}, "article": {"published_time": "2018-04-07T09:11:10+01:00", "modified_time": "2018-04-07T09:11:10+01:00"}, "twitter": {"card": "summary_large_image", "site": "@hellomag", "creator": "@hellomag", "url": "https://www.hellomagazine.com/celebrities/2018040747622/rosamund-pike-to-play-princess-diana/", "title": "Is Rosamund Pike set to play Princess Diana in Feud season two?", "description": "British actress Rosamund Pike is tipped to be playing Princess Diana in the upcoming second series of Feud, which will centre around Prince Charles and Diana.", "image": "https://www.hellomagazine.com/imagenes/celebrities/2018040747622/rosamund-pike-to-play-princess-diana/0-237-434/rosamund-pike-t.jpg"}, "hmn": "true", "botify-site-verification": "rAorMmkbfzd6yOwJ3PITFmdyCjOzGLug"}, "movies": [], "publish_date": 1523088670.0, "source": "https://www.hellomagazine.com", "summary": ""}