{"url": "hollywoodlife.com/2018/07/11/beyonce-hiding-stomach-flowy-dress-baby-bump-pregnant/", "text": "Beyonce set fans\u2019 tongues wagging all over again about a possible 4th baby when she stepped out in France in a long, stomach-covering gown with Blue Ivy and Jay-Z. See the very suspicious pics here!\n\nIf Beyonce\u2018s not pregnant, she certainly isn\u2019t helping squash the baby rumors! Queen Bey stepped out in Cannes with husband Jay-Z wearing a flowy maxi dress with an empire waist. You know what that means \u2014 it didn\u2019t show an inch of her figure, even her arms. Well, almost everything was covered. The dress was cut totally low and showed off a massive amount of cleavage. She was wearing a pair of sky-high, stripped wedges, which feels like the opposite of what a pregnant woman would wear! However, this is Beyonce we\u2019re talking about; she\u2019s the star who performed in a floating chair at the Grammys while extremely pregnant with twins! SEE PICS OF BEYONCE HIDING HER STOMACH IN A FLOWY DRESS HERE.\n\nPregnancy rumors started when it appeared that Bey gave the audience a sly signal that she was expecting during an On The Run II tour stop in Rome on July 8. In fan footage from the concert, she can be seen briefly rubbing her stomach. Seem familiar? That\u2019s how she gleefully revealed that she was pregnant with daughter Blue Ivy at the 2011 VMAs! She got pretty extra with her second pregnancy announcement, rolling out a full earth mother photoshoot to welcome twins Sir and Rumi in 2017, but maybe she\u2019s going low key again! Not to mention, Beyonce was also recently spotted walking around Europe with a large purse strategically covering her stomach. Slick!\n\nYou know how much the Carters love the number four, right? Beyonce was born on September 4 while Jay-Z was born on December 4. They got married on April 4, 2008. Beyonce released an album called 4 in 2011, and Jay-Z released 4:44 in 2017! It only makes sense that they welcome a fourth child into the world, too!\n\nAt the end of June, Beyonce wore a skintight outfit in concert that showcased a totally flat tummy. But we all know how quickly things can change in three weeks! She may be showing the first hints of a baby bump at this point. We can\u2019t wait to see!", "images": ["https://hollywoodlife.com/wp-content/uploads/2017/06/samantha_wilson.jpg?w=48", "https://hollywoodlife.com/wp-content/uploads/2018/07/beyonce-covering-stomach-backgrid-ftr.jpg?w=620", "https://www.rollingstone.com/wp-content/uploads/2019/11/Surface-Pro-7.jpg?w=230&crop=1", "https://hollywoodlife.com/wp-content/uploads/2020/11/sport-bra-ftr.jpg?w=143&h=80&crop=1", "http://pixel.quantserve.com/pixel?a.1=p-6fKiDaopTGEQg&a.2=p-31f3D02tYU8zY", "https://hollywoodlife.com/wp-content/uploads/2018/07/beyonce-covering-stomach-backgrid-embed.jpg", "https://stylecaster.com/wp-content/uploads/2020/11/rothys-black-friday-collection-copy.jpg?w=230&crop=1", "https://www.sheknows.com/wp-content/uploads/2020/10/what-a-free-thanksgiving-dinner-really-means-to-a-family-like-mine.jpg?w=230&crop=1", "https://tvline.com/wp-content/uploads/2020/11/seal-team-clay-jason-sonny.jpg?w=230&crop=1", "https://hollywoodlife.com/wp-content/uploads/2018/07/beyonce-covering-stomach-backgrid-ftr.jpg", "https://sb.scorecardresearch.com/p?c1=2&c2=6035310&c3=&c4=&c5=&c6=&c15=&cv=2.0&cj=1", "https://hollywoodlife.com/wp-content/uploads/2020/07/kelsey-nicole-5-things-to-know-ap-images-ftr.jpg?w=143&h=80&crop=1", "https://footwearnews.com/wp-content/uploads/2020/11/vanessa-hudgens-crop-top-jeans.jpg?w=230&crop=1", "https://hollywoodlife.com/wp-content/uploads/2020/11/kourtney-kardashian-and-kylie-jenner-wasted-meme-ap-images-ftr.jpg?w=143&h=80&crop=1", "data:image/gif;base64,R0lGODlhAQABAIAAAAAAAP///yH5BAEAAAAALAAAAAABAAEAAAIBRAA7"], "top_img": "https://hollywoodlife.com/wp-content/uploads/2018/07/beyonce-covering-stomach-backgrid-ftr.jpg", "keywords": [], "authors": ["Samantha Wilson", "Kimberly Zapata", "Bella Gerard", "Matt Webb Mitovich", "Tim Chan", "Brandt Ranj", "Claudia Miller", "Political News Editor"], "canonical_link": "https://hollywoodlife.com/2018/07/11/beyonce-hiding-stomach-flowy-dress-baby-bump-pregnant/", "title": "Beyonce Spurs More Pregnancy Rumors In New Flowy Dress Exposing Major Cleavage \u2014 Pics", "meta_data": {"description": "Beyonce was caught hiding her stomach in a flowy dress! Is she pregnant?", "news_keywords": "Beyonc\u00e9", "apple-itunes-app": "app-id=1400650284", "generator": "WordPress 5.5.2", "author": "Samantha Wilson", "theme-color": "#fff", "apple-mobile-web-app-capable": "yes", "mobile-web-app-capable": "yes", "apple-touch-fullscreen": "YES", "apple-mobile-web-app-title": "Hollywood Life", "application-name": "Hollywood Life", "fb": {"pages": 94724837471}, "robots": "max-image-preview:large", "onesignal": "wordpress-plugin", "og": {"type": "article", "title": "Beyonce Spurs More Pregnancy Rumors In New Flowy Dress Exposing Major Cleavage \u2014 Pics", "url": "https://hollywoodlife.com/2018/07/11/beyonce-hiding-stomach-flowy-dress-baby-bump-pregnant/", "description": "Beyonce set fans\u2019 tongues wagging all over again about a possible 4th baby when she stepped out in France in a long, stomach-covering gown with Blue Ivy and Jay-Z. See the very suspicious pic\u2026", "site_name": "Hollywood Life", "image": {"identifier": "https://hollywoodlife.com/wp-content/uploads/2018/07/beyonce-covering-stomach-backgrid-ftr.jpg", "width": 620, "height": 349, "alt": "Beyonce in Flowy Dress"}, "locale": "en_US"}, "article": {"published_time": "2018-07-11T21:43:44+00:00", "modified_time": "2018-07-11T23:17:55+00:00"}, "twitter": {"text": {"title": "Beyonce Spurs More Pregnancy Rumors In New Flowy Dress Exposing Major Cleavage \u2014 Pics"}, "image": {"identifier": "https://hollywoodlife.com/wp-content/uploads/2018/07/beyonce-covering-stomach-backgrid-ftr.jpg?w=620", "alt": "Beyonce in Flowy Dress"}, "card": "summary_large_image", "site": "@HollywoodLife", "title": "Beyonce Spurs More Pregnancy Rumors In New Flowy Dress Exposing Major Cleavage \u2014 Pics", "description": "Beyonce was caught hiding her stomach in a flowy dress! Is she pregnant?"}, "msapplication-TileImage": "https://hollywoodlife.com/wp-content/uploads/2018/06/hl_logo.png?w=128"}, "movies": [], "publish_date": 1531260000.0, "source": "http://hollywoodlife.com", "summary": ""}