{"url": "www.ibtimes.co.in/deadpool-2s-cable-actor-josh-brolin-used-steroids-beef-videos-734189", "text": "After wrapping up the schedule of Avengers: Infinity War, Josh Brolin has taken over the role of Cable from Deadpool 2. The actor, who will be playing Cable alongside Ryan Reynolds in the Deadpool sequel, began his preparation for the role some months ago.\n\nPosting pictures from his workout sessions, the actor has been actively showing off his body transformation on social media platforms. However, the stunning transformation has raised a few eyebrows. Is Brolin taking the help of steroids for his Deadpool role?\n\nA new article by Star claims that the actor is on steroids to beef up for his role in the X-Men movie. Shocked? The report speculates that he is on \"steroids or some type of supplements\" that is helping him build up so quickly. \"It's almost unbelievable that someone could build that kind of muscle so quickly,\" the report suggested.\n\nHowever, Gossip Cop has taken a step to clarify the doubt and confirm that the actor is indeed clean. The actor once posted about his diet, expressing his disappointment of staying away from carbs like bread, pasta and other similar food products.\n\nReassuring that he is still on the same diet and away from drugs, a source close to Brolin confirmed to the website, \"Totally clean: no sugar, no breads, no pastas, no drugs, none of it. Fish, rice, eggs, veggies, water.\"\n\nThe source also asked fans to take a look at his workout videos if they need to see his ongoing transformations. The actor has posted most of his training videos on his Instagram account.\n\nWhile this does clarify that the actor is off drugs, steroid usage in Hollywood is not a new subject of discussion. Actors from Christian Bale to Tom Hardy, Hugh Jackman and head of them all, Sylvester Stallone, have been accused of taking the needle to beef up within a matter of a few weeks.\n\nA report published by The Hollywood Reporter in 2013 also suggests that about 20 percent of actors use PEDs to bulk up. The exact percentage of the actors taking help from steroids is not known yet.\n\nThe filming of the movie has begun. Deadpool 2 releases on June 1, 2018.", "images": ["https://graphic1.ibtimes.co.in/www/img/logo-stack.png", "https://data1.ibtimes.co.in/en/full/746562/ibt-default-image.jpg?w=220&h=135", "https://data1.ibtimes.co.in/en/full/649423/josh-brolin-thanos-actor.jpg", "https://data1.ibtimes.co.in/en/full/746562/ibt-default-image.jpg?h=450&l=50&t=40", "https://graphic1.ibtimes.co.in/www/responsive/latest/home.png", "https://data1.ibtimes.co.in/en/full/746562/ibt-default-image.jpg?w=220&h=138"], "top_img": "https://data1.ibtimes.co.in/en/full/649423/josh-brolin-thanos-actor.jpg", "keywords": [], "authors": ["Dishya Sharma"], "canonical_link": "https://www.ibtimes.co.in/deadpool-2s-cable-actor-josh-brolin-used-steroids-beef-videos-734189", "title": "Deadpool 2's Cable actor Josh Brolin used steroids to beef up? [VIDEOS]", "meta_data": {"viewport": "width=device-width, initial-scale=1.0", "language": "english", "author": "Dishya Sharma", "copyright": "2020 IBTimes", "subject": "Deadpool 2's Cable actor Josh Brolin used steroids to beef up? [VIDEOS]", "description": "Deadpool 2's filming has begun. But Cable actor Josh Brolin began his preparation for the X-Men movie months ago by hitting the gym to build up for the role.", "keywords": "Deadpool,deadpool 2,Josh brolin,Deadpool 2 cable actor,Deadpool 2 josh brolin,Deadpool 2 josh brolin use steroids,Josh Brolin used steroids for deadpool cable role?,actors who have used steroids,deadpool 2 filming,Deadpool 2 spoilers,deadpool 2 release date,Deadpool 2 cast", "article": {"published_time": "2017-07-11T16:08:38+05:30", "modified_time": "2017-07-11T16:08:38+05:30", "section": "Celebrity", "tag": "Deadpool 2 cast", "publisher": "https://www.facebook.com/ibtimes.india"}, "DC.title": "Deadpool 2's Cable actor Josh Brolin used steroids to beef up? [VIDEOS]", "DC.description": "Deadpool 2's filming has begun. But Cable actor Josh Brolin began his preparation for the X-Men movie months ago by hitting the gym to build up for the role.", "DC.subject": "Deadpool,deadpool 2,Josh brolin,Deadpool 2 cable actor,Deadpool 2 josh brolin,Deadpool 2 josh brolin use steroids,Josh Brolin used steroids for deadpool cable role?,actors who have used steroids,deadpool 2 filming,Deadpool 2 spoilers,deadpool 2 release date,Deadpool 2 cast", "og": {"title": "Deadpool 2's Cable actor Josh Brolin used steroids to beef up? [VIDEOS]", "url": "https://www.ibtimes.co.in/deadpool-2s-cable-actor-josh-brolin-used-steroids-beef-videos-734189", "image": "https://data1.ibtimes.co.in/en/full/649423/josh-brolin-thanos-actor.jpg", "site_name": "IBTimes India", "type": "article", "description": "Deadpool 2's filming has begun. But Cable actor Josh Brolin began his preparation for the X-Men movie months ago by hitting the gym to build up for the role."}, "news_keywords": "Celebrity,Deadpool,Deadpool 2,Josh brolin,Deadpool 2 cable actor,Deadpool 2 josh brolin,Deadpool 2 josh brolin use steroids,Josh Brolin used steroids for deadpool cable role?,Actors who have used steroids,Deadpool 2 filming,Deadpool 2 spoilers,Deadpool 2 release date,Deadpool 2 cast", "syndication-source": "https://www.ibtimes.co.in/deadpool-2s-cable-actor-josh-brolin-used-steroids-beef-videos-734189", "Googlebot-news": "index, follow", "robots": "index, follow", "twitter": {"title": "Deadpool 2's Cable actor Josh Brolin used steroids to beef up? [VIDEOS]", "description": "Deadpool 2's filming has begun. But Cable actor Josh Brolin began his preparation for the X-Men movie months ago by hitting the gym to build up for the role.", "image": "https://data1.ibtimes.co.in/en/full/649423/josh-brolin-thanos-actor.jpg", "card": "summary_large_image", "site": "@ibtimes_india", "domain": "www.ibtimes.co.in", "url": "https://www.ibtimes.co.in/deadpool-2s-cable-actor-josh-brolin-used-steroids-beef-videos-734189"}, "theme-color": "#000000", "fb": {"pages": 134755750024728, "app_id": 1386147698272496}}, "movies": ["https://www.youtube.com/embed/f-dbF6tD-sA"], "publish_date": 1499769518.0, "source": "http://www.ibtimes.co.in", "summary": ""}