{"url": "http://www.unhcr.org/en-us/news/press/2016/9/57c7ed604/un-refugee-agency-welcomes-arrival-10000th-syrian-refugee-resettled-united.html", "text": "UNHCR, the UN Refugee Agency, has welcomed news of the arrival in the United States this week of the 10,000th refugee from the conflict in Syria, and calls for greater global solidarity ahead of summits next month that will look at ways to increase efforts to deal with the unprecedented refugee crisis worldwide.\n\n\u201cThe United States has long been a leader in welcoming people fleeing global persecution and the arrival on Monday of the 10,000th Syrian refugee is a further expression of this leadership,\u201d said UNHCR Regional Representative in the United States, Shelly Pitterman.\n\n\u201cWe thank the communities in the United States that have kept their doors open and also our civil society partners for their tireless humanitarian efforts. Much more needs to be done for Syrian refugees and for the global crisis that has seen more people flee persecution than at any time ever recorded.\u201d\n\nAt the end of 2015, war, conflict and persecution had forced 65.3 million people globally to flee for their lives, an all-time high. The Syrian refugee crisis is the world\u2019s largest and more than 4.8 million have fled mostly to neighbouring countries whose resources are stretched thin so that increasing numbers of refugees live below national poverty lines.\n\nTo aid the most vulnerable refugees and to share the tremendous burden of these refugee-hosting countries, UNHCR has called on governments to resettle those most at risk. So far resettlement countries have pledged a total of more than 220,000 places for Syrians under resettlement and other humanitarian admissions programmes. Around 478,000 Syrians are considered to be in need of resettlement \u2013 close to 40 per cent of the 1.19 million people who are in need of resettlement globally.\n\nUNHCR recognizes that opportunities for resettlement are extremely limited and so reserves this for persons who are most at risk, such as unaccompanied children, women-headed households, victims of torture, and persons with special medical needs. UNHCR identifies and carefully screens all refugees before they are referred to a country for resettlement. In the case of the United States, all refugees who are referred then undergo extensive face-to-face interviews with Department of Homeland Security officers, along with multiple layers of identity and security checks in a thorough process undertaken by US authorities.\n\nUNHCR calls for increased efforts to provide Syrian refugees with additional safe and regular pathways for admission. The United Nations General Assembly Summit for Refugees and Migrants on 19 September and the President of the United States Summit on Refugees on 20 September will provide opportunities for countries to show solidarity with refugee-hosting countries across the globe by giving Syrian and other vulnerable refugee groups legal opportunities to access safety and protection through resettlement and other pathways for admission.\n\n\u201cResettling refugees, along with continued humanitarian funding, is a critical form of solidarity with refugee-hosting countries and it needs to be expanded worldwide,\u201d said Pitterman.", "images": ["https://www.unhcr.org/assets/img/icons/icon--social-twt.png", "https://www.unhcr.org/assets/img/icons/icon--social-fb.png", "https://www.unhcr.org/thumb3/5cadfbe94.jpg", "https://www.unhcr.org/assets/img/unhcr-logo-US.png"], "top_img": "https://www.unhcr.org/thumb3/5cadfbe94.jpg", "keywords": [], "authors": ["United Nations High Commissioner For Refugees", "September"], "canonical_link": "https://www.unhcr.org/news/press/2016/9/57c7ed604/un-refugee-agency-welcomes-arrival-10000th-syrian-refugee-resettled-united.html", "title": "UN Refugee Agency welcomes arrival of 10,000th Syrian refugee resettled to United States", "meta_data": {"description": "UNHCR, the UN Refugee Agency, has welcomed news of the arrival in the United States this week of the 10,000<sup>th</sup> refugee from the conflict in Syria,", "google-site-verification": "r7zQiqv6_dnMfXqEbNnksIQTQLnKtJtBz5f1UBe5B2E", "language": "en", "author": "United Nations High Commissioner for Refugees", "viewport": "width=device-width, initial-scale=1", "og": {"title": "UN Refugee Agency welcomes arrival of 10,000th Syrian refugee resettled to United States", "type": "article", "image": {"identifier": "https://www.unhcr.org/thumb3/5cadfbe94.jpg", "width": 966, "height": 644}, "url": "https://www.unhcr.org/news/press/2016/9/57c7ed604/un-refugee-agency-welcomes-arrival-10000th-syrian-refugee-resettled-united.html", "site_name": "UNHCR", "description": "UNHCR, the UN Refugee Agency, has welcomed news of the arrival in the United States this week of the 10,000<sup>th</sup> refugee from the conflict in Syria,"}, "twitter": {"card": "summary_large_image", "site": "@refugees", "title": "UN Refugee Agency welcomes arrival of 10,000th Syrian refugee resettled to United States", "description": "UNHCR, the UN Refugee Agency, has welcomed news of the arrival in the United States this week of the 10,000<sup>th</sup> refugee from the conflict in Syria,", "creator": "@refugees", "image": {"src": "https://www.unhcr.org/thumb3/5cadfbe94.jpg"}, "domain": "https://www.unhcr.org/en-us", "widgets": {"theme": "light", "link-color": "#55acee", "border-color": "#55acee"}}, "msvalidate.01": "60776DB6DBF6FF7A8068AD51A3FEDAB9"}, "movies": [], "publish_date": 1473026400.0, "source": "http://www.unhcr.org", "summary": ""}