{"url": "pagesix.com/2018/04/11/pregnant-khloe-went-ballistic-when-she-found-out-about-tristans-cheating/", "text": "Khlo\u00e9 Kardashian \u201cwent ballistic\u201d when she found out her NBA baby daddy, Tristan Thompson, had played away with an Instagram model while he was in New York last weekend with the Cleveland Cavaliers.\n\nA source close to the Kardashian family said pregnant Khlo\u00e9, who is due to give birth to their daughter any day now, \u201cwas devastated when she saw the pictures of Tristan with that girl, she went absolutely ballistic at him. She is not only hurt, she is humiliated and worried for their child. How could he do this, and so publicly, when their baby daughter could arrive within a week?\u201d\n\nNine-months-pregnant Khlo\u00e9 had remained at home in Cleveland while Thompson, whom she has been dating since 2016, traveled to New York last weekend ahead of the Cavs\u2019 game against the Knicks at Madison Square Garden on Monday.\n\nBut, in photos obtained by Page Six on Tuesday, the baller was seen at his five-star hotel with Bronx Instagram model Lani Blair on Saturday.\n\nBlair, who is also said to be a strip club bartender and bottle service waitress, spent four hours at Thompson\u2019s hotel, The Four Seasons \u2014 according to witnesses \u2014 before they headed out together to private members club Soho House in the Meatpacking District on Saturday night.\n\nThompson and Blair were photographed returning together to his hotel at 5 a.m. Sunday. Blair was seen emerging hours later, at 8 p.m. Sunday, wearing the same clothes she\u2019d had on the night before and clutching an overnight bag.\n\nOnline video also circulated of Thompson and Blair apparently kissing at a daytime party earlier Saturday at NYC rooftop hotspot PH-D. A source added to Page Six, \u201cApparently Tristan and Lani spent a lot of time together over the weekend.\u201d\n\nThe Kardashian family has remained unusually silent on social media since the scandal broke on Tuesday, and their reps have not responded to requests for comment. Khlo\u00e9\u2019s personal rep has also not commented.\n\nBut a family source said that the Kardashians were not completely surprised by Thompson\u2019s antics. \u201cThe truth is that he has a bad reputation, they had warned Khlo\u00e9 about him, he\u2019s done this before. But she didn\u2019t want to hear it, she loves him.\u201d\n\nThompson already has a child, a son, with his ex Jordan Craig, who was born after he started dating Khlo\u00e9.\n\nKhlo\u00e9 had posted a touching photo of her and the NBA star kissing on Monday with the sweet caption to their baby, \u201cWe are ready whenever you are little mama.\u201d The photo, along with other loving shots of her and Thompson, remained up on her Instagram page as of Wednesday.\n\nThompson is now back in Cleveland \u2014 and was believed to have been at home Tuesday when pictures emerged of him and the Instagram model \u2014 where the Cavaliers will face the Knicks again Wednesday night in the final game of the season.\n\nReps for the Cavaliers have not commented on behalf of Thompson, whose cheating sparked a massive backlash on social media.", "images": ["https://pagesix.com/wp-content/mu-plugins/jetpack-9.1/modules/sharedaddy/images/loading.gif", "https://nypost.com/wp-content/uploads/sites/3/2019/09/apple-podcast-badge402x.png", "https://pagesix.com/wp-content/uploads/sites/3/2018/04/180411-khloe-tristan-cheating-feature.jpg?quality=90&strip=all&w=1200", "http://googleads.g.doubleclick.net/pagead/viewthroughconversion/988380111/?value=0&guid=ON&script=0", "https://pagesix.com/wp-content/mu-plugins/vip-helpers/images/vip-powered-dark-small.png", "https://nypost.com/wp-content/uploads/sites/3/2019/09/p6podcast402x.png", "data:image/gif;base64,R0lGODlhAQABAIAAAAAAAP///yH5BAEAAAAALAAAAAABAAEAAAIBRAA7"], "top_img": "https://pagesix.com/wp-content/uploads/sites/3/2018/04/180411-khloe-tristan-cheating-feature.jpg?quality=90&strip=all&w=1200", "keywords": [], "authors": ["Emily Smith", "April"], "canonical_link": "https://pagesix.com/2018/04/11/pregnant-khloe-went-ballistic-when-she-found-out-about-tristans-cheating/", "title": "Pregnant Khlo\u00e9 \u2018went ballistic\u2019 when she found out about Tristan\u2019s cheating", "meta_data": {"viewport": "width=device-width, initial-scale=1", "copyright": "Copyright 2020 NYP Holdings. All rights reserved.", "p": {"domain_verify": "44b526edc36ffbcc163412ee9fe42833"}, "robots": "max-image-preview:large", "description": "Kardashian's NBA baby daddy,\u00a0Tristan Thompson, played away with an Instagram model in New York.", "generator": "WordPress 5.4.3", "fb": {"pages": 261611377580503}, "parsely-metadata": "{\"post_id\":\"pagesix-4430496\"}", "keywords": "celebrity pregnancies,cheating,cleveland cavaliers,kardashians,khloe kardashian,tristan thompson", "article": {"opinion": "false", "content_tier": "free", "published_time": "2018-04-11T17:28:33+00:00", "modified_time": "2018-04-11T19:38:39+00:00", "publisher": "https://www.facebook.com/pagesix"}, "google-site-verification": "kUaM_iOUItG-sfAnU_xqPqFG_0hl71TEfuta-jVPcSw", "msvalidate.01": "8188997BC82071CE07AB711B5675CE54", "og": {"type": "article", "title": "Pregnant Khlo\u00e9 \u2018went ballistic\u2019 when she found out about Tristan\u2019s cheating", "url": "https://pagesix.com/2018/04/11/pregnant-khloe-went-ballistic-when-she-found-out-about-tristans-cheating/", "description": "Kardashian's NBA baby daddy,\u00a0Tristan Thompson, played away with an Instagram model in New York.", "site_name": "Page Six", "image": {"identifier": "https://pagesix.com/wp-content/uploads/sites/3/2018/04/180411-khloe-tristan-cheating-feature.jpg?quality=90&strip=all&w=1200", "secure_url": "https://i0.wp.com/pagesix.com/wp-content/uploads/sites/3/2018/04/180411-khloe-tristan-cheating-feature.jpg?quality=90&strip=all&ssl=1"}, "locale": "en_US"}, "twitter": {"creator": "@pagesixemily", "site": "@pagesix", "text": {"title": "Pregnant Khlo\u00e9 \u2018went ballistic\u2019 when she found out about Tristan\u2019s cheating"}, "image": {"identifier": "https://pagesix.com/wp-content/uploads/sites/3/2018/04/180411-khloe-tristan-cheating-feature.jpg?quality=90&strip=all&w=680&h=356&crop=1", "src": "https://pagesix.com/wp-content/uploads/sites/3/2018/04/180411-khloe-tristan-cheating-feature.jpg?quality=90&strip=all&w=680&h=356&crop=1"}, "card": "summary_large_image", "title": "Pregnant Khlo\u00e9 'went ballistic' when she found out about Tristan's", "description": "Kardashian's NBA baby daddy,\u00a0Tristan Thompson, played away with an Instagram model in New York."}}, "movies": [], "publish_date": 1523397600.0, "source": "http://pagesix.com", "summary": ""}