{"url": "https://people.com/style/cara-delevingne-shaves-her-head/", "text": "Image zoom Credit: Splash News Online\n\nShort hair is having a moment in Hollywood: Katy Perry recently debuted a pixie cut, Zo\u00eb Kravitz went for a buzzed platinum look and Kristen Stewart shaved off her platinum blonde strands as well. But nothing can top Cara Delevingne\u2019s latest hair makeover: a completely shaved head for her upcoming dramatic role in the new movie, Life in a Year.\n\nAfter managing to hide her bare head with a hood over the weekend, Delevingne debuted her look on set in Toronto. And the transformation was one she was slowly building up to. Just last week, the star cut her white-blonde and pink strands into a super short, choppy pixie.\n\nGet push notifications with news, features and more.\n\nThe star previously revealed her piecey short cut on Instagram, writing , \u201cI\u2019m coming for you @lifeinayearmovie.\u201d And prior to the change, she explained her white-blonde look at CinemaCon in Las Vegas, saying, \u201cI have to shave my head for my next part, so I have to do something different, so I dyed it. Just for fun. Just to change it up.\u201d\n\nDelevingne stars opposite Jaden Smith in the upcoming film, in which she plays a cancer patient.", "images": ["https://imagesvc.meredithcorp.io/v3/mm/image?url=https%3A%2F%2Fstatic.onecms.io%2Fwp-content%2Fuploads%2Fsites%2F20%2F2020%2F11%2F12%2Fthanksgiving-covid-150x150.jpg", "https://imagesvc.meredithcorp.io/v3/mm/image?url=https%3A%2F%2Fstatic.onecms.io%2Fwp-content%2Fuploads%2Fsites%2F20%2F2016%2F05%2F06%2Fprincess-diana-21.jpg", "https://imagesvc.meredithcorp.io/v3/mm/image?url=https%3A%2F%2Fstatic.onecms.io%2Fwp-content%2Fuploads%2Fsites%2F20%2F2020%2F07%2F23%2Ftout.jpg", "data:image/svg+xml,%3Csvg%20xmlns='http://www.w3.org/2000/svg'%20viewBox='0%200%20100%20133'%3E%3C/svg%3E", "https://imagesvc.meredithcorp.io/v3/mm/image?url=https%3A%2F%2Fstatic.onecms.io%2Fwp-content%2Fuploads%2Fsites%2F20%2F2017%2F04%2Fcara-delevigne1.jpg", "https://peopledotcom.files.wordpress.com/2018/09/thumbnail_generic.png", "data:image/svg+xml,%3Csvg%20xmlns='http://www.w3.org/2000/svg'%20viewBox='0%200%20100%20100'%3E%3C/svg%3E", "https://imagesvc.meredithcorp.io/v3/mm/image?url=https%3A%2F%2Fstatic.onecms.io%2Fwp-content%2Fuploads%2Fsites%2F20%2F2020%2F08%2F04%2Fcoyote-ugly-2000.jpg", "https://imagesvc.meredithcorp.io/v3/mm/image?url=https%3A%2F%2Fstatic.onecms.io%2Fwp-content%2Fuploads%2Fsites%2F20%2F2020%2F07%2F19%2Ftiaras-2.jpg", "https://imagesvc.meredithcorp.io/v3/mm/image?url=https%3A%2F%2Fstatic.onecms.io%2Fwp-content%2Fuploads%2Fsites%2F20%2F2020%2F11%2F12%2Fcat-phone.jpg", "https://imagesvc.meredithcorp.io/v3/mm/image?q=85&c=sc&poi=face&w=1681&h=880&url=https%3A%2F%2Fstatic.onecms.io%2Fwp-content%2Fuploads%2Fsites%2F20%2F2017%2F04%2Fcara-delevigne1.jpg"], "top_img": "https://imagesvc.meredithcorp.io/v3/mm/image?q=85&c=sc&poi=face&w=1681&h=880&url=https%3A%2F%2Fstatic.onecms.io%2Fwp-content%2Fuploads%2Fsites%2F20%2F2017%2F04%2Fcara-delevigne1.jpg", "keywords": [], "authors": ["Jillian Ruffo"], "canonical_link": "https://people.com/style/cara-delevingne-shaves-her-head/", "title": "Cara Delevingne Shaves Head for New Movie Role", "meta_data": {"viewport": "width=device-width, initial-scale=1", "keywords": "Beauty,Cara Delevingne,Hair,Hair Changes,News,Style News", "news_keywords": "Beauty,Cara Delevingne,Hair,Hair Changes,News,Style News", "description": "Cara Delevingne is bald! The star just revealed a new buzzed look", "og": {"title": "From Model to Method Actress, Cara Delevingne Goes Bald for New Role", "type": "article", "site_name": "PEOPLE.com", "url": "https://people.com/style/cara-delevingne-shaves-her-head/", "description": "Cara Delevingne is bald! The star just revealed a new buzzed look", "image": {"identifier": "https://imagesvc.meredithcorp.io/v3/mm/image?q=85&c=sc&poi=face&w=1681&h=880&url=https%3A%2F%2Fstatic.onecms.io%2Fwp-content%2Fuploads%2Fsites%2F20%2F2017%2F04%2Fcara-delevigne1.jpg", "width": 1681, "height": 880}}, "pinterest": {"url": "https://people.com/style/cara-delevingne-shaves-her-head/", "description": "Cara Delevingne is bald! The star just revealed a new buzzed look", "media": "https://imagesvc.meredithcorp.io/v3/mm/image?url=https%3A%2F%2Fstatic.onecms.io%2Fwp-content%2Fuploads%2Fsites%2F20%2F2017%2F04%2Fcara-delevigne1.jpg"}, "twitter": {"card": "summary_large_image", "url": "https://people.com/style/cara-delevingne-shaves-her-head/", "title": "From Model to Method Actress, Cara Delevingne Goes Bald for New Role", "description": "Cara Delevingne is bald! The star just revealed a new buzzed look", "site": "@people", "image": "https://imagesvc.meredithcorp.io/v3/mm/image?q=85&c=sc&poi=face&w=1681&h=880&url=https%3A%2F%2Fstatic.onecms.io%2Fwp-content%2Fuploads%2Fsites%2F20%2F2017%2F04%2Fcara-delevigne1.jpg"}, "robots": "max-image-preview:large", "fb": {"app_id": 610948219662029, "pages": 95926963131}, "article": {"opinion": "false"}, "p": {"domain_verify": "755183be01bfc739a9cac6673f1f2c1b"}}, "movies": [], "publish_date": null, "source": "https://people.com", "summary": ""}