{"url": "www.hellomagazine.com/celebrities/2018072350450/cheryl-liam-payne-split-statement-cringeworthy/", "text": "Cheryl has admitted that her statement announcing her split from Liam Payne was \"so cringeworthy,\" but that she and the One Direction singer \"don't hate each other\". Her candid comments came to light after Piers Morgan revealed the pair had texted each other, after Piers covered the break-up on Good Morning Britain earlier this month. On the show, he said: \"It's always weird when celebrity couples split up saying they have so much love for each other. If they love each other that much, why are they splitting up? They should be more honest and just say, 'We hate each other.'\"\n\nIn his latest column for the Daily Mail's Event magazine, Piers revealed that Cheryl texted him after the broadcast to share her feelings. \"When we came off air, Cheryl texted me: 'I'm so sorry you didn't like my statement, Piers \u2013 perhaps I should have texted you the intimate details in chronological order as it unfolded,'\" the TV star revealed.\n\nCheryl and Liam's love story through the years:\n\nLoading the player...\n\nPiers added that the pair had \"always got on well\" so he felt a \"sudden rare pang of guilt\" after making the comments. He apologised and Cheryl replied that she was \"only messing\". He continued: \"Fortunately, Cheryl quickly eased my concern: 'I'm just messing. I hate those kinds of statements too, so cringeworthy. But we don't hate each other. It just didn't work out.'\"\n\nMORE: The detail in Prince George's birthday portrait you might have missed\n\nCheryl, 35, and Liam, 24, announced their split in a joint statement on Twitter earlier this month. The friendly exes, who share a one-year-old son Bear, wrote: \"We are sad to announce that we are going our separate ways. It's been a tough decision for us to make. We still have so much love for each other as a family. Bear is our world and we ask that you respect his privacy as we navigate our way through this together.\"\n\nCheryl and Liam have a son together\n\nMORE: Tess Daly shares rare photo of daughters\n\nThe Fight For This Love singer has since been spotted out in public, attending Simon Cowell's Syco summer party in high spirits, while her best friends Kimberley Walsh and Nicola Roberts have said she is \"doing really well\". Liam has also spoken about his desire to give baby Bear a stable home, telling People magazine: \"Babies want their mum; I would never have wanted to get in the way of that.\"", "images": ["http://www.himgs.com/imagenes/hello/common/hello-2008.png?v2", "https://www.himgs.com/css/hello/img/logo.png", "http://www.hellomagazine.com/imagenes/celebrities/2018072350450/cheryl-liam-payne-split-statement-cringeworthy/0-247-255/cheryl-and-liam-payne-brit-awards-z.jpg", "http://www.himgs.com/css/hello/img/logo.png", "https://www.facebook.com/tr?id=858230647564408&ev=PageView&noscript=1", "https://pixel.33across.com/ps/?pid=1157&cgn=17916&seg=47780", "https://certify.alexametrics.com/atrk.gif?account=HS7uq1SZw320l9", "https://www.hellomagazine.com/imagenes/celebrities/2018072350450/cheryl-liam-payne-split-statement-cringeworthy/0-247-256/cheryl-and-liam-payne-t.jpg", "http://trc.taboola.com/1115066/log/3/unip?en=page_view", "http://www.himgs.com/imagenes/hello/common/subs-button-3.jpg", "http://www.hellomagazine.com/celebrities/2018072350450/cheryl-liam-payne-split-statement-cringeworthy/\n            https:/www.facebook.com/tr?ev=6015416512498&cd[value]=0.00&cd[currency]=USD&noscript=1", "https://www.facebook.com/tr?id=1728383620790976&ev=PageView&noscript=1", "https://sb.scorecardresearch.com/p?c1=2&c2=6035866&cs_ucfr=1&cv=2.0&cj=1", "http://www.hellomagazine.com/imagenes/celebrities/2018072350450/cheryl-liam-payne-split-statement-cringeworthy/0-247-256/cheryl-and-liam-payne-t.jpg", "https://www.hellomagazine.com/imagenes/comunes/1.gif?resize=5px:3px"], "top_img": "https://www.hellomagazine.com/imagenes/celebrities/2018072350450/cheryl-liam-payne-split-statement-cringeworthy/0-247-256/cheryl-and-liam-payne-t.jpg", "keywords": [], "authors": [], "canonical_link": "https://www.hellomagazine.com/celebrities/2018072350450/cheryl-liam-payne-split-statement-cringeworthy/", "title": "Cheryl admits her Liam Payne split statement was 'cringeworthy'", "meta_data": {"plantilla": "Plantilla de noticias (plantilla-noticias.html)", "title": "Cheryl admits her Liam Payne split statement was 'cringeworthy'", "description": "Cheryl has admitted that her and Liam Payne's joint split statement was 'cringeworthy', Piers Morgan has revealed in his latest column", "keywords": "Cheryl", "dc.title": "Cheryl admits her Liam Payne split statement was 'cringeworthy'", "distribution": "global", "viewport": "width=device-width, initial-scale=1, maximum-scale=3, user-scalable=yes", "news_keywords": "Cheryl", "og": {"title": "Cheryl admits her Liam Payne split statement was 'cringeworthy'", "description": "Cheryl has admitted that her and Liam Payne's joint split statement was 'cringeworthy', Piers Morgan has revealed in his latest column", "image": "https://www.hellomagazine.com/imagenes/celebrities/2018072350450/cheryl-liam-payne-split-statement-cringeworthy/0-247-256/cheryl-and-liam-payne-t.jpg", "updated_time": "2018-07-23T06:59:34+01:00", "url": "https://www.hellomagazine.com/celebrities/2018072350450/cheryl-liam-payne-split-statement-cringeworthy/", "type": "article", "site_name": "HELLO!"}, "fb": {"admins": 89982930077}, "article": {"published_time": "2018-07-23T06:59:34+01:00", "modified_time": "2018-07-23T06:59:34+01:00"}, "twitter": {"card": "summary_large_image", "site": "@hellomag", "creator": "@hellomag", "url": "https://www.hellomagazine.com/celebrities/2018072350450/cheryl-liam-payne-split-statement-cringeworthy/", "title": "Cheryl admits her Liam Payne split statement was 'cringeworthy'", "description": "Cheryl has admitted that her and Liam Payne's joint split statement was 'cringeworthy', Piers Morgan has revealed in his latest column.", "image": "https://www.hellomagazine.com/imagenes/celebrities/2018072350450/cheryl-liam-payne-split-statement-cringeworthy/0-247-256/cheryl-and-liam-payne-t.jpg"}, "hmn": "true", "botify-site-verification": "rAorMmkbfzd6yOwJ3PITFmdyCjOzGLug"}, "movies": [], "publish_date": 1532325574.0, "source": "http://www.hellomagazine.com", "summary": ""}