{"url": "https://web.archive.org/web/20070430131220/http://my.barackobama.com/page/dashboard/public/gGxqkb", "text": "Profile\n\nLocation: Concord, NH\n\nWhy I support Barack Obama: America is in need of change and Barack Obama represents the kind of change Washington and our country needs.\n\nIssues: peace & social justice; economic fairness / security; smart energy policy\n\nRegistered to Vote: Yes\n\n", "images": ["https://web.archive.org/web/20070430131220im_/http://www.barackobama.com/images/donate_link.gif", "https://web.archive.org/web/20070430131220im_/http://www.barackobama.com/page_elements/08_logo2.jpg", "https://web.archive.org/web/20070430131220im_/http://www.barackobama.com/favicon.ico", "https://web.archive.org/web/20070430131220im_/http://my.barackobama.com/images/indicator.gif", "https://web.archive.org/web/20070430131220im_/http://www.barackobama.com/images/esp_link.gif", "https://web.archive.org/web/20070430131220im_/http://my.barackobama.com/page/image/dede6ece2d59d0d7a7_mcm6iixhq.jpg/@mx_30@my_100", "https://web.archive.org/web/20070430131220im_/http://www.barackobama.com/page_elements/cc.gif", "https://web.archive.org/web/20070430131220im_/http://my.barackobama.com/page/image/b684ac4a8471232601_f4kmv2odv.jpg/@mx_30@my_100", "https://web.archive.org/web/20070430131220im_/http://my.barackobama.com/modules/profile/images/no_photo.gif"], "top_img": "https://web.archive.org/web/20070430131220im_/http://www.barackobama.com/favicon.ico", "keywords": [], "authors": [], "canonical_link": "", "title": "BarackObama.com", "meta_data": {"keywords": "Senator Barack Obama 2008 Presidential Campaign", "description": "Official Website of Barack Obama 2008 Presidential Campaign"}, "movies": [], "publish_date": null, "source": "https://web.archive.org", "summary": ""}