{"url": "https://www.etonline.com/news/214959_sugar_bear_denies_mama_june_abuse_allegations_says_she_is_pissed_at_him", "text": "Mike \"Sugar Bear\" Thompson is speaking up against the abuse allegations made by his ex, Mama June Shannon.\n\nOn Tuesday, Mama June was a guest on The Wendy Williams Show, where she claimed Sugar Bear was \"very emotionally and physically\" abusive to her during their \"many, many years\" together. She also alleged that he does not have a relationship with their 11-year-old daughter, Alana \"Honey Boo Boo\" Thompson, and claims he injured 17-year-old Lauryn \"Pumpkin\" Shannon.\n\n\n\nWATCH: Mama June Opens Up About Her Current Relationship With Sugar Bear: 'He Pisses Me Off'\n\n\"The abuse allegations are not true,\" Sugar Bear, who believes his marriage to new wife Jennifer Lamb has \"a lot to do\" with Mama June's anger, told ET on Tuesday. \"It is not true, any of it. June won't let me see or talk to Alana.\"\n\n\"I have text messages where I text June and try to talk to Alana, but no response back from her,\" he continued. \"The last time I saw Alana was at mine and Jennifer's wedding. I've tried to stay in touch with my daughter but June won't let me.\"\n\nWhen ET chatted with Honey Boo Boo earlier this month (more on that below), she told us her father has poked fun at her weight a few times. Sugar Bear claims that is not true, either.\n\n\"I have never told Alana to lose weight or said anything to Alana about her weight,\" he said. \"June's a damn liar. I would never hurt Alana in any way.\"\n\n\"Everything I've said is the truth,\" he added. \"I'm just tired of being put down for it. June is saying these things because she's pissed at me. I never hurt any kid.\"\n\n\n\nRELATED: Mama June Claims Sugar Bear Was 'Very Emotionally and Physically' Abusive\n\nFollowing her shocking weight loss reveal on Mama June: From Not to Hot, ET caught up with Mama June for an exclusive sit-down interview, where she got candid on her and Sugar Bear's current relationship.\n\n\"When you get rid of trash, then you become a better person,\" she said at the time. \"He really made me feel like s**t [and] I wanted to show him, 'Hey, I can do [whatever] I want to do'\u2026 I wanted to show him, like, I am actually worth it.\"\n\nET also spoke to Honey Boo Boo, who echoed her mother's words about her not having a relationship with her father, and spoke on the aforementioned comments about her weight.\n\n\"He calls me every once in a blue moon, so if there's a blue moon outside, he's going to call me,\" she explained. \"The other day we were on the phone ...and we were talking about something, and he was like, 'I need to cut my grass, so I was like, 'Yeah, I'll come do it. I'm [going to] need a ride mower,' and he said, 'You're gonna need a push mower, 'cause it wouldn't hurt.'\"\n\n\n\nWATCH: Inside Mama June's New Life: Exercise, Eating and Dating Following Total Body Transformation!\n\n\"I was more mad of the point that he said, because I didn't get this shape from not eating,\" she continued. \"The other day, I was talking to him again and he said it again.\"\n\nHear more in the video below.\n\n\n\n-Reporting by Jennifer Peros\n\n\n\nMama June Claims Sugar Bear Was 'Emotionally and Physically' Abusive This video is unavailable because we were unable to load a message from our sponsors.\n\n\n\nIf you are using ad-blocking software, please disable it and reload the page. Embed Code Restart\n\nRelated Gallery", "images": ["https://www.etonline.com/sites/default/files/styles/60x60/public/images/2020-11/Screen%20Shot%202020-11-26%20at%208.14.18%20PM_0.png?h=0d68163c&itok=sT_dMiPp", "https://www.etonline.com/sites/default/files/styles/max_1280x720/public/images/2017-04/et_mama_june_041117_v2_hulu.jpg?itok=YJYNMjlF", "https://www.etonline.com/sites/default/files/styles/60x60/public/images/2020-10/holiday_decor.jpg?h=bec07665&itok=BGo5NYJ9", "https://www.etonline.com/sites/default/files/styles/840x470/public/images/2017-03/lena_dunham_1280.jpg?itok=pB_ZhLeI", "data:image/gif;base64,R0lGODlhAQABAAAAACwAAAAAAQABAAA="], "top_img": "https://www.etonline.com/sites/default/files/styles/max_1280x720/public/images/2017-04/et_mama_june_041117_v2_hulu.jpg?itok=YJYNMjlF", "keywords": [], "authors": ["Desiree Murphy"], "canonical_link": "https://www.etonline.com/news/214959_sugar_bear_denies_mama_june_abuse_allegations_says_she_is_pissed_at_him", "title": "EXCLUSIVE: Sugar Bear Denies Mama June's Abuse Allegations: 'She's Pissed at Me'", "meta_data": {"article": {"opinion": "false"}, "title": "EXCLUSIVE: Sugar Bear Denies Mama June's Abuse Allegations: 'She's Pissed at Me' | Entertainment Tonight", "og": {"site_name": "Entertainment Tonight", "type": "Article", "url": "https://www.etonline.com/news/214959_sugar_bear_denies_mama_june_abuse_allegations_says_she_is_pissed_at_him", "title": "EXCLUSIVE: Sugar Bear Denies Mama June's Abuse Allegations: 'She's Pissed at Me'", "description": "'It is not true, any of it,' the reality star told ET on Tuesday.", "image": {"identifier": "https://www.etonline.com/sites/default/files/styles/max_1280x720/public/images/2017-04/et_mama_june_041117_v2_hulu.jpg?itok=YJYNMjlF", "width": 1280, "height": 720}}, "fb": {"pages": 106843036179, "admins": 3111204, "app_id": 145337045558621}, "robots": "index", "apple-mobile-web-app-capable": "yes", "twitter": {"card": "summary_large_image", "description": "'It is not true, any of it,' the reality star told ET on Tuesday.", "site": {"identifier": "@etnow", "id": 23603092}, "title": "EXCLUSIVE: Sugar Bear Denies Mama June's Abuse Allegations: 'She's Pissed at Me'", "creator": "Desiree Murphy", "url": "https://www.etonline.com/news/214959_sugar_bear_denies_mama_june_abuse_allegations_says_she_is_pissed_at_him", "image": "https://www.etonline.com/sites/default/files/styles/max_1280x720/public/images/2017-04/et_mama_june_041117_v2_hulu.jpg?itok=YJYNMjlF"}, "description": "'It is not true, any of it,' the reality star told ET on Tuesday.", "msvalidate.01": "DC10472F438B55F3A58638BC31271706", "google-site-verification": "hKpIt34FKZ_qMU81xUdLUw2YzuyZY1pS76p0622Hc7w", "keywords": "News, Mama June", "Generator": "Drupal 8 (https://www.drupal.org)", "MobileOptimized": "width", "HandheldFriendly": "true", "viewport": "width=device-width, initial-scale=1.0, minimum-scale=1.0"}, "movies": [], "publish_date": null, "source": "https://www.etonline.com", "summary": ""}