{"url": "www.closerweekly.com/posts/prince-harry-girlfriend-meghan-markle-toronto-136191/photos/prince-harry-meghan-markle-240132", "text": "Things just keep getting more and more serious between Prince Harry and his girlfriend, Meghan Markle!\n\nThe 32-year-old royal is house hunting in Toronto to be closer to Meghan, 35, according to In Touch Weekly. \u201cHe\u2019s looking to rent a love nest for them in Toronto, not far from where she lives now,\u201d a source recently told the magazine.\n\nMORE: New Reality Show Coming out All About Meghan Markle, Prince Harry, and Her Family!\n\n\u201cHarry wants to find something that is larger than Meghan\u2019s current home and has state-of-the-art security,\u201d the insider revealed.\n\nMeghan (left) and Harry (right). (Photo Credit: Getty Images)\n\nMeghan currently lives in Toronto because that\u2019s where she films her hit USA TV show, Suits. Though the couple \u2014 who began dating in August 2016 \u2014 often get together at Harry\u2019s Kensington Palace residence, it would be easier for Harry and Meghan to spend most of their time in Canada, outside of the royal spotlight.\n\nMORE: Prince Harry to Propose to Meghan Markle With an Engagement Ring That Once Belonged to Princess Diana\n\n\u201cEventually, Meghan will move to London. But in the meantime, Harry\n\nwants her to live like a princess,\u201d the source said.\n\nInterestingly, the actress has a knack for interior decorating, so Harry wants Meghan to take care of sprucing up their new space! \u201cShe\u2019s got great taste when it comes to interior design, so Harry has no problem leaving it up to her,\u201d the insider continued.\n\nMORE: Meghan Markle Had the Best Response to Being Asked If She\u2019d Get Married to Prince Harry\u2026\n\n\u201cHowever, he does plan to add a few personal touches, including photos of\n\nhis family,\u201d the source added.\n\nCheck out the gallery for more details on Harry and Meghan\u2019s whirlwind royal romance!", "images": ["https://www.closerweekly.com/wp-content/uploads/2020/10/CL4420_cover_final.jpg?w=300", "data:image/gif;base64,R0lGODlhAQABAIAAAAUEBAAAACwAAAAAAQABAAACAkQBADs=", "https://www.closerweekly.com/wp-content/uploads/2017/07/prince-harry-girlfriend-meghan-markle.jpg?w=750&h=800&crop=1&resize=1000%2C1000", "https://www.closerweekly.com/wp-content/uploads/2017/09/prince-harry-queen-eliabeth.jpg?fit=200%2C200", "https://www.closerweekly.com/wp-content/uploads/2017/09/prince-harry-meghan-markle.jpg?resize=1000%2C630", "https://www.closerweekly.com/wp-content/uploads/2017/09/prince-harry-meghan-markle.jpg?fit=200%2C200"], "top_img": "https://www.closerweekly.com/wp-content/uploads/2017/09/prince-harry-meghan-markle.jpg?resize=1000%2C630", "keywords": [], "authors": ["Julia Birkinbine"], "canonical_link": "https://www.closerweekly.com/posts/prince-harry-girlfriend-meghan-markle-toronto-136191/", "title": "Prince Harry Is House Hunting in Toronto to Live Close to Girlfriend Meghan Markle!", "meta_data": {"viewport": "width=device-width, initial-scale=1.0", "theme-color": "#ffffff", "msvalidate.01": "097DBAAF43A9B61E9E4259AA7D75B069", "description": "Things just keep getting more and more serious between Prince Harry and his girlfriend, Meghan Markle! The 32-year-old royal is house hunting in Toronto", "robots": "index, follow, max-snippet:-1, max-image-preview:large, max-video-preview:-1", "og": {"locale": "en_US", "type": "article", "title": "Prince Harry Is House Hunting in Toronto to Live Close to Girlfriend Meghan Markle!", "description": "Things just keep getting more and more serious between Prince Harry and his girlfriend, Meghan Markle! The 32-year-old royal is house hunting in Toronto to be closer to Meghan, 35, according to In...", "url": "https://www.closerweekly.com/posts/prince-harry-girlfriend-meghan-markle-toronto-136191/", "site_name": "Closer Weekly", "updated_time": "2017-09-15T14:29:34+00:00", "image": {"identifier": "https://www.closerweekly.com/wp-content/uploads/2017/09/prince-harry-meghan-markle.jpg?resize=1000%2C630", "secure_url": "https://www.closerweekly.com/wp-content/uploads/2017/09/prince-harry-meghan-markle.jpg?resize=1000%2C630", "width": 1200, "height": 630}}, "article": {"publisher": "https://www.facebook.com/closerweekly", "published_time": "2017-07-06T16:40:02+00:00", "modified_time": "2017-09-15T14:29:34+00:00"}, "fb": {"app_id": 690901130988498, "admins": 593583017, "pages": 487501061346187}, "twitter": {"card": "summary_large_image", "title": "Prince Harry Is House Hunting in Toronto to Live Close to Girlfriend Meghan Markle!", "description": "Things just keep getting more and more serious between Prince Harry and his girlfriend, Meghan Markle! The 32-year-old royal is house hunting in Toronto to be closer to Meghan, 35, according to In...", "image": "https://www.closerweekly.com/wp-content/uploads/2017/09/prince-harry-meghan-markle.jpg?resize=1000%2C630", "creator": "@closerweekly", "site": "@closerweekly"}, "generator": "WordPress 5.5.2", "msapplication-TileImage": "https://www.closerweekly.com/wp-content/uploads/2020/11/android-chrome-192x192-1.png?fit=192%2C192"}, "movies": [], "publish_date": 1499359202.0, "source": "http://www.closerweekly.com", "summary": ""}