{"url": "www.closerweekly.com/posts/prince-harry-dad-rumors-127594", "text": "Who is Prince Harry\u2018s father? That\u2019s what many fans are asking themselves ahead of the royal wedding. There have been rumors going around that Prince Charles isn\u2019t Prince Harry\u2019s real dad, so many fans are wondering if Harry and James Hewitt are actually father and son since they look alike. Scroll down to find out!\n\nIs Prince Harry Charles\u2019 son?\n\nPrincess Diana\u2019s ex-lover recently confirmed that Charles is Prince Harry\u2019s biological father. In a previous interview with Australia\u2019s Sunday Night, James was asked, \u201cAre you Harry\u2019s father?\u201d from the show\u2019s host. \u201cNo, I\u2019m not,\u201d the 60-year-old candidly admitted. He was then asked why he thought the truth of Harry\u2019s paternity has been in constant doubt over the years. \u201cIt sells papers. It\u2019s worse for [Harry], probably, poor chap,\u201d James shared.\n\nJames in 2004.\n\nJames and Diana previously met in 1986, two years after Harry was born (Diana welcomed Harry with Charles in September 1984). The two were introduced around the same time Charles was rumored to be having an affair with his now-wife, Camilla, Duchess of Cornwall. However, James\u2019 claims prove that Charles is actually Harry\u2019s father (Phew!).\n\nJames reflected on his and Diana\u2019s whirlwind and private romance. \u201cIt\u2019s a gradual period and then, you know, suddenly you can\u2019t get enough of each other or see each other as much as you want,\u201d he said, adding they had some great, low-key times together. \u201cI\u2019d cook and she\u2019d wash up. Just dinner and relaxing and laughing.\u201d\n\nTheir affair was soon exposed by the press, which led to their eventual split. Diana and Charles \u2014 who are also parents to a 35-year-old son, Prince William \u2014 later divorced in 1996 after 15 years of marriage. Diana died in a car crash in August 1997.\n\nWhile Harry has expressed in the past that he\u2019s close with his dad, the red-headed royal also had a strong bond with his late mother and recently revealed how he\u2019s keeping her legacy alive through his charity work. \u201cI want to do something that makes my mother proud,\u201d he said. \u201cLucky for me I\u2019ve got the prince bit so I\u2019m able to make a difference.\u201d\n\nJoin our Facebook group for the latest updates on Kate Middleton, Prince William, and all things royal!", "images": ["https://www.closerweekly.com/wp-content/uploads/2020/01/shutterstock_editorial_10543684k.jpg?crop=518px%2C193px%2C2424px%2C2424px&resize=90%2C90", "https://www.closerweekly.com/wp-content/uploads/2019/10/Ree-Drummond.jpg?crop=0px%2C447px%2C2346px%2C1329px&resize=120%2C68", "https://www.closerweekly.com/wp-content/uploads/2018/05/princess-diana-meghan-markle-scandal.jpg?resize=120%2C68", "https://www.closerweekly.com/wp-content/uploads/2020/11/LTG_HOL_AMI_11.24.20_300x490.jpg?fit=300%2C490", "https://www.closerweekly.com/wp-content/uploads/2017/07/screen-shot-2017-07-19-at-12-24-49-pm.png?resize=120%2C68", "https://www.closerweekly.com/wp-content/uploads/2020/11/goldie-hawn-recalls-the-special-way-kurt-russell-looked-at-her-kids-when-they-started-dating.jpg?crop=0px%2C349px%2C2336px%2C2336px&resize=90%2C90", "https://www.closerweekly.com/wp-content/uploads/2020/11/marlene-dietrich-1948.jpg?crop=0px%2C257px%2C2509px%2C1423px&resize=120%2C68", "https://www.closerweekly.com/wp-content/uploads/2020/01/Amber-Laign-and-Robin-Roberts.jpg?resize=90%2C90", "https://www.closerweekly.com/wp-content/uploads/2020/01/Prince-William-gets-new-title.jpg?crop=476px%2C0px%2C2875px%2C2875px&resize=90%2C90", "https://www.closerweekly.com/wp-content/uploads/2018/05/princess-diana-secret-daughter.jpg?resize=120%2C68", "https://www.closerweekly.com/wp-content/uploads/2020/11/Melissa-Rivers-Reflects-on-Mom-Joans-Legacy-After-Her-Death.jpg?crop=0px%2C59px%2C3000px%2C1699px&resize=120%2C68", "https://www.closerweekly.com/wp-content/uploads/2020/07/goldie-hawns-cutest-photos-with-kids-kate-oliver-wyatt-and-boston-2014.jpg?crop=0px%2C41px%2C2220px%2C1258px&resize=120%2C68", "https://www.closerweekly.com/wp-content/uploads/2018/05/prince-harry-james-hewitts-son.jpg?resize=120%2C68", "https://www.closerweekly.com/wp-content/uploads/2018/05/prince-harry-james-hewitts-son.jpg?resize=1200%2C630", "https://www.closerweekly.com/wp-content/uploads/2020/10/CL4420_cover_final.jpg?w=300", "https://www.closerweekly.com/wp-content/uploads/2020/10/joyce-bulifant-mary-tyler-moore-actress-life-career.jpg?resize=120%2C68", "https://www.closerweekly.com/wp-content/uploads/2020/11/Joan-Lunden-Is-Appreciative-After-Beating-Breast-Cancer.jpg?crop=0px%2C169px%2C3494px%2C1978px&resize=120%2C68", "https://www.closerweekly.com/wp-content/uploads/2018/05/james-hewitt.jpg?w=750&h=1200&crop=1&resize=1180%2C1945", "https://www.closerweekly.com/wp-content/uploads/2020/11/linda-ronstadt-health-update.jpg?resize=120%2C68", "https://www.closerweekly.com/wp-content/uploads/2020/11/dave-coulier-talks-full-house-wife-melissa-and-future-work02.jpg?crop=281px%2C113px%2C2015px%2C1140px&resize=120%2C68", "https://www.closerweekly.com/wp-content/uploads/2020/01/Prince-Harry-bothered-by-Prince-William-title.jpg?crop=452px%2C0px%2C3583px%2C3582px&resize=90%2C90", "https://www.closerweekly.com/wp-content/uploads/2020/11/Geena-Davis-Feels-Better-at-64-\u2014-There-Are-No-Limits.jpg?crop=0px%2C88px%2C3000px%2C1699px&resize=120%2C68", "https://www.closerweekly.com/wp-content/uploads/2020/01/martin-lawrence-kids.jpg?crop=741px%2C0px%2C2204px%2C2204px&resize=90%2C90"], "top_img": "https://www.closerweekly.com/wp-content/uploads/2018/05/prince-harry-james-hewitts-son.jpg?resize=1200%2C630", "keywords": [], "authors": ["Samantha Faragalli"], "canonical_link": "https://www.closerweekly.com/posts/prince-harry-dad-rumors-127594/", "title": "Who's Prince Harry's Real Father? James Hewitt Addresses Rumors He's His Dad", "meta_data": {"viewport": "width=device-width, initial-scale=1.0", "theme-color": "#ffffff", "msvalidate.01": "097DBAAF43A9B61E9E4259AA7D75B069", "description": "Who is Prince Harry's father? That's what many fans are asking themselves ahead of the royal wedding. There have been rumors going around that", "robots": "index, follow, max-snippet:-1, max-image-preview:large, max-video-preview:-1", "og": {"locale": "en_US", "type": "article", "title": "Who's Prince Harry's Real Father? James Hewitt Addresses Rumors He's His Dad", "description": "Who is Prince Harry\u2018s father? That\u2019s what many fans are asking themselves ahead of the royal wedding. There have been rumors going around that Prince Charles isn\u2019t Prince Harry\u2019s real dad, so many...", "url": "https://www.closerweekly.com/posts/prince-harry-dad-rumors-127594/", "site_name": "Closer Weekly", "updated_time": "2018-07-19T14:40:24+00:00", "image": {"identifier": "https://www.closerweekly.com/wp-content/uploads/2018/05/prince-harry-james-hewitts-son.jpg?resize=1200%2C630", "secure_url": "https://www.closerweekly.com/wp-content/uploads/2018/05/prince-harry-james-hewitts-son.jpg?resize=1200%2C630", "width": 1200, "height": 630}}, "article": {"publisher": "https://www.facebook.com/closerweekly", "published_time": "2018-05-17T15:43:00+00:00", "modified_time": "2018-07-19T14:40:24+00:00"}, "fb": {"app_id": 690901130988498, "admins": 593583017, "pages": 487501061346187}, "twitter": {"card": "summary_large_image", "title": "Who's Prince Harry's Real Father? James Hewitt Addresses Rumors He's His Dad", "description": "Who is Prince Harry\u2018s father? That\u2019s what many fans are asking themselves ahead of the royal wedding. There have been rumors going around that Prince Charles isn\u2019t Prince Harry\u2019s real dad, so many...", "image": "https://www.closerweekly.com/wp-content/uploads/2018/05/prince-harry-james-hewitts-son.jpg?resize=1200%2C630", "creator": "@closerweekly", "site": "@closerweekly"}, "generator": "WordPress 5.5.2", "msapplication-TileImage": "https://www.closerweekly.com/wp-content/uploads/2020/11/android-chrome-192x192-1.png?fit=192%2C192"}, "movies": [], "publish_date": 1526571780.0, "source": "http://www.closerweekly.com", "summary": ""}