{"url": "http://www.cq.com/doc/newsmakertranscripts-4917877?3", "text": "Need help? Contact the CQ Hotline at (800) 678-8511 or hotline@cqrollcall.com", "images": ["HTTPS://bs.serving-sys.com/Serving/ActivityServer.bs?cn=as&ActivityID=1075966&ns=1", "http://www.cq.com/doc/versioned/MjAyMDEyMDJfMjI0NzIwMDE5/images/app-icon.png", "http://www.cq.com/doc/images/cq-logo-white-new.png"], "top_img": "http://www.cq.com/doc/versioned/MjAyMDEyMDJfMjI0NzIwMDE5/images/app-icon.png", "keywords": [], "authors": [], "canonical_link": "", "title": "CQ.com", "meta_data": {"build-version": "unknown-TAG", "build-time": "unknown-1608087575468", "viewport": "initial-scale=1", "apple-itunes-app": "app-id=1022591312"}, "movies": [], "publish_date": null, "source": "http://www.cq.com", "summary": ""}