{"url": "https://www.complex.com/music/2017/04/kendrick-lamar-mom-paula-oliver-praises-damn-with-emoji-filled-text", "text": "Kendrick Lamar is top of the world right now. Not only is Damn on course to land the biggest debut of 2017, it has also received a great deal of praise from fans and critics alike, many of whom are calling the project his best one yet. But none of those kind words can compare to the love and congratulations he received from his mother.\n\nOn Saturday afternoon, the Compton rapper shared a screenshot of an emoji-laden text his mom, Paula Oliver, had sent him after she listened to Damn for the first time. It\u2019s a lengthy text that is equal parts heartwarming and hilarious, as she shares her initial thoughts on the album as well as the cover art.\n\n\u201cOMG. This cd is bombbbbb!,\u201d she wrote at the beginning of the text. \u201cYou should have put me and your daddy on this one too j/k.\u201d\n\nFor those who don\u2019t know, Kendrick\u2019s mom and dad were featured in the skits on Good Kid, M.A.A.D City. Though they didn\u2019t contribute to Damn, Kendrick does make references to them.\n\nPaula told her son she thought this was the best project he\u2019s released, before addressing the album\u2019s cover.\n\n\u201cYour daddy said u look stressed on the cover lol I said ni**a that s the point,\u201d she wrote. \u201cWe always stressing him out. Since a Lil boy you been a over think though \u2026\u2026 But What you say, a ni**a make it look sexy? Boy you can make a dog laugh.\u201d\n\nOliver admitted she missed Kendrick\u2019s Coachella live stream, but heard he was floating in the air. She also showed love to Kendrick's \u201cdie hard\u201d fans a.k.a. KenFolk who showed up to watch his headlining set: \u201cI love them.\u201d\n\nKendrick replied in the way most sons would to the emoji-heavy text: \u201cWho taught you 100? Lol.\"", "images": ["https://images.complex.com/complex/images/c_fill,dpr_auto,f_auto,q_90,w_1400/fl_lossy,pg_1/r6qzlkykmhbwhztthhnu/kendrick-lamar-mom", "http://b.scorecardresearch.com/p?c1=2&c2=6685975&cv=2.0&cj=1", "https://images.complex.com/complex/image/upload/v1580766573/FFFFFF-1_cyvbjp.png", "https://images.complex.com/complex/image/upload/t_author_pic/drsyqqzhwwwmfi53ewrr.jpg", "https://images.complex.com/complex/images/c_fill,f_auto,g_center,w_1200/fl_lossy,pg_1/r6qzlkykmhbwhztthhnu/kendrick-lamar-mom"], "top_img": "https://images.complex.com/complex/images/c_fill,f_auto,g_center,w_1200/fl_lossy,pg_1/r6qzlkykmhbwhztthhnu/kendrick-lamar-mom", "keywords": [], "authors": ["Joshua Espinoza"], "canonical_link": "https://www.complex.com/music/2017/04/kendrick-lamar-mom-paula-oliver-praises-damn-with-emoji-filled-text", "title": "Kendrick Lamar's Mom Wrote the Best Review of 'Damn' Yet", "meta_data": {"google-site-verification": "ICK39wBGvCQQMHpEUykVHWF8Ox_0MME-_qxe6ixFUik", "theme-color": "#000000", "description": "Kendrick Lamar's mom, Paula Oliver, texted him this emoji-filled review of 'Damn.'", "robots": "index, follow, max-snippet:-1, max-image-preview:large, max-video-preview:-1", "og": {"type": "website", "title": "Kendrick Lamar's Mom Wrote the Best Review of 'Damn' Yet", "description": "Kendrick Lamar's mom, Paula Oliver, texted him this emoji-filled review of 'Damn.'", "url": "https://www.complex.com/music/2017/04/kendrick-lamar-mom-paula-oliver-praises-damn-with-emoji-filled-text", "image": "https://images.complex.com/complex/images/c_fill,f_auto,g_center,w_1200/fl_lossy,pg_1/r6qzlkykmhbwhztthhnu/kendrick-lamar-mom", "site_name": "Complex"}, "fb": {"app_id": 310521533114641, "pages": 117696581735620}, "twitter": {"card": "summary_large_image", "title": "Kendrick Lamar's Mom Wrote the Best Review of 'Damn' Yet", "description": "Kendrick Lamar's mom, Paula Oliver, texted him this emoji-filled review of 'Damn.'", "url": "https://www.complex.com/music/2017/04/kendrick-lamar-mom-paula-oliver-praises-damn-with-emoji-filled-text", "image": "https://images.complex.com/complex/images/c_fill,f_auto,g_center,h_300,q_auto,w_600/fl_lossy,pg_1/r6qzlkykmhbwhztthhnu/kendrick-lamar-mom", "site": {"id": 13049362}}, "viewport": "width=device-width, initial-scale=1, minimum-scale=1, maximum-scale=1"}, "movies": [], "publish_date": null, "source": "https://www.complex.com", "summary": ""}