{"url": "celebrityinsider.org/blake-shelton-gwen-stefani-hoping-exes-miranda-lambert-gavin-rossdale-are-happy-and-have-children-in-their-future-relationships-60460/", "text": "At what point will Blake Shelton and Gwen Stefani focus on their own lives and leave the exes alone?\n\nThis is a question being asked by several fans after a report surfaced claiming that The Voice coaches have their fingers crossed their former spouses \u2013 Miranda Lambert and Gavin Rossdale \u2013 will have children.\n\nShelton and the No Doubt diva have been dating since late 2015, and according to several reports that surfaced online, they are trying to conceive a baby the natural way.\n\nApparently, Stefani is very religious and does not believe in using contraceptives.\n\n#hidebehindmylashes ? @Revlon #megamultiplier mascara! #nosmudge. Lasts all day. #ad A post shared by Gwen Stefani (@gwenstefani) on Aug 18, 2017 at 12:52pm PDT\n\nA source close to the pair claimed that they realize that having a baby would be a blessing and they wish the same for their former flames.\n\nThe family friend shared: \u201cGwen and Blake want everyone to be happy, and if Gavin or Miranda ever have children with their future relationships, they would be happy for them. Granted they are not focusing much attention on their exes\u2019 sex and family lives, but they would be OK if that were to happen and they would only hope they would accept things if Blake and Gwen become a family themselves. They are interested in moving forward on good terms and don\u2019t want to have any drama with their exes, so they are thinking positively about them when they are ever brought up. It is pointless to stress about things you cannot control. They are going just to be happy, and things will work out how they are supposed to work out.\u201d\n\nThe same so-called pal denied that Stefani is pregnant with Shelton\u2019s baby and added: \u201cGwen is most definitely not pregnant. Blake has been low-key hoping for a while that they might have a happy accident and Gwen would wind up pregnant again but for now, that simply is not the case. Gwen is so tiny, if she has a big lunch, she can appear to be three months along. But she is not\u2026not now at least.\u201d\n\n#summer2017 \u2764\ufe0flove u guys gx A post shared by Gwen Stefani (@gwenstefani) on Jul 7, 2017 at 1:24pm PDT\n\nFans say it is time for the music stars to move on and stop talking about their exes even if it is to say positive things.\n\nAdvertisement\n\nRossdale never speaks of the mother of his three sons, and Lambert only mentions her ex and their past life together in her music.", "images": ["https://celebrityinsider.org/wp-content/uploads/2020/11/kylie-jenner-leopard-300x225.jpg", "https://celebrityinsider.org/wp-content/uploads/2020/11/bllt2amqwvqufcdkwkee-1-300x187.jpg", "https://celebrityinsider.org/wp-content/uploads/2017/08/Rihanna-Hassan-Jameel-Marriage-And-Kids-700x466.jpg", "https://celebrityinsider.org/wp-content/uploads/2020/11/gwen-stefani-junya-watanabe-leather-jacket-700x466.jpg", "data:image/svg+xml,%3Csvg%20xmlns=%22http://www.w3.org/2000/svg%22%20viewBox=%220%200%2042%2042%22%3E%3C/svg%3E", "https://celebrityinsider.org/images/rss.png", "https://celebrityinsider.org/images/socflip.png", "https://certify.alexametrics.com/atrk.gif?account=9uhRo1IWhd10kU", "https://celebrityinsider.org/images/socf.png", "data:image/svg+xml,%3Csvg%20xmlns=%22http://www.w3.org/2000/svg%22%20viewBox=%220%200%2060%2060%22%3E%3C/svg%3E", "data:image/svg+xml,%3Csvg%20xmlns=%22http://www.w3.org/2000/svg%22%20viewBox=%220%200%20150%2035%22%3E%3C/svg%3E", "https://celebrityinsider.org/images/soctu.png", "https://celebrityinsider.org/images/next1.gif", "https://celebrityinsider.org/wp-content/uploads/2020/11/cynthia-bailey-1-300x200.jpg", "data:image/svg+xml,%3Csvg%20xmlns=%22http://www.w3.org/2000/svg%22%20viewBox=%220%200%20150%2027%22%3E%3C/svg%3E", "https://celebrityinsider.org/wp-content/uploads/2016/10/celebrity-insider.png", "https://celebrityinsider.org/wp-content/uploads/2017/03/Mel-Walker-60x60.jpg", "https://celebrityinsider.org/images/soct.png", "https://celebrityinsider.org/wp-content/uploads/2020/11/blake-gwen-700x466.jpg", "data:image/svg+xml,%3Csvg%20xmlns=%22http://www.w3.org/2000/svg%22%20viewBox=%220%200%20210%20140%22%3E%3C/svg%3E", "data:image/svg+xml,%3Csvg%20xmlns=%22http://www.w3.org/2000/svg%22%20viewBox=%220%200%201800%201457%22%3E%3C/svg%3E", "https://celebrityinsider.org/wp-content/uploads/2017/08/Blake-Shelton-Gwen-Stefani-Miranda-Lambert-Gavin-Rossdale.jpg", "https://celebrityinsider.org/wp-content/uploads/2020/11/owgf6p9znblivjyykctk-300x295.jpg", "https://celebrityinsider.org/wp-content/uploads/2020/11/eisxmppxuaaecui-300x207.jpg", "https://celebrityinsider.org/wp-content/uploads/2020/11/jennifer-lopez-and-megan-thee-stallion-300x225.jpg", "https://celebrityinsider.org/wp-content/uploads/2020/11/sw4ksyojvk5uaghasnei-300x169.jpg", "https://celebrityinsider.org/images/watch-us-on-youtube.png", "https://celebrityinsider.org/wp-content/uploads/2020/11/gwen-stefani-blake-shelton-700x466.jpg", "https://celebrityinsider.org/wp-content/uploads/2020/11/38533171_291201874978967_5890736672269664256_n-300x300.jpg"], "top_img": "https://celebrityinsider.org/wp-content/uploads/2017/08/Blake-Shelton-Gwen-Stefani-Miranda-Lambert-Gavin-Rossdale.jpg", "keywords": [], "authors": ["Mel Walker", "Denise Wilburn"], "canonical_link": "https://celebrityinsider.org/blake-shelton-gwen-stefani-hoping-exes-miranda-lambert-gavin-rossdale-are-happy-and-have-children-in-their-future-relationships-60460/", "title": "Blake Shelton & Gwen Stefani Hoping Exes Miranda Lambert, Gavin Rossdale Are Happy And Have Children In Their Future Relationships", "meta_data": {"author": "Mel Walker", "news_keywords": "blake shelton, gwen stefani", "keywords": "celebrity news, blake shelton, gwen stefani", "p": {"domain_verify": "eb3eaa384c05d7c451fa2a546258488f"}, "theme-color": "#dedede", "description": "At what point will Blake Shelton and Gwen Stefani focus on their own lives and leave the exes alone?  This is a question being asked by several", "og": {"type": "article", "title": "Blake Shelton & Gwen Stefani Hoping Exes Miranda Lambert, Gavin Rossdale Are Happy And Have Children In Their Future Relationships", "description": "At what point will Blake Shelton and Gwen Stefani focus on their own lives and leave the exes alone?  This is a question being asked by several", "url": "https://celebrityinsider.org/blake-shelton-gwen-stefani-hoping-exes-miranda-lambert-gavin-rossdale-are-happy-and-have-children-in-their-future-relationships-60460/", "image": "https://celebrityinsider.org/wp-content/uploads/2017/08/Blake-Shelton-Gwen-Stefani-Miranda-Lambert-Gavin-Rossdale.jpg", "site_name": "Breaking Celebrity News, Entertainment News, and Celebrity Gossip - Celebrity Insider"}, "article": {"published_time": "2017-08-19", "modified_time": "2017-08-19", "author": "https://celebrityinsider.org/author/melwalker/", "section": "Entertainment", "tag": "gwen stefani"}, "fb": {"app_id": 1646073299040160}, "twitter": {"card": "summary_large_image", "creator": "@CelebInsiderorg", "site": "@CelebInsiderorg"}, "viewport": "width=device-width, initial-scale=1, maximum-scale=1", "format-detection": "telephone=no", "onesignal": "wordpress-plugin", "msapplication-TileImage": "https://celebrityinsider.org/wp-content/uploads/2016/08/cropped-favincon-270x270.png"}, "movies": [], "publish_date": 1503093600.0, "source": "http://celebrityinsider.org", "summary": ""}