{"url": "http://www.youtube.com/user/dscclive#p/f/7/1kfaEJYg8uA", "text": "", "images": ["https://yt3.ggpht.com/ytc/AAUvwngtc5dQl_re9CfRcX120pux7RBK62hGR7BaKFKs=s900-c-k-c0x00ffffff-no-rj"], "top_img": "https://yt3.ggpht.com/ytc/AAUvwngtc5dQl_re9CfRcX120pux7RBK62hGR7BaKFKs=s900-c-k-c0x00ffffff-no-rj", "keywords": [], "authors": [], "canonical_link": "https://www.youtube.com/channel/UC2S_jQIl_grdQj-JXg-RKgg", "title": "DSCC", "meta_data": {"theme-color": "rgba(255, 255, 255, 0.98)", "description": "Official YouTube Channel of the Democratic Senatorial Campaign Committee.", "keywords": "Senate \"Election 2010\" Democrats Republicans Races \"Tea Party\"", "og": {"title": "DSCC", "site_name": "YouTube", "url": "https://www.youtube.com/channel/UC2S_jQIl_grdQj-JXg-RKgg", "image": {"identifier": "https://yt3.ggpht.com/ytc/AAUvwngtc5dQl_re9CfRcX120pux7RBK62hGR7BaKFKs=s900-c-k-c0x00ffffff-no-rj", "width": 900, "height": 900}, "description": "Official YouTube Channel of the Democratic Senatorial Campaign Committee.", "type": "profile", "video": {"tag": "Tea Party"}}, "al": {"ios": {"app_store_id": 544007664, "app_name": "YouTube", "url": "vnd.youtube://www.youtube.com/channel/UC2S_jQIl_grdQj-JXg-RKgg"}, "android": {"url": "https://www.youtube.com/channel/UC2S_jQIl_grdQj-JXg-RKgg?feature=applinks", "app_name": "YouTube", "package": "com.google.android.youtube"}, "web": {"url": "https://www.youtube.com/channel/UC2S_jQIl_grdQj-JXg-RKgg?feature=applinks"}}, "fb": {"app_id": 87741124305}, "twitter": {"card": "summary", "site": "@youtube", "url": "https://www.youtube.com/channel/UC2S_jQIl_grdQj-JXg-RKgg", "title": "DSCC", "description": "Official YouTube Channel of the Democratic Senatorial Campaign Committee.", "image": "https://yt3.ggpht.com/ytc/AAUvwngtc5dQl_re9CfRcX120pux7RBK62hGR7BaKFKs=s900-c-k-c0x00ffffff-no-rj", "app": {"name": {"iphone": "YouTube", "ipad": "YouTube", "googleplay": "YouTube"}, "id": {"iphone": 544007664, "ipad": 544007664, "googleplay": "com.google.android.youtube"}, "url": {"iphone": "vnd.youtube://www.youtube.com/channel/UC2S_jQIl_grdQj-JXg-RKgg", "ipad": "vnd.youtube://www.youtube.com/channel/UC2S_jQIl_grdQj-JXg-RKgg", "googleplay": "https://www.youtube.com/channel/UC2S_jQIl_grdQj-JXg-RKgg"}}}}, "movies": [], "publish_date": null, "source": "http://www.youtube.com", "summary": ""}