{"url": "http://rarolae.com/tygas-dinner-date-jordan-ozuna-breaks-her-silence-on-those-romance-rumors/", "text": "Tyga was spotted out and about with a new girl and the internet is going widl!\n\nAfter the rapper and his girlfriend Kylie partied separately during the first weekend of Coachella2017, Tyga got fans talking when he was spotted enjoying dinner with a few friends.\n\nIn photos obtained by TMZ, the \u201cAyo\u201d rapper and Jordan Ozuna were spotted sitting next to each other inside Serafina Sunset in West Hollywood. And when it was time to leave the restaurant, the pair embraced for a hug goodbye.\n\nBefore you assume something is going down, you may just want to go straight to the source. \u201cOmg y\u2019all I\u2019m not dating Tyga,\u201d Jordan shared on Twitter Friday afternoon after the pictures surfaced. \u201cCome on.\u201d", "images": ["http://1.gravatar.com/avatar/4583817698b0fad1bb44bb6081d54dc0?s=50&d=mm&r=g", "https://i0.wp.com/rarolae.com/wp-content/uploads/2017/04/0421-tyga-new-girl-fame-flynet-launch-3.jpg?resize=718%2C480", "https://i2.wp.com/rarolae.com/wp-content/uploads/2017/09/Copy-of-Raro-Lae-logo-designs.png?fit=500%2C500", "http://rarolae.com/wp-content/uploads/2017/04/0421-tyga-new-girl-fame-flynet-launch-3.jpg"], "top_img": "http://rarolae.com/wp-content/uploads/2017/04/0421-tyga-new-girl-fame-flynet-launch-3.jpg", "keywords": [], "authors": ["Aj Nwosu"], "canonical_link": "http://rarolae.com/tygas-dinner-date-jordan-ozuna-breaks-her-silence-on-those-romance-rumors/", "title": "Tyga's Dinner Date Jordan Ozuna Breaks Her Silence on Those Romance Rumors", "meta_data": {"viewport": "width=device-width, initial-scale=1, maximum-scale=1", "description": "Tyga's Dinner Date Jordan Ozuna Breaks Her Silence on Those Romance Rumors", "og": {"type": "article", "title": "Tyga\u2019s Dinner Date Jordan Ozuna Breaks Her Silence on Those Romance Rumors", "description": "Tyga's Dinner Date Jordan Ozuna Breaks Her Silence on Those Romance Rumors", "url": "http://rarolae.com/tygas-dinner-date-jordan-ozuna-breaks-her-silence-on-those-romance-rumors/", "image": "http://rarolae.com/wp-content/uploads/2017/04/0421-tyga-new-girl-fame-flynet-launch-3.jpg", "site_name": "Rarolae.com"}, "article": {"published_time": "2017-04-22", "modified_time": "2017-04-22", "author": "http://rarolae.com/author/akachukwunwosu/", "section": "Entertainment"}, "twitter": {"card": "summary", "widgets": {"link-color": "#000000", "border-color": "#000000"}, "partner": "tfwp", "title": "Tyga\u2019s Dinner Date Jordan Ozuna Breaks Her Silence on Those Romance Rumors", "site": "@TheRaroLaeBlog", "description": "Tyga was spotted\u00a0out and about with a new girl and the internet is going widl! After the rapper and his girlfriend Kylie partied separately\u00a0during the first weekend of Coachella2017, Tyga got fans talking\u00a0when he was spotted enjoying dinner with a few friends. In photos obtained by TMZ, the \"Ayo\" rapper and\u00a0Jordan Ozuna were spotted sitting\u2026", "image": "https://i0.wp.com/rarolae.com/wp-content/uploads/2017/04/0421-tyga-new-girl-fame-flynet-launch-3.jpg?fit=718%2C654"}, "google-site-verification": "mR-ftYFCTMHo8C5Y01V_QvU0rv75hu6079koDYmbgmk", "shareaholic": {"site_name": "Rarolae.com", "language": "en-US", "url": "http://rarolae.com/tygas-dinner-date-jordan-ozuna-breaks-her-silence-on-those-romance-rumors/", "keywords": "cat:entertainment, type:post", "article_published_time": "2017-04-22T15:39:05-04:00", "article_modified_time": "2017-04-22T15:39:05-04:00", "shareable_page": "true", "article_author_name": "AJ Nwosu", "site_id": "5914428fcd7e5796f5f93faf52997f93", "wp_version": "9.5.0", "image": "https://i0.wp.com/rarolae.com/wp-content/uploads/2017/04/0421-tyga-new-girl-fame-flynet-launch-3.jpg?fit=300%2C273"}, "generator": "Powered by Slider Revolution 5.4.5.2 - responsive, Mobile-Friendly Slider Plugin for WordPress with comfortable drag and drop interface.", "msapplication-config": "/wp-content/uploads/fbrfg/browserconfig.xml", "theme-color": "#ffffff", "msapplication-TileImage": "https://i2.wp.com/rarolae.com/wp-content/uploads/2017/08/cropped-Raro-Lae-logo-designs-14.png?fit=270%2C270"}, "movies": [], "publish_date": 1492812000.0, "source": "http://rarolae.com", "summary": ""}