{"url": "https://www.bravotv.com/the-daily-dish/the-real-housewives-of-beverly-hills-season-9-premiere-date-trailer", "text": "The 90210 squad is back for the most shocking season ever.\n\nCreate a free profile to get unlimited access to exclusive videos, sweepstakes, and more!\n\nYour First Look at The Real Housewives of Beverly Hills Season 9\n\nIf you thought last season of The Real Housewives of Beverly Hills was jaw-dropping, just wait. You ain't seen nothin' yet. The Beverly Hills bunch is back for Season 9 on Tuesday, February 12 at 9/8c, and it's unlike anything you've ever seen before.\n\nForget what you've heard: What's really going down in the 90210 is even more \"crazy,\" \"epic,\" \"unbelievable,\" and \"shocking,\" according to the above trailer for the upcoming new season. Yes, the drama is the realest it's ever been on RHOBH, so you better buckle up.\n\nIn Season 9, we'll be welcoming back Erika Girardi, Dorit Kemsley, Teddi Mellencamp Arroyave, Kyle Richards, Lisa Rinna, and Lisa Vanderpump. There's also a new face coming into the mix, who's actually very familiar, Denise Richards. Camille Grammer will also be back as a friend to hang with her Hollywood pals. And did we see appearances by a couple of RHOBH alums in the trailer, too? Yeah, we did.\n\nThe RHOBH ladies will be bringing all their usual glam along the way, including gorgeous getaways, luxe gifts, and the fiercest outfits we ever did see. Oh, and we'll see not one but two weddings. Did we mention how amazing Season 9 of RHOBH is going to be?\n\nWatch how this group of dynamic women manages a season where they're at a crossroads in their careers, families, and especially their friendships. Changes are definitely afoot for these L.A. ladies.\n\nCheck out the full Season 9 trailer above, and then come back down here for some more RHOBH goodness.", "images": ["https://www.bravotv.com/sites/bravo/files/2020/10/rhop-after-show-promotion.jpg", "https://www.bravotv.com/sites/bravo/files/2020/08/below-deck-med-after-show.jpg", "https://www.bravotv.com/sites/bravo/files/field_blog_image/2018/12/dish-rhobh-supertease.jpg", "https://www.bravotv.com/sites/bravo/files/2020/10/so-siriano-editors-picks.jpg", "https://www.bravotv.com/sites/bravo/files/field_blog_image/2018/09/dish-denise-richards-rhobh.jpg", "https://www.bravotv.com/sites/bravo/files/styles/faux_player__mobile/public/media_mpx/thumbnails/bravo-video.nbcuni.com/image/NBCU_Bravo/447/583/181119_3832590_The_Husbands_Crashed_a_Girls__Trip_to_Hawaii.jpg?itok=vfT2mO8d", "https://www.bravotv.com/sites/bravo/files/2020/11/dolores-catania-teresa-giudice-children.jpg", "https://www.bravotv.com/sites/bravo/files/2020/11/eileen-davidson-life-after-bravo_1.jpg", "https://www.bravotv.com/sites/bravo/files/2020/11/eileen-davidson-life-after-bravo_0.jpg", "https://www.bravotv.com/sites/bravo/files/2020/11/andy-cohen-robin-dixon-gizelle-bryant.jpg", "https://www.bravotv.com/sites/bravo/files/styles/blog-post--mobile/public/2020-03/rhobh-season-10-16x9-sans-logo.jpg?itok=ClfjwM2Q", "https://www.bravotv.com/sites/bravo/files/2020/11/sutton-stracke-new-family-member.jpg", "https://www.bravotv.com/themes/custom/lifestyle/images/heartlock-white.png", "https://www.bravotv.com/sites/bravo/files/2020/06/amplify-our-voices-blm-playlist_1.jpg", "https://www.bravotv.com/sites/bravo/files/field_blog_image/2018/10/dish-kyle-richards_1.jpg", "https://www.bravotv.com/sites/bravo/files/styles/faux_player__mobile/public/media_mpx/thumbnails/bravo-video.nbcuni.com/image/NBCU_Bravo/396/830/181219_3849352_Your_First_Look_at_The_Real_Housewives_of_Be.jpg?itok=6R1IoEpE", "https://www.bravotv.com/sites/bravo/files/2020/11/meredith-marks-children-rhoslc.jpg", "https://www.bravotv.com/sites/bravo/files/styles/blog-post--computer/public/field_blog_image/2018/11/dish-lisa-vanderpump_2.jpg?itok=xSIw1Ebu"], "top_img": "https://www.bravotv.com/sites/bravo/files/field_blog_image/2018/12/dish-rhobh-supertease.jpg", "keywords": [], "authors": [], "canonical_link": "https://www.bravotv.com/the-daily-dish/the-real-housewives-of-beverly-hills-season-9-premiere-date-trailer", "title": "The Real Housewives of Beverly Hills Returns This February: Watch the Trailer You've All Been Waiting For", "meta_data": {"branch": {"deeplink": {"showJourneys": "true"}}, "title": "The Real Housewives of Beverly Hills Season 9 Premiere Date, Trailer | The Daily Dish", "twitter": {"card": "summary_large_image", "site": "@bravotv", "description": "If you thought last season of The Real Housewives of Beverly Hills was jaw-dropping, just wait. You ain't seen nothin' yet. The Beverly Hills bunch is back for Season 9 on Tuesday, February 12 at 9/8c, and it's unlike anything you've ever seen before.", "title": "The Real Housewives of Beverly Hills Returns This February: Watch the Trailer You've All Been Waiting For", "url": "https://www.bravotv.com/the-daily-dish/the-real-housewives-of-beverly-hills-season-9-premiere-date-trailer", "image": "https://www.bravotv.com/sites/bravo/files/field_blog_image/2018/12/dish-rhobh-supertease.jpg"}, "og": {"site_name": "Bravo TV Official Site", "type": "article", "url": "https://www.bravotv.com/the-daily-dish/the-real-housewives-of-beverly-hills-season-9-premiere-date-trailer", "title": "The Real Housewives of Beverly Hills Returns This February: Watch the Trailer You've All Been Waiting For", "description": "If you thought last season of The Real Housewives of Beverly Hills was jaw-dropping, just wait. You ain't seen nothin' yet. The Beverly Hills bunch is back for Season 9 on Tuesday, February 12 at 9/8c, and it's unlike anything you've ever seen before.", "image": "https://www.bravotv.com/sites/bravo/files/field_blog_image/2018/12/dish-rhobh-supertease.jpg"}, "fb": {"app_id": 1592250694320227}, "article": {"published_time": "2018-12-20T16:31:00-05:00", "modified_time": "2018-12-20T16:51:53-05:00"}, "Generator": "Drupal 8 (https://www.drupal.org)", "MobileOptimized": "width", "HandheldFriendly": "true", "viewport": "width=device-width, initial-scale=1.0", "vertical_name": "The Daily Dish"}, "movies": [], "publish_date": 1545341460.0, "source": "https://www.bravotv.com", "summary": ""}