{"url": "https://people.com/music/nelly-furtado-secret-split-demacio-castellon/", "text": "The singer revealed in a new interview Wednesday she split from Castellon last summer\n\nShe usually keeps mum about her private life, but Nelly Furtado revealed in a new interview on Wednesday that she\u2019s back on the market.\n\n\u201cI am single now,\u201d she said on ITV\u2019s Loose Women about secretly splitting from Demacio Castellon last summer. \u201cSomeone here needs to update my Wikipedia. It\u2019s not helping my dating life!\u201d\n\nGet push notifications with news, features and more.\n\nThe singer, 38, wed the sound engineer in 2008 in an ultra-private ceremony that they kept hidden from the public until more than a year later.\n\n\u201cI went through an emotionally difficult time last summer and I actually wrote and sung myself songs to get through it,\u201d Furtado, who\u2019s currently promoting her sixth studio album, The Ride, said about the breakup. \u201cI would sing to myself while I drove on these long drives, and I thought to myself, \u2018I\u2019m so lucky that I can write songs because I can soothe myself with them.'\u201d\n\nAnd though she\u2019s still working through her heartbreak, the star says she\u2019s focusing on her 13-year-old daughter, Nevis (with ex Jasper Gahunia).\n\n\u201cSometimes you just want to sit home and bake some muffins for your daughter. I need to stay mentally and emotionally and physically well for my daughter,\u201d she said.\n\nIn 2014, Furtado opened up about collaborating with Castellon on both her 2006 album, Loose, and her Spanish-language album, Mi Plan, which went platinum and won a Latin Grammy for best female pop vocal.\n\n\u201cIt\u2019s a healthy tension working together,\u201d she told PEOPLE. \u201cIt doesn\u2019t always go smoothly, of course, and it can be really challenging when there are differences of opinion, which of course happens.\u201d", "images": ["https://imagesvc.meredithcorp.io/v3/mm/image?url=https%3A%2F%2Fstatic.onecms.io%2Fwp-content%2Fuploads%2Fsites%2F20%2F2020%2F11%2F12%2Fthanksgiving-covid-150x150.jpg", "https://imagesvc.meredithcorp.io/v3/mm/image?url=https%3A%2F%2Fstatic.onecms.io%2Fwp-content%2Fuploads%2Fsites%2F20%2F2016%2F05%2F06%2Fprincess-diana-21.jpg", "https://imagesvc.meredithcorp.io/v3/mm/image?url=https%3A%2F%2Fstatic.onecms.io%2Fwp-content%2Fuploads%2Fsites%2F20%2F2020%2F07%2F23%2Ftout.jpg", "data:image/svg+xml,%3Csvg%20xmlns='http://www.w3.org/2000/svg'%20viewBox='0%200%20100%20133'%3E%3C/svg%3E", "https://imagesvc.meredithcorp.io/v3/mm/image?q=85&c=sc&poi=face&w=1556&h=815&url=https%3A%2F%2Fstatic.onecms.io%2Fwp-content%2Fuploads%2Fsites%2F20%2F2017%2F04%2Fnelly-furtado1.jpg", "https://peopledotcom.files.wordpress.com/2018/09/thumbnail_generic.png", "data:image/svg+xml,%3Csvg%20xmlns='http://www.w3.org/2000/svg'%20viewBox='0%200%20100%20100'%3E%3C/svg%3E", "https://imagesvc.meredithcorp.io/v3/mm/image?url=https%3A%2F%2Fstatic.onecms.io%2Fwp-content%2Fuploads%2Fsites%2F20%2F2020%2F08%2F04%2Fcoyote-ugly-2000.jpg", "https://imagesvc.meredithcorp.io/v3/mm/image?url=https%3A%2F%2Fstatic.onecms.io%2Fwp-content%2Fuploads%2Fsites%2F20%2F2020%2F07%2F19%2Ftiaras-2.jpg", "https://imagesvc.meredithcorp.io/v3/mm/image?url=https%3A%2F%2Fstatic.onecms.io%2Fwp-content%2Fuploads%2Fsites%2F20%2F2017%2F04%2Fnelly-furtado1.jpg", "https://imagesvc.meredithcorp.io/v3/mm/image?url=https%3A%2F%2Fstatic.onecms.io%2Fwp-content%2Fuploads%2Fsites%2F20%2F2020%2F11%2F12%2Fcat-phone.jpg"], "top_img": "https://imagesvc.meredithcorp.io/v3/mm/image?q=85&c=sc&poi=face&w=1556&h=815&url=https%3A%2F%2Fstatic.onecms.io%2Fwp-content%2Fuploads%2Fsites%2F20%2F2017%2F04%2Fnelly-furtado1.jpg", "keywords": [], "authors": ["Melody Chiu"], "canonical_link": "https://people.com/music/nelly-furtado-secret-split-demacio-castellon/", "title": "Nelly Furtado Secretly Split from Demacio Castellon", "meta_data": {"viewport": "width=device-width, initial-scale=1", "keywords": "Breakups,Divorce,Music News,Nelly Furtado,News", "news_keywords": "Breakups,Divorce,Music News,Nelly Furtado,News", "description": "The singer revealed in a new interview Wednesday she split from Castellon last summer", "og": {"title": "Nelly Furtado Secretly Split from Demacio Castellon", "type": "article", "site_name": "PEOPLE.com", "url": "https://people.com/music/nelly-furtado-secret-split-demacio-castellon/", "description": "The singer revealed in a new interview Wednesday she split from Castellon last summer", "image": {"identifier": "https://imagesvc.meredithcorp.io/v3/mm/image?q=85&c=sc&poi=face&w=1556&h=815&url=https%3A%2F%2Fstatic.onecms.io%2Fwp-content%2Fuploads%2Fsites%2F20%2F2017%2F04%2Fnelly-furtado1.jpg", "width": 1556, "height": 815}}, "pinterest": {"url": "https://people.com/music/nelly-furtado-secret-split-demacio-castellon/", "description": "The singer revealed in a new interview Wednesday she split from Castellon last summer", "media": "https://imagesvc.meredithcorp.io/v3/mm/image?url=https%3A%2F%2Fstatic.onecms.io%2Fwp-content%2Fuploads%2Fsites%2F20%2F2017%2F04%2Fnelly-furtado1.jpg"}, "twitter": {"card": "summary_large_image", "url": "https://people.com/music/nelly-furtado-secret-split-demacio-castellon/", "title": "Nelly Furtado Secretly Split from Demacio Castellon", "description": "The singer revealed in a new interview Wednesday she split from Castellon last summer", "site": "@people", "image": "https://imagesvc.meredithcorp.io/v3/mm/image?q=85&c=sc&poi=face&w=1556&h=815&url=https%3A%2F%2Fstatic.onecms.io%2Fwp-content%2Fuploads%2Fsites%2F20%2F2017%2F04%2Fnelly-furtado1.jpg"}, "robots": "max-image-preview:large", "fb": {"app_id": 610948219662029, "pages": 95926963131}, "article": {"opinion": "false"}, "p": {"domain_verify": "755183be01bfc739a9cac6673f1f2c1b"}}, "movies": [], "publish_date": null, "source": "https://people.com", "summary": ""}