{"url": "https://web.archive.org/web/20080817004723/http://www.cqpolitics.com:80/cq-assets/cqmultimedia/flash/votestudy/index.html", "text": "Congressional Quarterly has studied the voting behavior of members of Congress since 1953 to assess how often lawmakers stick with members of their own caucus on votes when the two parties divide and how often they back the president on votes where he has a clear position. With Congress out of town until after the national conventions, CQ's editors are digging into their votes database to compile expanded vote analysis packages for CQ.com.\n\nNew! Partisanship and Presidential Support in the Bush Era\n\nCQ has completed a study of all roll-call votes during the seven-and-a-half years of President Bush's two terms \u2014 up to Congress' August recess. It is a first-ever look at the way lawmakers voted over an entire presidency. It underscores the high level of Capitol Hill partisanship that has been a hallmark of the period, and shows that while Republican support for President Bush was quite high, Democratic support was almost nonexistent in the House and very limited in the Senate.\n\nThe searchable table shows both party unity and presidential support scores over the entire Bush presidency for individual lawmakers who are currently serving in the 110th Congress. It also flags the races CQ Politics has determined will be competitive on Election Day.\n\nHow CQ Calculated the Bush Administration Scores | Previous CQ Weekly Coverage: Moderates Come Front and Center (July 28)", "images": ["https://web.archive.org/web/20080817004723im_/http://www.cq.com/flatfiles/marketingAds/cqpolitics_logo136.gif", "https://web.archive.org/web/20080817004723im_/http://www.cq.com/images/banner_tab_mycq_active.gif", "https://web.archive.org/web/20080817004723im_/http://www.cq.com/flatfiles/editorialFiles/permanentItems/news/eap_images/leftrail_tout_btmedge.gif", "https://web.archive.org/web/20080817004723im_/http://www.cq.com/images/banner_results.gif", "https://web.archive.org/web/20080817004723im_/http://www.cqpolitics.com/cqmultimedia/flash/votestudy/banner.jpg", "https://web.archive.org/web/20080817004723im_/http://www.cq.com/images/shortcuts.gif", "https://web.archive.org/web/20080817004723im_/http://www.cq.com/images/banner_columns.gif", "https://web.archive.org/web/20080817004723im_/http://www.cq.com/images/arrow_quicksearch.gif", "https://web.archive.org/web/20080817004723im_/http://www.cq.com/images/searchsponsor.gif", "https://web.archive.org/web/20080817004723im_/http://www.cq.com/images/leftbar_linefade.gif", "https://web.archive.org/web/20080817004723im_/http://www.cq.com/images/favicon.ico", "https://web.archive.org/web/20080817004723im_/http://www.cq.com/images/spacer.gif", "https://web.archive.org/web/20080817004723im_/http://www.cq.com/images/banner_tab_bills_inactive.gif", "https://web.archive.org/web/20080817004723im_/http://www.cq.com/images/rightrail_bullet_blue.gif", "https://web.archive.org/web/20080817004723im_/http://www.cq.com/images/banner_tab_members_inactive.gif", "https://web.archive.org/web/20080817004723im_/http://www.cq.com/corp/images/homeland_trial.gif", "https://web.archive.org/web/20080817004723im_/http://www.cq.com/images/banner_bluebarrightend.gif", "https://web.archive.org/web/20080817004723im_/http://www.cq.com/images/banner_tab_comm_inactive.gif", "https://web.archive.org/web/20080817004723im_/http://www.cq.com/flatfiles/marketingAds/transcripts_136.gif", "https://web.archive.org/web/20080817004723im_/http://www.cq.com/images/banner_curve.gif", "https://web.archive.org/web/20080817004723im_/http://www.cq.com/images/mycq_reference.gif", "https://web.archive.org/web/20080817004723im_/http://www.cq.com/images/banner_logo.gif", "https://web.archive.org/web/20080817004723im_/http://www.cq.comimages/leftbar_linefade.gif", "https://web.archive.org/web/20080817004723im_/http://www.cq.com/images/bullet_yellow.gif", "https://web.archive.org/web/20080817004723im_/http://www.cq.com/images/banner_alerts_logo.gif", "https://web.archive.org/web/20080817004723im_/http://www.cq.com/images/banner_link_dots.gif", "https://web.archive.org/web/20080817004723im_/http://www.cqpolitics.com/cq-assets/cqmultimedia/flash/votestudy/images/spacer.gif", "https://web.archive.org/web/20080817004723im_/http://www.cq.com/images/banner_tab_search_inactive.gif", "https://web.archive.org/web/20080817004723im_/http://www.cq.com/images/leftbar_bullet_dark.gif", "https://web.archive.org/web/20080817004723im_/http://www.cq.com/images/banner_searchlogo.gif", "https://web.archive.org/web/20080817004723im_/http://www.cq.com/images/banner_create.gif", "https://web.archive.org/web/20080817004723im_/http://www.cq.com/images/searchbox_bottom.gif", "https://web.archive.org/web/20080817004723im_/http://www.cq.com/images/rightrail_fadebar.gif", "https://web.archive.org/web/20080817004723im_/http://www.cq.com/images/banner_manage.gif", "https://web.archive.org/web/20080817004723im_/http://www.cq.com/corp/images/corp_login_customerservice.gif", "https://web.archive.org/web/20080817004723im_/http://www.cq.com/images/banner_tab_news_inactive.gif", "https://web.archive.org/web/20080817004723im_/http://www.cq.com/images/banner_tab_tool_inactive.gif"], "top_img": "https://web.archive.org/web/20080817004723im_/http://www.cq.com/images/favicon.ico", "keywords": [], "authors": [], "canonical_link": "", "title": "CQ Vote Studies", "meta_data": {}, "movies": [], "publish_date": null, "source": "https://web.archive.org", "summary": ""}