{"url": "www.thehollywoodgossip.com/2018/08/sofia-richie-to-kourtney-kardashian-stay-away-from-scott-disick/", "text": "It's been over a year since we first learned that Sofia Richie is dating Scott Disick.\n\nIt's one of those relationships that's tough to wrap your head around, and not just because of the massive age gap.\n\nSure, Scott is 15 years Sofia's senior, but that wouldn't be so strange if they were 40 and 55.\n\nAt 20 and 35, however, it's a little odd.\n\nHere, we have a woman who can't even legally purchase a cocktail in a serious relationship with a man who has three kids by his baby mama -- who's been famous since Sofia was in grade school.\n\nIt's an unusual situation, to put it mildly.\n\nAnd now that Kourtney Kardashian has dumped Younes Bendjima, the whole scenario might get even weirder.\n\nYou see, rumor has it that Sofia feels threatened by Kourtney.\n\nSources say she's constantly worried about Scott leaving her to try and make his family whole again.\n\nAnd now that Kourtney is back on the market, her concerns might be justified.\n\n\u201cSofia is furious that Scott and Kourtney are hanging out again,\u201d one insider tells In Touch Weekly.\n\n\u201cShe understands that they have to remain civil for the kids but has become convinced that Kourtney is trying to steal back her man.\"\n\nSofia is reportedly so worried about the situation that she's taken steps to try and ensure that\n\n\"She recently reached out to her and told her to back off,\" says the source.\n\nAs for the Lord himself, it seems Scott feels that he's stuck between a rock and a hard place.\n\n\u201cScott\u2019s caught in the middle,\u201d the insider claims.\n\n\u201cHe loves Sofia but will always have a soft spot for Kourtney.\u201d\n\nThose who know Scott best say that as much as he's enamored with Sofia, those feelings will eventually go stale, and he'll come running back to Kourtney.\n\nIn fact, Scott recently revealed that he's considered reconciling with Kourtney.\n\n\"We always said we'd try to get back together when we're 40,\" he said on an episode of Keeping Up With the Kardashians.\n\nConsidering Kourtney is currently 39, Sofia may have real cause for concern.\n\nHopefully, if the relationship fizzles, she'll quickly realize she dodged a bullet by not ending up with Scott.", "images": ["https://the-hollywood-gossip-res.cloudinary.com/iu/s--vzNz1oCE--/t_full/cs_srgb,f_auto,fl_strip_profile.lossy,q_auto:420/v1522429460/attachment/kourtney-kardashian-sofia-richie-scott-disick-split.png", "https://www.thehollywoodgossip.com/assets/logo-white-beee066818238b0eb075767349f71cae.png"], "top_img": "https://the-hollywood-gossip-res.cloudinary.com/iu/s--vzNz1oCE--/t_full/cs_srgb,f_auto,fl_strip_profile.lossy,q_auto:420/v1522429460/attachment/kourtney-kardashian-sofia-richie-scott-disick-split.png", "keywords": [], "authors": ["Tyler Johnson"], "canonical_link": "https://www.thehollywoodgossip.com/2018/08/sofia-richie-to-kourtney-kardashian-stay-away-from-scott-disick/", "title": "Sofia Richie to Kourtney Kardashian: Stay Away From Scott Disick!", "meta_data": {"viewport": "width=device-width, initial-scale=1.0", "fb": {"app_id": 277650442346327}, "og": {"site_name": "The Hollywood Gossip", "type": "article", "url": "https://www.thehollywoodgossip.com/2018/08/sofia-richie-to-kourtney-kardashian-stay-away-from-scott-disick/", "title": "Sofia Richie to Kourtney Kardashian: Stay Away From Scott Disick!", "description": "Sofia Richie is not happy with Kourtney Kardashian. And it seems she's making her feelings known in a big way.", "image": {"identifier": "https://the-hollywood-gossip-res.cloudinary.com/iu/s--l2tY61oI--/t_full/cs_srgb,f_auto,fl_strip_profile.lossy,q_auto:420/v1450385197/scott-disick-auntie-kris-its-me-its-todd-kraines-gif.gif", "type": "image/gif", "width": 500, "height": 230}}, "article": {"published_time": "2018-08-27T10:32:34-04:00", "modified_time": "2018-08-27T10:39:13-04:00", "tag": "Celebrity Gossip", "author": "Tyler Johnson"}, "twitter": {"site": "thgossip", "card": "summary_large_image", "title": "Sofia Richie to Kourtney Kardashian: Stay Away From Scott Disick!", "description": "Sofia Richie is not happy with Kourtney Kardashian. And it seems she's making her feelings known in a big way.", "image": {"src": "https://the-hollywood-gossip-res.cloudinary.com/iu/s--vzNz1oCE--/t_full/cs_srgb,f_auto,fl_strip_profile.lossy,q_auto:420/v1522429460/attachment/kourtney-kardashian-sofia-richie-scott-disick-split.png"}}, "description": "Sofia Richie is not happy with Kourtney Kardashian. And it seems she's making her feelings known in a big way."}, "movies": [], "publish_date": 1535380354.0, "source": "http://www.thehollywoodgossip.com", "summary": ""}