{"url": "www.celebuzz.com/2017-10-16/gwen-stefani-blake-shelton-marriage-prenup-gossip-cop-busts/", "text": "", "images": ["https://www.celebuzz.com/wp-content/uploads/2018/06/celebuzz_logo_alt.png", "http://pixel.quantserve.com/pixel/p-bDyt5XZ5yC-sg.gif", "data:image/gif;base64,R0lGODlhAQABAIABAAAAAP///yH5BAEAAAEALAAAAAABAAEAAAICTAEAOw==", "https://www.celebuzz.com/wp-content/themes/celebuzz/assets/favicons/icon_144.jpg", "https://b.scorecardresearch.com/p?c1=2&c2=6035951&cv=2.0&cj=1"], "top_img": "https://www.celebuzz.com/wp-content/themes/celebuzz/assets/favicons/icon_144.jpg", "keywords": [], "authors": [], "canonical_link": "https://www.celebuzz.com/2017-10-16/gwen-stefani-blake-shelton-marriage-prenup-gossip-cop-busts/", "title": "Is Gwen Stefani Forcing Blake Shelton to Sign a Prenup?", "meta_data": {"og": {"url": "https://www.celebuzz.com/2017-10-16/gwen-stefani-blake-shelton-marriage-prenup-gossip-cop-busts/", "type": "article", "title": "Is Gwen Stefani Forcing Blake Shelton to Sign a Prenup?", "description": "Word has it Gwen Stefani is forcing Blake Shelton to sign a prenup before getting married. Find out if the rumors are true.", "site_name": "Celebuzz", "image": {"identifier": "https://www.celebuzz.com/wp-content/themes/celebuzz/assets/favicons/icon_144.jpg", "secure_url": "https://www.celebuzz.com/wp-content/themes/celebuzz/assets/favicons/icon_144.jpg"}}, "viewport": "width=device-width,initial-scale=1,minimum-scale=1,maximum-scale=1,user-scalable=no", "msapplication-square150x150logo": "https://www.celebuzz.com/wp-content/themes/celebuzz/assets/favicons/icon_150.jpg", "msapplication-TileImage": "https://www.celebuzz.com/wp-content/themes/celebuzz/assets/favicons/favicon.png", "msapplication-TileColor": "#b80451", "theme-color": "#b80451", "description": "Word has it Gwen Stefani is forcing Blake Shelton to sign a prenup before getting married. Find out if the rumors are true.", "keywords": "gwen stefani blake shelton,gwen stefani blake shelton engaged,gwen stefani blake shelton married,gwen stefani blake shelton marriage,gwen stefani blake shelton prenup,gwen stefani blake shelton wedding,gwen stefani prenup,blake shelton prenup,gwen stefani engaged,gwen stefani wedding,gwen stefani married,gwen stefani marriage,blake shelton engaged,blake shelton wedding,blake shelton marriage,blake shelton married,,blake shelton,gossip cop busts,gwen stefani", "article": {"published_time": "2017-10-16T13:30:06Z", "modified_time": "2018-05-11T20:38:33Z"}, "twitter": {"card": "summary_large_image", "title": "Is Gwen Stefani Forcing Blake Shelton to Sign a Prenup?", "description": "Word has it Gwen Stefani is forcing Blake Shelton to sign a prenup before getting married. Find out if the rumors are true.", "image": "https://www.celebuzz.com/wp-content/themes/celebuzz/assets/favicons/icon_144.jpg"}, "fb": {"pages": 743505365784404, "app_id": 166691957321378}, "mobile-web-app-capable": "yes"}, "movies": [], "publish_date": 1508104800.0, "source": "http://www.celebuzz.com", "summary": ""}