{"url": "people.com/movies/david-and-victoria-beckham-shoot-down-divorce-rumors/", "text": "David and Victoria Beckham are not heading for divorce, a rep for the couple tells PEOPLE.\n\nDavid and Victoria Beckham are not heading for divorce, a rep for the couple tells PEOPLE.\n\n\u201cWhat nonsense. Journalist Chinese whispers and fake news fueled by social media. There is no impending statement, no divorce!\u201d the rep says.\n\nGet push notifications with news, features and more.\n\nInternet rumors swirled early Friday morning about the status of the longtime couple\u2019s relationship. As reports began circulating, Victoria sent her \u201clove\u201d to David on Instagram with a photo of her with their 6-year-old daughter Harper.\n\nThe two have been together since 1997 and married in July 1999 at a castle in Ireland. They most recently stepped out together at Prince Harry and Meghan Markle\u2019s royal wedding in late May, after first attending Prince William and Kate Middleton\u2019s wedding in 2011.\n\nImage zoom Victoria and David Beckham | Credit: Chris Jackson/Getty Images\n\nThe pair welcomed their first child Brooklyn in March 1999 \u2014 and the then four-month-old served as the ring bearer at their wedding. They later welcomed son Romeo in September 2002, youngest son Cruz in February 2005 and daughter Harper in July 2011.\n\nRELATED VIDEO: Victoria Beckham Reveals the Royal Wedding Was \u2018the Best Day\u2019 and Gushes About Meghan\u2019s Dress\n\nVictoria and David often gush about each other and their family on Instagram and often post shots of their family life. Victoria recently shared a picture of their youngest child Harper wearing a face mask of her father.\n\n\u201cLook who we found walking to school today!\u201d Victoria wrote alongside several laughing emojis.\n\nWatch the full season of Search History on PeopleTV.com or download the PeopleTV app on your favorite device.\n\nWatch the full season of Search History on PeopleTV.com or download the PeopleTV app on your favorite device.\n\nVictoria also posted several pictures for David\u2019s birthday in early May, including a sweet post of the former soccer star with his three younger kids. She also later helped their oldest son Brooklyn surprise his dad by showing up to lunch unannounced.", "images": ["https://imagesvc.meredithcorp.io/v3/mm/image?q=85&c=sc&poi=face&w=1200&h=628&url=https%3A%2F%2Fstatic.onecms.io%2Fwp-content%2Fuploads%2Fsites%2F20%2F2018%2F06%2Fbeckhams1.jpg", "https://imagesvc.meredithcorp.io/v3/mm/image?url=https%3A%2F%2Fstatic.onecms.io%2Fwp-content%2Fuploads%2Fsites%2F20%2F2020%2F11%2F12%2Fthanksgiving-covid-150x150.jpg", "https://imagesvc.meredithcorp.io/v3/mm/image?url=https%3A%2F%2Fstatic.onecms.io%2Fwp-content%2Fuploads%2Fsites%2F20%2F2016%2F05%2F06%2Fprincess-diana-21.jpg", "https://imagesvc.meredithcorp.io/v3/mm/image?url=https%3A%2F%2Fstatic.onecms.io%2Fwp-content%2Fuploads%2Fsites%2F20%2F2020%2F07%2F23%2Ftout.jpg", "data:image/svg+xml,%3Csvg%20xmlns='http://www.w3.org/2000/svg'%20viewBox='0%200%20100%20133'%3E%3C/svg%3E", "https://peopledotcom.files.wordpress.com/2018/09/thumbnail_generic.png", "data:image/svg+xml,%3Csvg%20xmlns='http://www.w3.org/2000/svg'%20viewBox='0%200%20100%20100'%3E%3C/svg%3E", "https://imagesvc.meredithcorp.io/v3/mm/image?url=https%3A%2F%2Fstatic.onecms.io%2Fwp-content%2Fuploads%2Fsites%2F20%2F2020%2F08%2F04%2Fcoyote-ugly-2000.jpg", "https://imagesvc.meredithcorp.io/v3/mm/image?url=https%3A%2F%2Fstatic.onecms.io%2Fwp-content%2Fuploads%2Fsites%2F20%2F2020%2F07%2F19%2Ftiaras-2.jpg", "https://imagesvc.meredithcorp.io/v3/mm/image?url=https%3A%2F%2Fstatic.onecms.io%2Fwp-content%2Fuploads%2Fsites%2F20%2F2020%2F11%2F12%2Fcat-phone.jpg", "https://imagesvc.meredithcorp.io/v3/mm/image?url=https%3A%2F%2Fstatic.onecms.io%2Fwp-content%2Fuploads%2Fsites%2F20%2F2018%2F05%2Fbeckhams-1-20001.jpg"], "top_img": "https://imagesvc.meredithcorp.io/v3/mm/image?q=85&c=sc&poi=face&w=1200&h=628&url=https%3A%2F%2Fstatic.onecms.io%2Fwp-content%2Fuploads%2Fsites%2F20%2F2018%2F06%2Fbeckhams1.jpg", "keywords": [], "authors": ["Ale Russian"], "canonical_link": "https://people.com/movies/david-and-victoria-beckham-shoot-down-divorce-rumors/", "title": "David and Victoria Beckham Shoot Down Divorce Rumors: 'Fake News Fueled by Social Media'", "meta_data": {"viewport": "width=device-width, initial-scale=1", "keywords": "Couples,David Beckham,Movie Celebrities,News,Victoria Beckham", "news_keywords": "Couples,David Beckham,Movie Celebrities,News,Victoria Beckham", "description": "David and Victoria Beckham are not heading for divorce, a rep for the couple tells PEOPLE.", "og": {"title": "David and Victoria Beckham Shoot Down Divorce Rumors: 'Fake News Fueled by Social Media'", "type": "article", "site_name": "PEOPLE.com", "url": "https://people.com/movies/david-and-victoria-beckham-shoot-down-divorce-rumors/", "description": "David and Victoria Beckham are not heading for divorce, a rep for the couple tells PEOPLE.", "image": {"identifier": "https://imagesvc.meredithcorp.io/v3/mm/image?q=85&c=sc&poi=face&w=1200&h=628&url=https%3A%2F%2Fstatic.onecms.io%2Fwp-content%2Fuploads%2Fsites%2F20%2F2018%2F06%2Fbeckhams1.jpg", "width": 1200, "height": 628}}, "pinterest": {"url": "https://people.com/movies/david-and-victoria-beckham-shoot-down-divorce-rumors/", "description": "David and Victoria Beckham are not heading for divorce, a rep for the couple tells PEOPLE.", "media": "https://imagesvc.meredithcorp.io/v3/mm/image?url=https%3A%2F%2Fstatic.onecms.io%2Fwp-content%2Fuploads%2Fsites%2F20%2F2018%2F06%2Fbeckhams1.jpg"}, "twitter": {"card": "summary_large_image", "url": "https://people.com/movies/david-and-victoria-beckham-shoot-down-divorce-rumors/", "title": "David and Victoria Beckham Shoot Down Divorce Rumors: 'Fake News Fueled by Social Media'", "description": "David and Victoria Beckham are not heading for divorce, a rep for the couple tells PEOPLE.", "site": "@people", "image": "https://imagesvc.meredithcorp.io/v3/mm/image?q=85&c=sc&poi=face&w=1200&h=628&url=https%3A%2F%2Fstatic.onecms.io%2Fwp-content%2Fuploads%2Fsites%2F20%2F2018%2F06%2Fbeckhams1.jpg"}, "robots": "max-image-preview:large", "fb": {"app_id": 610948219662029, "pages": 95926963131}, "article": {"opinion": "false"}, "p": {"domain_verify": "755183be01bfc739a9cac6673f1f2c1b"}}, "movies": [], "publish_date": null, "source": "http://people.com", "summary": ""}