{"url": "https://www.usmagazine.com/celebrity-news/news/ryan-phillippe-slams-reports-hes-dating-katy-perry-w475885/", "text": "Definitely not dating! Ryan Phillippe wants everyone to know he is not in a relationship with Katy Perry.\n\nDespite reports the pair had been \u201ctotally flirting\u201d at Elton John\u2019s 70th-birthday party in March, the actor firmly denied it with a frustrated message on Sunday, April 9.\n\n\u201cI AM NOT DATING KATY PERRY,\u201d he wrote in block capitals on Twitter. \u201cBARELY KNOW HER. PLEASE STOP FLYING HELICOPTERS OVER MY HOUSE. SHE IS NOT HERE. thx.\u201d\n\nI AM NOT DATING KATY PERRY. BARELY KNOW HER. PLEASE STOP FLYING HELICOPTERS OVER MY HOUSE. SHE IS NOT HERE. thx \u2014 dr. philz (@RyanPhillippe) April 10, 2017\n\nAt the time of their rumored flirtation last month, Perry, 32, had just broken up with Orlando Bloom, 41, following a year of dating. Phillippe, 42, had been single for several months since splitting from his fianc\u00e9e, Paulina Slagter.\n\nWhen a fan commented on his post saying they\u2019d like to be linked to the \u201cRoar\u201d singer, Phillippe wrote: \u201cdon\u2019t mind \u2018people\u2019 thinking that. don\u2019t want low flying pervs hovering periodically.\u201d\n\nPhillippe co-parents 17-year-old Ava and 13-year-old Deacon with his ex-wife, Reese Witherspoon.\n\nHe recently revealed that his youthful looks leave him open to being mistaken for his teenage daughter\u2019s brother.\n\nPhillippe told The Late Late Show host James Corden that Ava cringes when people think they\u2019re siblings.\n\n\u201cOne thing my daughter gets embarrassed sometimes by is the fact that I do look so young and I get mistaken for her brother at times, which repulses her,\u201d he said. \u201cIt absolutely repulses her that anyone could mistake me for being her brother.\u201d", "images": ["https://www.usmagazine.com/wp-content/themes/us-weekly/assets/img/svg-icons/logo-tag-registered-green.svg", "https://www.usmagazine.com/wp-content/themes/us-weekly/assets/img/placeholders/default-usweekly.svg", "https://www.usmagazine.com/wp-content/themes/us-weekly/assets/img/svg-icons/logo-tag-registered.svg", "https://www.usmagazine.com/wp-content/themes/us-weekly/assets/img/svg-icons/icon-download.svg", "https://www.usmagazine.com/wp-content/themes/us-weekly/assets/img/bg-subscribe.png", "https://i2.wp.com/www.usmagazine.com/wp-content/uploads/1425326732_ryan-phillipe-zoom-0e832f7a-8905-4764-ab2f-d1f328aaa005.jpg?crop=1px%2C63px%2C459px%2C241px&resize=1200%2C630&ssl=1&quality=86&strip=all"], "top_img": "https://i2.wp.com/www.usmagazine.com/wp-content/uploads/1425326732_ryan-phillipe-zoom-0e832f7a-8905-4764-ab2f-d1f328aaa005.jpg?crop=1px%2C63px%2C459px%2C241px&resize=1200%2C630&ssl=1&quality=86&strip=all", "keywords": [], "authors": ["Hannah Hargrave"], "canonical_link": "https://www.usmagazine.com/celebrity-news/news/ryan-phillippe-slams-reports-hes-dating-katy-perry-w475885/", "title": "Ryan Phillippe Slams Reports He\u2019s Dating Katy Perry", "meta_data": {"viewport": "width=device-width, initial-scale=1", "ir-site-verification-token": "-206090124", "fo-verify": "49e6fc6a-c68d-447f-9978-70e3eac455ac", "theme-color": "#fff", "description": "Ryan Phillippe has addressed reports he\u2019s dating Katy Perry by sending a firm message about the rumored romance - check it out", "robots": "index, follow, max-snippet:-1, max-image-preview:large, max-video-preview:-1", "og": {"locale": "en_US", "type": "article", "title": "Ryan Phillippe Denies He\u2019s Dating Katy Perry: I \u2018Barely Know Her\u2019", "description": "Ryan Phillippe has addressed reports he\u2019s dating Katy Perry by sending a firm message about the rumored romance - check it out", "url": "https://www.usmagazine.com/celebrity-news/news/ryan-phillippe-slams-reports-hes-dating-katy-perry-w475885/", "site_name": "Us Weekly", "updated_time": "2018-02-08T22:18:21+00:00", "image": {"identifier": "https://i2.wp.com/www.usmagazine.com/wp-content/uploads/1425326732_ryan-phillipe-zoom-0e832f7a-8905-4764-ab2f-d1f328aaa005.jpg?crop=1px%2C63px%2C459px%2C241px&resize=1200%2C630&ssl=1&quality=86&strip=all", "secure_url": "https://i2.wp.com/www.usmagazine.com/wp-content/uploads/1425326732_ryan-phillipe-zoom-0e832f7a-8905-4764-ab2f-d1f328aaa005.jpg?crop=1px%2C63px%2C459px%2C241px&resize=1200%2C630&ssl=1&quality=86&strip=all", "width": 1200, "height": 630}}, "article": {"publisher": "https://www.facebook.com/UsWeekly", "published_time": "2017-04-10T06:59:00+00:00", "modified_time": "2018-02-08T22:18:21+00:00"}, "fb": {"app_id": 1785612128341436}, "twitter": {"card": "summary_large_image", "title": "Ryan Phillippe Denies He\u2019s Dating Katy Perry: I \u2018Barely Know Her\u2019", "description": "Ryan Phillippe has addressed reports he\u2019s dating Katy Perry by sending a firm message about the rumored romance - check it out", "image": "https://i2.wp.com/www.usmagazine.com/wp-content/uploads/1425326732_ryan-phillipe-zoom-0e832f7a-8905-4764-ab2f-d1f328aaa005.jpg?crop=1px%2C63px%2C459px%2C241px&resize=1200%2C630&ssl=1&quality=86&strip=all", "creator": "@usweekly", "site": "@usweekly"}, "tragedy": "off", "generator": "WordPress 5.5.2", "msapplication-TileImage": "https://www.usmagazine.com/wp-content/uploads/2020/05/cropped-us-logo.png?w=270&quality=86&strip=all"}, "movies": [], "publish_date": 1491807540.0, "source": "https://www.usmagazine.com", "summary": ""}