{"url": "https://www.reddit.com/r/BravoRealHousewives/comments/8izf08/who_pays_bravo/", "text": "So while watching the Housewives and Pump Rules I was wondering who pays for\n\n-Dinners/Drinks at Restaurants\n\n-When the cast goes shopping while filming? Like Stassi just bought a bikini for $200 would she pay that or would Bravo foot the bill as the purchase and shopping trip was for filming?\n\n-Holidays/Trips? I noticed certain housewives being the host or inviting other housewives but who actually pays for the holiday itself?", "images": ["https://styles.redditmedia.com/t5_2v6dk/styles/communityIcon_iw73a8kk16u41.jpg?width=256&format=pjpg&s=a5a96b584fc1b7d4a66d8536e27d61253b47dc3d", "https://www.redditstatic.com/desktop2x/img/renderTimingPixel.png", "https://www.redditstatic.com/desktop2x/img/favicon/apple-icon-57x57.png"], "top_img": "https://www.redditstatic.com/desktop2x/img/favicon/apple-icon-57x57.png", "keywords": [], "authors": [], "canonical_link": "https://www.reddit.com/r/BravoRealHousewives/comments/8izf08/who_pays_bravo/", "title": "Who pays? Bravo? : BravoRealHousewives", "meta_data": {"viewport": "width=device-width, initial-scale=1", "referrer": "origin-when-cross-origin", "description": "49 votes, 96 comments. So while watching the Housewives and Pump Rules I was wondering who pays for -Dinners/Drinks at Restaurants -When the cast \u2026", "og": {"ttl": 600, "site_name": "reddit", "title": "r/BravoRealHousewives - Who pays? Bravo?", "type": "website", "url": "https://www.reddit.com/r/BravoRealHousewives/comments/8izf08/who_pays_bravo/", "description": "49 votes and 96 comments so far on Reddit"}, "twitter": {"site": "@reddit", "card": "summary", "title": "r/BravoRealHousewives - Who pays? Bravo?"}, "msapplication-TileColor": "#ffffff", "msapplication-TileImage": "https://www.redditstatic.com/desktop2x/img/favicon/ms-icon-144x144.png", "theme-color": "#ffffff"}, "movies": [], "publish_date": null, "source": "https://www.reddit.com", "summary": ""}