{"url": "www.intouchweekly.com/posts/nicole-kidman-keith-urban-counseling-retreat-155983", "text": "In Touch has learned that Nicole Kidman and husband of nearly 12 years Keith Urban, had a five-day visit to Marriage Quest, a private counseling retreat located in Cabot, Vt. \u201cNicole and Keith went for an emergency stay,\u201d an insider tells In Touch exclusively of the pair. \u201cIt was an extremely emotional and testing few days.\u201d\n\nThe couple, who share daughters Sunday, 9, and Faith, 7, \u201chave been fighting constantly over Nicole\u2019s incessant jealousy and need to control Keith on every level,\u201d adds the insider. The trip to Vermont marked their final attempt to patch things up. \u201cIt was Keith\u2019s idea to visit the boot camp,\u201d says the insider. The Lion actress resisted and only relented when Keith threatened to leave for good. \u201cHe gave her an ultimatum.\u201d\n\nBut in Vermont, the pair were side by side as they hashed out their problems. \u201cThey addressed a range of issues, including emotional intimacy, and focused on the root of their problems as they learned to break down walls and start working on their issues rather than plastering over the cracks,\u201d the insider explains.\n\nFor more on Nicole and Keith, pick up the latest issue of In Touch magazine, on newsstands now!", "images": ["https://www.intouchweekly.com/wp-content/uploads/2018/04/Jamie-and-Doug-Season-1-MAFS.jpg?crop=0px%2C0px%2C750px%2C750px&resize=90%2C90", "https://www.intouchweekly.com/wp-content/uploads/2020/11/Mama-June-Reveals-70-Pound-Weight-Gain-Amid-Quarantine-002.jpg?crop=0px%2C18px%2C1454px%2C824px&resize=120%2C68", "https://www.intouchweekly.com/wp-content/uploads/2020/10/IT4420_cover_final.jpg?w=300", "https://www.intouchweekly.com/wp-content/uploads/2020/11/Shanti-Zohra-Shades-90-Day-Fiance-Star-Stacey-Silva-Marriage-Florian.jpg?crop=0px%2C0px%2C1337px%2C757px&resize=120%2C68", "https://www.intouchweekly.com/wp-content/uploads/2020/01/Who-Are-Kobe-Bryants-Wife-and-Kids.jpg?crop=0px%2C69px%2C3150px%2C3150px&resize=90%2C90", "https://www.intouchweekly.com/wp-content/uploads/2020/11/Inside-Prince-Harry-Meghan-Markle-Thanksgiving-Plans-IT.jpg?crop=0px%2C0px%2C2072px%2C1174px&resize=120%2C68", "https://www.intouchweekly.com/wp-content/uploads/2020/11/90-day-fiance-thanksgiving-darcey-deavan-paola.jpg?crop=0px%2C0px%2C2048px%2C1160px&resize=120%2C68", "https://www.intouchweekly.com/wp-content/uploads/2018/05/Duggar-Girls-Wearing-Pants-and-Jeans.jpg?resize=90%2C90", "https://www.intouchweekly.com/wp-content/uploads/2018/03/nicole-kidman-keith-urban-emergency-retreat-blast.jpg?resize=120%2C68", "https://www.intouchweekly.com/wp-content/uploads/2018/03/nicole-kidman-keith-urban-blast.png?w=750&h=517&crop=1&resize=1180%2C1104", "https://www.intouchweekly.com/wp-content/uploads/2018/02/nicole-kidman.jpg?resize=120%2C68", "https://www.intouchweekly.com/wp-content/uploads/2020/11/Jon-Hopes-Collin-and-Hannah-See-Siblings-on-Thanksgiving.jpg?crop=0px%2C243px%2C1080px%2C611px&resize=120%2C68", "https://www.intouchweekly.com/wp-content/uploads/2020/11/Mama-June-Reveals-Her-Diet-and-Fitness-Changes-to-Shed-70-Pounds.jpg?crop=0px%2C31px%2C1500px%2C850px&resize=120%2C68", "https://www.intouchweekly.com/wp-content/uploads/2020/11/LTG_HOL_AMI_11.24.20_300x490.jpg?fit=300%2C490", "https://www.intouchweekly.com/wp-content/uploads/2020/01/Meghan-Markle-Hated-Royal-Dress-Code-Shes-Much-More-Comfortable-Wearing-Casual-Clothes.jpg?resize=90%2C90", "https://www.intouchweekly.com/wp-content/uploads/2018/03/nicole-kidman-keith-urban-emergency-retreat-blast.jpg?resize=750%2C421", "https://www.intouchweekly.com/wp-content/uploads/2020/01/Screen-Shot-2020-01-27-at-4.09.35-PM.png?resize=90%2C90", "https://www.intouchweekly.com/wp-content/uploads/2016/09/nicole-kidman-adopted-kids-interview.jpg?resize=120%2C68", "https://www.intouchweekly.com/wp-content/uploads/2020/11/Kate-Gosselin-Will-Have-Bittersweet-Thanksgiving-at-Home.jpg?crop=0px%2C41px%2C2556px%2C1449px&resize=120%2C68", "https://www.intouchweekly.com/wp-content/uploads/2020/11/90-Day-Fiance-Star-Darcey-Silva-Confrontation-With-Shanti-Zohra-Was-Set-Up-By-Producers.jpg?crop=0px%2C0px%2C1468px%2C832px&resize=120%2C68", "https://www.intouchweekly.com/wp-content/uploads/2017/10/screen-shot-2017-10-27-at-5-02-56-pm.png?resize=120%2C68", "https://www.intouchweekly.com/wp-content/uploads/2020/08/Leah-Messer-Honestly-Grateful-Repaired-Relationship-With-Corey-Miranda.jpg?crop=0px%2C0px%2C1566px%2C887px&resize=120%2C68"], "top_img": "https://www.intouchweekly.com/wp-content/uploads/2018/03/nicole-kidman-keith-urban-emergency-retreat-blast.jpg?resize=750%2C421", "keywords": [], "authors": ["In Touch Staff"], "canonical_link": "https://www.intouchweekly.com/posts/nicole-kidman-keith-urban-counseling-retreat-155983/", "title": "Nicole Kidman and Keith Urban Went to Retreat to Save Marriage", "meta_data": {"viewport": "width=device-width, initial-scale=1.0", "theme-color": "#ffffff", "msvalidate.01": "097DBAAF43A9B61E9E4259AA7D75B069", "description": "In Touch has learned that Nicole Kidman and husband of nearly 12 years Keith Urban, had a five-day visit to Marriage Quest, a private counseling retreat", "robots": "index, follow, max-snippet:-1, max-image-preview:large, max-video-preview:-1", "og": {"locale": "en_US", "type": "article", "title": "Nicole Kidman and Keith Urban Went to Retreat to Save Marriage", "description": "In Touch has learned that Nicole Kidman and husband of nearly 12 years Keith Urban, had a five-day visit to Marriage Quest, a private counseling retreat located in Cabot, Vt. \u201cNicole and Keith...", "url": "https://www.intouchweekly.com/posts/nicole-kidman-keith-urban-counseling-retreat-155983/", "site_name": "In Touch Weekly", "updated_time": "2018-04-03T14:58:43+00:00", "image": {"identifier": "https://www.intouchweekly.com/wp-content/uploads/2018/03/nicole-kidman-keith-urban-emergency-retreat-blast.jpg?resize=750%2C421", "secure_url": "https://www.intouchweekly.com/wp-content/uploads/2018/03/nicole-kidman-keith-urban-emergency-retreat-blast.jpg?resize=750%2C421", "width": 1200, "height": 630}}, "article": {"publisher": "http://www.facebook.com/InTouchWeekly", "published_time": "2018-03-14T12:00:18+00:00", "modified_time": "2018-04-03T14:58:43+00:00"}, "fb": {"app_id": 437388016401044, "admins": 593583017, "pages": 75932763901}, "twitter": {"card": "summary_large_image", "title": "Nicole Kidman and Keith Urban Went to Retreat to Save Marriage", "description": "In Touch has learned that Nicole Kidman and husband of nearly 12 years Keith Urban, had a five-day visit to Marriage Quest, a private counseling retreat located in Cabot, Vt. \u201cNicole and Keith...", "image": "https://www.intouchweekly.com/wp-content/uploads/2018/03/nicole-kidman-keith-urban-emergency-retreat-blast.jpg?resize=750%2C421", "creator": "@intouchweekly", "site": "@intouchweekly"}, "generator": "WordPress 5.5.2", "msapplication-TileImage": "https://www.intouchweekly.com/wp-content/uploads/2020/11/android-chrome-192x192-1.png?fit=192%2C192"}, "movies": [], "publish_date": 1521028818.0, "source": "http://www.intouchweekly.com", "summary": ""}