{"url": "people.com/pets/amanda-seyfried-introducing-dog-finn-to-baby-girl/", "text": "Seyfried told PEOPLE her dog and her daughter are getting along and learning to be gentle with one another\n\nAmanda Seyfried Shares the 'Good Advice' She Used When Introducing Her Dog Finn to Her Baby Girl\n\nLong before she became a mom to her baby girl with husband Thomas Sadoski, Amanda Seyfried was a pet parent.\n\nThe Mamma Mia! Here We Go Again star adopted her beloved dog Finn from Best Friends Animal Society. The pair have been an \u201cit couple\u201d in the pet world, working to raise awareness about all the shelter animals in need of loving homes.\n\nGet push notifications with news, features and more.\n\nThe 8-year-old rescue pooch and his famous mom, 32, have done so much good for animals in need that Seyfried was recently recognized at the Best Friends Animal Society\u2019s 3rd Annual New York City Gala to Save Them All. The actress received the save them all spotlight award at the Gala on Tuesday in recognition of her work toward making America no-kill across all its animal shelters by 2025.\n\nImage zoom Credit: Ben Gabbe/Getty\n\n\u201cHe\u2019s sad he couldn\u2019t be here tonight but I didn\u2019t think it was a good idea to drag him across the country just for one evening,\u201d Seyfried told PEOPLE at the event about why her canine companion wasn\u2019t by her side to accept award.\n\nFinn was back at home on the west coast for the big night hanging out with his new baby sister. Seyfried, who welcomed her first child in March 2017, said that her daughter and Finn get along great now, but that \u201cit\u2019s definitely a little stressful introducing a baby into this relationship, this dynamic, that I have with him.\u201d\n\nTo make this transition as easy as possible for the entire family, the actress followed some \u201creally good advice\u201d she got from a friend.\n\n\u201cYou just take the hat home from the hospital, the one that they put on the baby after it\u2019s born, and then you bring the hat home for like a day or two before the baby comes home and you just leave it by the dog and let him sniff it,\u201d Seyfried said of the tip. \u201cIt was the best we could do. It was hard. It\u2019s an interesting transition for everybody but it worked.\u201d\n\nRELATED VIDEO: Amanda Seyfried and Thomas Sadoski Welcome First Child\n\nNow, over a year after Seyfried brought that hat, and the little girl who wore it, home, the entire Sadoski-Seyfried family is comfortable with one another and getting closer every day.\n\n\u201cHe still won\u2019t play with her, which is absolutely fine because he\u2019s big and she\u2019s tiny,\u201d Seyfried said of Finn and her daughter\u2019s relationship. \u201cWe taught her \u2018gentle\u2019 since she was born and she always goes over and pats him, and she looks over at us, and pats him more. And he lets her and sometimes he rolls over.\u201d\n\nImage zoom Credit: Paul Zimmerman/WireImage\n\nIt\u2019s these literal baby steps toward forming a bond that Seyfried is working towards teaching her child.\n\nCan\u2019t get enough of cats, dogs and other furry friends? Click here to get the cutest pet news and photos delivered directly to your inbox.\n\n\u201cIf you teach children to be gentle with these animals, they\u2019re not going to feel so protective and intimidated. Because it\u2019s something that is unpredictable, so it\u2019s a good way to have a safe give and take.\u201d", "images": ["https://imagesvc.meredithcorp.io/v3/mm/image?url=https%3A%2F%2Fstatic.onecms.io%2Fwp-content%2Fuploads%2Fsites%2F20%2F2018%2F04%2Famanda-seyfried3-2000.jpg", "https://imagesvc.meredithcorp.io/v3/mm/image?url=https%3A%2F%2Fstatic.onecms.io%2Fwp-content%2Fuploads%2Fsites%2F20%2F2018%2F04%2Fseyfried-2000.jpg", "https://imagesvc.meredithcorp.io/v3/mm/image?q=85&c=sc&poi=face&w=1558&h=816&url=https%3A%2F%2Fstatic.onecms.io%2Fwp-content%2Fuploads%2Fsites%2F20%2F2018%2F04%2Famanda-seyfried3-2000.jpg", "https://imagesvc.meredithcorp.io/v3/mm/image?url=https%3A%2F%2Fstatic.onecms.io%2Fwp-content%2Fuploads%2Fsites%2F20%2F2020%2F11%2F12%2Fthanksgiving-covid-150x150.jpg", "https://imagesvc.meredithcorp.io/v3/mm/image?url=https%3A%2F%2Fstatic.onecms.io%2Fwp-content%2Fuploads%2Fsites%2F20%2F2016%2F05%2F06%2Fprincess-diana-21.jpg", "https://imagesvc.meredithcorp.io/v3/mm/image?url=https%3A%2F%2Fstatic.onecms.io%2Fwp-content%2Fuploads%2Fsites%2F20%2F2020%2F07%2F23%2Ftout.jpg", "data:image/svg+xml,%3Csvg%20xmlns='http://www.w3.org/2000/svg'%20viewBox='0%200%20100%20133'%3E%3C/svg%3E", "https://peopledotcom.files.wordpress.com/2018/09/thumbnail_generic.png", "data:image/svg+xml,%3Csvg%20xmlns='http://www.w3.org/2000/svg'%20viewBox='0%200%20100%20100'%3E%3C/svg%3E", "https://imagesvc.meredithcorp.io/v3/mm/image?url=https%3A%2F%2Fstatic.onecms.io%2Fwp-content%2Fuploads%2Fsites%2F20%2F2020%2F08%2F04%2Fcoyote-ugly-2000.jpg", "https://imagesvc.meredithcorp.io/v3/mm/image?url=https%3A%2F%2Fstatic.onecms.io%2Fwp-content%2Fuploads%2Fsites%2F20%2F2020%2F07%2F19%2Ftiaras-2.jpg", "https://imagesvc.meredithcorp.io/v3/mm/image?url=https%3A%2F%2Fstatic.onecms.io%2Fwp-content%2Fuploads%2Fsites%2F20%2F2020%2F11%2F12%2Fcat-phone.jpg"], "top_img": "https://imagesvc.meredithcorp.io/v3/mm/image?q=85&c=sc&poi=face&w=1558&h=816&url=https%3A%2F%2Fstatic.onecms.io%2Fwp-content%2Fuploads%2Fsites%2F20%2F2018%2F04%2Famanda-seyfried3-2000.jpg", "keywords": [], "authors": ["Kelli Bender"], "canonical_link": "https://people.com/pets/amanda-seyfried-introducing-dog-finn-to-baby-girl/", "title": "Amanda Seyfried Shares the 'Good Advice' She Used When Introducing Her Dog Finn to Her Baby Girl", "meta_data": {"viewport": "width=device-width, initial-scale=1", "keywords": "Amanda Seyfried,Animal Rescue,Babies,Celeb Pets,Dogs,Pet Adoption", "news_keywords": "Amanda Seyfried,Animal Rescue,Babies,Celeb Pets,Dogs,Pet Adoption", "description": "Seyfried told PEOPLE her dog and her daughter are getting along and learning to be gentle with one another", "og": {"title": "Amanda Seyfried Shares the 'Good Advice' She Used When Introducing Her Dog Finn to Her Baby Girl", "type": "article", "site_name": "PEOPLE.com", "url": "https://people.com/pets/amanda-seyfried-introducing-dog-finn-to-baby-girl/", "description": "Seyfried told PEOPLE her dog and her daughter are getting along and learning to be gentle with one another", "image": {"identifier": "https://imagesvc.meredithcorp.io/v3/mm/image?q=85&c=sc&poi=face&w=1558&h=816&url=https%3A%2F%2Fstatic.onecms.io%2Fwp-content%2Fuploads%2Fsites%2F20%2F2018%2F04%2Famanda-seyfried3-2000.jpg", "width": 1558, "height": 816}}, "pinterest": {"url": "https://people.com/pets/amanda-seyfried-introducing-dog-finn-to-baby-girl/", "description": "Seyfried told PEOPLE her dog and her daughter are getting along and learning to be gentle with one another", "media": "https://imagesvc.meredithcorp.io/v3/mm/image?url=https%3A%2F%2Fstatic.onecms.io%2Fwp-content%2Fuploads%2Fsites%2F20%2F2018%2F04%2Famanda-seyfried3-2000.jpg"}, "twitter": {"card": "summary_large_image", "url": "https://people.com/pets/amanda-seyfried-introducing-dog-finn-to-baby-girl/", "title": "Amanda Seyfried Shares the 'Good Advice' She Used When Introducing Her Dog Finn to Her Baby Girl", "description": "Seyfried told PEOPLE her dog and her daughter are getting along and learning to be gentle with one another", "site": "@people", "image": "https://imagesvc.meredithcorp.io/v3/mm/image?q=85&c=sc&poi=face&w=1558&h=816&url=https%3A%2F%2Fstatic.onecms.io%2Fwp-content%2Fuploads%2Fsites%2F20%2F2018%2F04%2Famanda-seyfried3-2000.jpg"}, "robots": "max-image-preview:large", "fb": {"app_id": 610948219662029, "pages": 95926963131}, "article": {"opinion": "false"}, "p": {"domain_verify": "755183be01bfc739a9cac6673f1f2c1b"}}, "movies": [], "publish_date": null, "source": "http://people.com", "summary": ""}