{"url": "https://www.cosmopolitan.com/uk/entertainment/a9245050/harry-styles-godfather-liam-payne-cheryls-baby/", "text": "It's been a busy week for Harry Styles. After premiering his first solo single 'Sign Of The Times' on BBC Radio 1, he's been chinwagging away to Key 103 about One Direction bandmate Liam Payne's baby with Cheryl, and whether he's going to be godfather.\n\nIMAGINE. Surely it's girlband and boyband law that someone from 1D and Girls Aloud have to be involved, right?\n\nThis content is imported from Instagram. You may be able to find the same content in another format, or you may be able to find more information, at their web site.\n\nOn March 22nd, Cheryl gave birth to the second One Direction baby after they both announced on Instagram that they were now the proud parents to a little boy. She wrote:\n\n\"On Wednesday 22nd March Liam and I became parents to an incredibly beautiful, healthy baby boy, weighing 7lb 9 and looking like a dream. Although he still doesn't have a name he is already stealing hearts. We are all madly in love and overwhelmingly happy with our little arrival. Happy Mother's Day to all the mothers around the world. A day that now has a different meaning to me forever.\"\n\nAnd although we haven't heard much from the new parents about how they're getting on so far, Harry did tell Key 103's Darryl Morris that Liam was 'loving' being a dad, and that they're all doing great - as well as the fact he'd be 'honoured' to be godfather.\n\nInstagram/Harry Styles\n\nHarry commented: \"[Liam] said it's going really well and everyone's great, so I'm very happy for him\", before moving onto the topic of who the godfather's going to be. \"I think it's a roll of the dice, there are a lot of people Liam has in mind.\n\n\"I'm not going to add any extra pressure. If it came my way I would be honoured.\"\n\nWe're here for it.\n\nLike this? Come and check us out on Snapchat Discover.\n\n\n\nDusty Baxter-Wright Senior Entertainment & Lifestyle Writer Dusty Baxter-Wright is Cosmopolitan's Senior Entertainment and Lifestyle Writer, covering celebrities, movies, TV and books as well as travel, interiors, food and drink on a daily basis.\n\nThis content is created and maintained by a third party, and imported onto this page to help users provide their email addresses. You may be able to find more information about this and similar content at piano.io", "images": ["https://hips.hearstapps.com/hmg-prod.s3.amazonaws.com/images/screen-shot-2017-04-07-at-10-24-59-1491557142.jpg?crop=1.00xw:0.994xh;0,0&resize=1200:*", "data:image/gif;base64,R0lGODlhAQABAIAAAAAAAP///yH5BAEAAAAALAAAAAABAAEAAAIBRAA7", "https://www.cosmopolitan.com/sites/cosmopolitan/assets/images/logos/ipso_regulated_hires.png"], "top_img": "https://hips.hearstapps.com/hmg-prod.s3.amazonaws.com/images/screen-shot-2017-04-07-at-10-24-59-1491557142.jpg?crop=1.00xw:0.994xh;0,0&resize=1200:*", "keywords": [], "authors": ["Dusty Baxter-Wright", "Senior Entertainment", "Lifestyle Writer", "Dusty Baxter-Wright Is Cosmopolitan'S Senior Entertainment", "Covering", "Celebrities", "Movies", "Tv", "Books As Well As Travel", "Interiors"], "canonical_link": "https://www.cosmopolitan.com/uk/entertainment/a9245050/harry-styles-godfather-liam-payne-cheryls-baby/", "title": "Harry Styles would be 'honoured' to be godfather to Liam Payne and Cheryl's baby", "meta_data": {"x-ua-compatible": "IE=edge,chrome=1", "viewport": "width=device-width,initial-scale=1,maximum-scale=6", "msapplication-tap-highlight": "no", "theme-color": "#EC008C", "og": {"type": "article", "site_name": "Cosmopolitan", "title": "Harry Styles would be 'honoured' to be godfather to Liam Payne and Cheryl's baby", "description": "And a member of Girls Aloud for godmother?", "url": "https://www.cosmopolitan.com/uk/entertainment/a9245050/harry-styles-godfather-liam-payne-cheryls-baby/", "image": {"identifier": "https://hips.hearstapps.com/hmg-prod.s3.amazonaws.com/images/screen-shot-2017-04-07-at-10-24-59-1491557142.jpg?crop=1.00xw:0.994xh;0,0&resize=1200:*", "width": 1200, "height": 600}}, "fb": {"app_id": 211620818858710}, "article": {"publisher": "https://facebook.com/cosmopolitanuk", "modified_time": "2018-03-27 05:19:09", "published_time": "2017-04-07 09:44:56", "section": "Entertainment", "opinion": "false"}, "twitter": {"site": "@CosmopolitanUK", "card": "summary_large_image", "image": "https://hips.hearstapps.com/hmg-prod.s3.amazonaws.com/images/screen-shot-2017-04-07-at-10-24-59-1491557142.jpg?crop=1.00xw:0.994xh;0,0&resize=640:*"}, "google-site-verification": "9QqScyr6oRc1iBU6yEjb9Ww8aQvv8v-cCm0TKu2J2iw", "title": "Harry Styles would be 'honoured' to be godfather to Liam Payne and Cheryl's baby", "description": "Harry Styles could be godfather to One Direction bandmate Liam Payne and Cheryl's baby. IMAGINE.", "keywords": "Cheryl, Harry Styles, Liam Payne, baby, cute, godfather, honoured, family, boyband, One direction, 1D, child, children, pregnant, son, boy", "auto-publish": "timely", "thumbnail": "https://hips.hearstapps.com/hmg-prod.s3.amazonaws.com/images/screen-shot-2017-04-07-at-10-24-59-1491557142.jpg?crop=0.506xw:1.00xh;0,0&resize=320:*", "sailthru.contenttype": "standard-article", "sailthru.tags": "Entertainment,entertainment", "sailthru.date": "2017-04-07T09:44:56Z", "sailthru.image.full": "https://hips.hearstapps.com/hmg-prod.s3.amazonaws.com/images/screen-shot-2017-04-07-at-10-24-59-1491557142.jpg?crop=1.00xw:0.994xh;0,0", "sailthru.image.thumb": "https://hips.hearstapps.com/hmg-prod.s3.amazonaws.com/images/screen-shot-2017-04-07-at-10-24-59-1491557142.jpg?crop=0.506xw:1.00xh;0,0", "sailthru.socialtitle": "Harry Styles would be 'honoured' to be godfather to Liam Payne and Cheryl's baby", "m1": ".content-hed", "m2": ".content-dek p"}, "movies": [], "publish_date": 1491551096.0, "source": "https://www.cosmopolitan.com", "summary": ""}