{"url": "www.amazon.com/Vanity-Magazine-December-Jennifer-Rodriguez/dp/B0773CRP67", "text": "Single Issue of Vanity Fair Magazine, December 2017. COVER STORY: J-ROD Jennifer Lopez and Alex Rodriguez on Love, Beauty, and Redeption.OTHER ARTICLES INCLUDE: TRUMP\u2019S Cruel War on Rural America / JOE BIDEN\u2019S Third Act / Meet London\u2019s KARDASHIANS / TRUMP & WEINSTEIN Too Pees in a Pod / TRUMP & HEFNER: The Better of the Two Just Left the Room / MARGARET TRUDEAU\u2019S Long, Strange Trip / Fury Road in IRAQ: A Real-Life Mad Max Battles ISIS\u2026and much more.", "images": ["https://images-na.ssl-images-amazon.com/images/G/01/amazonbookclub/chooseBooksImage._CB409113671_.svg", "https://images-na.ssl-images-amazon.com/images/I/415Q-fx0nhL._AC_SX60_CR,0,0,60,60_.jpg", "https://images-na.ssl-images-amazon.com/images/G/01/kindle/merch/kcp/windows-horizontal-iconv2._CB485924684_.png", "https://images-na.ssl-images-amazon.com/images/I/51+iKiJ7NfL._SX258_BO1,204,203,200_.jpg", "https://images-na.ssl-images-amazon.com/images/G/01/gno/sprites/nav-sprite-global-1x-hm-dsk-reorg._CB405937547_.png", "https://images-na.ssl-images-amazon.com/images/G/01/kindle-apps/buttons/sendMeLinkMedium._CB485942168_.png", "https://images-na.ssl-images-amazon.com/images/G/01/kindle/merch/kcp/google-horizontal-iconv2._CB485924218_.png", "https://images-na.ssl-images-amazon.com/images/I/51+iKiJ7NfL._AC_SX60_CR,0,0,60,60_.jpg", "http://fls-na.amazon.com/1/batch/1/OP/ATVPDKIKX0DER:134-6987737-9906920:HNWW7P7NZ5VZVHW21SEM$uedata=s:%2Frd%2Fuedata%3Fstaticb%26id%3DHNWW7P7NZ5VZVHW21SEM:0", "https://images-na.ssl-images-amazon.com/images/G/01/personalization/ybh/loading-4x-gray._CB485916920_.gif", "https://images-na.ssl-images-amazon.com/images/G/01/vse/Discovery/Desktop-HD._CB486539909_.png", "http://fls-na.amazon.com/1/batch/1/OP/ATVPDKIKX0DER:134-6987737-9906920:HNWW7P7NZ5VZVHW21SEM$uedata=s:%2Frd%2Fuedata%3Fnoscript%26id%3DHNWW7P7NZ5VZVHW21SEM:0", "https://images-na.ssl-images-amazon.com/images/G/01/kindle/merch/kcp/apple-horizontal-iconv2._CB485922128_.png", "https://images-na.ssl-images-amazon.com/images/G/01/x-locale/checkout/truespc/secured-ssl._CB485936932_.png", "https://images-na.ssl-images-amazon.com/images/I/51audcLbHZL._AC_SX60_CR,0,0,60,60_.jpg", "https://images-na.ssl-images-amazon.com/images/G/01/kindle/merch/kcp/amazon-horizontal-icon._CB485923318_.png", "https://images-na.ssl-images-amazon.com/images/G/01/amazonbookclub/ABC_logo_primary_beta._CB408510813_.svg", "https://images-na.ssl-images-amazon.com/images/I/51LuJ-+sl2L._AC_SX60_CR,0,0,60,60_.jpg", "https://images-na.ssl-images-amazon.com/images/G/01/amazonbookclub/scheduleWithEaseImage._CB409113670_.svg", "https://images-na.ssl-images-amazon.com/images/G/01/amazonbookclub/joinClubsImage._CB409113671_.svg", "https://assoc-na.associates-amazon.com/abid/um?s=134-6987737-9906920&m=ATVPDKIKX0DER"], "top_img": "https://images-na.ssl-images-amazon.com/images/I/51+iKiJ7NfL._SX258_BO1,204,203,200_.jpg", "keywords": [], "authors": [], "canonical_link": "https://www.amazon.com/Vanity-Magazine-December-Jennifer-Rodriguez/dp/B0773CRP67", "title": "Vanity Fair Magazine (December, 2017) Jennifer Lopez and Alex Rodriguez Cover: 0764920179634: Amazon.com: Books", "meta_data": {"description": "Vanity Fair Magazine (December, 2017) Jennifer Lopez and Alex Rodriguez Cover on Amazon.com. *FREE* shipping on qualifying offers. Vanity Fair Magazine (December, 2017) Jennifer Lopez and Alex Rodriguez Cover", "title": "Vanity Fair Magazine (December, 2017) Jennifer Lopez and Alex Rodriguez Cover: 0764920179634: Amazon.com: Books", "keywords": "Vanity Fair Magazine (December, 2017) Jennifer Lopez and Alex Rodriguez Cover,Generic,B0773CRP67"}, "movies": [], "publish_date": null, "source": "http://www.amazon.com", "summary": ""}