{"url": "https://www.latimes.com/entertainment/la-et-entertainment-news-updates-april-josh-brolin-deadpool-2-cable-thanos-1492100718-htmlstory.html", "text": "Live\n\nHere\u2019s what\u2019s new and interesting in entertainment and the arts:", "images": ["https://ca-times.brightspotcdn.com/0e/c6/b86a8b4b43a793259deb28a32a56/latlogoinverse.svg", "https://ca-times.brightspotcdn.com/dims4/default/e2816d0/2147483647/strip/true/crop/1200x630+0+0/resize/1200x630!/quality/90/?url=https%3A%2F%2Fcalifornia-times-brightspot.s3.amazonaws.com%2F5b%2F78%2F7c3e41e74e4b986d23923ee121b2%2Flat-logo-dark-full.jpg", "https://ca-times.brightspotcdn.com/b9/f5/1c9278c94a439e28f5150c679d6f/logo-full-black.svg"], "top_img": "https://ca-times.brightspotcdn.com/dims4/default/e2816d0/2147483647/strip/true/crop/1200x630+0+0/resize/1200x630!/quality/90/?url=https%3A%2F%2Fcalifornia-times-brightspot.s3.amazonaws.com%2F5b%2F78%2F7c3e41e74e4b986d23923ee121b2%2Flat-logo-dark-full.jpg", "keywords": [], "authors": [], "canonical_link": "https://www.latimes.com/entertainment/la-et-entertainment-news-updates-april-2017-htmlstory.html", "title": "Today in Entertainment: Inside Disney\u2019s Pandora; Fyre Fest\u2019s apology; and \u2018Hamilton\u2019 ticket details", "meta_data": {"og": {"title": "Today in Entertainment: Inside Disney's Pandora; Fyre Fest's apology; and 'Hamilton' ticket details", "url": "https://www.latimes.com/entertainment/la-et-entertainment-news-updates-april-2017-htmlstory.html", "image": {"identifier": "https://ca-times.brightspotcdn.com/dims4/default/e2816d0/2147483647/strip/true/crop/1200x630+0+0/resize/1200x630!/quality/90/?url=https%3A%2F%2Fcalifornia-times-brightspot.s3.amazonaws.com%2F5b%2F78%2F7c3e41e74e4b986d23923ee121b2%2Flat-logo-dark-full.jpg", "url": "https://ca-times.brightspotcdn.com/dims4/default/e2816d0/2147483647/strip/true/crop/1200x630+0+0/resize/1200x630!/quality/90/?url=https%3A%2F%2Fcalifornia-times-brightspot.s3.amazonaws.com%2F5b%2F78%2F7c3e41e74e4b986d23923ee121b2%2Flat-logo-dark-full.jpg", "width": 1200, "height": 630, "type": "image/jpeg", "alt": "Los Angeles Times"}, "description": "Here's what's new and interesting in entertainment and the arts:'Hamilton' L.A. tickets go on sale Sunday, at long last'Facts of Life' star Charlotte Rae has bone cancerKaty Perry serves up new single 'Bon Appetit'Kim Kardashian says she's no longer materialisticCaitlyn Jenner memoir creates a new\u2026", "site_name": "Los Angeles Times", "type": "website"}, "twitter": {"card": "summary_large_image", "description": "Here's what's new and interesting in entertainment and the arts:'Hamilton' L.A. tickets go on sale Sunday, at long last'Facts of Life' star Charlotte Rae has bone cancerKaty Perry serves up new single 'Bon Appetit'Kim Kardashian says she's no longer materialisticCaitlyn Jenner memoir creates a new rift in the familyChris Soules' lawyers: Don't prejudge 'Bachelor' alumA new Haim LP is on the way (and a new video's here)", "site": "@latimes", "title": "Today in Entertainment: Inside Disney's Pandora; Fyre Fest's apology; and 'Hamilton' ticket details"}, "fb": {"app_id": 119932621434123, "pages": 5863113009}, "viewport": "width=device-width, initial-scale=1", "description": "Here's what's new and interesting in entertainment and the arts:'Hamilton' L.A. tickets go on sale Sunday, at long last'Facts of Life' star Charlotte Rae has bone cancerKaty Perry serves up new single 'Bon Appetit'Kim Kardashian says she's no longer materialisticCaitlyn Jenner memoir creates a new rift in the familyChris Soules' lawyers: Don't prejudge 'Bachelor' alumA new Haim LP is on the way (and a new video's here)", "brightspot.contentId": "0000016c-68c4-d4d6-a16e-eaef17c40000", "brightspot.cached": "false"}, "movies": [], "publish_date": null, "source": "https://www.latimes.com", "summary": ""}