{"url": "http://www.nytimes.com/2011/07/11/opinion/11krugman.html?ref=opinion", "text": "If you were shocked by Friday\u2019s job report, if you thought we were doing well and were taken aback by the bad news, you haven\u2019t been paying attention. The fact is, the United States economy has been stuck in a rut for a year and a half.\n\nYet a destructive passivity has overtaken our discourse. Turn on your TV and you\u2019ll see some self-satisfied pundit declaring that nothing much can be done about the economy\u2019s short-run problems (reminder: this \u201cshort run\u201d is now in its fourth year), that we should focus on the long run instead.\n\nThis gets things exactly wrong. The truth is that creating jobs in a depressed economy is something government could and should be doing. Yes, there are huge political obstacles to action \u2014 notably, the fact that the House is controlled by a party that benefits from the economy\u2019s weakness. But political gridlock should not be conflated with economic reality.\n\nOur failure to create jobs is a choice, not a necessity \u2014 a choice rationalized by an ever-shifting set of excuses.", "images": ["https://static01.nyt.com/images/2018/04/02/opinion/paul-krugman/paul-krugman-thumbLarge.png", "https://static01.nyt.com/images/2018/04/02/opinion/paul-krugman/paul-krugman-facebookJumbo.png?year=2011&h=550&w=1050&sig=0x996fc236a5f7819f9c0252614bbcfa2d", "https://static01.nyt.com/images/2010/09/16/opinion/Krugman_New/Krugman_New-articleLarge.jpg?quality=75&auto=webp&disable=upscale"], "top_img": "https://static01.nyt.com/images/2018/04/02/opinion/paul-krugman/paul-krugman-facebookJumbo.png?year=2011&h=550&w=1050&sig=0x996fc236a5f7819f9c0252614bbcfa2d", "keywords": [], "authors": ["Paul Krugman"], "canonical_link": "https://www.nytimes.com/2011/07/11/opinion/11krugman.html", "title": "No, We Can\u2019t? Or Won\u2019t? - The New York Times", "meta_data": {"article": {"published_time": "2011-07-11T01:19:22.000Z", "modified_time": "2011-07-11T02:02:28.000Z", "section": "Opinion", "tag": "Republican Party", "opinion": "true", "content_tier": "metered"}, "robots": "noarchive", "articleid": 1248069801257, "nyt_uri": "nyt://article/086c2d4f-7365-57ee-841b-c4742a0b490a", "pubp_event_id": "pubp://event/a97774d731b644ccaf0da24477719387", "description": "Our failure to create jobs is a choice rationalized by an ever-shifting set of excuses.", "image": "https://static01.nyt.com/images/2018/04/02/opinion/paul-krugman/paul-krugman-facebookJumbo.png?year=2011&h=550&w=1050&sig=0x996fc236a5f7819f9c0252614bbcfa2d", "byl": "By Paul Krugman", "thumbnail": "https://static01.nyt.com/images/2018/04/02/opinion/paul-krugman/paul-krugman-thumbStandard.png", "news_keywords": "Unemployment,Infrastructure;public works,Jobs,Tax,Barack Obama,US Economy,Republicans", "pdate": 20110710, "og": {"url": "https://www.nytimes.com/2011/07/11/opinion/11krugman.html", "type": "article", "title": "Opinion | No, We Can\u2019t? Or Won\u2019t? (Published 2011)", "image": "https://static01.nyt.com/images/2018/04/02/opinion/paul-krugman/paul-krugman-facebookJumbo.png?year=2011&h=550&w=1050&sig=0x996fc236a5f7819f9c0252614bbcfa2d", "description": "Our failure to create jobs is a choice rationalized by an ever-shifting set of excuses."}, "twitter": {"url": "https://www.nytimes.com/2011/07/11/opinion/11krugman.html", "title": "Opinion | No, We Can\u2019t? Or Won\u2019t? (Published 2011)", "description": "Our failure to create jobs is a choice rationalized by an ever-shifting set of excuses.", "image": "https://static01.nyt.com/images/2018/04/02/opinion/paul-krugman/paul-krugman-videoSixteenByNineJumbo1600.png?year=2011&h=900&w=1600&sig=0x819d0fa6976171b9c652f1411ab9dfcb&tw=1", "card": "summary_large_image", "app": {"name": {"googleplay": "NYTimes"}, "id": {"googleplay": "com.nytimes.android"}, "url": {"googleplay": "nyt://article/086c2d4f-7365-57ee-841b-c4742a0b490a"}}, "site": "@nytimes"}, "CG": "opinion", "CN": "paul-krugman", "PT": "article", "PST": "Op-Ed", "url": "https://www.nytimes.com/2011/07/11/opinion/11krugman.html", "msapplication-starturl": "https://www.nytimes.com", "al": {"android": {"url": "nyt://article/086c2d4f-7365-57ee-841b-c4742a0b490a", "package": "com.nytimes.android", "app_name": "NYTimes"}, "iphone": {"url": "nytimes://www.nytimes.com/2011/07/11/opinion/11krugman.html", "app_store_id": 284862083, "app_name": "NYTimes"}, "ipad": {"url": "nytimes://www.nytimes.com/2011/07/11/opinion/11krugman.html", "app_store_id": 357066198, "app_name": "NYTimes"}}, "viewport": "width=device-width, initial-scale=1", "fb": {"app_id": 9869919170}}, "movies": [], "publish_date": 1310335200.0, "source": "http://www.nytimes.com", "summary": ""}