{"url": "http://forums.previously.tv/topic/28067-the-awards-and-nominations-thread/?page=3", "text": "Join the conversation\n\nYou can post now and register later. If you have an account, sign in now to post with your account.", "images": ["http://content.forums.previously.tv/monthly_2019_04/2032217814_CherryBlossoms2019.2.thumb.jpg.a37e437aaf1c1139b032b9b512ba0166.jpg", "http://content.forums.previously.tv/reactions/reaction-heart.png", "http://content.forums.previously.tv/profile/photo-thumb-7860.jpg", "http://content.forums.previously.tv/profile/photo-thumb-763.jpg", "http://content.forums.previously.tv/set_resources_114/5fcc7625d41c903dfd04189ced47daa5_whitetrans3.png", "http://content.forums.previously.tv/monthly_2020_05/1021381302_CaravaggioJudithcropped.thumb.jpg.455a9660cacd2d389d3a2ae03dde4c56.jpg", "http://content.forums.previously.tv/set_resources_114/5fcc7625d41c903dfd04189ced47daa5_Forums_icon.png", "http://content.forums.previously.tv/monthly_2020_09/519929751_ponyolisaicon.thumb.jpeg.ce04bbfa496f2d56237ca95f6499d854.jpeg", "data:image/svg+xml,%3Csvg%20xmlns%3D%22http%3A%2F%2Fwww.w3.org%2F2000%2Fsvg%22%20viewBox%3D%220%200%201024%201024%22%20style%3D%22background%3A%23627ac4%22%3E%3Cg%3E%3Ctext%20text-anchor%3D%22middle%22%20dy%3D%22.35em%22%20x%3D%22512%22%20y%3D%22512%22%20fill%3D%22%23ffffff%22%20font-size%3D%22700%22%20font-family%3D%22-apple-system%2C%20BlinkMacSystemFont%2C%20Roboto%2C%20Helvetica%2C%20Arial%2C%20sans-serif%22%3ER%3C%2Ftext%3E%3C%2Fg%3E%3C%2Fsvg%3E", "http://content.forums.previously.tv/monthly_2019_04/favicon2.ico.6b0b46a20c627f432010fcd4fae07236.ico", "http://content.forums.previously.tv/profile/photo-thumb-1017.jpg", "http://content.forums.previously.tv/set_resources_114/84c1e40ea0e759e3f1505eb1788ddf3c_default_photo.png", "data:image/svg+xml,%3Csvg%20xmlns%3D%22http%3A%2F%2Fwww.w3.org%2F2000%2Fsvg%22%20viewBox%3D%220%200%201024%201024%22%20style%3D%22background%3A%236267c4%22%3E%3Cg%3E%3Ctext%20text-anchor%3D%22middle%22%20dy%3D%22.35em%22%20x%3D%22512%22%20y%3D%22512%22%20fill%3D%22%23ffffff%22%20font-size%3D%22700%22%20font-family%3D%22-apple-system%2C%20BlinkMacSystemFont%2C%20Roboto%2C%20Helvetica%2C%20Arial%2C%20sans-serif%22%3EL%3C%2Ftext%3E%3C%2Fg%3E%3C%2Fsvg%3E", "http://content.forums.previously.tv/monthly_2017_11/5a04129f78cc3_EDelesmallprofile20171109.thumb.jpg.f9445e61653001921055a9feb0b3a145.jpg", "data:image/svg+xml,%3Csvg%20xmlns%3D%22http%3A%2F%2Fwww.w3.org%2F2000%2Fsvg%22%20viewBox%3D%220%200%201024%201024%22%20style%3D%22background%3A%2362c46a%22%3E%3Cg%3E%3Ctext%20text-anchor%3D%22middle%22%20dy%3D%22.35em%22%20x%3D%22512%22%20y%3D%22512%22%20fill%3D%22%23ffffff%22%20font-size%3D%22700%22%20font-family%3D%22-apple-system%2C%20BlinkMacSystemFont%2C%20Roboto%2C%20Helvetica%2C%20Arial%2C%20sans-serif%22%3EF%3C%2Ftext%3E%3C%2Fg%3E%3C%2Fsvg%3E", "data:image/svg+xml,%3Csvg%20xmlns%3D%22http%3A%2F%2Fwww.w3.org%2F2000%2Fsvg%22%20viewBox%3D%220%200%201024%201024%22%20style%3D%22background%3A%23c46962%22%3E%3Cg%3E%3Ctext%20text-anchor%3D%22middle%22%20dy%3D%22.35em%22%20x%3D%22512%22%20y%3D%22512%22%20fill%3D%22%23ffffff%22%20font-size%3D%22700%22%20font-family%3D%22-apple-system%2C%20BlinkMacSystemFont%2C%20Roboto%2C%20Helvetica%2C%20Arial%2C%20sans-serif%22%3EK%3C%2Ftext%3E%3C%2Fg%3E%3C%2Fsvg%3E", "data:image/svg+xml,%3Csvg%20xmlns%3D%22http%3A%2F%2Fwww.w3.org%2F2000%2Fsvg%22%20viewBox%3D%220%200%201024%201024%22%20style%3D%22background%3A%2362c4bb%22%3E%3Cg%3E%3Ctext%20text-anchor%3D%22middle%22%20dy%3D%22.35em%22%20x%3D%22512%22%20y%3D%22512%22%20fill%3D%22%23ffffff%22%20font-size%3D%22700%22%20font-family%3D%22-apple-system%2C%20BlinkMacSystemFont%2C%20Roboto%2C%20Helvetica%2C%20Arial%2C%20sans-serif%22%3EE%3C%2Ftext%3E%3C%2Fg%3E%3C%2Fsvg%3E", "http://content.forums.previously.tv/profile/photo-thumb-18614.jpg", "data:image/svg+xml,%3Csvg%20xmlns%3D%22http%3A%2F%2Fwww.w3.org%2F2000%2Fsvg%22%20viewBox%3D%220%200%201024%201024%22%20style%3D%22background%3A%236278c4%22%3E%3Cg%3E%3Ctext%20text-anchor%3D%22middle%22%20dy%3D%22.35em%22%20x%3D%22512%22%20y%3D%22512%22%20fill%3D%22%23ffffff%22%20font-size%3D%22700%22%20font-family%3D%22-apple-system%2C%20BlinkMacSystemFont%2C%20Roboto%2C%20Helvetica%2C%20Arial%2C%20sans-serif%22%3EM%3C%2Ftext%3E%3C%2Fg%3E%3C%2Fsvg%3E", "data:image/svg+xml,%3Csvg%20xmlns%3D%22http%3A%2F%2Fwww.w3.org%2F2000%2Fsvg%22%20viewBox%3D%220%200%201024%201024%22%20style%3D%22background%3A%23c4bf62%22%3E%3Cg%3E%3Ctext%20text-anchor%3D%22middle%22%20dy%3D%22.35em%22%20x%3D%22512%22%20y%3D%22512%22%20fill%3D%22%23ffffff%22%20font-size%3D%22700%22%20font-family%3D%22-apple-system%2C%20BlinkMacSystemFont%2C%20Roboto%2C%20Helvetica%2C%20Arial%2C%20sans-serif%22%3ET%3C%2Ftext%3E%3C%2Fg%3E%3C%2Fsvg%3E", "http://content.forums.previously.tv/profile/photo-13392.jpg", "http://content.forums.previously.tv/profile/photo-thumb-1535.jpg", "data:image/svg+xml,%3Csvg%20xmlns%3D%22http%3A%2F%2Fwww.w3.org%2F2000%2Fsvg%22%20viewBox%3D%220%200%201024%201024%22%20style%3D%22background%3A%23c46962%22%3E%3Cg%3E%3Ctext%20text-anchor%3D%22middle%22%20dy%3D%22.35em%22%20x%3D%22512%22%20y%3D%22512%22%20fill%3D%22%23ffffff%22%20font-size%3D%22700%22%20font-family%3D%22-apple-system%2C%20BlinkMacSystemFont%2C%20Roboto%2C%20Helvetica%2C%20Arial%2C%20sans-serif%22%3EN%3C%2Ftext%3E%3C%2Fg%3E%3C%2Fsvg%3E"], "top_img": "http://content.forums.previously.tv/monthly_2019_04/favicon2.ico.6b0b46a20c627f432010fcd4fae07236.ico", "keywords": [], "authors": [], "canonical_link": "https://forums.primetimer.com/topic/28067-the-awards-and-nominations-thread/page/3/", "title": "The Awards and Nominations Thread", "meta_data": {"google": "notranslate", "viewport": "width=device-width, initial-scale=1", "twitter": {"card": "summary", "site": "@primetimercom"}, "og": {"title": "The Awards and Nominations Thread", "type": "object", "url": "https://forums.primetimer.com/topic/28067-the-awards-and-nominations-thread/", "updated_time": "2018-02-15T20:47:29Z", "site_name": "PRIMETIMER", "locale": "en_US"}, "theme-color": "#111111", "msapplication-config": "https://forums.primetimer.com/browserconfig.xml/", "msapplication-starturl": "/", "application-name": "PRIMETIMER", "apple-mobile-web-app-title": "PRIMETIMER"}, "movies": [], "publish_date": null, "source": "http://forums.previously.tv", "summary": ""}