{"url": "http://www.youtube.com/watch?v=Ud3mMj0AZZk", "text": "", "images": ["https://i.ytimg.com/vi/Ud3mMj0AZZk/maxresdefault.jpg"], "top_img": "https://i.ytimg.com/vi/Ud3mMj0AZZk/maxresdefault.jpg", "keywords": [], "authors": [], "canonical_link": "https://www.youtube.com/watch?v=Ud3mMj0AZZk", "title": "Obama for America TV Ad: \"Firms\"", "meta_data": {"theme-color": "rgba(255, 255, 255, 0.98)", "title": "Obama for America TV Ad: \"Firms\"", "description": "Share this: http://OFA.BO/g8usYZTweet this: http://OFA.BO/HfsgMsMitt Romney's not the solution. He's the problem.", "keywords": "firms, romney, bain, sec, capital, 1999, 2002, taxes, romney taxes, tax, return, romney offshore accounts, offshore, accounts, caymans, bermuda, bermudan, romney tax plan, fees, romney fees, romney ecnomic plan, romney debt, mitt romney, romney plan, massachusetts, romney economic plan, fireman, policeman, teachers, jobs, job, romney jobs, romney job plan, romney economics, romney campaign, creation, barack obama, speech, campaign, 2012, ad, barack, president, for, america, election, re-election, news", "og": {"site_name": "YouTube", "url": "https://www.youtube.com/watch?v=Ud3mMj0AZZk", "title": "Obama for America TV Ad: \"Firms\"", "image": {"identifier": "https://i.ytimg.com/vi/Ud3mMj0AZZk/maxresdefault.jpg", "width": 1280, "height": 720}, "description": "Share this: http://OFA.BO/g8usYZTweet this: http://OFA.BO/HfsgMsMitt Romney's not the solution. He's the problem.", "type": "video.other", "video": {"url": "https://www.youtube.com/embed/Ud3mMj0AZZk", "secure_url": "https://www.youtube.com/embed/Ud3mMj0AZZk", "type": "text/html", "width": 1280, "height": 720, "tag": "news"}}, "al": {"ios": {"app_store_id": 544007664, "app_name": "YouTube", "url": "vnd.youtube://www.youtube.com/watch?v=Ud3mMj0AZZk&feature=applinks"}, "android": {"url": "vnd.youtube://www.youtube.com/watch?v=Ud3mMj0AZZk&feature=applinks", "app_name": "YouTube", "package": "com.google.android.youtube"}, "web": {"url": "http://www.youtube.com/watch?v=Ud3mMj0AZZk&feature=applinks"}}, "fb": {"app_id": 87741124305}, "twitter": {"card": "player", "site": "@youtube", "url": "https://www.youtube.com/watch?v=Ud3mMj0AZZk", "title": "Obama for America TV Ad: \"Firms\"", "description": "Share this: http://OFA.BO/g8usYZTweet this: http://OFA.BO/HfsgMsMitt Romney's not the solution. He's the problem.", "image": "https://i.ytimg.com/vi/Ud3mMj0AZZk/maxresdefault.jpg", "app": {"name": {"iphone": "YouTube", "ipad": "YouTube", "googleplay": "YouTube"}, "id": {"iphone": 544007664, "ipad": 544007664, "googleplay": "com.google.android.youtube"}, "url": {"iphone": "vnd.youtube://www.youtube.com/watch?v=Ud3mMj0AZZk&feature=applinks", "ipad": "vnd.youtube://www.youtube.com/watch?v=Ud3mMj0AZZk&feature=applinks", "googleplay": "https://www.youtube.com/watch?v=Ud3mMj0AZZk"}}, "player": {"identifier": "https://www.youtube.com/embed/Ud3mMj0AZZk", "width": 1280, "height": 720}}}, "movies": [], "publish_date": null, "source": "http://www.youtube.com", "summary": ""}