{"url": "www.pinterest.co.uk/probablycrying/liam-payne/", "text": "Buy designer clothing & accessories and get Free Shipping & Returns in USA. Shop online the latest FW20 collection of designer for Women on SSENSE and find the perfect clothing & accessories for you among a great selection.", "images": ["https://i.pinimg.com/236x/5b/66/62/5b6662ab2b614f254916da39785697e4--baby-love-the-face.jpg", "https://i.pinimg.com/236x/2b/90/3e/2b903e9acbf10b5a2c62572a53355b4d--goth-nice-things.jpg", "https://i.pinimg.com/200x150/b9/0a/bb/b90abba26ada69e20718142e8e4ddee2.jpg", "https://i.pinimg.com/236x/78/76/fa/7876facc4c09964c0912fcdee55f24b7--james-darcy-liam-james.jpg", "https://i.pinimg.com/236x/e1/76/0a/e1760a0995fc1283ee8c3ac9df74aeb7--puppys-liam-james.jpg", "https://i.pinimg.com/236x/8c/6b/ff/8c6bffbcaa5d4435e4960d957a6240cf--machu-picchu-one-direction-photos.jpg", "https://i.pinimg.com/236x/15/ae/de/15aede7bcced138f6682a24d9f3e7dff.jpg", "https://i.pinimg.com/280x280_RS/59/9c/98/599c98e86fa06ea2d588aa732d217d8a.jpg", "https://i.pinimg.com/236x/dc/af/dc/dcafdc80f0776d448ae73fccc570758b--liam-d-liam-payne.jpg", "https://i.pinimg.com/236x/c4/3a/6d/c43a6d61290df5b8c4c25395abdbf857--liam-james-liam-payne.jpg", "https://i.pinimg.com/236x/cd/c1/e2/cdc1e20b7e337a239c86ebdc74bfae34--one-direction-quiz-one-direction-zayn-malik.jpg", "https://i.pinimg.com/236x/87/56/67/875667f1d37d67d31bb21fa5318576e3--vogue-covers-vogue-magazine.jpg", "https://i.pinimg.com/236x/fa/73/14/fa73148a0c5d03700fecefda69992490--surfer-boys-hot-surfer.jpg", "https://i.pinimg.com/236x/89/e4/97/89e497448f6eac52de3a1828af2d94ec--drawing-stuff-shabby.jpg", "https://i.pinimg.com/236x/23/af/45/23af4515642d84ef3aadaa2822708f65--one-direction-quotes-nyc.jpg", "https://i.pinimg.com/236x/54/d1/3e/54d13e25d86e6ae5f79fc346b02d59e9--quotes-one-direction-directioners.jpg", "https://i.pinimg.com/236x/c2/5b/44/c25b44da0caf8475a55ff3658cb6abb4--liam-james-james-darcy.jpg", "https://i.pinimg.com/236x/a5/1b/ec/a51bec5a222cdc39c0e45107175eccb4.jpg"], "top_img": "https://i.pinimg.com/200x150/b9/0a/bb/b90abba26ada69e20718142e8e4ddee2.jpg", "keywords": [], "authors": [], "canonical_link": "https://www.pinterest.com/probablycrying/liam-payne/", "title": "liam payne, liam james, directions", "meta_data": {"viewport": "width=device-width, initial-scale=1", "application-name": "Pinterest", "msapplication-TileColor": "#ffffff", "msapplication-TileImage": "https://s.pinimg.com/webapp/style/images/logo_trans_144x144-5e37c0c6.png", "referrer": "origin", "fb": {"app_id": 274266067164}, "og": {"site_name": "Pinterest", "title": "100+ Liam Payne ideas | liam payne, liam james, directions", "type": "pinterestapp:pinboard", "updated_time": "2017-08-09 01:20:04.545000", "url": "https://www.pinterest.com/probablycrying/liam-payne/", "description": "Aug 9, 2017 - Daddy Direction. See more ideas about liam payne, liam james, directions.", "image": "https://i.pinimg.com/200x150/b9/0a/bb/b90abba26ada69e20718142e8e4ddee2.jpg"}, "twitter": {"title": "Liam Payne", "description": "Aug 9, 2017 - Daddy Direction. See more ideas about liam payne, liam james, directions.", "image": {"src": "https://i.pinimg.com/200x150/b9/0a/bb/b90abba26ada69e20718142e8e4ddee2.jpg"}}, "pinterestapp": {"category": "celebrities", "pinner": "https://www.pinterest.com/probablycrying/", "pins": 149}, "description": "Aug 9, 2017 - Daddy Direction. See more ideas about liam payne, liam james, directions."}, "movies": [], "publish_date": null, "source": "http://www.pinterest.co.uk", "summary": ""}