{"url": "www.express.co.uk/life-style/life/941988/meghan-markle-parents-mother-prince-harry-wedding-news-latest", "text": "We will use your email address only for sending you newsletters. Please see our Privacy Notice for details of your data protection rights.\n\nSign up forfor the biggest new releases, reviews and tech hacks\n\nMeghan Markle is set to have her wedding next month, but sources claim the actress has left the country in recent news.\n\nThe 36-year-old Suits actress, who has been dating Prince Harry for two years, left the UK last week.\n\nBut royal fans needn\u2019t worry - the royal-to-be is not getting cold feet.\n\nAccording to a source Meghan Markle flew back to her hometown of Los Angeles.\n\nThe brunette is spending time with her mother Doria Ragland before the wedding, E! News reported.", "images": ["https://analytics.twitter.com/i/adsct?txn_id=l4f18&p_id=Twitter", "https://cdn.images.express.co.uk/img/dynamic/galleries/x/.jpg", "https://cdn.images.express.co.uk/img/page/preloaderbig.gif", "https://cdn.images.express.co.uk/img/static/share/facebook.png", "https://cdn.images.express.co.uk/img/dynamic/130/285x190/941771_1.jpg", "https://cdn.images.express.co.uk/img/static/share/twitter.png", "https://cdn.images.express.co.uk/img/static/share/copylink.png", "https://cdn.images.express.co.uk/img/static/share/comment.png", "https://cdn.images.express.co.uk/img/page/placeholder.gif", "https://cdn.images.express.co.uk/img/page/placeholder-vertical.gif", "https://cdn.images.express.co.uk/img/static/share/pinterest.png", "http://googleads.g.doubleclick.net/pagead/viewthroughconversion/1068671835/?value=0&label=u9gYCOmHtQYQ28bK_QM&guid=ON&script=0", "http://t.co/i/adsct?txn_id=l4f18&p_id=Twitter", "https://cdn.images.express.co.uk/img/static/share/linkedin.png", "https://cdn.images.express.co.uk/img/dynamic/130/750x445/941988.jpg", "https://www.facebook.com/tr?id=568781449942811&ev=PageView&noscript=1", "https://sb.scorecardresearch.com/p?c1=2&c2=6035737&cv=2.0&cj=1", "https://cdn.images.express.co.uk/img/dynamic/130/285x190/941632_1.jpg", "https://cdn.images.express.co.uk/img/page/placeholder-horizontal.gif"], "top_img": "https://cdn.images.express.co.uk/img/dynamic/130/750x445/941988.jpg", "keywords": [], "authors": ["Emily Hodgkin"], "canonical_link": "https://www.express.co.uk/life-style/life/941988/meghan-markle-parents-mother-prince-harry-wedding-news-latest", "title": "Why did Meghan Markle leave the UK in secret last week before wedding to Prince Harry?", "meta_data": {"viewport": "width=device-width, initial-scale=1", "description": "MEGHAN MARKLE and Prince Harry are set to marry on May 19. However, a source claimed the Suits actress left the UK in secret last week? Why has Meghan left the country shortly before her wedding?", "fb": {"pages": 129617873765147, "app_id": 823607694325129}, "og": {"title": "Why did Meghan Markle leave the UK in secret last week before wedding to Prince Harry?", "type": "article", "url": "https://www.express.co.uk/life-style/life/941988/meghan-markle-parents-mother-prince-harry-wedding-news-latest", "image": "https://cdn.images.express.co.uk/img/dynamic/130/750x445/941988.jpg", "site_name": "Express.co.uk", "language": "en", "tags": "lifestyle,automotive,culture,food and beverage,home and garden,theater,travel,ctp_video,autoplay_video,meghan markle,prince harry,meghan markle wedding,meghan markle parents,meghan markle mother,meghan markle news,harry and meghan,meghan markle suits,suits", "section": "Life", "description": "MEGHAN MARKLE and Prince Harry are set to marry on May 19. However, a source claimed the Suits actress left the UK in secret last week? Why has Meghan left the country shortly before her wedding?"}, "news_keywords": "lifestyle,automotive,culture,food and beverage,home and garden,theater,travel,ctp_video,autoplay_video,meghan markle,prince harry,meghan markle wedding,meghan markle parents,meghan markle mother,meghan markle news,harry and meghan,meghan markle suits,suits", "article": {"tag": "suits", "published_time": "2018-04-06T07:20:00+01:00", "modified_time": "2018-04-06T07:21:22+01:00", "expiration_time": "2018-05-06", "section": "Life", "image_count": 3, "video_count": 1, "word_count": 565, "internal_link_count": 3, "external_link_count": 0, "opinion": "false", "content_tier": "free"}, "author": "Emily Hodgkin", "twitter": {"card": "summary_large_image", "image": {"src": "https://cdn.images.express.co.uk/img/dynamic/130/750x445/941988.jpg"}, "title": "Why did Meghan Markle leave the UK in secret last week before wedding to Prince Harry?", "description": "MEGHAN MARKLE and Prince Harry are set to marry on May 19. However, a source claimed the Suits actress left the UK in secret last week? Why has Meghan left the country shortly before her wedding?"}, "video_autoplay": "false", "headline_short": "Why did Meghan Markle leave the UK in secret last week before wedding to Prince Harry?", "vf": {"container_id": "express-prod-941988"}, "verify-v1": "EGl3XPBuem43awGwLC1rXGpRHRnmNSwp7VZfnCAAcKE=", "msvalidate.01": "1960193A20395DAD3FCB640BCB0D91D7", "apple-mobile-web-app-capable": "yes", "mobile-web-app-capable": "yes", "robots": "noodp,noydir,all"}, "movies": [], "publish_date": 1522995600.0, "source": "http://www.express.co.uk", "summary": ""}