{"url": "https://www.harpersbazaar.com/uk/culture/culture-news/news/a41111/gigi-hadid-birthday-zayn-malik/", "text": "Getty\n\nSupermodel of the moment, Gigi Hadid celebrated her 22nd birthday this weekend \u2013 and she was not short of love and attention. The model's boyfriend, Zayn Malik posted a heartfelt message on Instagram with a photo of the two of them, adding, 'Happy birthday to my everything'.\n\nHadid also posted a photo of the two of them from the day, with her holding a giant birthday cake as he kissed her on the cheek.\n\nThis content is imported from Instagram. You may be able to find the same content in another format, or you may be able to find more information, at their web site.\n\nAnd it wasn't just her boyfriend showering her with birthday love. The model shared photos of bouquets of flowers she'd received from her loved ones, including from Taylor Swift and Karlie Kloss.\n\nHer family and friends also took to social media to share their love for the model. From her parents to her model siblings and friend Lily Aldridge, see some of the sweet messages (and adorable throwback photos) below.\n\nThis content is imported from Instagram. You may be able to find the same content in another format, or you may be able to find more information, at their web site.\n\nThis content is imported from Instagram. You may be able to find the same content in another format, or you may be able to find more information, at their web site.\n\nThis content is imported from Instagram. You may be able to find the same content in another format, or you may be able to find more information, at their web site.\n\nThis content is imported from Instagram. You may be able to find the same content in another format, or you may be able to find more information, at their web site.\n\nThis content is imported from Instagram. You may be able to find the same content in another format, or you may be able to find more information, at their web site.\n\nThis content is created and maintained by a third party, and imported onto this page to help users provide their email addresses. You may be able to find more information about this and similar content at piano.io", "images": ["https://www.harpersbazaar.com/sites/harpersbazaar/assets/images/logos/ipso_regulated_hires.png", "https://hips.hearstapps.com/harpersbazaaruk.cdnds.net/17/16/2560x1280/landscape-1492771733-bella-gigi-hadid-1.jpg?resize=300:*", "data:image/gif;base64,R0lGODlhAQABAIAAAAAAAP///yH5BAEAAAAALAAAAAABAAEAAAIBRAA7", "https://hips.hearstapps.com/harpersbazaaruk.cdnds.net/17/17/4000x2000/landscape-1493029169-zayn-gigi.jpg?resize=1200:*"], "top_img": "https://hips.hearstapps.com/harpersbazaaruk.cdnds.net/17/17/4000x2000/landscape-1493029169-zayn-gigi.jpg?resize=1200:*", "keywords": [], "authors": ["Amy De Klerk"], "canonical_link": "https://www.harpersbazaar.com/uk/culture/culture-news/news/a41111/gigi-hadid-birthday-zayn-malik/", "title": "Zayn Malik showers girlfriend Gigi Hadid with love on her birthday", "meta_data": {"x-ua-compatible": "IE=edge,chrome=1", "viewport": "width=device-width,initial-scale=1,maximum-scale=6", "msapplication-tap-highlight": "no", "theme-color": "#606060", "og": {"type": "article", "site_name": "Harper's BAZAAR", "title": "Zayn Malik showers girlfriend Gigi Hadid with love on her birthday", "description": "The singer called her his \"everything\"", "url": "http://www.harpersbazaar.co.uk/culture/culture-news/news/a41111/gigi-hadid-birthday-zayn-malik/", "image": {"identifier": "https://hips.hearstapps.com/harpersbazaaruk.cdnds.net/17/17/4000x2000/landscape-1493029169-zayn-gigi.jpg?resize=1200:*", "width": 1200, "height": 600}}, "fb": {"app_id": 214308048603671}, "article": {"publisher": "https://www.facebook.com/harpersbazaaruk", "modified_time": "2018-03-27 10:13:44", "published_time": "2017-04-24 10:15:00", "section": "Culture News", "opinion": "false"}, "twitter": {"site": "@BazaarUK", "card": "summary_large_image", "image": "https://hips.hearstapps.com/harpersbazaaruk.cdnds.net/17/17/4000x2000/landscape-1493029169-zayn-gigi.jpg?resize=640:*"}, "google-site-verification": "bNUXKPTEqUVDbaxHrYA-c1kj007Ao4VsMKdoU80EyiU", "title": "Zayn Malik showers girlfriend Gigi Hadid with love on her birthday \u2013 Gigi Hadid birthday", "description": "The singer called her his \"everything\"", "keywords": "Gigi Hadid, birthday, Zayn Malik", "auto-publish": "never", "thumbnail": "https://hips.hearstapps.com/harpersbazaaruk.cdnds.net/17/17/1600x1600/square-1493029169-zayn-gigi.jpg?resize=320:*", "sailthru.contenttype": "standard-article", "sailthru.tags": "Culture,culture,culture-news,Zayn Malik,Gigi Hadid", "sailthru.date": "2017-04-24T10:15:00Z", "sailthru.image.full": "https://hips.hearstapps.com/harpersbazaaruk.cdnds.net/17/17/4000x2000/landscape-1493029169-zayn-gigi.jpg", "sailthru.image.thumb": "https://hips.hearstapps.com/harpersbazaaruk.cdnds.net/17/17/1600x1600/square-1493029169-zayn-gigi.jpg", "sailthru.socialtitle": "Zayn Malik showers girlfriend Gigi Hadid with love on her birthday", "m1": ".content-hed", "m2": ".content-dek p"}, "movies": [], "publish_date": 1493021700.0, "source": "https://www.harpersbazaar.com", "summary": ""}