{"url": "radaronline.com/videos/angelina-jolie-spotlight-tom-ford-fashion/", "text": "Click to share on Twitter (Opens in new window)\n\nClick to share on Facebook (Opens in new window)\n\nAngelina Jolie Begs Tom Ford For Help Resurrecting Her Career\n\nAngelina Jolie Begs Tom Ford For Help Resurrecting Her Career\n\nAngelina Jolie Begs Tom Ford For Help Resurrecting Her Career The star has lost her sparkle, but can the fashion guru get her back on track?\n\nAngelina Jolie is ready to get her groove back and is enlisting fashion guru Tom Ford to help!\n\n\u201cWith all the drama around her and Brad Pitt, Angelina feels like a huge outsider right now,\n\nand she knows Tom is the industry It Guy,\u201d tattles a fashion insider.\n\nTom was the mastermind behind Gucci and Saint Laurent before launching his own line,\n\nand has gone on to direct two Oscar-nominated flicks, A Single Man and Nocturnal Animals.\n\nNow he\u2019s ready to make the newly single actress his latest project.\n\n\u201cAngelina is the most beautiful woman in the world, and it kills Tom\n\nto see her in these depressing all-black ensembles and dowdy red carpet gowns,\u201d says the source.\n\n\u201cHe wants to do a couture line with her and get her back to icon status.\u201d\n\nAre vials of blood about to be back in fashion?", "images": ["https://i0.heartyhosting.com/radaronline.com/wp-content/uploads/2019/03/brad-pitt-and-angelina-jolie-plan-not-legally-married-divorce-deal-pp-.jpg?w=384&crop=0%2C20px%2C384px%2C215px&resize=384%2C215&ssl=1", "https://i0.heartyhosting.com/radaronline.com/wp-content/uploads/2019/03/scandal-bg.jpg?fit=1440%2C210&ssl=1", "https://i0.heartyhosting.com/radaronline.com/wp-content/uploads/2019/03/logo-celebrity-news.png?ssl=1", "https://i0.heartyhosting.com/radaronline.com/wp-content/uploads/2019/03/reality-tv-bg.jpg?fit=1440%2C210&ssl=1", "https://i0.heartyhosting.com/radaronline.com/wp-content/uploads/2019/03/logo-scandal.png?fit=307%2C70&ssl=1", "https://i0.heartyhosting.com/radaronline.com/wp-content/uploads/2019/03/logo-true-crime-b.png?fit=357%2C70&ssl=1", "https://i0.heartyhosting.com/radaronline.com/wp-content/uploads/2019/05/Brad-Pitt-Writing-Tell-All-Book-Angelina-Jolie-Divorce-Custody-PP.jpg?w=384&crop=0%2C20px%2C384px%2C215px&resize=384%2C215&ssl=1", "https://i0.heartyhosting.com/radaronline.com/wp-content/uploads/2019/03/logo-omg.png?fit=188%2C70&ssl=1", "https://i0.heartyhosting.com/radaronline.com/wp-content/uploads/2019/03/celebrity-news-bg.jpg?fit=1440%2C210&ssl=1", "https://i0.heartyhosting.com/radaronline.com/wp-content/uploads/2017/04/Angelina-jolie-spotlight-tom-ford-fashion-1-1.jpg?resize=1200%2C630&ssl=1", "https://i0.heartyhosting.com/radaronline.com/wp-content/uploads/2019/02/tom-cruise-brad-pitt-feud-pp.jpg?w=384&crop=0%2C20px%2C384px%2C215px&resize=384%2C215&ssl=1", "https://i0.heartyhosting.com/radaronline.com/wp-content/uploads/2019/03/logo-fashion-police.png?fit=489%2C70&ssl=1", "https://i0.heartyhosting.com/radaronline.com/wp-content/uploads/2019/03/logo-celebrity-news-b.png?fit=495%2C70&ssl=1", "https://i0.heartyhosting.com/radaronline.com/wp-content/uploads/2017/04/Angelina-jolie-spotlight-tom-ford-fashion-1-1.jpg?resize=640%2C420&ssl=1", "https://i0.heartyhosting.com/radaronline.com/wp-content/uploads/2019/03/logo-reality-tv.png?fit=370%2C70&ssl=1", "https://radaronline.com/wp-content/themes/vip/am-radaronline/assets/build/images/icons/logo-tag-registered.svg", "https://radaronline.com/wp-content/themes/vip/am-radaronline/assets/build/images/icons/logo-tag-registered-green.svg", "https://i0.heartyhosting.com/radaronline.com/wp-content/uploads/2019/02/angelina-jolie-children-new-york-city-PP.jpg?w=384&crop=0%2C20px%2C384px%2C215px&resize=384%2C215&ssl=1", "https://i0.heartyhosting.com/radaronline.com/wp-content/uploads/2019/03/true-crime-bg.jpg?fit=1440%2C210&ssl=1", "https://i0.heartyhosting.com/radaronline.com/wp-content/uploads/2019/03/omg-bg.jpg?fit=1440%2C210&ssl=1", "https://i0.heartyhosting.com/radaronline.com/wp-content/uploads/2019/03/fashion-police-bg.jpg?fit=1440%2C210&ssl=1"], "top_img": "https://i0.heartyhosting.com/radaronline.com/wp-content/uploads/2017/04/Angelina-jolie-spotlight-tom-ford-fashion-1-1.jpg?resize=1200%2C630&ssl=1", "keywords": [], "authors": ["Rosa Sanchez", "April"], "canonical_link": "https://radaronline.com/videos/angelina-jolie-spotlight-tom-ford-fashion/", "title": "Angelina Jolie Begs Tom Ford For Help Resurrecting Her Career", "meta_data": {"viewport": "width=device-width, initial-scale=1.0", "fb": {"admins": 593583017, "app_id": 1008772232528225, "pages": 376279216711}, "theme-color": "#ffffff", "google-site-verification": "kONM_PqGX8Za53dFcExSTIIPZxxN_S4QtvDlONzzdA0", "description": "After months of heartbreaking drama, the once-iconic actress is planning a comeback. Can this fashion guru help Angelina Jolie regain her sparkle?", "robots": "index, follow, max-snippet:-1, max-image-preview:large, max-video-preview:-1", "og": {"locale": "en_US", "type": "article", "title": "Angelina Jolie Begs Tom Ford For Help Resurrecting Her Career", "description": "After months of heartbreaking drama, the once-iconic actress is planning a comeback. Can this fashion guru help Angelina Jolie regain her sparkle?", "url": "https://radaronline.com/videos/angelina-jolie-spotlight-tom-ford-fashion/", "site_name": "RadarOnline", "updated_time": "2017-04-19T18:16:05+00:00", "image": {"identifier": "https://i0.heartyhosting.com/radaronline.com/wp-content/uploads/2017/04/Angelina-jolie-spotlight-tom-ford-fashion-1-1.jpg?resize=1200%2C630&ssl=1", "secure_url": "https://i0.heartyhosting.com/radaronline.com/wp-content/uploads/2017/04/Angelina-jolie-spotlight-tom-ford-fashion-1-1.jpg?resize=1200%2C630&ssl=1", "width": 1200, "height": 630}}, "article": {"published_time": "2017-04-19T18:15:21+00:00", "modified_time": "2017-04-19T18:16:05+00:00"}, "twitter": {"card": "summary_large_image", "title": "Angelina Jolie Begs Tom Ford For Help Resurrecting Her Career", "description": "After months of heartbreaking drama, the once-iconic actress is planning a comeback. Can this fashion guru help Angelina Jolie regain her sparkle?", "image": "https://i0.heartyhosting.com/radaronline.com/wp-content/uploads/2017/04/Angelina-jolie-spotlight-tom-ford-fashion-1-1.jpg?resize=1200%2C630&ssl=1"}, "news_keywords": "Angelina Jolie", "generator": "WordPress 5.5.3"}, "movies": [], "publish_date": 1492625721.0, "source": "http://radaronline.com", "summary": ""}