{"url": "tribune.com.pk/story/1360506/reese-witherspoon-nicole-kidman-not-talking-terms/", "text": "Uh oh! Looks like Reese Witherspoon is allegedly 'furious' with her long-time best friend Nicole Kidman.\n\nNew Idea claims that the Legally Blonde star is unhappy with her Australian, Big Little Lies co-star's failure to promote the HBO series in the run-up to its debut in February, claiming that Nicole used too much of her airtime to discuss her latest Hollywood hit, Lion.\n\n\"Reese is furious that Nicole hasn't done more to support Big Little Lies. All she talked about in the interviews was Lion. Had Reese known that Nicole would put the show so far on the back-burner, she would have cast some random person in the show,\" Daily Mail quoted a source as saying.\n\nRed carpet roundup: Golden girls at Oscars 2017\n\nIn Australia, Big Little Lies' debut outranked any HBO series broadcast on Foxtel in a launch week, more than doubling the audience that tuned in to see Game of Thrones' first-ever episode.\n\nBut New Idea suggests that it's the underwhelming reception in her own home country that has left Reese disappointed. Reese is one of the executive producers for the show after all.\n\nAccording to the publication, frosty relations between the pair manifested themselves at the Oscars last month. \"You could cut the tension with a knife at the Oscars. Nicole was telling her people to keep Reese away from her,\" claimed the source.\n\nNews of the pair being involved in \"some tense arguments\" during filming were also reported by the publication, which alleged that the Hollywood heavyweights may never work together again.\n\nAn insider claimed, \"If the show doesn't make any waves or get better ratings, it will probably mark the end of Reese and Nicole's joint ventures.\"\n\nHowever, a representative of Daily Mail Australia says the story is completely incorrect. \"Everyone is thrilled to the back teeth with Big Little Lies. They're (Reese and Nicole) great friends, they love each other and they love the way each other works.\"\n\nAnother source has denied New Idea's claims that Nicole had not been promoting the show as much as fellow cast members, saying that the 49-year-old did a 'shed load' of publicity both in America and abroad. The report comes just two months after she spoke about the actresses' friendship in California. \"We're very, very close friends. We're able to talk about everything,\" she said.\n\nHave something to add to the story? Share it in the comments below.", "images": ["https://i.tribune.com.pk/media/images/11606245828-0/11606245828-0-198x140.jpg", "https://i.tribune.com.pk/media/images/uzair11606208092-0/uzair11606208092-0-198x140.jpg", "https://i.tribune.com.pk/media/images/magazine+thumbs/magazine-20201108.jpg", "https://i.tribune.com.pk/media/images/1587249-imranjannew-1513619852/1587249-imranjannew-1513619852-76x58.jpg", "https://i.tribune.com.pk/media/images/1014120-Rupeesx-1450742950/1014120-Rupeesx-1450742950-198x140.JPG", "https://i.tribune.com.pk/assets/images/trendingbar--100.png", "https://i.tribune.com.pk/media/images/1303025-samarabbas-1485032962/1303025-samarabbas-1485032962-262x165.jpg", "https://i.tribune.com.pk/media/images/1363965-burjkhalifapakistan-1490284603/1363965-burjkhalifapakistan-1490284603-198x140.jpg", "https://i.tribune.com.pk/assets/images/footer-tribune.logo.png", "https://i.tribune.com.pk/media/images/528032-studentsPhotoAPP-1364495925/528032-studentsPhotoAPP-1364495925-198x140.JPG", "https://tribune-reloaded.s3.amazonaws.com/media/images/1360506-eaceimagea_-1490005435/1360506-eaceimagea_-1490005435.jpg", "https://i.tribune.com.pk/media/images/00231606306668-0/00231606306668-0-198x140.jpg", "https://i.tribune.com.pk/media/images/1340730-nicole-1488194565/1340730-nicole-1488194565-262x165.jpg", "https://i.tribune.com.pk/media/images/e-paper-1.jpeg", "https://i.tribune.com.pk/media/images/Durdana-Najam1602756503-0/Durdana-Najam1602756503-0-76x58.jpg", "https://i.tribune.com.pk/media/images/online_pharmacy_660_0412190732201606138929-0/online_pharmacy_660_0412190732201606138929-0-76x58.jpg", "https://i.tribune.com.pk/media/images/Editorial-Opinion-copy1/Editorial-Opinion-copy1-76x58.jpg", "https://i.tribune.com.pk/media/images/1109591-agriculturereuterx-1464124889/1109591-agriculturereuterx-1464124889-198x140.jpg", "https://i.tribune.com.pk/media/images/1360506-eaceimagea_-1490005435/1360506-eaceimagea_-1490005435.jpg", "https://i.tribune.com.pk/media/images/Nawaz-gilgit-message-screen1605388642-0/Nawaz-gilgit-message-screen1605388642-0-198x140.jpg", "https://d5nxst8fruw4z.cloudfront.net/atrk.gif?account=UTRSn1QolK10mh", "https://i.tribune.com.pk/media/images/rickshaw-driver-coronavirus-pakistan-afp1594212661-0/rickshaw-driver-coronavirus-pakistan-afp1594212661-0-198x140.jpg", "https://i.tribune.com.pk/media/images/Pakistan-Israel-Flags1606308019-0/Pakistan-Israel-Flags1606308019-0-198x140.jpg", "https://i.tribune.com.pk/media/images/1350796-GTY_ryan_gosling_jef___x_copy-1489056130/1350796-GTY_ryan_gosling_jef___x_copy-1489056130-262x165.jpg"], "top_img": "https://tribune-reloaded.s3.amazonaws.com/media/images/1360506-eaceimagea_-1490005435/1360506-eaceimagea_-1490005435.jpg", "keywords": [], "authors": [], "canonical_link": "https://tribune.com.pk/story/1360506/reese-witherspoon-nicole-kidman-not-talking-terms", "title": "Are Reese Witherspoon and Nicole Kidman not on talking terms?", "meta_data": {"viewport": "width=device-width", "ahrefs-site-verification": "80d91b866834629ca6d4329f97e56e8b3e664a02379ef1426de12c9cf7ce2c34", "fb": {"admins": 503171569, "app_id": 278477199157577, "pages": 111457038871331}, "twitter": {"widgets": {"csp": "on"}, "card": "summary_large_image", "site": "@etribune", "title": "Are Reese Witherspoon and Nicole Kidman not on talking terms?", "description": "Rumours suggest so!", "image": {"src": "https://tribune-reloaded.s3.amazonaws.com/media/images/1360506-eaceimagea_-1490005435/1360506-eaceimagea_-1490005435.jpg"}}, "csrf-token": "Eqj4xaUf2NsGVFACLGw0s0Vc1hdsRQyZNJUxgsPF", "robots": "noodp", "og": {"locale": "en_US", "url": "http://tribune.com.pk/story/1360506/reese-witherspoon-nicole-kidman-not-talking-terms", "site_name": "The Express Tribune", "type": "article", "title": "Are Reese Witherspoon and Nicole Kidman not on talking terms? | The Express Tribune", "description": "Rumours suggest so!", "image": "https://tribune-reloaded.s3.amazonaws.com/media/images/1360506-eaceimagea_-1490005435/1360506-eaceimagea_-1490005435.jpg"}, "description": "Rumours suggest so!", "title": "Are Reese Witherspoon and Nicole Kidman not on talking terms?", "article": {"tag": "Reese Witherspoon", "publisher": "https://tribune.com.pk", "author": "https://tribune.com.pk/author/249", "section": "Life & Style", "published_time": "2017-03-20T05:42:18+00:00"}, "keywords": "Nicole Kidman, Reese Witherspoon"}, "movies": [], "publish_date": 1489988538.0, "source": "http://tribune.com.pk", "summary": ""}