{"url": "http://bioguide.congress.gov/scripts/biodisplay.pl?index=M000303", "text": "With a modern and mobile-friendly design, the new Biographical Directory of the U.S. Congress website features an updated view of Member information and search functionality.\n\nOver the next couple of months we will deploy the site as a beta release before it eventually becomes the primary search site.", "images": ["http://bioguide.congress.gov/Static_Files/data/photo/M/M000303.jpg", "http://bioguide.congress.gov/Static_Files/images/modal.jpg", "http://bioguide.congress.gov/Static_Files/images/index.jpg", "http://bioguide.congress.gov/Static_Files/favicon.ico"], "top_img": "http://bioguide.congress.gov/Static_Files/favicon.ico", "keywords": [], "authors": [], "canonical_link": "", "title": "Biographical Directory of the U.S. Congress", "meta_data": {"viewport": "width=device-width, initial-scale=1.0"}, "movies": [], "publish_date": null, "source": "http://bioguide.congress.gov", "summary": ""}