{"url": "celebrityinsider.org/paula-abduls-injury-sparks-eating-disorder-relapse-worries-49315/", "text": "A relapse would take a huge toll on the star\u2019s body! As fans may remember, Paula Abdul struggled with an eating disorder years ago, and she thankfully managed to recover her health. However, these days her close ones are worried that getting injured on tour could cause her to relapse into bulimia.\n\nLast month, the former American Idol judge strained a muscle and had to cancel some dates on the Total Package Tour with New Kids on the Block and Boyz II Men.\n\n\u2018This is the last thing Paula needs right now. She has worked so hard to get back into shape. Paula is using muscles she has not exercised in years as part of her grueling stage show, and that is probably the cause of her injury. Paula could start worrying that she hurt herself because she is too heavy \u2014 and that could trigger her eating disorder!\u2019 stated one worried close pal.\n\nPaula has admitted that it hasn\u2019t been easy climbing on stage at the age of 55 and stated that it was crazy she was doing things she used to do 28 years prior.\n\nIn the early 1990s, 5-foot-2 star\u2019s weight was around 103 pounds.\n\nAbdul revealed she used to either eat all the time and then exercise like crazy trying to lose the weight or she wouldn\u2019t eat at all.\n\nOne day, she looked at herself in the mirror and realized she needed professional help.\n\n\u2018My bones were sticking out through my skin. My legs looked as thin as toothpicks. To me, I looked like one of those starving kids from Africa that you see on TV.\u2019\n\nAfter her split from husband, Emilio Estevez in 1994 things got worse as the stress caused her to start bringing again.\n\nShe finally checked into the Laureate Psychiatric Clinic and Hospital in Tulsa.\n\nDr. Gabe Mirkin warns that a bulimia relapse could be very dangerous for Abdul.\n\nThe vomiting would increase acidity in blood flow, ruining the body\u2019s chemical balance and its ability to process food.\n\nAdvertisement\n\nEven more terrifying, the acid build-up can lead to gastrointestinal bleeding and ulcers.", "images": ["https://celebrityinsider.org/wp-content/uploads/2017/07/paula-abdul.jpg", "data:image/svg+xml,%3Csvg%20xmlns=%22http://www.w3.org/2000/svg%22%20viewBox=%220%200%2042%2042%22%3E%3C/svg%3E", "https://celebrityinsider.org/images/rss.png", "https://celebrityinsider.org/wp-content/uploads/2020/11/barack-and-michelle-obama-300x169.jpg", "https://celebrityinsider.org/images/socflip.png", "https://certify.alexametrics.com/atrk.gif?account=9uhRo1IWhd10kU", "https://celebrityinsider.org/images/socf.png", "data:image/svg+xml,%3Csvg%20xmlns=%22http://www.w3.org/2000/svg%22%20viewBox=%220%200%2060%2060%22%3E%3C/svg%3E", "data:image/svg+xml,%3Csvg%20xmlns=%22http://www.w3.org/2000/svg%22%20viewBox=%220%200%20150%2035%22%3E%3C/svg%3E", "https://celebrityinsider.org/wp-content/uploads/2020/11/drake-300x200.jpg", "https://celebrityinsider.org/images/soctu.png", "https://celebrityinsider.org/images/next1.gif", "data:image/svg+xml,%3Csvg%20xmlns=%22http://www.w3.org/2000/svg%22%20viewBox=%220%200%20150%2027%22%3E%3C/svg%3E", "https://celebrityinsider.org/wp-content/uploads/2020/05/Carrie-Underwood--700x466.jpg", "https://celebrityinsider.org/wp-content/uploads/2017/07/amber-portwood-matt-baier-700x466.jpg", "https://celebrityinsider.org/wp-content/uploads/2016/10/celebrity-insider.png", "https://celebrityinsider.org/images/soct.png", "data:image/svg+xml,%3Csvg%20xmlns=%22http://www.w3.org/2000/svg%22%20viewBox=%220%200%20210%20140%22%3E%3C/svg%3E", "https://celebrityinsider.org/wp-content/uploads/2017/03/NickMarkus-1-60x60.jpg", "https://secure.gravatar.com/avatar/62ace192a36e9a7c71f52eb1bb4fcc41?s=60&d=mm&r=g", "https://celebrityinsider.org/wp-content/uploads/2020/11/owgf6p9znblivjyykctk-300x295.jpg", "https://celebrityinsider.org/wp-content/uploads/2020/11/reginae-and-parents-300x170.jpg", "https://celebrityinsider.org/wp-content/uploads/2020/10/katy-perry-christian-siriano-700x466.jpg", "https://celebrityinsider.org/wp-content/uploads/2020/11/safaree-samuels-erica-mena-update-300x182.jpg", "https://celebrityinsider.org/wp-content/uploads/2020/06/Paula-Abdul-Reveals-She-Once-Threatened-To-Quit-American-Idol-Because-Of-This-Contestant-700x466.jpg", "https://celebrityinsider.org/wp-content/uploads/2020/11/jennifer-lopez-and-megan-thee-stallion-300x225.jpg", "https://celebrityinsider.org/wp-content/uploads/2020/11/sw4ksyojvk5uaghasnei-300x169.jpg", "https://celebrityinsider.org/images/watch-us-on-youtube.png", "data:image/svg+xml,%3Csvg%20xmlns=%22http://www.w3.org/2000/svg%22%20viewBox=%220%200%201200%20630%22%3E%3C/svg%3E", "https://celebrityinsider.org/wp-content/uploads/2020/11/38533171_291201874978967_5890736672269664256_n-300x300.jpg"], "top_img": "https://celebrityinsider.org/wp-content/uploads/2017/07/paula-abdul.jpg", "keywords": [], "authors": ["Nick Markus", "Denise Wilburn"], "canonical_link": "https://celebrityinsider.org/paula-abduls-injury-sparks-eating-disorder-relapse-worries-49315/", "title": "Paula Abdul\u2019s Injury Sparks Eating Disorder Relapse Worries!", "meta_data": {"author": "Nick Markus", "news_keywords": "american idol, paula abdul", "keywords": "celebrity news, american idol, paula abdul", "p": {"domain_verify": "eb3eaa384c05d7c451fa2a546258488f"}, "theme-color": "#dedede", "description": "A relapse would take a huge toll on the star's body! As fans may remember, Paula Abdul struggled with an eating disorder years ago, and she", "og": {"type": "article", "title": "Paula Abdul\u2019s Injury Sparks Eating Disorder Relapse Worries!", "description": "A relapse would take a huge toll on the star's body! As fans may remember, Paula Abdul struggled with an eating disorder years ago, and she", "url": "https://celebrityinsider.org/paula-abduls-injury-sparks-eating-disorder-relapse-worries-49315/", "image": "https://celebrityinsider.org/wp-content/uploads/2017/07/paula-abdul.jpg", "site_name": "Breaking Celebrity News, Entertainment News, and Celebrity Gossip - Celebrity Insider"}, "article": {"published_time": "2017-07-07", "modified_time": "2017-07-07", "author": "https://celebrityinsider.org/author/nickmarkus/", "section": "Lifestyle", "tag": "paula abdul"}, "fb": {"app_id": 1646073299040160}, "twitter": {"card": "summary_large_image", "creator": "@CelebInsiderorg", "site": "@CelebInsiderorg"}, "viewport": "width=device-width, initial-scale=1, maximum-scale=1", "format-detection": "telephone=no", "onesignal": "wordpress-plugin", "msapplication-TileImage": "https://celebrityinsider.org/wp-content/uploads/2016/08/cropped-favincon-270x270.png"}, "movies": [], "publish_date": 1499378400.0, "source": "http://celebrityinsider.org", "summary": ""}