{"url": "https://www.intouchweekly.com/posts/nikki-bella-engagement-ring-meaning-129681/", "text": "It\u2019s been one week since Nikki Bella finally got engaged to her longtime boyfriend John Cena \u2014 and she still can\u2019t stop gushing over her gorgeous engagement ring!\n\nThe Total Divas star dished about the romantic meaning behind her new ring, which she was presented with during Wrestlemania \u2014 and the message is so touching!\n\n\u201cIt represents every year we\u2019ve been together and what we\u2019ve been through,\u201d the 33-year-old explained to E! News. \u201cAnd then we meet in the middle at four-and-a-half years and we become one.\u201d\n\nMORE: Pregnant Brie Bella Shows off Her Baby Bump in New Instagram Pic\n\nJohn, 39, had it custom-made by a designer at the famed luxury jeweler Tiffany & Co. and the stunning ring features a four-and-a-half carat diamond, which symbolizes the four-and-a-half years that they\u2019ve been together. The band also features eight smaller diamonds set in a channel, In Touch previously revealed. John told Nikki that four diamonds on one side of the band represents him and the other side of the band \u2014 which also features four diamonds \u2014 represents Nikki.\n\nThe WWE power couple got engaged after nearly five years of dating \u2014 even though their engagement and upcoming nuptials seemed like it would never happen. Their relationship has been placed front and center on their E! Reality TV series Total Divas and their spinoff, Total Bellas. Throughout all the seasons, John seemed adamant that he never wanted to get married again after his 2012 divorce from high school sweetheart Elizabeth Huberdeau.\n\nMORE: Nikki Bella Gushes Over Brie Bella's Growing Baby Bump on Instagram\n\nBut Nikki and John stopped by the Today show after their engagement and he explained why he changed his mind about wanting to get married again.\n\n\u201cI found the absolute right person,\u201d he gushed. \u201cI found a strong person I consider an inspiration, an equal, somebody who when I\u2019m feeling down, picks me up \u2014 and somebody who, when she\u2019s down, I can pick her up. It took a person that strong to change my view on life.\u201d\n\nScroll through the gallery below to see more photos of Nikki's engagement ring!", "images": ["https://www.intouchweekly.com/wp-content/uploads/2018/04/Jamie-and-Doug-Season-1-MAFS.jpg?crop=0px%2C0px%2C750px%2C750px&resize=90%2C90", "https://www.intouchweekly.com/wp-content/uploads/2017/04/nikki-proposal1.jpg?fit=200%2C133", "https://www.intouchweekly.com/wp-content/uploads/2020/11/Mama-June-Reveals-70-Pound-Weight-Gain-Amid-Quarantine-002.jpg?crop=0px%2C18px%2C1454px%2C824px&resize=120%2C68", "data:image/gif;base64,R0lGODlhAQABAIAAAAUEBAAAACwAAAAAAQABAAACAkQBADs=", "https://www.intouchweekly.com/wp-content/uploads/2020/08/Kendra-and-Josephs-Cutest-Family-Photos.jpg?crop=0px%2C0px%2C1080px%2C1080px&resize=90%2C90", "https://www.intouchweekly.com/wp-content/uploads/2020/10/IT4420_cover_final.jpg?w=300", "https://www.intouchweekly.com/wp-content/uploads/2020/11/Shanti-Zohra-Shades-90-Day-Fiance-Star-Stacey-Silva-Marriage-Florian.jpg?crop=0px%2C0px%2C1337px%2C757px&resize=120%2C68", "https://www.intouchweekly.com/wp-content/uploads/2020/11/Inside-Prince-Harry-Meghan-Markle-Thanksgiving-Plans-IT.jpg?crop=0px%2C0px%2C2072px%2C1174px&resize=120%2C68", "https://www.intouchweekly.com/wp-content/uploads/2020/11/90-day-fiance-thanksgiving-darcey-deavan-paola.jpg?crop=0px%2C0px%2C2048px%2C1160px&resize=120%2C68", "https://www.intouchweekly.com/wp-content/uploads/2018/05/Duggar-Girls-Wearing-Pants-and-Jeans.jpg?resize=90%2C90", "https://www.intouchweekly.com/wp-content/uploads/2020/01/Octomom-Nadya-Suleman-Children.jpg?resize=90%2C90", "https://www.intouchweekly.com/wp-content/uploads/2020/11/Jon-Hopes-Collin-and-Hannah-See-Siblings-on-Thanksgiving.jpg?crop=0px%2C243px%2C1080px%2C611px&resize=120%2C68", "https://www.intouchweekly.com/wp-content/uploads/2020/11/Mama-June-Reveals-Her-Diet-and-Fitness-Changes-to-Shed-70-Pounds.jpg?crop=0px%2C31px%2C1500px%2C850px&resize=120%2C68", "https://www.intouchweekly.com/wp-content/uploads/2020/11/LTG_HOL_AMI_11.24.20_300x490.jpg?fit=300%2C490", "https://www.intouchweekly.com/wp-content/uploads/2017/04/nikki-proposal1.jpg?resize=1200%2C630", "https://www.intouchweekly.com/wp-content/uploads/2017/04/nikki-ring2.jpg?fit=200%2C130", "https://www.intouchweekly.com/wp-content/uploads/2020/01/Screen-Shot-2020-01-27-at-4.09.35-PM.png?resize=90%2C90", "https://www.intouchweekly.com/wp-content/uploads/2020/11/Kate-Gosselin-Will-Have-Bittersweet-Thanksgiving-at-Home.jpg?crop=0px%2C41px%2C2556px%2C1449px&resize=120%2C68", "https://www.intouchweekly.com/wp-content/uploads/2020/11/90-Day-Fiance-Star-Darcey-Silva-Confrontation-With-Shanti-Zohra-Was-Set-Up-By-Producers.jpg?crop=0px%2C0px%2C1468px%2C832px&resize=120%2C68", "https://www.intouchweekly.com/wp-content/uploads/2020/08/Leah-Messer-Honestly-Grateful-Repaired-Relationship-With-Corey-Miranda.jpg?crop=0px%2C0px%2C1566px%2C887px&resize=120%2C68"], "top_img": "https://www.intouchweekly.com/wp-content/uploads/2017/04/nikki-proposal1.jpg?resize=1200%2C630", "keywords": [], "authors": ["Emma Hernandez"], "canonical_link": "https://www.intouchweekly.com/posts/nikki-bella-engagement-ring-meaning-129681/", "title": "Nikki Bella Gushes Over the Meaning of Her Engagement Ring", "meta_data": {"viewport": "width=device-width, initial-scale=1.0", "theme-color": "#ffffff", "msvalidate.01": "097DBAAF43A9B61E9E4259AA7D75B069", "description": "It\u2019s been one week since Nikki Bella finally got engaged to her longtime boyfriend John Cena \u2014 and she still can\u2019t stop gushing over her gorgeous", "robots": "index, follow, max-snippet:-1, max-image-preview:large, max-video-preview:-1", "og": {"locale": "en_US", "type": "article", "title": "Nikki Bella Gushes Over the Meaning of Her Engagement Ring", "description": "It\u2019s been one week since Nikki Bella finally got engaged to her longtime boyfriend John Cena \u2014 and she still can\u2019t stop gushing over her gorgeous engagement ring! The Total Divas star dished...", "url": "https://www.intouchweekly.com/posts/nikki-bella-engagement-ring-meaning-129681/", "site_name": "In Touch Weekly", "updated_time": "2017-04-09T19:54:58+00:00", "image": {"identifier": "https://www.intouchweekly.com/wp-content/uploads/2017/04/nikki-proposal1.jpg?resize=1200%2C630", "secure_url": "https://www.intouchweekly.com/wp-content/uploads/2017/04/nikki-proposal1.jpg?resize=1200%2C630", "width": 1200, "height": 630}}, "article": {"publisher": "http://www.facebook.com/InTouchWeekly", "published_time": "2017-04-09T19:51:00+00:00", "modified_time": "2017-04-09T19:54:58+00:00"}, "fb": {"app_id": 437388016401044, "admins": 593583017, "pages": 75932763901}, "twitter": {"card": "summary_large_image", "title": "Nikki Bella Gushes Over the Meaning of Her Engagement Ring", "description": "It\u2019s been one week since Nikki Bella finally got engaged to her longtime boyfriend John Cena \u2014 and she still can\u2019t stop gushing over her gorgeous engagement ring! The Total Divas star dished...", "image": "https://www.intouchweekly.com/wp-content/uploads/2017/04/nikki-proposal1.jpg?resize=1200%2C630", "creator": "@heycoffeeeyes", "site": "@intouchweekly"}, "generator": "WordPress 5.5.2", "msapplication-TileImage": "https://www.intouchweekly.com/wp-content/uploads/2020/11/android-chrome-192x192-1.png?fit=192%2C192"}, "movies": [], "publish_date": 1491767460.0, "source": "https://www.intouchweekly.com", "summary": ""}