{"url": "http://www.senate.gov/legislative/LIS/roll_call_lists/roll_call_vote_cfm.cfm?congress=105&session=1&vote=00055", "text": "Use this guide to help you find the full text of recent bills and resolutions on the Web, or order them from the Senate or House Document Rooms, or you can find them in a library.", "images": ["http://www.senate.gov/resources/graphic/horiz_content_break.gif", "http://statse.webtrendslive.com/dcs222dj3ow9ji0ne9ojbcbng_3b8p/njs.gif?dcsuri=/nojavascript&WT.js=No&WT.tv=10.4.0&dcssip=www.senate.gov", "http://www.senate.gov/resources/images/usFlag.png", "http://www.senate.gov/resources/images/us_sen.ico", "http://www.senate.gov/resources/images/senate_logo_footer.png", "http://www.senate.gov/resources/images/senate_logo.png"], "top_img": "http://www.senate.gov/resources/images/us_sen.ico", "keywords": [], "authors": [], "canonical_link": "", "title": "U.S. Senate: U.S. Senate Roll Call Votes 105th Congress", "meta_data": {"viewport": "width=device-width, initial-scale=1", "object": "roll_call_vote_cfm.xml", "version": "3.4", "path": "/Company Home/Sites/senategov/documentLibrary/Senate.gov/legislative/LIS/roll_call_lists", "date": "Thursday, January 16, 2020", "time": "9:10:22 AM EST", "bucket": "legislative", "description": "Roll Call Vote"}, "movies": [], "publish_date": null, "source": "http://www.senate.gov", "summary": ""}