{"url": "https://people.com/tv/farrah-abraham-mtv-ex-on-the-beach-simon-saran/", "text": "Starting Dec. 20, Abraham will be looking for love \u2014 and her ex-boyfriend Simon Saran will be along for the ride too\n\nFarrah Abraham Joins MTV's Ex on the Beach Less Than a Year After Leaving Teen Mom\n\nFarrah Abraham is coming back to MTV.\n\nAfter announcing that she was \u201cmoving on\u201d from Teen Mom OG in January, MTV announced Thursday that Abraham has joined the cast of Ex on the Beach.\n\nGet push notifications with news, features and more.\n\nAs the reality star looks for love on the dating show, she\u2019ll also be joined by her ex-boyfriend Simon Saran.\n\nIn a brief teaser released by MTV for the show\u2019s upcoming second season, Abraham, 27, can angrily be seen asking a man off camera, \u201cAre you okay?\u201d\n\nThe new season of series, which will premiere on Dec. 20, will also star a few other familiar faces, including The Bachelorette\u2018s Chad Johnson as well as The Challenge stars Angels Babicz, Jozea Flores, and Nicole Ramos\u2014 and their exes, of course.\n\nImage zoom Farrah Abraham and Simon Saran | Credit: David Livingston/Getty\n\nThe MTV personality had an on-again, off-again relationship with Saran for more than two years before calling it quits in 2017.\n\nDuring one of her and Saran\u2019s breaks, Abraham enlisted Million Dollar Matchmaker\u2018s Patti Stanger to help her find the one, but came up empty handed.\n\n\u201cIt didn\u2019t go so well. Those guys were chiming in and being friendly, but I don\u2019t know. Hopefully there\u2019s another amazing dating show coming up for me. I\u2019m just really keeping it open and not limiting myself,\u201d she previously told PEOPLE.\n\nAs for what Abraham is looking for in a guy, she explained that she wasn\u2019t willing to put her career on pause.\n\n\u201cIf I find somebody who is just understanding of adversity and I find a man who is equally adverse, then that is the best thing for me to be partnered with. They can\u2019t be jealous and they can\u2019t stop my career,\u201d she explained. \u201cWith Simon, when I met him, I stopped doing my tours and stopped traveling. He has his own reasons for fights and arguments that I couldn\u2019t deal with, so I stopped some things.\u201d\n\nRELATED VIDEO: Teen Mom\u2019s Farrah Abraham Steps Out After Arrest for Battery at the MTV Movie & TV Awards\n\nAbraham sued MTV\u2019s parent company Viacom for $5 million in February, claiming she was fired from Teen Mom OG because of her decision to work in the adult entertainment industry, according to court documents obtained by The Blast.\n\nThe reality star previously released sex tapes with Vivid Entertainment in 2013 and 2014 with porn star James Deen, and since then, she has done adult webcam shows and appearances at strip clubs, as well as sex toy endorsements.\n\n\u201cWe respect Farrah\u2019s decision to pursue other endeavors and we wish her the best,\u201d a Viacom spokesperson told PEOPLE at the time. \u201cRegarding her suit, the claims are without merit.\u201d\n\nAbraham reached a settlement with Viacom in March.", "images": ["https://imagesvc.meredithcorp.io/v3/mm/image?q=85&c=sc&poi=face&w=2000&h=1047&url=https%3A%2F%2Fstatic.onecms.io%2Fwp-content%2Fuploads%2Fsites%2F20%2F2019%2F03%2Ffarrah-abraham-2000.jpg", "https://imagesvc.meredithcorp.io/v3/mm/image?url=https%3A%2F%2Fstatic.onecms.io%2Fwp-content%2Fuploads%2Fsites%2F20%2F2020%2F11%2F12%2Fthanksgiving-covid-150x150.jpg", "https://imagesvc.meredithcorp.io/v3/mm/image?url=https%3A%2F%2Fstatic.onecms.io%2Fwp-content%2Fuploads%2Fsites%2F20%2F2016%2F05%2F06%2Fprincess-diana-21.jpg", "https://imagesvc.meredithcorp.io/v3/mm/image?url=https%3A%2F%2Fstatic.onecms.io%2Fwp-content%2Fuploads%2Fsites%2F20%2F2020%2F07%2F23%2Ftout.jpg", "https://imagesvc.meredithcorp.io/v3/mm/image?url=https%3A%2F%2Fstatic.onecms.io%2Fwp-content%2Fuploads%2Fsites%2F20%2F2019%2F03%2Ffarrah-abraham-2000.jpg", "data:image/svg+xml,%3Csvg%20xmlns='http://www.w3.org/2000/svg'%20viewBox='0%200%20100%20133'%3E%3C/svg%3E", "https://peopledotcom.files.wordpress.com/2018/09/thumbnail_generic.png", "data:image/svg+xml,%3Csvg%20xmlns='http://www.w3.org/2000/svg'%20viewBox='0%200%20100%20100'%3E%3C/svg%3E", "data:image/svg+xml,%3Csvg%20xmlns='http://www.w3.org/2000/svg'%20viewBox='0%200%20100%2067'%3E%3C/svg%3E", "https://imagesvc.meredithcorp.io/v3/mm/image?url=https%3A%2F%2Fstatic.onecms.io%2Fwp-content%2Fuploads%2Fsites%2F20%2F2020%2F08%2F04%2Fcoyote-ugly-2000.jpg", "https://imagesvc.meredithcorp.io/v3/mm/image?url=https%3A%2F%2Fstatic.onecms.io%2Fwp-content%2Fuploads%2Fsites%2F20%2F2020%2F07%2F19%2Ftiaras-2.jpg", "https://imagesvc.meredithcorp.io/v3/mm/image?url=https%3A%2F%2Fstatic.onecms.io%2Fwp-content%2Fuploads%2Fsites%2F20%2F2020%2F11%2F12%2Fcat-phone.jpg", "https://imagesvc.meredithcorp.io/v3/mm/image?url=https%3A%2F%2Fstatic.onecms.io%2Fwp-content%2Fuploads%2Fsites%2F20%2F2018%2F11%2Ffarrah-abraham1-2.jpg"], "top_img": "https://imagesvc.meredithcorp.io/v3/mm/image?q=85&c=sc&poi=face&w=2000&h=1047&url=https%3A%2F%2Fstatic.onecms.io%2Fwp-content%2Fuploads%2Fsites%2F20%2F2019%2F03%2Ffarrah-abraham-2000.jpg", "keywords": [], "authors": ["Maria Pasquini"], "canonical_link": "https://people.com/tv/farrah-abraham-mtv-ex-on-the-beach-simon-saran/", "title": "Farrah Abraham Joins MTV's Ex on the Beach Less Than a Year After Leaving Teen Mom", "meta_data": {"viewport": "width=device-width, initial-scale=1", "keywords": "Chad Johnson,Farrah Abraham,News,Teen Mom,TV", "news_keywords": "Chad Johnson,Farrah Abraham,News,Teen Mom,TV", "description": "Starting Dec. 20, Abraham will be looking for love \u2014\u00a0and her ex-boyfriend Simon Saran will be along for the ride too", "og": {"title": "Farrah Abraham Joins MTV's Ex on the Beach Less Than a Year After Leaving Teen Mom", "type": "article", "site_name": "PEOPLE.com", "url": "https://people.com/tv/farrah-abraham-mtv-ex-on-the-beach-simon-saran/", "description": "Starting Dec. 20, Abraham will be looking for love \u2014\u00a0and her ex-boyfriend Simon Saran will be along for the ride too", "image": {"identifier": "https://imagesvc.meredithcorp.io/v3/mm/image?q=85&c=sc&poi=face&w=2000&h=1047&url=https%3A%2F%2Fstatic.onecms.io%2Fwp-content%2Fuploads%2Fsites%2F20%2F2019%2F03%2Ffarrah-abraham-2000.jpg", "width": 2000, "height": 1047}}, "pinterest": {"url": "https://people.com/tv/farrah-abraham-mtv-ex-on-the-beach-simon-saran/", "description": "Starting Dec. 20, Abraham will be looking for love \u2014\u00a0and her ex-boyfriend Simon Saran will be along for the ride too", "media": "https://imagesvc.meredithcorp.io/v3/mm/image?url=https%3A%2F%2Fstatic.onecms.io%2Fwp-content%2Fuploads%2Fsites%2F20%2F2019%2F03%2Ffarrah-abraham-2000.jpg"}, "twitter": {"card": "summary_large_image", "url": "https://people.com/tv/farrah-abraham-mtv-ex-on-the-beach-simon-saran/", "title": "Farrah Abraham Joins MTV's Ex on the Beach Less Than a Year After Leaving Teen Mom", "description": "Starting Dec. 20, Abraham will be looking for love \u2014\u00a0and her ex-boyfriend Simon Saran will be along for the ride too", "site": "@people", "image": "https://imagesvc.meredithcorp.io/v3/mm/image?q=85&c=sc&poi=face&w=2000&h=1047&url=https%3A%2F%2Fstatic.onecms.io%2Fwp-content%2Fuploads%2Fsites%2F20%2F2019%2F03%2Ffarrah-abraham-2000.jpg"}, "robots": "max-image-preview:large", "fb": {"app_id": 610948219662029, "pages": 95926963131}, "article": {"opinion": "false"}, "p": {"domain_verify": "755183be01bfc739a9cac6673f1f2c1b"}}, "movies": [], "publish_date": null, "source": "https://people.com", "summary": ""}