{"url": "http://youtube.com/watch?v=pesbcAei6p8", "text": "", "images": ["https://i.ytimg.com/vi/pesbcAei6p8/hqdefault.jpg"], "top_img": "https://i.ytimg.com/vi/pesbcAei6p8/hqdefault.jpg", "keywords": [], "authors": [], "canonical_link": "https://www.youtube.com/watch?v=pesbcAei6p8", "title": "TPMtv Extra: South Carolina Ronald Reagan Debate", "meta_data": {"theme-color": "rgba(255, 255, 255, 0.98)", "title": "TPMtv Extra: South Carolina Ronald Reagan Debate", "description": "FOX News Republican presidential debate from Myrtle Beach, South Carolina, January 10, 2008 - Ronald Reagan Edition", "keywords": "republican, gop, debate, south, carolina, ronald, reagan, reel, giuliani, romney, mccain, thompson, huckabee, fox, news, presidential, NextNewNetworks", "og": {"site_name": "YouTube", "url": "https://www.youtube.com/watch?v=pesbcAei6p8", "title": "TPMtv Extra: South Carolina Ronald Reagan Debate", "image": {"identifier": "https://i.ytimg.com/vi/pesbcAei6p8/hqdefault.jpg", "width": 480, "height": 360}, "description": "FOX News Republican presidential debate from Myrtle Beach, South Carolina, January 10, 2008 - Ronald Reagan Edition", "type": "video.other", "video": {"url": "https://www.youtube.com/embed/pesbcAei6p8", "secure_url": "https://www.youtube.com/embed/pesbcAei6p8", "type": "text/html", "width": 480, "height": 360, "tag": "NextNewNetworks"}}, "al": {"ios": {"app_store_id": 544007664, "app_name": "YouTube", "url": "vnd.youtube://www.youtube.com/watch?v=pesbcAei6p8&feature=applinks"}, "android": {"url": "vnd.youtube://www.youtube.com/watch?v=pesbcAei6p8&feature=applinks", "app_name": "YouTube", "package": "com.google.android.youtube"}, "web": {"url": "http://www.youtube.com/watch?v=pesbcAei6p8&feature=applinks"}}, "fb": {"app_id": 87741124305}, "twitter": {"card": "player", "site": "@youtube", "url": "https://www.youtube.com/watch?v=pesbcAei6p8", "title": "TPMtv Extra: South Carolina Ronald Reagan Debate", "description": "FOX News Republican presidential debate from Myrtle Beach, South Carolina, January 10, 2008 - Ronald Reagan Edition", "image": "https://i.ytimg.com/vi/pesbcAei6p8/hqdefault.jpg", "app": {"name": {"iphone": "YouTube", "ipad": "YouTube", "googleplay": "YouTube"}, "id": {"iphone": 544007664, "ipad": 544007664, "googleplay": "com.google.android.youtube"}, "url": {"iphone": "vnd.youtube://www.youtube.com/watch?v=pesbcAei6p8&feature=applinks", "ipad": "vnd.youtube://www.youtube.com/watch?v=pesbcAei6p8&feature=applinks", "googleplay": "https://www.youtube.com/watch?v=pesbcAei6p8"}}, "player": {"identifier": "https://www.youtube.com/embed/pesbcAei6p8", "width": 480, "height": 360}}}, "movies": [], "publish_date": null, "source": "http://youtube.com", "summary": ""}