{"url": "http://www.kff.org/minorityhealth/upload/6069-02.pdf", "text": "The Kaiser Family Foundation\u2019s updated version of Key Facts: Race, Ethnicity and Medical Care, 2007 Update, serves as a quick reference source on health disparities, presenting the best available data and analysis.\n\nThis report includes data on the uninsured and access to care by race/ethnicity as well as information about the disproportionate effect that specific conditions such as diabetes, HIV/AIDS, and asthma have on racial and ethnic minority populations in the U.S. New in the 2007 Key Facts are demographic data on the racial/ethnic minority population in each state and the U.S. territories. This edition of Key Facts also includes data from the National Healthcare Disparities Report, examining changes in health care disparities over time.", "images": ["https://www.kff.org/wp-content/themes/kaiser-foundation-2016/static/images/kff-logo-notagline.svg", "https://www.kff.org/wp-content/themes/kaiser-foundation-2016/static/images/kff-logo.png", "https://www.kff.org/wp-content/themes/kaiser-foundation-2016/static/images/kff-logo-notagline-invert.svg", "https://www.kff.org/wp-content/themes/kaiser-foundation-2016/static/images/kff-logo-blue-feature.png"], "top_img": "https://www.kff.org/wp-content/themes/kaiser-foundation-2016/static/images/kff-logo-blue-feature.png", "keywords": [], "authors": [], "canonical_link": "https://www.kff.org/racial-equity-and-health-policy/report/key-facts-race-ethnicity-and-medical-care/", "title": "Key Facts: Race, Ethnicity and Medical Care", "meta_data": {"viewport": "width=device-width, initial-scale=1", "article": {"tag": "Racial Equity and Health Policy Program", "published_time": "2007-01-30T23:00:00+00:00", "modified_time": "2016-04-11T14:58:38+00:00"}, "description": "The Kaiser Family Foundation\u2019s updated version of Key Facts: Race, Ethnicity and Medical Care,\u00a02007 Update, serves as a quick reference source on health disparities, presenting the best available data and analysis. This report includes data on the uninsured and access to care by race/ethnicity as well as information about the disproportionate effect that specific conditions<span class=\"readmore-ellipsis\">\u2026</span><a href=\"https://www.kff.org/racial-equity-and-health-policy/report/key-facts-race-ethnicity-and-medical-care/\" class=\"see-more light-beige no-float inline-readmore\">More</a></p>", "generator": "WordPress 5.5.2", "og": {"type": "article", "title": "Key Facts: Race, Ethnicity and Medical Care", "url": "https://www.kff.org/racial-equity-and-health-policy/report/key-facts-race-ethnicity-and-medical-care/", "description": "The Kaiser Family Foundation\u2019s updated version of Key Facts: Race, Ethnicity and Medical Care,\u00a02007 Update, serves as a quick reference source on health disparities, presenting the best avail\u2026", "site_name": "KFF", "image": {"identifier": "https://www.kff.org/wp-content/themes/kaiser-foundation-2016/static/images/kff-logo-blue-feature.png", "width": 512, "height": 512}, "locale": "en_US"}, "twitter": {"text": {"title": "Key Facts: Race, Ethnicity and Medical Care"}, "image": "https://www.kff.org/wp-content/themes/kaiser-foundation-2016/static/images/kff-logo-blue-feature.png", "card": "summary", "site": "@kff"}, "fb": {"app_id": 539445989434974}, "msapplication-TileImage": "https://www.kff.org/wp-content/uploads/2019/05/cropped-KFF-Favicon.png?w=270"}, "movies": [], "publish_date": 1170198000.0, "source": "http://www.kff.org", "summary": ""}