{"url": "https://people.com/tv/real-housewives-of-new-york-luann-de-lesseps-daughter-victoria-arrested-for-dwi/", "text": "Real Housewives of New York Star Luann D'Agostino's Daughter Victoria, 22, Arrested for DWI\n\nLuann D\u2019Agostino\u2018s daughter Victoria de Lesseps is facing legal troubles.\n\nPEOPLE confirms the Real Housewives of New York City reality star\u2019s 22-year-old child was arrested on Apr. 7 for driving while under the influence in Sag Harbor, New York.\n\nGet push notifications with news, features and more.\n\n\u201cI look forward to defending her vigorously in court,\u201d de Lesseps\u2019 attorney, Edward Burke Jr., told Page Six.\n\nD\u2019Agostino had no comment about the incident.\n\nFROM COINAGE: See Where 6 Stars Were Before They Were Famous\n\nDe Lesseps was driving a 2003 Land Rover after midnight when police said she was driving without headlights, according to The East Hampton Star. Her breath test reportedly registered an .15., and the legal limit is .08 percent. She was released the next morning without bail.", "images": ["https://imagesvc.meredithcorp.io/v3/mm/image?q=85&c=sc&poi=face&w=1428&h=748&url=https%3A%2F%2Fstatic.onecms.io%2Fwp-content%2Fuploads%2Fsites%2F20%2F2017%2F04%2Fvictoria-de-lesseps-2000.jpg", "https://imagesvc.meredithcorp.io/v3/mm/image?url=https%3A%2F%2Fstatic.onecms.io%2Fwp-content%2Fuploads%2Fsites%2F20%2F2020%2F11%2F12%2Fthanksgiving-covid-150x150.jpg", "https://imagesvc.meredithcorp.io/v3/mm/image?url=https%3A%2F%2Fstatic.onecms.io%2Fwp-content%2Fuploads%2Fsites%2F20%2F2016%2F05%2F06%2Fprincess-diana-21.jpg", "https://imagesvc.meredithcorp.io/v3/mm/image?url=https%3A%2F%2Fstatic.onecms.io%2Fwp-content%2Fuploads%2Fsites%2F20%2F2020%2F07%2F23%2Ftout.jpg", "https://imagesvc.meredithcorp.io/v3/mm/image?url=https%3A%2F%2Fstatic.onecms.io%2Fwp-content%2Fuploads%2Fsites%2F20%2F2017%2F04%2Fvictoria-de-lesseps-2000.jpg", "data:image/svg+xml,%3Csvg%20xmlns='http://www.w3.org/2000/svg'%20viewBox='0%200%20100%20133'%3E%3C/svg%3E", "https://peopledotcom.files.wordpress.com/2018/09/thumbnail_generic.png", "data:image/svg+xml,%3Csvg%20xmlns='http://www.w3.org/2000/svg'%20viewBox='0%200%20100%20100'%3E%3C/svg%3E", "https://imagesvc.meredithcorp.io/v3/mm/image?url=https%3A%2F%2Fstatic.onecms.io%2Fwp-content%2Fuploads%2Fsites%2F20%2F2020%2F08%2F04%2Fcoyote-ugly-2000.jpg", "https://imagesvc.meredithcorp.io/v3/mm/image?url=https%3A%2F%2Fstatic.onecms.io%2Fwp-content%2Fuploads%2Fsites%2F20%2F2020%2F07%2F19%2Ftiaras-2.jpg", "https://imagesvc.meredithcorp.io/v3/mm/image?url=https%3A%2F%2Fstatic.onecms.io%2Fwp-content%2Fuploads%2Fsites%2F20%2F2020%2F11%2F12%2Fcat-phone.jpg"], "top_img": "https://imagesvc.meredithcorp.io/v3/mm/image?q=85&c=sc&poi=face&w=1428&h=748&url=https%3A%2F%2Fstatic.onecms.io%2Fwp-content%2Fuploads%2Fsites%2F20%2F2017%2F04%2Fvictoria-de-lesseps-2000.jpg", "keywords": [], "authors": ["Karen Mizoguchi"], "canonical_link": "https://people.com/tv/real-housewives-of-new-york-luann-de-lesseps-daughter-victoria-arrested-for-dwi/", "title": "RHONY Star Luann D'Agostino's Daughter Victoria Arrested for DWI", "meta_data": {"viewport": "width=device-width, initial-scale=1", "keywords": "Luann de Lesseps,News,Real Housewives of New York City,TV", "news_keywords": "Luann de Lesseps,News,Real Housewives of New York City,TV", "description": "PEOPLE confirms Luann D'Agostino's daughter Victoria was arrested earlier this month", "og": {"title": "RHONY Star Luann D'Agostino's Daughter Victoria Arrested for DWI", "type": "article", "site_name": "PEOPLE.com", "url": "https://people.com/tv/real-housewives-of-new-york-luann-de-lesseps-daughter-victoria-arrested-for-dwi/", "description": "PEOPLE confirms Luann D'Agostino's daughter Victoria was arrested earlier this month", "image": {"identifier": "https://imagesvc.meredithcorp.io/v3/mm/image?q=85&c=sc&poi=face&w=1428&h=748&url=https%3A%2F%2Fstatic.onecms.io%2Fwp-content%2Fuploads%2Fsites%2F20%2F2017%2F04%2Fvictoria-de-lesseps-2000.jpg", "width": 1428, "height": 748}}, "pinterest": {"url": "https://people.com/tv/real-housewives-of-new-york-luann-de-lesseps-daughter-victoria-arrested-for-dwi/", "description": "PEOPLE confirms Luann D'Agostino's daughter Victoria was arrested earlier this month", "media": "https://imagesvc.meredithcorp.io/v3/mm/image?url=https%3A%2F%2Fstatic.onecms.io%2Fwp-content%2Fuploads%2Fsites%2F20%2F2017%2F04%2Fvictoria-de-lesseps-2000.jpg"}, "twitter": {"card": "summary_large_image", "url": "https://people.com/tv/real-housewives-of-new-york-luann-de-lesseps-daughter-victoria-arrested-for-dwi/", "title": "RHONY Star Luann D'Agostino's Daughter Victoria Arrested for DWI", "description": "PEOPLE confirms Luann D'Agostino's daughter Victoria was arrested earlier this month", "site": "@people", "image": "https://imagesvc.meredithcorp.io/v3/mm/image?q=85&c=sc&poi=face&w=1428&h=748&url=https%3A%2F%2Fstatic.onecms.io%2Fwp-content%2Fuploads%2Fsites%2F20%2F2017%2F04%2Fvictoria-de-lesseps-2000.jpg"}, "robots": "max-image-preview:large", "fb": {"app_id": 610948219662029, "pages": 95926963131}, "article": {"opinion": "false"}, "p": {"domain_verify": "755183be01bfc739a9cac6673f1f2c1b"}}, "movies": [], "publish_date": null, "source": "https://people.com", "summary": ""}