{"url": "metro.co.uk/2017/09/28/rob-kardashian-accuses-blac-chyna-of-having-baby-dream-to-shake-down-kardashians-in-explosive-lawsuit-6961295/", "text": "Rob Kardashian is suing his ex Blac Chyna (Picture: WireImage)\n\nRob Kardashian has accused ex Blac Chyna of physical assault and of having their daughter to extort money from the Kardashians.\n\nMillions plunged into tier three as Matt Hancock outlines new Covid restrictions\n\nRob, 30, and his sister Kylie Jenner, 20, have filed a lawsuit in the Superior Court of the States of California against 29-year-old Chyna, real name Angela Renee White.\n\nIn the lawsuit, which has been seen by Metro.co.uk and was first reported by The Blast, Rob alleges that Chyna \u2018physically abused Rob and engaged in reckless behaviour such as heavy drinking and drug use\u2019.\n\nAnd in a bombshell claim, Rob alleges that Chyna fell pregnant with daughter Dream to \u2018shake down\u2019 the Kardashians.\n\nA section of the lawsuit reads: \u2018Rob and Kylie [Jenner] are compelled to seek legal recourse against Chyna for enduring several months of injuries in Chyna\u2019s deliberate attempt to extort the Kardashian family for her own monetary gains.\n\nAdvertisement\n\nAdvertisement\n\n\u2018Chyna\u2019s desire to pursue a relationship and have a baby with Rob was nothing short of an outright fraud to shake down the Kardashian family without any concern of the consequences.\u2019\n\nDream was born to the couple in November 2016.\n\nElsewhere in the lawsuit, Rob accuses his ex of a series of alleged assaults, claiming that Chyna physically assaulted him while \u2018intoxicated on drugs and alcohol\u2019 in\n\nDecember 2016, as well as allegedly assaulting him \u2018near the end of 2016 and continuing into 2017\u2019.\n\nRob is accusing Chyna of assault and battery (Picture: The Blast / MEGA)\n\nRob claims that E! Network declined to offer the couple another season of their reality show Rob & Chyna due to their relationship being \u2018beyond repair\u2019.\n\nThe lawsuit claims Chyna was paid \u2018$92,500 for every 60 minute episode and $112,350 for every 90 minute episode in which she appeared\u2019.\n\nHe also claims that she then trashed the house,which he was renting from his sister Kylie Jenner and which was documented on a later episode of Keeping Up With The Kardashians.\n\nIn the documents he alleges that she broke a door, damaged the walls, destroyed cell phones, damaged a TV \u2013 and perhaps most upsetting of all, smashed a gingerbread house that had been created for the Christmas holidays.\n\nKylie is also a plaintiff on the lawsuit Picture: Valerie Macon/Getty Images for Taste of Beverly Hills)\n\nIn the same lawsuit, Kylie has reportedly estimated the damage to the house was in excess of $100,000 (\u00a374,000) and is also suing Chyna for the costs.\n\nThe suggested attack took place in December but four months later it was discussed on an episode of Keeping Up With The Kardashians in which Kylie said: \u2018My mum calls me and apparently Chyna threw something at my television.\n\n\u2018It\u2019s a little disrespectful and I wouldn\u2019t do that to someone else\u2019s home.\u2019\n\nThe pair split in July 2017 after months of unrest between the two.\n\nRob revealed the split by going on an a furious Instagram rant about his ex, and mother of his child, in which he shared Chyna\u2019s alleged new man\u2019s phone number and claimed that Rob had paid $100,000 for weight loss surgery after she welcomed her baby Dream.\n\nHe also accused her of cheating in their home and shared explicit photos that she had privately shared with Rob.\n\nChyna later won a temporary restraining order against Rob; in the order he was barred from any further cyberbullying of Chyna, including posting photos or videos of her, or making any personal comments about her.\n\nAdvertisement\n\nAdvertisement\n\nMetro.co.uk has contacted reps for Rob for comment. Chyna\u2019s rep declined to comment.\n\nMORE : Amber Rose calls Rob Kardashian a \u2018f***boy\u2019 over Blac Chyna revenge porn\n\nMORE : Rob Kardashian and Blac Chyna \u2018still haven\u2019t spoken\u2019 since that explosive Instagram rant", "images": ["https://d17fy28x8ov4h8.cloudfront.net/190x/images/v/virgin-media_9.png", "https://d17fy28x8ov4h8.cloudfront.net/190x/images/w/Wickes-Logo_9.png", "https://i0.wp.com/metro.co.uk/wp-content/themes/metro-parent/img/default-metro-user.png?quality=90&strip=all&zoom=1&resize=40%2C40&ssl=1", "https://i1.wp.com/metro.co.uk/wp-content/uploads/2017/07/rob.jpg?quality=90&strip=all&crop=0px%2C35px%2C748px%2C393px&resize=1200%2C630&zoom=1&ssl=1", "https://metro.co.uk/wp-content/themes/metro-parent/img/fallback.png", "https://d3tsytm1wtjqo2.cloudfront.net/images/media/72/n/nord_logo_square_1x_9.png", "https://d3tsytm1wtjqo2.cloudfront.net/180x/images/c/currys_9.png", "https://d17fy28x8ov4h8.cloudfront.net/190x/images/j/JL_Brandlines_Logo_Micro_Use_Blk_RGB-100px_9.png", "https://i1.wp.com/metro.co.uk/wp-content/uploads/2017/07/530559554.jpg?quality=90&strip=all&zoom=1&resize=644%2C518&ssl=1", "https://sb.scorecardresearch.com/p?c1=2&c2=6034964&cv=2.0&cj=1"], "top_img": "https://i1.wp.com/metro.co.uk/wp-content/uploads/2017/07/rob.jpg?quality=90&strip=all&crop=0px%2C35px%2C748px%2C393px&resize=1200%2C630&zoom=1&ssl=1", "keywords": [], "authors": ["Rebecca Lewis", "Emma Kelly"], "canonical_link": "https://metro.co.uk/2017/09/28/rob-kardashian-accuses-blac-chyna-of-having-baby-dream-to-shake-down-kardashians-in-explosive-lawsuit-6961295/", "title": "Rob Kardashian lawsuit accuses Blac Chyna of physical assault", "meta_data": {"viewport": "width=device-width, initial-scale=1, minimum-scale=1, maximum-scale=1", "HandheldFriendly": "True", "MobileOptimized": 320, "format-detection": "telephone=no", "robots": "max-image-preview:large", "google-site-verification": "NRfCb8mBNAy5_f17NpvLZYoY38EzM2dgpcOh_Am9yps", "twitter": {"widgets": {"csp": "on"}, "image": {"src": "https://metro.co.uk/wp-content/uploads/2017/07/rob.jpg?quality=90&strip=all&crop=0px%2C35px%2C748px%2C393px&resize=1200%2C630"}, "title": "Rob Kardashian accuses Blac Chyna of physical assault in lawsuit", "description": "Rob is suing Chyna with allegations of physical assault.", "card": "summary_large_image", "site": "@MetroUK", "account_id": 138749160}, "ir-site-verification-token": 422605026, "description": "Rob Kardashian has accused ex Blac Chyna of physical assault and of having their daughter to extort money from the Kardashians.", "news_keywords": "rob kardashian, blac chyna, rob kardashian lawsuit, rob kardashian baby, rob kardashian twitter, kylie jenner, rob kardashian kylie jenner, rob kardashian blac chyna, kylie jenner pregnant,", "msvalidate.01": "11110DC8D42E74E13F24B3A18E7CFB8A", "pocket-site-verification": "8aec208948f7b2f9092ac4ce91dac7", "generator": "WordPress 5.5.2", "fb": {"pages": 117118184990145, "app_id": 176908729004638}, "ia": {"markup_url": "https://metro.co.uk/2017/09/28/rob-kardashian-accuses-blac-chyna-of-having-baby-dream-to-shake-down-kardashians-in-explosive-lawsuit-6961295/?ia_markup=1"}, "theme-color": "#000000", "apple-mobile-web-app-title": "Metro", "sailthru.date": "2017-09-28 13:22:51", "sailthru.title": "Rob Kardashian accuses Blac Chyna of having baby Dream to \u2018shake down Kardashians\u2019 in explosive lawsuit", "sailthru.tags": "blac chyna, rob kardashian", "sailthru.description": "Rob is suing Chyna with allegations of physical assault.", "sailthru.image.full": "https://metro.co.uk/wp-content/uploads/2017/07/rob.jpg?quality=90&strip=all&crop=130px%2C0px%2C523px%2C523px&resize=150%2C150", "sailthru.image.thumb": "https://metro.co.uk/wp-content/uploads/2017/07/rob.jpg?quality=90&strip=all&crop=130px%2C0px%2C523px%2C523px&resize=150%2C150&w=50", "og": {"locale": "en_GB", "title": "Rob Kardashian accuses Blac Chyna of physical assault in lawsuit", "type": "article", "url": "https://metro.co.uk/2017/09/28/rob-kardashian-accuses-blac-chyna-of-having-baby-dream-to-shake-down-kardashians-in-explosive-lawsuit-6961295/", "description": "Rob is suing Chyna with allegations of physical assault.", "site_name": "Metro", "image": {"identifier": "https://i1.wp.com/metro.co.uk/wp-content/uploads/2017/07/rob.jpg?quality=90&strip=all&crop=0px%2C35px%2C748px%2C393px&resize=1200%2C630&zoom=1&ssl=1", "secure_url": "https://i1.wp.com/metro.co.uk/wp-content/uploads/2017/07/rob.jpg?quality=90&strip=all&crop=0px%2C35px%2C748px%2C393px&resize=1200%2C630&zoom=1&ssl=1", "width": 1200, "height": 630}}, "article": {"publisher": "https://www.facebook.com/MetroUK", "section": "Entertainment", "tag": "Rob Kardashian", "published_time": "2017-09-28T13:22:51+0000", "modified_time": "2019-12-12T11:42:31+0000", "author": "https://www.facebook.com/RebeccaLewis361"}, "msapplication-TileImage": "https://metro.co.uk/wp-content/uploads/2020/03/cropped-m-icon-black-9693.png?w=270"}, "movies": [], "publish_date": 1506549600.0, "source": "http://metro.co.uk", "summary": ""}