{"url": "deadline.com/2017/05/stephen-colbert-donald-trump-fcc-no-fine-mouth-cock-holster-monologue-1202101084/", "text": "The FCC has decided against taking any action on Stephen Colbert\u2019s May 1 Late Show broadcast, in which he treated President Donald Trump to a series of increasingly Rabelaisian insults, in response to on-air insults Trump had delivered earlier in the day to CBS News-man John Dickerson.\n\nColbert\u2019s slew of frat-boy remarks culminated in a crack that the only thing Trump\u2019s mouth is good for \u201cis being Vladimir Putin\u2019s [expletive] holster.\u201d The naughty word was bleeped in the broadcast, and Colbert\u2019s mouth was pixelated. But, intrepid journalists, who are paid to ferret out the truth, discovered what was the word, and they printed it \u2013 minus the offending syllable, of course.\n\nAll hell broke loose.\n\nRelated Story Stephen Colbert Wins 2016-17 TV Season In Late-Night, Taking On Donald Trump\n\nTrump called Colbert \u201cno-talent guy.\u201d Colbert\u2019s monologue was plastered by some as inappropriately vulgar, by others as homophobic. The FCC received thousands of complaints. Reporters breathlessly reported Colbert was under FCC investigation, and a good time was had by all.\n\nToday, however, the FCC put an end to the fun, saying in a statement: \u201cConsistent with standard operating procedure, the FCC\u2019s Enforcement Bureau has reviewed the complaints and the material that was the subject of these complaints.\u201d\n\n\u201cThe Bureau has concluded that there was nothing actionable under the FCC\u2019s rules.\u201d\n\nIn rough numbers, the FCC was saying that programs airing on broadcast TV stations before 10 PM are subject to fine if the commission determines they are \u201cindecent.\u201d Shows that run in late-night, however, have a different threshold: content must be ruled \u201cobscene\u201d for stations to be fined. FCC defines obscene as content that \u201cmust appeal to an average person\u2019s prurient interest; depict or describe sexual conduct in a \u2018patently offensive\u2019 way; and, taken as a whole, lack serious literary, artistic, political or scientific value.\u201d\n\nHere\u2019s the monologue that launched a thousand complaints:", "images": ["https://deadline.com/wp-content/uploads/2017/05/donald-trump-stephen-colbert.jpg?w=628", "https://www.facebook.com/tr?id=422369225140645&ev=PageView&noscript=1", "http://pixel.quantserve.com/pixel?a.1=p-0f0nSqEQ_DwA6&a.2=p-31f3D02tYU8zY", "https://deadline.com/wp-content/themes/pmc-deadline-2019/assets/public/lazyload-fallback.jpg", "https://sb.scorecardresearch.com/p?c1=2&c2=6035310&c3=&c4=&c5=&c6=&c15=&cv=2.0&cj=1"], "top_img": "https://deadline.com/wp-content/uploads/2017/05/donald-trump-stephen-colbert.jpg?w=628", "keywords": [], "authors": ["Lisa De Moraes"], "canonical_link": "https://deadline.com/2017/05/stephen-colbert-donald-trump-fcc-no-fine-mouth-cock-holster-monologue-1202101084/", "title": "No FCC Fine For Stephen Colbert\u2019s Late-Night Donald Trump C*** Holster Crack", "meta_data": {"viewport": "width=device-width, initial-scale=1.0", "apple-mobile-web-app-status-bar-style": "black-translucent", "msapplication-config": "https://deadline.com/wp-content/themes/pmc-deadline-2019/assets/app/browserconfig.xml", "msapplication-TileImage": "https://deadline.com/wp-content/uploads/2019/04/cropped-icon-512x512.png?w=270", "msapplication-TileColor": "#eff4ff", "description": "The FCC has decided against taking any action on Stephen Colbert\u2019s May 1 Late Show broadcast for his C*** holster crack.", "news_keywords": "Donald Trump, FCC, Stephen Colbert", "apple-itunes-app": "app-id=533209613", "generator": "WordPress 5.5.2", "author": "Lisa de Moraes", "theme-color": "#fff", "apple-mobile-web-app-capable": "yes", "mobile-web-app-capable": "yes", "apple-touch-fullscreen": "YES", "apple-mobile-web-app-title": "Deadline", "application-name": "Deadline", "robots": "max-image-preview:large", "content_type": "Article", "post_id": 1202101084, "title": "No FCC Fine For Stephen Colbert's Late-Night Donald Trump C*** Holster Crack", "published_at": "2017-05-23 14:02:03", "image": "https://deadline.com/wp-content/uploads/2017/05/donald-trump-stephen-colbert.jpg?w=296&h=166&crop=1", "comment_count": 27, "tags": "Stephen Colbert", "topics": "Video", "body": "The FCC has decided against taking any action on Stephen Colbert\u2019s May 1 Late Show broadcast, in which he treated President Donald Trump to a series of increasingly Rabelaisian insults, in response to on-air insults Trump had delivered earlier in the day to CBS News-man John Dickerson.\r\n\r\nColbert\u2019s slew of frat-boy remarks culminated in a crack that the only thing Trump\u2019s mouth is good for \u201cis being Vladimir Putin\u2019s [expletive] holster.\u201d The naughty word was bleeped in the broadcast, and Colbert\u2019s mouth was pixelated. But, intrepid journalists, who are paid to ferret out the truth, discovered what was the word, and they printed it \u2013 minus the offending syllable, of course.\r\n\r\nAll hell broke loose.\r\n\r\nTrump called Colbert \"no-talent guy.\" Colbert\u2019s monologue was plastered by some as inappropriately vulgar, by others as homophobic. The FCC received thousands of complaints. Reporters breathlessly reported Colbert was under FCC investigation, and a good time was had by all.\r\n\r\nToday, however, the FCC put an end to the fun, saying in a statement: \u201cConsistent with standard operating procedure, the FCC\u2019s Enforcement Bureau has reviewed the complaints and the material that was the subject of these complaints.\u201d\r\n\r\n\u201cThe Bureau has concluded that there was nothing actionable under the FCC\u2019s rules.\u201d\r\n\r\nIn rough numbers, the FCC was saying that programs airing on broadcast TV stations before 10 PM are subject to fine if the commission determines they are \u201cindecent.\u201d Shows that run in late-night, however, have a different threshold: content must be ruled \u201cobscene\u201d for stations to be fined. FCC defines obscene as content that \u201cmust appeal to an average person\u2019s prurient interest; depict or describe sexual conduct in a \u2018patently offensive\u2019 way; and, taken as a whole, lack serious literary, artistic, political or scientific value.\u201d\r\n\r\nHere's the monologue that launched a thousand complaints:", "onesignal": "wordpress-plugin", "fragment": "!", "og": {"type": "article", "title": "No FCC Fine For Stephen Colbert\u2019s Late-Night Donald Trump C*** Holster Crack", "url": "https://deadline.com/2017/05/stephen-colbert-donald-trump-fcc-no-fine-mouth-cock-holster-monologue-1202101084/", "description": "The FCC has decided against taking any action on Stephen Colbert\u2019s May 1 Late Show broadcast, in which he treated President Donald Trump to a series of increasingly Rabelaisian insults, in response\u2026", "site_name": "Deadline", "image": {"identifier": "https://deadline.com/wp-content/uploads/2017/05/donald-trump-stephen-colbert.jpg?w=628", "width": 628, "height": 422}, "locale": "en_US"}, "article": {"published_time": "2017-05-23T21:02:03+00:00", "modified_time": "2017-05-23T22:07:16+00:00"}, "twitter": {"site": "@Deadline", "text": {"title": "No FCC Fine For Stephen Colbert\u2019s Late-Night Donald Trump C*** Holster Crack"}, "image": "https://deadline.com/wp-content/uploads/2017/05/donald-trump-stephen-colbert.jpg?w=628", "card": "summary_large_image", "title": "No FCC Fine For Stephen Colbert\u2019s Late-Night Donald Trump C*** Holster Crack", "description": "The FCC has decided against taking any action on Stephen Colbert\u2019s May 1 Late Show broadcast for his C*** holster crack."}, "fb": {"page_id": 105558754896}, "y_key": "a810be562637c603"}, "movies": ["https://www.youtube.com/embed/HaHwlSTqA7s?version=3&enablejsapi=1&origin=https://deadline.com&rel=1&showsearch=0&showinfo=1&iv_load_policy=1&fs=1&hl=en-US&autohide=2&wmode=transparent"], "publish_date": 1495573323.0, "source": "http://deadline.com", "summary": ""}