{"url": "https://www.inlander.com/Bloglander/archives/2017/04/28/unicorn-food-a-soon-to-disappear-fad-or-something-more", "text": "Chey Scott is the Inlander's food and listings editor. She compiles the weekly events calendar for the print and online editions of the Inlander, manages and edits the food section, and also writes about local arts and culture. Chey (pronounced Shay) is a lifelong Spokanite and a graduate of Washington State University...", "images": ["https://media2.fdncms.com/inlander/imager/u/16x9-m/20685067/comment2-1-307bd6f8d13faebb.jpg", "https://www.inlander.com/foundation/images/icons/pixel.gif?oid=3884121", "https://www.inlander.com/binary/1bd7/House_OurJournalism_1280x200.png", "https://media2.fdncms.com/inlander/imager/u/blog/3886784/screen_shot_2017-04-27_at_4.36.49_pm.png?cb=1505350848", "https://media1.fdncms.com/inlander/imager/u/16x9-m/20685096/music1-1-86316883492d0523.jpg", "https://www.inlander.com/images/logos/mainLogo.jpg", "https://media2.fdncms.com/inlander/imager/u/blog/3887125/17881590_725132517666531_5424977675523457024_n.jpg?cb=1531348058", "https://media1.fdncms.com/inlander/imager/u/16x9-m/20685080/fooddrink1-1-ba72e2901e2d6a76.jpg", "https://media2.fdncms.com/inlander/imager/u/slideshow/3902470/unicorn_food.jpg", "https://www.inlander.com/binary/2b94/House_OurJournalism_300x100.png", "https://www.inlander.com/apple-touch-icon-iphone.png", "https://www.facebook.com/tr?id=203949824016500&ev=PageView&noscript=1", "https://www.inlander.com/foundation/images/PoweredByFoundation.svg", "https://media1.fdncms.com/inlander/imager/u/16x9-m/20685106/news2-1-f8f3b6a77c06fe7c.jpg", "https://media2.fdncms.com/inlander/imager/u/16x9-m/20684990/artsculture1-1-1864f3de3bc02d62.jpg"], "top_img": "https://media2.fdncms.com/inlander/imager/u/slideshow/3902470/unicorn_food.jpg", "keywords": [], "authors": ["Chey Scott"], "canonical_link": "https://www.inlander.com/Bloglander/archives/2017/04/28/unicorn-food-a-soon-to-disappear-fad-or-something-more", "title": "\"Unicorn\" food: a soon-to-disappear fad or something more?", "meta_data": {"viewport": "width=device-width, initial-scale=1", "layout": "Blog Post (Responsive, Air)", "oid": 3884121, "google-signin-client_id": "393524920286-a9mha56kor2c4q1dg8t95krhdc6gn9n4.apps.googleusercontent.com", "p": {"domain_verify": "07d8b6cef2010b48c3f2bb0d769b255e"}, "title": "\"Unicorn\" food: a soon-to-disappear fad or something more? | Bloglander", "description": "In case you missed it last week, everyone on social media was pretty much losing their minds over that \"unicorn\" Frappuccino from Starbucks. Apparently you...", "keywords": "Unicorn food, food trends, desserts, Food, For Fun!, Food, For Fun!", "date": "2017-04-28 10:42:00", "author": "Chey Scott", "news_keywords": "unicorn food, food trends, desserts, food, for fun, food, for fun", "thumbnail": "https://media2.fdncms.com/inlander/imager/u/slideshow/3902470/unicorn_food.jpg", "og": {"url": "https://www.inlander.com/Bloglander/archives/2017/04/28/unicorn-food-a-soon-to-disappear-fad-or-something-more", "site_name": "Inlander", "title": "\"Unicorn\" food: a soon-to-disappear fad or something more?", "image": {"identifier": "https://media2.fdncms.com/inlander/imager/u/slideshow/3902470/unicorn_food.jpg", "width": 660, "height": 371}, "description": "In case you missed it last week, everyone on social media was pretty much losing their minds over that \"unicorn\" Frappuccino from Starbucks. Apparently you...", "type": "article"}, "fb": {"app_id": 154093878105249}, "twitter": {"card": "summary_large_image", "image": "https://media2.fdncms.com/inlander/imager/u/slideshow/3902470/unicorn_food.jpg", "creator": "@CheyLScott", "title": "\"Unicorn\" food: a soon-to-disappear fad or something more?", "description": "In case you missed it last week, everyone on social media was pretty much losing their minds over that \"unicorn\" Frappuccino from Starbucks. Apparently you..."}}, "movies": [], "publish_date": 1493330400.0, "source": "https://www.inlander.com", "summary": ""}